"OLIDA_ID","Omim Id","Disease","Oligogenic_Effect","Ethnicity","References","FAMmanual","STATmanual","STATknowledge","STATmeta","GENEmanual","GENEmanual harmonized","GENEknowledge","GENEmeta","VARmanual","VARknowledge","VARmeta","FUNmanual","FUNmeta","FINALmanual","FINALmeta","n_alleles","n_alleles_with_franklin","n_deleterious","n_uncertain","n_benign","n_PLP","n_VUS","n_BLB","n_possibly_pathogenic","n_possibly_benign","match_rate","coverage","prop_deleterious","prop_uncertain","prop_benign","prop_PLP","prop_VUS","prop_BLB","prop_possibly_pathogenic","prop_possibly_benign"
"OLI001","121300","Hereditary coproporphyria","Monogenic+Modifier","European/Caucasian","16398658",2,0,0,0,2,2,0,2,2,1,2,2,2,2,2,2,2,1,1,0,1,1,0,0,0,1,"Complete coverage",0.5,0.5,0,0.5,0.5,0,0,0
"OLI002","N.A.","Idiopathic pulmonary arterial hypertension","Unknown","European/Caucasian","33007923",2,0,0,0,0,0,1,1,1,1,1,0,1,0,1,2,2,1,1,0,1,0,0,0,1,1,"Complete coverage",0.5,0.5,0,0.5,0,0,0,0.5
"OLI003","N.A.","Idiopathic pulmonary arterial hypertension","Unknown","European/Caucasian","33007923",2,0,0,0,0,0,1,1,1,0,1,0,1,0,1,1,1,0,1,0,0,0,0,1,0,1,"Complete coverage",0,1,0,0,0,0,1,0
"OLI004","N.A.","Idiopathic pulmonary arterial hypertension","Unknown","European/Caucasian","33007923",0,0,1,1,0,0,1,1,1,1,1,0,1,0,0,2,2,1,0,1,0,0,1,1,0,1,"Complete coverage",0.5,0,0.5,0,0,0.5,0.5,0
"OLI005","N.A.","Pulmonary arterial hypertension associated with congenital heart disease","Unknown","European/Caucasian","33007923",0,0,0,0,0,0,0,0,1,1,1,0,0,0,0,2,2,1,1,0,1,0,0,0,1,1,"Complete coverage",0.5,0.5,0,0.5,0,0,0,0.5
"OLI006","N.A.","Pulmonary arterial hypertension associated with congenital heart disease","Unknown","European/Caucasian","33007923",0,0,0,0,0,0,0,0,1,1,1,0,0,0,0,2,2,0,1,0,1,1,0,0,0,1,"Complete coverage",0,0.5,0,0.5,0.5,0,0,0
"OLI007","618179; 619201; 614131; 616730; 256370; 603965; 251220; 613237; 607832; 616032; 618176; 612551; 603278; 616893; 301028; 614196; 618178; 615573; 616220; 616002; 616892; 600995; 615244; 618177; 615861; 610725","Microcephaly-cardiomyopathy syndrome; Genetic steroid-resistant nephrotic syndrome","Dual Molecular Diagnosis","Unknown","29768408",2,1,0,1,3,3,0,3,2,1,2,3,3,3,3,2,2,1,1,0,0,0,0,2,0,1,"Complete coverage",0.5,0.5,0,0,0,0,1,0
"OLI008","241530","Hereditary hypophosphatemic rickets with hypercalciuria","Monogenic+Modifier","Unknown","32311027",2,1,0,1,3,3,0,3,1,1,1,2,2,2,2,2,2,0,1,1,1,1,0,0,0,1,"Complete coverage",0,0.5,0.5,0.5,0.5,0,0,0
"OLI009","231300; 617272; 613086; 600975; 613085","Congenital glaucoma","True Digenic","Unknown","28620713",2,2,0,2,3,3,0,3,3,1,3,3,3,3,3,2,2,0,2,0,0,0,1,1,0,1,"Complete coverage",0,1,0,0,0,0.5,0.5,0
"OLI010","231300; 617272; 613086; 600975; 613085","Congenital glaucoma","True Digenic","Unknown","28620713",2,2,0,2,3,3,0,3,3,1,3,3,3,3,3,2,2,1,0,1,0,0,2,0,0,1,"Complete coverage",0.5,0,0.5,0,0,1,0,0
"OLI011","231300; 617272; 613086; 600975; 613085","Congenital glaucoma","True Digenic","Unknown","28620713",2,2,0,2,3,3,0,3,3,1,3,3,3,3,3,2,2,0,1,1,0,1,1,0,0,1,"Complete coverage",0,0.5,0.5,0,0.5,0.5,0,0
"OLI012","231300; 617272; 613086; 600975; 613085","Congenital glaucoma","True Digenic","Unknown","28620713",2,2,0,2,3,3,0,3,1,1,1,2,2,3,3,2,2,0,2,0,0,0,2,0,0,1,"Complete coverage",0,1,0,0,0,1,0,0
"OLI013","N.A.","Non-syndromic genetic deafness","True Digenic","Unknown","28263784",2,0,1,1,1,1,0,1,1,1,1,1,1,1,1,2,2,1,1,0,2,0,0,0,0,1,"Complete coverage",0.5,0.5,0,1,0,0,0,0
"OLI014","N.A.","Pituitary stalk interruption syndrome","Unknown","Ashkenazi Jewish","28453858",2,1,1,1,1,1,0,1,2,0,2,2,2,2,2,2,1,0,1,0,0,0,1,0,0,0.5,"Partial coverage",0,1,0,0,0,1,0,0
"OLI015","179800; 611590; 602722; 267300","Distal renal tubular acidosis","Unknown","African","29024829",1,0,0,0,2,2,2,2,1,1,1,2,2,1,1,2,2,2,0,0,0,0,0,1,1,1,"Complete coverage",1,0,0,0,0,0,0.5,0.5
"OLI016","N.A.","Limb-girdle muscular dystrophy","Monogenic+Modifier","European/Caucasian","30564623",2,0,0,0,0,0,1,1,1,1,1,0,1,0,1,3,2,1,1,0,1,0,0,0,1,0.666666666666667,"Partial coverage",0.5,0.5,0,0.5,0,0,0,0.5
"OLI017","N.A.","Limb-girdle muscular dystrophy","Unknown","European/Caucasian","30564623",0,0,0,0,1,1,0,1,1,0,1,1,1,0,0,2,2,1,0,1,1,0,1,0,0,1,"Complete coverage",0.5,0,0.5,0.5,0,0.5,0,0
"OLI018","N.A.","Congenital hypogonadotropic hypogonadism","True Digenic","European/Caucasian","32982993",2,1,0,1,1,1,0,1,1,1,1,1,1,1,1,2,2,1,1,0,0,0,1,1,0,1,"Complete coverage",0.5,0.5,0,0,0,0.5,0.5,0
"OLI019","N.A.","Congenital hypogonadotropic hypogonadism","Unknown","European/Caucasian","32982993",0,1,0,1,1,1,0,1,2,1,2,2,2,1,1,2,2,2,0,0,1,0,0,1,0,1,"Complete coverage",1,0,0,0.5,0,0,0.5,0
"OLI020","N.A.","Congenital hypogonadotropic hypogonadism","Unknown","European/Caucasian","32982993",0,1,0,1,1,1,0,1,1,1,1,1,1,0,0,2,2,1,1,0,0,1,0,1,0,1,"Complete coverage",0.5,0.5,0,0,0.5,0,0.5,0
"OLI021","142623; 606875; 608462; 600155; 613712; 606874; 611644; 613711; 600156","Hirschsprung disease","Monogenic+Modifier","Unknown","8896568",2,1,0,1,2,2,2,2,0,1,1,0,2,0,2,2,2,1,0,1,1,0,1,0,0,1,"Complete coverage",0.5,0,0.5,0.5,0,0.5,0,0
"OLI022","N.A.","Distal myopathy","Monogenic+Modifier","Unknown","29599744",1,1,1,1,1,1,2,2,0,1,1,0,2,0,1,2,1,0,0,1,0,0,1,0,0,0.5,"Partial coverage",0,0,1,0,0,1,0,0
"OLI023","617276; 617391; 617599; 612164; 308350; 300672; 617493; 615473; 609304; 617350; 616341; 613721; 617389; 618548; 613402","Early infantile epileptic encephalopathy","Monogenic+Modifier","Unknown","30709877",1,0,0,0,2,2,0,2,1,1,1,2,2,1,1,2,2,1,1,0,0,1,0,1,0,1,"Complete coverage",0.5,0.5,0,0,0.5,0,0.5,0
"OLI024","614337; 609310; 120435; 614331; 614385; 613244; 614350","Lynch syndrome","Unknown","Unknown","32615015",2,0,0,0,2,2,2,2,0,1,1,0,2,0,2,2,2,1,1,0,1,1,0,0,0,1,"Complete coverage",0.5,0.5,0,0.5,0.5,0,0,0
"OLI025","N.A.","Primary hemophagocytic lymphohistiocytosis","Unknown","East Asian","30782130",1,0,0,0,1,1,0,1,0,1,1,0,1,0,0,5,5,0,5,0,0,2,2,1,0,1,"Complete coverage",0,1,0,0,0.4,0.4,0.2,0
"OLI026","N.A.","Autoinflammatory syndrome","True Digenic","South Asian","31882397",2,1,0,1,2,2,0,2,2,1,2,2,2,2,2,2,2,1,1,0,0,1,1,0,0,1,"Complete coverage",0.5,0.5,0,0,0.5,0.5,0,0
"OLI027","N.A.","Müllerian aplasia","True Digenic","East Asian","31628433",2,0,0,0,3,3,0,3,3,0,3,3,3,3,3,1,1,0,0,1,1,0,0,0,0,1,"Complete coverage",0,0,1,1,0,0,0,0
"OLI028","N.A.","Müllerian aplasia","Unknown","East Asian","31628433",2,0,0,0,3,3,0,3,1,1,1,2,2,2,2,2,2,0,2,0,0,1,0,0,1,1,"Complete coverage",0,1,0,0,0.5,0,0,0.5
"OLI029","N.A.","Müllerian aplasia","Unknown","East Asian","31628433",0,0,0,0,0,0,0,0,0,0,0,0,0,0,0,1,1,1,0,0,0,0,0,1,0,1,"Complete coverage",1,0,0,0,0,0,1,0
"OLI030","616004; 202400","Congenital fibrinogen deficiency","Unknown","East Asian","32228225",0,1,0,1,2,2,2,2,1,1,1,2,2,1,1,2,2,1,0,1,1,0,0,1,0,1,"Complete coverage",0.5,0,0.5,0.5,0,0,0.5,0
"OLI031","N.A.","Congenital hypothyroidism","True Digenic","African","30375286",2,0,0,0,1,2,0,2,1,1,1,1,2,1,2,5,5,3,1,1,3,1,0,1,0,1,"Complete coverage",0.6,0.2,0.2,0.6,0.2,0,0.2,0
"OLI032","N.A.","Congenital hypothyroidism","Monogenic+Modifier","African","30375286",2,0,0,0,1,1,2,2,1,1,1,1,2,1,2,2,2,2,0,0,1,0,0,1,0,1,"Complete coverage",1,0,0,0.5,0,0,0.5,0
"OLI033","104200; 203780; 301050","Alport syndrome","Monogenic+Modifier","East Asian","30968591",1,0,0,0,2,2,0,2,0,1,1,0,2,0,1,2,2,1,1,0,0,1,0,1,0,1,"Complete coverage",0.5,0.5,0,0,0.5,0,0.5,0
"OLI034","104200; 203780; 301050","Alport syndrome","Unknown","East Asian","30968591",0,0,0,0,2,2,0,2,0,1,1,0,2,0,0,2,2,1,0,0,1,0,0,1,0,1,"Complete coverage",0.5,0,0,0.5,0,0,0.5,0
"OLI035","142623; 606875; 608462; 600155; 613712; 606874; 611644; 613711; 600156","Hirschsprung disease","True Digenic","European/Caucasian","10090908",2,1,0,1,2,2,0,2,1,0,1,2,2,2,2,2,2,1,0,1,0,1,1,0,0,1,"Complete coverage",0.5,0,0.5,0,0.5,0.5,0,0
"OLI036","614840; 615271; 615269; 615270; 147950; 308700; 618841; 614838; 612370; 616030; 614837; 615267; 614880; 615266; 614897; 612702; 244200; 614858; 610628","Kallmann syndrome; Isolated congenital hypogonadotropic hypogonadism","Monogenic+Modifier","European/Caucasian","22773735; 21209029",2,1,0,1,2,2,0,2,0,1,1,0,2,0,2,2,1,0,0,0,1,0,0,0,0,0.5,"Partial coverage",0,0,0,1,0,0,0,0
"OLI037","618195; 600138; 613750; 615233; 613794; 609923; 616394; 600132; 615922; 601718; 602594; 613464; 300029; 616188; 608380; 616562; 613194; 613827; 610359; 613575; 300424; 618345; 616544; 614500; 613341; 180104; 613769; 618697; 614180; 612095; 268060; 609913; 611131; 618220; 617304; 613660; 615780; 613861; 618826; 615725; 612572; 617781; 613809; 614181; 614494; 617460; 615565; 613581; 300605; 612712; 606068; 607921; 613862; 604232; 268000; 613758; 300155; 180105; 610282; 600059; 613756; 268025; 312600; 613582; 400004; 600852; 618173; 616469; 608133; 613810; 613617; 617123; 604393; 600105; 601414; 613767; 312612; 617023; 618613; 610599; 613428; 613801; 180100; 612165; 613983; 612943; 602772; 613731; 615434; 617433; 180210","Retinitis pigmentosa","Unknown","Unknown","16327777",0,0,0,0,3,3,2,3,0,1,1,1,2,0,0,3,2,0,0,1,1,1,0,0,0,0.666666666666667,"Partial coverage",0,0,0.5,0.5,0.5,0,0,0
"OLI038","618195; 600138; 613750; 615233; 613794; 609923; 616394; 608462; 600132; 615922; 601718; 602594; 613464; 300029; 606874; 616188; 608380; 616562; 613194; 613827; 610359; 613575; 142623; 300424; 613712; 618345; 616544; 614500; 613341; 180104; 613769; 611644; 618697; 614180; 612095; 268060; 609913; 611131; 618220; 617304; 613660; 615780; 613861; 618826; 615725; 612572; 617781; 606875; 613809; 614181; 614494; 617460; 615565; 613581; 300605; 613711; 612712; 606068; 607921; 613862; 604232; 268000; 613758; 300155; 180105; 610282; 600059; 613756; 268025; 312600; 613582; 400004; 600852; 618173; 616469; 608133; 600156; 613810; 613617; 617123; 604393; 600105; 601414; 613767; 312612; 617023; 618613; 610599; 613428; 613801; 180100; 612165; 613983; 612943; 600155; 602772; 613731; 615434; 617433; 180210","Hirschsprung disease; Retinitis pigmentosa","Monogenic+Modifier","Unknown","16327777",1,0,0,0,3,3,2,3,0,1,1,1,2,0,1,3,1,0,0,1,0,1,0,0,0,0.333333333333333,"Partial coverage",0,0,1,0,1,0,0,0
"OLI039","617119; 615993; 615982; 615989; 605231; 615995; 600151; 615985; 615981; 615996; 615988; 615992; 615994; 615987; 209900; 615986; 615991; 615983; 617406; 615984; 615990","Bardet-Biedl syndrome","True Digenic","Unknown","16327777",2,2,0,2,3,3,2,3,0,1,1,1,2,2,3,2,1,0,0,1,0,1,0,0,0,0.5,"Partial coverage",0,0,1,0,1,0,0,0
"OLI040","N.A.","Congenital hypothyroidism","Unknown","Turkish","28633507",2,0,0,0,1,1,2,2,0,1,1,0,2,0,2,2,2,1,0,0,1,0,0,1,0,1,"Complete coverage",0.5,0,0,0.5,0,0,0.5,0
"OLI041","617119; 615993; 615982; 615989; 605231; 615995; 600151; 615985; 615981; 615996; 615988; 615992; 615994; 615987; 209900; 615986; 615991; 615983; 617406; 615984; 615990","Bardet-Biedl syndrome","Unknown","Unknown","16327777",0,0,0,0,2,2,2,2,0,0,0,0,0,0,0,2,2,0,0,1,1,1,0,0,0,1,"Complete coverage",0,0,0.5,0.5,0.5,0,0,0
"OLI042","N.A.","Isolated macular dystrophy","Monogenic+Modifier","Unknown","30418171",0,0,0,0,3,3,2,3,2,1,2,3,3,0,0,2,2,2,0,0,1,0,0,0,1,1,"Complete coverage",1,0,0,0.5,0,0,0,0.5
"OLI043","616517; 613093; 613856; 262300; 610024; 216900","Achromatopsia","Monogenic+Modifier","Unknown","30418171",0,0,0,0,3,3,2,3,2,1,2,3,3,0,0,2,2,2,0,0,1,0,0,0,1,1,"Complete coverage",1,0,0,0.5,0,0,0,0.5
"OLI044","N.A.","Oligocone trichromacy","Monogenic+Modifier","Unknown","30418171",2,0,0,0,3,3,2,3,2,1,2,3,3,3,3,2,2,2,0,0,1,0,0,0,1,1,"Complete coverage",1,0,0,0.5,0,0,0,0.5
"OLI045","300085; 613093; 304030; 180020; 602093","Progressive cone dystrophy","Monogenic+Modifier","Unknown","30418171",0,0,0,0,3,3,2,3,2,1,2,3,3,0,0,2,2,2,0,0,1,0,0,0,1,1,"Complete coverage",1,0,0,0.5,0,0,0,0.5
"OLI046","616517; 613093; 613856; 262300; 610024; 216900","Achromatopsia","Monogenic+Modifier","Unknown","30418171",1,0,0,0,3,3,2,3,2,1,2,3,3,2,2,3,3,2,0,1,2,0,0,0,1,1,"Complete coverage",0.666666666666667,0,0.333333333333333,0.666666666666667,0,0,0,0.333333333333333
"OLI047","616517; 613093; 613856; 262300; 610024; 216900","Achromatopsia","Monogenic+Modifier","Unknown","30418171",2,0,0,0,3,3,2,3,2,1,2,3,3,3,3,3,3,2,0,1,2,0,0,0,1,1,"Complete coverage",0.666666666666667,0,0.333333333333333,0.666666666666667,0,0,0,0.333333333333333
"OLI048","616517; 613093; 613856; 262300; 610024; 216900","Achromatopsia","Monogenic+Modifier","Unknown","30418171",2,0,0,0,3,3,2,3,1,1,1,2,2,2,2,3,3,1,0,0,2,0,0,0,1,1,"Complete coverage",0.333333333333333,0,0,0.666666666666667,0,0,0,0.333333333333333
"OLI049","616517; 613093; 613856; 262300; 610024; 216900","Achromatopsia","Monogenic+Modifier","Unknown","30418171",0,0,0,0,3,3,2,3,2,1,2,3,3,0,0,3,3,2,0,1,2,0,0,0,1,1,"Complete coverage",0.666666666666667,0,0.333333333333333,0.666666666666667,0,0,0,0.333333333333333
"OLI050","616517; 613093; 613856; 262300; 610024; 216900","Achromatopsia","Monogenic+Modifier","Unknown","30418171",2,0,0,0,3,3,2,3,1,1,1,2,2,2,2,3,3,2,0,0,2,0,0,0,1,1,"Complete coverage",0.666666666666667,0,0,0.666666666666667,0,0,0,0.333333333333333
"OLI051","600416; 158900; 158901","Facioscapulohumeral dystrophy","Monogenic+Modifier","European/Caucasian","30546343",2,1,0,1,2,2,2,2,2,0,2,2,2,2,2,1,0,0,0,0,0,0,0,0,0,0,"No coverage",NA,NA,NA,NA,NA,NA,NA,NA
"OLI052","N.A.","Primary hemophagocytic lymphohistiocytosis","Unknown","East Asian","29665027",0,1,0,1,3,3,0,3,0,1,1,1,2,0,1,3,3,0,1,2,2,1,0,0,0,1,"Complete coverage",0,0.333333333333333,0.666666666666667,0.666666666666667,0.333333333333333,0,0,0
"OLI053","N.A.","Primary hemophagocytic lymphohistiocytosis","Unknown","East Asian","29665027",0,1,0,1,2,2,0,2,0,1,1,0,2,0,1,2,2,1,0,1,0,1,0,1,0,1,"Complete coverage",0.5,0,0.5,0,0.5,0,0.5,0
"OLI054","N.A.","Primary hemophagocytic lymphohistiocytosis","Unknown","East Asian","29665027",0,1,0,1,1,1,0,1,0,1,1,0,1,0,0,2,2,1,1,0,0,1,0,1,0,1,"Complete coverage",0.5,0.5,0,0,0.5,0,0.5,0
"OLI055","N.A.","Primary hemophagocytic lymphohistiocytosis","Unknown","East Asian","29665027",0,1,0,1,2,2,0,2,0,1,1,0,2,0,1,3,3,1,2,0,3,0,0,0,0,1,"Complete coverage",0.333333333333333,0.666666666666667,0,1,0,0,0,0
"OLI056","N.A.","Primary hemophagocytic lymphohistiocytosis","Unknown","East Asian","29665027",0,1,0,1,1,1,0,1,1,1,1,1,1,0,0,2,2,1,0,0,1,0,0,1,0,1,"Complete coverage",0.5,0,0,0.5,0,0,0.5,0
"OLI057","N.A.","Primary hemophagocytic lymphohistiocytosis","Unknown","East Asian","29665027",0,1,0,1,2,2,0,2,0,0,0,0,0,0,0,2,2,0,2,0,1,0,0,1,0,1,"Complete coverage",0,1,0,0.5,0,0,0.5,0
"OLI058","N.A.","Primary hemophagocytic lymphohistiocytosis","Unknown","East Asian","29665027",0,1,0,1,2,2,0,2,0,1,1,0,2,0,1,2,2,1,1,0,0,0,0,2,0,1,"Complete coverage",0.5,0.5,0,0,0,0,1,0
"OLI059","617119; 615993; 615982; 615989; 605231; 615995; 600151; 615985; 615981; 615996; 615988; 615992; 615994; 615987; 209900; 615986; 615991; 615983; 617406; 615984; 615990","Bardet-Biedl syndrome","Unknown","Unknown","16327777",0,0,0,0,2,2,2,2,0,1,1,0,2,0,0,2,2,0,0,1,0,1,0,1,0,1,"Complete coverage",0,0,0.5,0,0.5,0,0.5,0
"OLI060","N.A.","Non-syndromic genetic deafness","Unknown","European/Caucasian","26036852",0,0,0,0,0,1,0,1,0,1,1,0,1,0,0,3,3,0,0,3,3,0,0,0,0,1,"Complete coverage",0,0,1,1,0,0,0,0
"OLI061","617119; 615993; 615982; 615989; 605231; 615995; 600151; 615985; 615981; 615996; 615988; 615992; 615994; 615987; 209900; 615986; 615991; 615983; 617406; 615984; 615990","Bardet-Biedl syndrome","Unknown","South American","12677556",0,0,0,0,1,1,2,2,0,1,1,0,2,0,0,2,2,1,1,0,1,0,1,0,0,1,"Complete coverage",0.5,0.5,0,0.5,0,0.5,0,0
"OLI062","617119; 615993; 615982; 615989; 605231; 615995; 600151; 615985; 615981; 615996; 615988; 615992; 615994; 615987; 209900; 615986; 615991; 615983; 617406; 615984; 615990","Bardet-Biedl syndrome","Unknown","European/Caucasian","12677556",0,1,0,1,1,1,2,2,0,1,1,0,2,0,1,2,1,0,1,0,0,0,1,0,0,0.5,"Partial coverage",0,1,0,0,0,1,0,0
"OLI063","617119; 615993; 615982; 615989; 605231; 615995; 600151; 615985; 615981; 615996; 615988; 615992; 615994; 615987; 209900; 615986; 615991; 615983; 617406; 615984; 615990","Bardet-Biedl syndrome","Unknown","Unknown","12677556",0,0,0,0,1,1,2,2,0,1,1,0,2,0,0,3,2,0,1,0,1,0,0,1,0,0.666666666666667,"Partial coverage",0,0.5,0,0.5,0,0,0.5,0
"OLI064","617119; 615993; 615982; 615989; 605231; 615995; 600151; 615985; 615981; 615996; 615988; 615992; 615994; 615987; 209900; 615986; 615991; 615983; 617406; 615984; 615990","Bardet-Biedl syndrome","Unknown","European/Caucasian","12677556",0,0,0,0,1,2,2,2,0,1,1,0,2,0,0,3,2,2,0,0,2,0,0,0,0,0.666666666666667,"Partial coverage",1,0,0,1,0,0,0,0
"OLI065","617119; 615993; 615982; 615989; 605231; 615995; 600151; 615985; 615981; 615996; 615988; 615992; 615994; 615987; 209900; 615986; 615991; 615983; 617406; 615984; 615990","Bardet-Biedl syndrome","Monogenic+Modifier","Unknown","12677556",1,0,0,0,1,2,2,2,0,1,1,0,2,0,1,2,1,1,0,0,0,0,0,1,0,0.5,"Partial coverage",1,0,0,0,0,0,1,0
"OLI066","617119; 615993; 615982; 615989; 605231; 615995; 600151; 615985; 615981; 615996; 615988; 615992; 615994; 615987; 209900; 615986; 615991; 615983; 617406; 615984; 615990","Bardet-Biedl syndrome","Monogenic+Modifier","Unknown","12677556",0,0,0,0,1,1,2,2,0,0,0,0,0,0,0,2,1,0,1,0,0,1,0,0,0,0.5,"Partial coverage",0,1,0,0,1,0,0,0
"OLI067","617119; 615993; 615982; 615989; 605231; 615995; 600151; 615985; 615981; 615996; 615988; 615992; 615994; 615987; 209900; 615986; 615991; 615983; 617406; 615984; 615990","Bardet-Biedl syndrome","Unknown","Unknown","12677556; 11567139",1,1,0,1,1,1,2,2,1,1,1,1,2,1,1,3,3,0,0,0,3,0,0,0,0,1,"Complete coverage",0,0,0,1,0,0,0,0
"OLI068","N.A.","Dilated cardiomyopathy","Monogenic+Modifier","Middle eastern","30650640",2,1,0,1,2,2,0,2,1,1,1,2,2,2,2,2,2,2,0,0,1,0,0,1,0,1,"Complete coverage",1,0,0,0.5,0,0,0.5,0
"OLI069","N.A.","Oculocutaneous albinism","Unknown","East Asian","23324268",0,0,0,0,1,1,2,2,0,1,1,0,2,0,0,2,2,2,0,0,2,0,0,0,0,1,"Complete coverage",1,0,0,1,0,0,0,0
"OLI070","N.A.","Oculocutaneous albinism","Unknown","East Asian","23324268",0,0,0,0,1,1,2,2,0,1,1,0,2,0,0,2,2,1,0,0,2,0,0,0,0,1,"Complete coverage",0.5,0,0,1,0,0,0,0
"OLI071","N.A.","Oculocutaneous albinism","Unknown","East Asian","23324268",0,0,0,0,1,1,2,2,0,1,1,0,2,0,0,2,2,1,1,0,1,0,0,1,0,1,"Complete coverage",0.5,0.5,0,0.5,0,0,0.5,0
"OLI072","N.A.","Oculocutaneous albinism","Unknown","East Asian","23324268",0,0,0,0,1,1,2,2,0,1,1,0,2,0,0,2,2,2,0,0,1,0,0,0,1,1,"Complete coverage",1,0,0,0.5,0,0,0,0.5
"OLI073","N.A.","Oculocutaneous albinism","Unknown","East Asian","23324268",0,0,0,0,1,1,2,2,0,1,1,0,2,0,0,2,2,1,0,0,1,0,1,0,0,1,"Complete coverage",0.5,0,0,0.5,0,0.5,0,0
"OLI074","616373; 616371; 178500","Idiopathic pulmonary fibrosis","Unknown","Middle eastern","31073086",3,1,0,1,2,2,0,2,2,0,2,2,2,3,3,2,2,0,0,1,0,0,1,1,0,1,"Complete coverage",0,0,0.5,0,0,0.5,0.5,0
"OLI075","107200","Isolated congenital anosmia","True Digenic","Middle eastern","29255181",3,1,0,1,1,1,0,1,0,1,1,0,1,1,2,2,1,0,1,0,0,0,1,0,0,0.5,"Partial coverage",0,1,0,0,0,1,0,0
"OLI076","240500; 615577; 613493; 607594; 613496; 614699; 146830; 616576; 613495; 613494","Common variable immunodeficiency","Monogenic+Modifier","New Zealand","29114388",2,0,0,0,2,2,0,2,3,0,3,3,3,3,3,1,1,1,0,0,1,0,0,0,0,1,"Complete coverage",1,0,0,1,0,0,0,0
"OLI077","181350; 616516; 310300; 612998; 612999; 300696; 614302","Emery-Dreifuss muscular dystrophy","Monogenic+Modifier","Algerian","17536044",2,0,0,0,2,2,2,2,2,1,2,2,2,2,2,2,2,1,0,1,2,0,0,0,0,1,"Complete coverage",0.5,0,0.5,1,0,0,0,0
"OLI078","617119; 615993; 615982; 615989; 605231; 615995; 600151; 615985; 615981; 615996; 615988; 236700; 615992; 615994; 615987; 209900; 203800; 615986; 615991; 615983; 617406; 615984; 615990","Bardet-Biedl syndrome; Alström syndrome; McKusick-Kaufman syndrome","Unknown","African","20472660",2,0,0,0,3,3,0,3,0,0,0,1,1,1,1,3,1,0,1,0,0,0,1,0,0,0.333333333333333,"Partial coverage",0,1,0,0,0,1,0,0
"OLI079","617119; 615993; 615982; 615989; 605231; 615995; 600151; 615985; 615981; 615996; 615988; 615992; 615994; 615987; 209900; 615986; 615991; 615983; 617406; 615984; 615990","Bardet-Biedl syndrome","Unknown","Turkish","20472660",1,0,0,0,2,2,0,2,0,0,0,0,0,0,0,4,2,0,0,2,0,0,0,0,2,0.5,"Partial coverage",0,0,1,0,0,0,0,1
"OLI080","617119; 615993; 615982; 615989; 605231; 615995; 600151; 615985; 615981; 615996; 615988; 236700; 615992; 615994; 615987; 209900; 203800; 615986; 615991; 615983; 617406; 615984; 615990","Bardet-Biedl syndrome; Alström syndrome; McKusick-Kaufman syndrome","Unknown","African","20472660",1,0,0,0,1,2,0,2,0,1,1,0,2,0,1,3,1,0,0,0,0,0,0,1,0,0.333333333333333,"Partial coverage",0,0,0,0,0,0,1,0
"OLI081","617119; 615993; 615982; 615989; 605231; 615995; 600151; 615985; 615981; 615996; 615988; 615992; 615994; 615987; 209900; 615986; 615991; 615983; 617406; 615984; 615990","Bardet-Biedl syndrome","Unknown","Native American","20472660",3,1,0,1,2,2,2,2,0,1,1,0,2,1,3,3,0,0,0,0,0,0,0,0,0,0,"No coverage",NA,NA,NA,NA,NA,NA,NA,NA
"OLI082","617119; 615993; 615982; 615989; 605231; 615995; 600151; 615985; 615981; 615996; 615988; 236700; 615992; 615994; 615987; 209900; 203800; 615986; 615991; 615983; 617406; 615984; 615990","Bardet-Biedl syndrome; Alström syndrome","Unknown","Native American","20472660",2,1,0,1,2,2,2,2,0,1,1,0,2,0,2,3,0,0,0,0,0,0,0,0,0,0,"No coverage",NA,NA,NA,NA,NA,NA,NA,NA
"OLI083","617119; 615993; 615982; 615989; 605231; 615995; 600151; 615985; 615981; 615996; 615988; 236700; 615992; 615994; 615987; 209900; 203800; 615986; 615991; 615983; 617406; 615984; 615990","Bardet-Biedl syndrome; Alström syndrome","Unknown","European/Caucasian","20472660",0,0,0,0,1,3,0,3,0,1,1,0,2,0,0,3,1,0,0,1,1,0,0,0,0,0.333333333333333,"Partial coverage",0,0,1,1,0,0,0,0
"OLI084","617119; 615993; 615982; 615989; 605231; 615995; 600151; 615985; 615981; 615996; 615988; 236700; 615992; 615994; 615987; 209900; 203800; 615986; 615991; 615983; 617406; 615984; 615990","Bardet-Biedl syndrome; Alström syndrome","Unknown","European/Caucasian","20472660; 21344540",0,0,0,0,3,3,0,3,0,1,1,1,2,0,0,3,3,1,0,1,2,0,1,0,0,1,"Complete coverage",0.333333333333333,0,0.333333333333333,0.666666666666667,0,0.333333333333333,0,0
"OLI085","617119; 615993; 615982; 615989; 605231; 615995; 600151; 615985; 615981; 615996; 615988; 615992; 615994; 615987; 209900; 615986; 615991; 615983; 617406; 615984; 615990","Bardet-Biedl syndrome","Unknown","European/Caucasian","20472660; 21344540",0,0,0,0,3,3,0,3,0,1,1,1,2,0,0,3,3,1,1,1,1,0,1,1,0,1,"Complete coverage",0.333333333333333,0.333333333333333,0.333333333333333,0.333333333333333,0,0.333333333333333,0.333333333333333,0
"OLI086","617119; 615993; 615982; 615989; 605231; 615995; 600151; 615985; 615981; 615996; 615988; 236700; 615992; 615994; 615987; 209900; 203800; 615986; 615991; 615983; 617406; 615984; 615990","Bardet-Biedl syndrome; Alström syndrome; McKusick-Kaufman syndrome","Unknown","Middle eastern","20472660",0,0,0,0,1,1,2,2,0,1,1,0,2,0,0,2,1,0,0,1,1,0,0,0,0,0.5,"Partial coverage",0,0,1,1,0,0,0,0
"OLI087","617119; 615993; 615982; 615989; 605231; 615995; 600151; 615985; 615981; 615996; 615988; 236700; 615992; 615994; 615987; 209900; 203800; 615986; 615991; 615983; 617406; 615984; 615990","Bardet-Biedl syndrome; Alström syndrome; McKusick-Kaufman syndrome","Unknown","African","20472660",0,0,0,0,2,2,0,2,0,0,0,0,0,0,0,5,1,0,1,0,0,0,1,0,0,0.2,"Partial coverage",0,1,0,0,0,1,0,0
"OLI088","617119; 615993; 615982; 615989; 605231; 615995; 600151; 615985; 615981; 615996; 615988; 615992; 615994; 615987; 209900; 615986; 615991; 615983; 617406; 615984; 615990","Bardet-Biedl syndrome","Unknown","European/Caucasian","20472660",0,0,0,0,1,1,2,2,0,0,0,0,0,0,0,2,0,0,0,0,0,0,0,0,0,0,"No coverage",NA,NA,NA,NA,NA,NA,NA,NA
"OLI089","617119; 615993; 615982; 615989; 605231; 615995; 600151; 615985; 615981; 615996; 615988; 615992; 615994; 615987; 209900; 615986; 615991; 615983; 617406; 615984; 615990","Bardet-Biedl syndrome","Unknown","Middle eastern","20472660",0,0,0,0,1,1,2,2,0,0,0,0,0,0,0,2,1,0,0,1,1,0,0,0,0,0.5,"Partial coverage",0,0,1,1,0,0,0,0
"OLI090","614324; 618723; 300510; 618078; 618117; 233300","Primary ovarian failure","True Digenic","Unknown","27603904",2,1,0,1,1,1,0,1,1,1,1,1,1,1,1,2,2,2,0,0,0,1,0,1,0,1,"Complete coverage",1,0,0,0,0.5,0,0.5,0
"OLI091","614324; 618723; 300510; 618078; 618117; 233300","Primary ovarian failure","Unknown","Unknown","27603904",1,1,0,1,1,1,0,1,1,1,1,1,1,1,1,2,2,1,1,0,1,0,0,1,0,1,"Complete coverage",0.5,0.5,0,0.5,0,0,0.5,0
"OLI092","614324; 618723; 300510; 618078; 618117; 233300","Primary ovarian failure","Unknown","Unknown","27603904",0,1,0,0,1,1,0,1,1,1,1,1,1,0,0,2,2,0,1,1,0,0,2,0,0,1,"Complete coverage",0,0.5,0.5,0,0,1,0,0
"OLI093","614324; 618723; 300510; 618078; 618117; 233300","Primary ovarian failure","Unknown","Unknown","27603904",0,1,0,1,1,1,0,1,2,0,2,2,2,1,1,3,3,0,1,2,1,1,1,0,0,1,"Complete coverage",0,0.333333333333333,0.666666666666667,0.333333333333333,0.333333333333333,0.333333333333333,0,0
"OLI094","614324; 618723; 300510; 618078; 618117; 233300","Primary ovarian failure","Unknown","Unknown","27603904",0,1,0,1,1,1,0,1,1,1,1,1,1,0,0,2,2,0,2,0,0,1,0,0,1,1,"Complete coverage",0,1,0,0,0.5,0,0,0.5
"OLI095","614324; 618723; 300510; 618078; 618117; 233300","Primary ovarian failure","Unknown","Unknown","27603904",0,1,0,0,1,1,0,1,1,1,1,1,1,0,0,2,2,0,2,0,1,0,1,0,0,1,"Complete coverage",0,1,0,0.5,0,0.5,0,0
"OLI096","601005; 612347; 612955; 613688; 192500; 220400; 613695; 616247; 611819; 618447; 613693; 613485; 616249; 603830; 611818; 600919; 611820","Familial long QT syndrome","Monogenic+Modifier","European/Caucasian","10086971; 15051636",3,0,0,0,2,2,0,2,0,1,1,0,2,1,3,2,2,2,0,0,2,0,0,0,0,1,"Complete coverage",1,0,0,1,0,0,0,0
"OLI097","617119; 615993; 615982; 615989; 605231; 615995; 600151; 615985; 615981; 615996; 615988; 615992; 615994; 615987; 209900; 615986; 615991; 615983; 617406; 615984; 615990","Bardet-Biedl syndrome","Monogenic+Modifier","European/Caucasian","19402160",1,1,0,1,2,2,2,2,0,1,1,0,2,0,1,3,2,1,0,1,2,0,0,0,0,0.666666666666667,"Partial coverage",0.5,0,0.5,1,0,0,0,0
"OLI098","617119; 615993; 615982; 615989; 605231; 615995; 600151; 615985; 615981; 615996; 615988; 615992; 615994; 615987; 209900; 615986; 615991; 615983; 617406; 615984; 615990","Bardet-Biedl syndrome","Unknown","European/Caucasian","19402160; 21344540",1,1,1,1,2,2,2,2,0,0,0,0,0,0,0,3,3,2,0,1,2,0,1,0,0,1,"Complete coverage",0.666666666666667,0,0.333333333333333,0.666666666666667,0,0.333333333333333,0,0
"OLI099","616004","Familial dysfibrinogenemia","Unknown","European/Caucasian","11435303",0,0,1,1,2,2,2,2,2,1,2,2,2,0,1,2,2,1,1,0,1,0,0,0,1,1,"Complete coverage",0.5,0.5,0,0.5,0,0,0,0.5
"OLI100","606943; 276900; 276904; 602097; 612632; 614869; 618632; 614990; 602083; 601067","Usher syndrome type 1","Unknown","European/Caucasian","21569298",1,0,0,0,0,3,2,3,1,1,1,0,2,0,1,3,2,1,0,0,2,0,0,0,0,0.666666666666667,"Partial coverage",0.5,0,0,1,0,0,0,0
"OLI101","606943; 276900; 276904; 602097; 612632; 614869; 618632; 614990; 602083; 601067","Usher syndrome type 1","Unknown","European/Caucasian","21569298",1,0,0,0,0,0,0,0,1,0,1,0,0,0,0,3,3,0,2,1,1,1,1,0,0,1,"Complete coverage",0,0.666666666666667,0.333333333333333,0.333333333333333,0.333333333333333,0.333333333333333,0,0
"OLI102","606943; 276900; 276904; 602097; 612632; 614869; 618632; 614990; 602083; 601067","Usher syndrome type 1","Unknown","European/Caucasian","21569298",1,0,0,0,0,2,1,2,1,1,1,0,2,0,1,2,2,1,1,0,2,0,0,0,0,1,"Complete coverage",0.5,0.5,0,1,0,0,0,0
"OLI103","606943; 276900; 276904; 602097; 612632; 614869; 618632; 614990; 602083; 601067","Usher syndrome type 1","True Digenic","European/Caucasian","21569298",2,1,0,1,0,0,0,0,1,1,1,0,0,0,0,3,3,1,2,0,1,0,0,2,0,1,"Complete coverage",0.333333333333333,0.666666666666667,0,0.333333333333333,0,0,0.666666666666667,0
"OLI104","606943; 276900; 276904; 602097; 612632; 614869; 618632; 614990; 602083; 601067","Usher syndrome type 1","Unknown","European/Caucasian","21569298",1,0,0,0,0,2,2,2,1,1,1,0,2,0,1,2,2,0,1,1,1,0,0,1,0,1,"Complete coverage",0,0.5,0.5,0.5,0,0,0.5,0
"OLI105","605472; 611383; 276901","Usher syndrome type 2","True Digenic","European/Caucasian","21569298",1,0,0,0,0,0,0,0,1,1,1,0,0,0,0,3,3,2,0,0,3,0,0,0,0,1,"Complete coverage",0.666666666666667,0,0,1,0,0,0,0
"OLI106","605472; 611383; 276901","Usher syndrome type 2","Unknown","Unknown","21569298",0,0,0,0,0,0,0,0,1,1,1,0,0,0,0,2,2,0,1,0,1,0,1,0,0,1,"Complete coverage",0,0.5,0,0.5,0,0.5,0,0
"OLI107","605472; 611383; 276901","Usher syndrome type 2","Unknown","Unknown","21569298",0,0,0,0,0,0,0,0,1,1,1,0,0,0,0,2,2,0,1,0,1,0,0,1,0,1,"Complete coverage",0,0.5,0,0.5,0,0,0.5,0
"OLI108","605472; 611383; 276901","Usher syndrome type 2","Unknown","European/Caucasian","21569298",1,0,0,0,0,0,0,0,1,1,1,0,0,0,0,3,3,0,1,2,2,0,1,0,0,1,"Complete coverage",0,0.333333333333333,0.666666666666667,0.666666666666667,0,0.333333333333333,0,0
"OLI109","607748","Familial hypercholanemia","Unknown","Amish","12704386",0,1,0,1,1,1,0,1,2,1,2,2,2,1,1,2,2,1,1,0,0,1,0,0,1,1,"Complete coverage",0.5,0.5,0,0,0.5,0,0,0.5
"OLI110","607748","Familial hypercholanemia","Unknown","Amish","12704386",0,1,0,1,1,1,0,1,2,1,2,2,2,1,1,2,2,1,1,0,0,1,0,0,1,1,"Complete coverage",0.5,0.5,0,0,0.5,0,0,0.5
"OLI111","N.A.","Charcot-Marie-Tooth disease/Hereditary motor and sensory neuropathy","Monogenic+Modifier","European/Caucasian","21519004",3,0,0,0,3,3,0,3,2,1,2,3,3,3,3,2,2,0,1,0,1,0,1,0,0,1,"Complete coverage",0,0.5,0,0.5,0,0.5,0,0
"OLI112","616329; 616511; 125851; 600496; 125850; 612225; 606394; 606391; 610508; 613375; 613370; 609812; 606392","MODY","Unknown","South Asian","25041077",0,0,0,0,2,2,2,2,1,1,1,2,2,0,0,2,2,0,2,0,0,0,2,0,0,1,"Complete coverage",0,1,0,0,0,1,0,0
"OLI113","616329; 616511; 125851; 600496; 125850; 612225; 606394; 606391; 610508; 613375; 613370; 609812; 606392","MODY","Unknown","South Asian","25041077",1,1,0,1,2,2,2,2,1,1,1,2,2,1,1,2,2,0,1,1,0,0,1,0,1,1,"Complete coverage",0,0.5,0.5,0,0,0.5,0,0.5
"OLI114","609283; 157640; 610131; 613077; 609286","Progressive external ophthalmoplegia","Unknown","Unknown","26050231",0,0,0,0,2,2,0,2,1,1,1,2,2,0,0,2,2,2,0,0,2,0,0,0,0,1,"Complete coverage",1,0,0,1,0,0,0,0
"OLI115","N.A.","CANDLE syndrome","Unknown","European/Caucasian","26524591",1,1,1,1,3,3,2,3,2,1,2,3,3,2,2,2,2,1,0,1,1,0,0,1,0,1,"Complete coverage",0.5,0,0.5,0.5,0,0,0.5,0
"OLI116","N.A.","CANDLE syndrome","True Digenic","European/Caucasian","26524591",2,1,0,1,3,3,2,3,2,1,2,3,3,3,3,2,2,2,0,0,2,0,0,0,0,1,"Complete coverage",1,0,0,1,0,0,0,0
"OLI117","N.A.","CANDLE syndrome","True Digenic","Jamaican","26524591",2,1,0,1,3,3,2,3,2,1,2,3,3,3,3,2,2,0,0,2,2,0,0,0,0,1,"Complete coverage",0,0,1,1,0,0,0,0
"OLI118","N.A.","X-linked cerebellar ataxia","Unknown","Unknown","25953895",2,1,0,1,2,2,0,2,1,1,1,2,2,2,2,3,3,1,2,0,0,1,1,0,1,1,"Complete coverage",0.333333333333333,0.666666666666667,0,0,0.333333333333333,0.333333333333333,0,0.333333333333333
"OLI119","614840; 615271; 615269; 615270; 147950; 308700; 618841; 614838; 612370; 616030; 614837; 615267; 614880; 615266; 614897; 612702; 244200; 614858; 610628","Kallmann syndrome","Unknown","Mexican","18723471",0,0,1,1,1,2,0,2,1,1,1,1,2,0,1,2,1,0,1,0,0,0,0,1,0,0.5,"Partial coverage",0,1,0,0,0,0,1,0
"OLI120","605472; 611383; 276901","Usher syndrome type 2","Monogenic+Modifier","European/Caucasian","20440071",2,1,1,1,3,3,0,3,0,1,1,1,2,1,2,2,2,0,0,2,2,0,0,0,0,1,"Complete coverage",0,0,1,1,0,0,0,0
"OLI121","605472; 611383; 276901","Usher syndrome type 2","Unknown","European/Caucasian","20440071",1,1,0,1,3,3,0,3,0,1,1,1,2,1,1,3,3,1,1,0,3,0,0,0,0,1,"Complete coverage",0.333333333333333,0.333333333333333,0,1,0,0,0,0
"OLI122","605472; 611383; 276901","Usher syndrome type 2","Unknown","European/Caucasian","20440071",1,1,0,1,3,3,0,3,0,1,1,1,2,1,1,2,2,0,0,1,2,0,0,0,0,1,"Complete coverage",0,0,0.5,1,0,0,0,0
"OLI123","615373; 601494; 300580; 601493; 609470; 615396; 617760; 604169; 615092; 255310; 613424; 611878; 613426","Congenital fiber-type disproportion myopathy; Left ventricular noncompaction","Dual Molecular Diagnosis","European/Caucasian","23800289",3,1,0,1,2,2,0,2,1,1,1,2,2,3,3,2,2,0,2,0,0,0,2,0,0,1,"Complete coverage",0,1,0,0,0,1,0,0
"OLI124","617119; 615993; 615982; 615989; 605231; 615995; 600151; 615985; 615981; 615996; 615988; 615992; 615994; 615987; 209900; 615986; 615991; 615983; 617406; 615984; 615990","Bardet-Biedl syndrome","Unknown","European/Caucasian","12920096",0,0,0,0,1,1,2,2,0,1,1,0,2,0,0,2,2,0,1,0,1,0,0,1,0,1,"Complete coverage",0,0.5,0,0.5,0,0,0.5,0
"OLI125","617119; 615993; 615982; 615989; 605231; 615995; 600151; 615985; 615981; 615996; 615988; 615992; 615994; 615987; 209900; 615986; 615991; 615983; 617406; 615984; 615990","Bardet-Biedl syndrome","Unknown","European/Caucasian","12920096",0,0,1,1,1,1,2,2,0,1,1,0,2,0,1,2,2,1,0,1,0,0,1,1,0,1,"Complete coverage",0.5,0,0.5,0,0,0.5,0.5,0
"OLI126","N.A.","Junctional epidermolysis bullosa","True Digenic","Unknown","10577906",2,0,0,0,3,3,0,3,3,1,3,3,3,3,3,3,3,0,0,0,3,0,0,0,0,1,"Complete coverage",0,0,0,1,0,0,0,0
"OLI127","N.A.","Parkinson disease","Monogenic+Modifier","East Asian","18546294; 32713623",1,2,0,2,3,3,2,3,0,0,0,1,1,1,1,2,1,0,0,1,1,0,0,0,0,0.5,"Partial coverage",0,0,1,1,0,0,0,0
"OLI128","N.A.","Parkinson disease","Unknown","East Asian","18546294",0,0,0,0,3,3,2,3,0,0,0,1,1,0,0,2,2,1,1,0,1,0,0,0,1,1,"Complete coverage",0.5,0.5,0,0.5,0,0,0,0.5
"OLI129","N.A.","Parkinson disease","Unknown","Moroccan","18546294",0,0,0,0,3,3,2,3,1,0,1,2,2,0,0,2,2,0,1,1,0,0,2,0,0,1,"Complete coverage",0,0.5,0.5,0,0,1,0,0
"OLI130","612567; 613148","Immune dysregulation-inflammatory bowel disease-arthritis-recurrent infections syndrome","Unknown","European/Caucasian","24595243",1,0,1,1,1,1,2,2,1,0,1,1,2,0,1,3,3,0,1,2,0,0,2,0,1,1,"Complete coverage",0,0.333333333333333,0.666666666666667,0,0,0.666666666666667,0,0.333333333333333
"OLI131","609283; 157640; 610131; 613077; 609286","Progressive external ophthalmoplegia","Unknown","European/Caucasian","12872260",0,1,0,1,1,2,0,2,1,1,1,1,2,0,1,2,2,2,0,0,2,0,0,0,0,1,"Complete coverage",1,0,0,1,0,0,0,0
"OLI132","614840; 125851; 615269; 606394; 613370; 612225; 615270; 147950; 308700; 614838; 613375; 614858; 606392; 612370; 616329; 614837; 614842; 614839; 614880; 609812; 615266; 616511; 600496; 125850; 612702; 244200; 606391; 610508; 146110; 614841; 610628","MODY; Normosmic congenital hypogonadotropic hypogonadism","Dual Molecular Diagnosis","Unknown","32171037",2,0,0,0,1,1,0,1,0,0,0,0,0,0,0,3,3,1,2,0,0,1,2,0,0,1,"Complete coverage",0.333333333333333,0.666666666666667,0,0,0.333333333333333,0.666666666666667,0,0
"OLI133","104200; 203780; 301050","Alport syndrome; Benign familial hematuria","Unknown","European/Caucasian","30661074",1,0,1,1,0,2,0,2,1,1,1,0,2,0,1,2,2,1,1,0,1,0,1,0,0,1,"Complete coverage",0.5,0.5,0,0.5,0,0.5,0,0
"OLI134","158810; 616471","Bethlem myopathy","Unknown","East Asian","32389683",1,1,0,1,1,1,2,2,1,1,1,1,2,1,1,2,2,1,1,0,1,1,0,0,0,1,"Complete coverage",0.5,0.5,0,0.5,0.5,0,0,0
"OLI135","N.A.","Non-syndromic genetic deafness","Monogenic+Modifier","East Asian","29926981",0,1,0,1,2,2,0,2,1,1,1,2,2,1,1,2,2,2,0,0,1,0,1,0,0,1,"Complete coverage",1,0,0,0.5,0,0.5,0,0
"OLI136","N.A.","Non-syndromic genetic deafness","Unknown","East Asian","29926981",1,1,0,1,2,2,0,2,0,1,1,0,2,0,1,3,3,3,0,0,2,0,1,0,0,1,"Complete coverage",1,0,0,0.666666666666667,0,0.333333333333333,0,0
"OLI137","600193; 193510; 193500; 606662; 148820; 611584; 608890","Waardenburg syndrome","Monogenic+Modifier","East Asian","29287868",1,0,0,0,0,0,0,0,1,1,1,0,0,0,0,2,2,1,0,1,2,0,0,0,0,1,"Complete coverage",0.5,0,0.5,1,0,0,0,0
"OLI138","N.A.","Primary immunodeficiency","Dual Molecular Diagnosis","Unknown","30837984",0,0,0,0,2,2,0,2,2,0,2,2,2,0,0,2,2,1,0,1,0,0,1,1,0,1,"Complete coverage",0.5,0,0.5,0,0,0.5,0.5,0
"OLI139","617119; 615993; 615982; 615989; 605231; 615995; 600151; 615985; 615981; 615996; 615988; 615992; 615994; 615987; 209900; 615986; 615991; 615983; 617406; 615984; 615990","Bardet-Biedl syndrome","Unknown","European/Caucasian","21642631",0,0,0,0,2,2,2,2,0,1,1,0,2,0,0,2,1,1,0,0,0,0,1,0,0,0.5,"Partial coverage",1,0,0,0,0,1,0,0
"OLI140","617119; 615993; 615982; 615989; 605231; 615995; 600151; 615985; 615981; 615996; 615988; 615992; 615994; 615987; 209900; 615986; 615991; 615983; 617406; 615984; 615990","Bardet-Biedl syndrome","Unknown","Tunisian","21642631",0,0,0,0,2,2,2,2,1,1,1,2,2,0,0,2,2,1,1,0,1,0,0,0,1,1,"Complete coverage",0.5,0.5,0,0.5,0,0,0,0.5
"OLI141","617119; 615993; 615982; 615989; 605231; 615995; 600151; 615985; 615981; 615996; 615988; 615992; 615994; 615987; 209900; 615986; 615991; 615983; 617406; 615984; 615990","Bardet-Biedl syndrome","Unknown","European/Caucasian","21642631",0,0,0,0,2,2,2,2,0,1,1,0,2,0,0,3,1,0,1,0,0,0,0,1,0,0.333333333333333,"Partial coverage",0,1,0,0,0,0,1,0
"OLI142","617119; 615993; 615982; 615989; 605231; 615995; 600151; 615985; 615981; 615996; 615988; 615992; 615994; 615987; 209900; 615986; 615991; 615983; 617406; 615984; 615990","Bardet-Biedl syndrome","Unknown","European/Caucasian","21642631",0,0,0,0,2,3,0,3,1,1,1,2,2,0,0,2,2,0,1,0,1,0,1,0,0,1,"Complete coverage",0,0.5,0,0.5,0,0.5,0,0
"OLI143","617119; 615993; 615982; 615989; 605231; 615995; 600151; 615985; 615981; 615996; 615988; 615992; 615994; 615987; 209900; 615986; 615991; 615983; 617406; 615984; 615990","Bardet-Biedl syndrome","Unknown","European/Caucasian","21642631",0,0,0,0,2,3,0,3,0,0,0,0,1,0,0,2,2,0,1,1,1,0,0,0,1,1,"Complete coverage",0,0.5,0.5,0.5,0,0,0,0.5
"OLI144","617119; 615993; 615982; 615989; 605231; 615995; 600151; 615985; 615981; 615996; 615988; 615992; 615994; 615987; 209900; 615986; 615991; 615983; 617406; 615984; 615990","Bardet-Biedl syndrome","Unknown","European/Caucasian","21642631",0,0,1,1,2,2,0,2,0,0,0,0,0,0,0,3,3,2,1,0,2,0,0,0,1,1,"Complete coverage",0.666666666666667,0.333333333333333,0,0.666666666666667,0,0,0,0.333333333333333
"OLI145","617119; 615993; 615982; 615989; 605231; 615995; 600151; 615985; 615981; 615996; 615988; 615992; 615994; 615987; 209900; 615986; 615991; 615983; 617406; 615984; 615990","Bardet-Biedl syndrome","Unknown","Middle eastern","21642631",0,0,0,0,1,1,2,2,0,1,1,0,2,0,0,2,2,1,1,0,1,0,0,0,1,1,"Complete coverage",0.5,0.5,0,0.5,0,0,0,0.5
"OLI146","617119; 615993; 615982; 615989; 605231; 615995; 600151; 615985; 615981; 615996; 615988; 615992; 615994; 615987; 209900; 615986; 615991; 615983; 617406; 615984; 615990","Bardet-Biedl syndrome","Unknown","European/Caucasian","21642631",0,0,1,1,2,2,2,2,0,1,1,0,2,0,1,2,2,1,1,0,1,0,1,0,0,1,"Complete coverage",0.5,0.5,0,0.5,0,0.5,0,0
"OLI147","617119; 615993; 615982; 615989; 605231; 615995; 600151; 615985; 615981; 615996; 615988; 615992; 615994; 615987; 209900; 615986; 615991; 615983; 617406; 615984; 615990","Bardet-Biedl syndrome","Unknown","European/Caucasian","21642631",0,0,1,1,2,2,0,2,0,1,1,0,2,0,1,3,3,1,1,0,2,0,0,1,0,1,"Complete coverage",0.333333333333333,0.333333333333333,0,0.666666666666667,0,0,0.333333333333333,0
"OLI148","173900; 613095; 600666","Autosomal dominant polycystic kidney disease","Unknown","Unknown","29395486",0,0,0,0,1,1,0,1,0,1,1,0,1,0,0,2,2,0,0,0,2,0,0,0,0,1,"Complete coverage",0,0,0,1,0,0,0,0
"OLI149","N.A.","Transposition of the great arteries","Unknown","European/Caucasian","19933292",1,1,0,1,0,0,1,1,1,1,1,0,1,0,1,2,2,0,2,0,0,1,1,0,0,1,"Complete coverage",0,1,0,0,0.5,0.5,0,0
"OLI150","N.A.","Transposition of the great arteries","Unknown","European/Caucasian","19933292",2,1,0,1,1,1,2,2,0,0,0,0,0,0,0,2,2,0,2,0,0,0,2,0,0,1,"Complete coverage",0,1,0,0,0,1,0,0
"OLI151","N.A.","Ventricular septal defect","True Digenic","European/Caucasian","19933292",3,1,1,1,1,1,0,1,1,1,1,1,1,2,2,2,2,1,1,0,0,0,1,1,0,1,"Complete coverage",0.5,0.5,0,0,0,0.5,0.5,0
"OLI152","614840; 615271; 615269; 615270; 147950; 308700; 618841; 614838; 612370; 616030; 614837; 615267; 614880; 615266; 614897; 612702; 244200; 614858; 610628","Kallmann syndrome","Unknown","European/Caucasian","17054399",0,1,1,1,1,2,0,2,1,1,1,1,2,0,1,2,0,0,0,0,0,0,0,0,0,0,"No coverage",NA,NA,NA,NA,NA,NA,NA,NA
"OLI153","275350","Transcobalamin deficiency","True Digenic","European/Caucasian","24664876",2,0,1,1,2,2,0,2,1,1,1,2,2,2,2,2,2,1,0,1,2,0,0,0,0,1,"Complete coverage",0.5,0,0.5,1,0,0,0,0
"OLI154","104200; 203780; 301050","Alport syndrome","True Digenic","European/Caucasian","27859054",1,0,0,0,2,2,0,2,1,1,1,2,2,1,1,2,2,2,0,0,2,0,0,0,0,1,"Complete coverage",1,0,0,1,0,0,0,0
"OLI155","104200; 203780; 301050","Alport syndrome","Unknown","European/Caucasian","27859054",0,0,0,0,2,2,0,2,1,1,1,2,2,0,0,2,2,2,0,0,2,0,0,0,0,1,"Complete coverage",1,0,0,1,0,0,0,0
"OLI156","104200; 203780; 301050","Alport syndrome","True Digenic","European/Caucasian","27859054",2,0,1,1,2,2,0,2,1,1,1,2,2,2,2,2,2,2,0,0,2,0,0,0,0,1,"Complete coverage",1,0,0,1,0,0,0,0
"OLI157","104200; 203780; 301050","Alport syndrome","Monogenic+Modifier","European/Caucasian","27859054",1,0,1,1,2,2,0,2,1,1,1,2,2,1,1,2,1,1,0,0,1,0,0,0,0,0.5,"Partial coverage",1,0,0,1,0,0,0,0
"OLI158","614856; 615066; 610915; 166210; 616229; 166200; 166220; 615220; 613849; 259420; 610968; 166230; 610682; 616507; 613848; 259440; 610967; 613982","Osteogenesis imperfecta","Unknown","South American","32123938",2,1,0,1,1,1,0,1,0,0,0,0,0,0,0,2,2,2,0,0,0,1,0,1,0,1,"Complete coverage",1,0,0,0,0.5,0,0.5,0
"OLI159","N.A.","Hypodontia","Monogenic+Modifier","East Asian","24312213",1,0,0,0,2,2,0,2,1,1,1,2,2,1,1,2,2,2,0,0,1,0,0,0,1,1,"Complete coverage",1,0,0,0.5,0,0,0,0.5
"OLI160","N.A.","Hypodontia","Monogenic+Modifier","East Asian","24312213",1,0,0,0,2,2,0,2,1,1,1,2,2,1,1,2,2,1,1,0,1,0,0,0,1,1,"Complete coverage",0.5,0.5,0,0.5,0,0,0,0.5
"OLI161","N.A.","Hypodontia","Unknown","East Asian","24312213",0,0,1,1,2,2,0,2,1,1,1,2,2,0,1,2,2,1,0,0,1,0,0,0,1,1,"Complete coverage",0.5,0,0,0.5,0,0,0,0.5
"OLI162","N.A.","Hypodontia","Unknown","East Asian","24312213",1,0,1,1,2,2,0,2,0,1,1,0,2,0,1,2,1,0,1,0,1,0,0,0,0,0.5,"Partial coverage",0,1,0,1,0,0,0,0
"OLI163","N.A.","Hypodontia","Unknown","East Asian","24312213",0,0,1,1,2,2,0,2,0,1,1,0,2,0,1,2,1,0,1,0,1,0,0,0,0,0.5,"Partial coverage",0,1,0,1,0,0,0,0
"OLI164","N.A.","Hypodontia","Unknown","East Asian","24312213",0,0,1,1,2,2,0,2,0,1,1,0,2,0,1,2,2,2,0,0,1,0,0,0,1,1,"Complete coverage",1,0,0,0.5,0,0,0,0.5
"OLI165","614840; 125851; 615269; 606394; 613370; 612225; 615270; 147950; 308700; 614838; 613375; 606392; 612370; 616329; 614837; 614842; 614839; 614880; 615266; 609812; 616511; 600496; 125850; 612702; 614841; 244200; 606391; 610508; 146110; 614858; 610628","Normosmic congenital hypogonadotropic hypogonadism","Unknown","European/Caucasian","28611058",0,1,0,1,2,2,0,2,2,1,2,2,2,1,1,2,1,1,0,0,1,0,0,0,0,0.5,"Partial coverage",1,0,0,1,0,0,0,0
"OLI166","220100","Cystinuria","Monogenic+Modifier","European/Caucasian","21677404",2,1,0,1,1,3,0,3,1,1,1,1,2,1,2,3,3,3,0,0,3,0,0,0,0,1,"Complete coverage",1,0,0,1,0,0,0,0
"OLI167","N.A.","Porphyria","Dual Molecular Diagnosis","European/Caucasian","16390615",0,0,0,0,2,2,0,2,1,0,1,2,2,0,0,3,3,1,1,0,3,0,0,0,0,1,"Complete coverage",0.333333333333333,0.333333333333333,0,1,0,0,0,0
"OLI168","613828; 612279; 618482; 604233; 616172; 611277; 613060; 613863; 604403; 609800","Generalized epilepsy with febrile seizures-plus","Unknown","East Asian","16884893",0,0,1,1,2,2,0,2,0,1,1,0,2,0,1,2,2,1,1,0,1,0,1,0,0,1,"Complete coverage",0.5,0.5,0,0.5,0,0.5,0,0
"OLI169","231300; 617272; 613086; 600975; 613085","Congenital glaucoma","True Digenic","South Asian","15733270",2,1,0,1,1,1,0,1,1,1,1,1,1,1,1,2,2,1,1,0,0,0,2,0,0,1,"Complete coverage",0.5,0.5,0,0,0,1,0,0
"OLI170","617119; 615993; 615982; 615989; 605231; 615995; 600151; 615985; 615981; 615996; 615988; 615992; 615994; 615987; 209900; 615986; 615991; 615983; 617406; 615984; 615990","Bardet-Biedl syndrome","Unknown","Unknown","20120035",0,0,0,0,1,1,2,2,0,1,1,0,2,0,0,3,3,1,0,0,2,0,1,0,0,1,"Complete coverage",0.333333333333333,0,0,0.666666666666667,0,0.333333333333333,0,0
"OLI171","617119; 615993; 615982; 615989; 605231; 615995; 600151; 615985; 615981; 615996; 615988; 615992; 615994; 615987; 209900; 615986; 615991; 615983; 617406; 615984; 615990","Bardet-Biedl syndrome","Unknown","Unknown","20120035",1,0,0,0,1,1,2,2,0,1,1,0,2,0,1,3,3,1,0,1,2,0,1,0,0,1,"Complete coverage",0.333333333333333,0,0.333333333333333,0.666666666666667,0,0.333333333333333,0,0
"OLI172","617119; 615993; 615982; 615989; 605231; 615995; 600151; 615985; 615981; 615996; 615988; 615992; 615994; 615987; 209900; 615986; 615991; 615983; 617406; 615984; 615990","Bardet-Biedl syndrome","Unknown","Unknown","20120035",0,0,1,1,1,2,0,2,1,0,1,1,2,0,1,2,2,0,1,1,1,0,1,0,0,1,"Complete coverage",0,0.5,0.5,0.5,0,0.5,0,0
"OLI173","617119; 615993; 615982; 615989; 605231; 615995; 600151; 615985; 615981; 615996; 615988; 615992; 615994; 615987; 209900; 615986; 615991; 615983; 617406; 615984; 615990","Bardet-Biedl syndrome","Unknown","Unknown","20120035",0,0,0,0,1,1,2,2,0,0,0,0,0,0,0,2,2,0,0,1,2,0,0,0,0,1,"Complete coverage",0,0,0.5,1,0,0,0,0
"OLI174","617119; 615993; 615982; 615989; 605231; 615995; 600151; 615985; 615981; 615996; 615988; 615992; 615994; 615987; 209900; 615986; 615991; 615983; 617406; 615984; 615990","Bardet-Biedl syndrome","Unknown","Unknown","20120035",1,0,0,0,1,1,2,2,0,1,1,0,2,0,1,2,2,0,1,0,1,0,0,1,0,1,"Complete coverage",0,0.5,0,0.5,0,0,0.5,0
"OLI175","617119; 615993; 615982; 615989; 605231; 615995; 600151; 615985; 615981; 615996; 615988; 615992; 615994; 615987; 209900; 615986; 615991; 615983; 617406; 615984; 615990","Bardet-Biedl syndrome","Unknown","Unknown","20120035",1,0,0,0,3,3,0,3,0,0,0,1,1,0,0,2,1,0,1,0,0,0,1,0,0,0.5,"Partial coverage",0,1,0,0,0,1,0,0
"OLI176","617119; 615993; 615982; 615989; 605231; 615995; 600151; 615985; 615981; 615996; 615988; 615992; 615994; 615987; 209900; 615986; 615991; 615983; 617406; 615984; 615990","Bardet-Biedl syndrome","Unknown","Unknown","20120035",0,0,0,0,1,2,0,2,0,0,0,0,0,0,0,3,2,1,0,0,1,0,0,1,0,0.666666666666667,"Partial coverage",0.5,0,0,0.5,0,0,0.5,0
"OLI177","617119; 615993; 615982; 615989; 605231; 615995; 600151; 615985; 615981; 615996; 615988; 615992; 615994; 615987; 209900; 615986; 615991; 615983; 617406; 615984; 615990","Bardet-Biedl syndrome","Unknown","Unknown","20120035",0,0,0,0,3,3,0,3,0,1,1,1,2,0,0,2,2,2,0,0,1,0,1,0,0,1,"Complete coverage",1,0,0,0.5,0,0.5,0,0
"OLI178","220100","Cystinuria","Monogenic+Modifier","Unknown","15635077",2,0,0,0,3,3,0,3,2,1,2,3,3,3,3,3,3,3,0,0,2,0,0,1,0,1,"Complete coverage",1,0,0,0.666666666666667,0,0,0.333333333333333,0
"OLI179","220100","Cystinuria","Monogenic+Modifier","Unknown","15635077",3,0,0,0,3,3,0,3,3,1,3,3,3,3,3,2,2,2,0,0,2,0,0,0,0,1,"Complete coverage",1,0,0,1,0,0,0,0
"OLI180","220100","Cystinuria","Monogenic+Modifier","European/Caucasian","15635077",2,0,0,0,3,3,0,3,0,0,0,1,1,1,1,1,1,1,0,0,1,0,0,0,0,1,"Complete coverage",1,0,0,1,0,0,0,0
"OLI181","220100","Cystinuria","Monogenic+Modifier","European/Caucasian","15635077",2,0,0,0,3,3,0,3,0,0,0,1,1,1,1,1,1,1,0,0,1,0,0,0,0,1,"Complete coverage",1,0,0,1,0,0,0,0
"OLI182","608446","Premature Myocardial Infarction","True Digenic","East Asian","29245966",2,0,0,0,1,1,0,1,2,1,2,2,2,2,2,2,2,0,2,0,0,2,0,0,0,1,"Complete coverage",0,1,0,0,1,0,0,0
"OLI183","613123; 611876; 613120; 611875; 611777; 612838; 601144; 613119; 616399","Brugada syndrome","Monogenic+Modifier","European/Caucasian","28494446",2,0,1,1,1,1,0,1,1,1,1,1,1,1,1,2,2,1,1,0,1,0,1,0,0,1,"Complete coverage",0.5,0.5,0,0.5,0,0.5,0,0
"OLI184","142623; 606875; 608462; 600155; 613712; 606874; 611644; 613711; 600156","Hirschsprung disease","Unknown","European/Caucasian","17640327",0,0,0,0,2,2,0,2,1,1,1,2,2,0,0,2,2,0,2,0,0,2,0,0,0,1,"Complete coverage",0,1,0,0,1,0,0,0
"OLI185","618195; 600138; 613750; 615233; 613794; 609923; 616394; 600132; 615922; 601718; 602594; 613464; 300029; 616188; 608380; 616562; 613194; 613827; 610359; 613575; 300424; 618345; 616544; 614500; 613341; 180104; 613769; 618697; 614180; 612095; 268060; 609913; 611131; 618220; 617304; 613660; 615780; 613861; 618826; 615725; 612572; 617781; 613809; 614181; 614494; 617460; 615565; 613581; 300605; 612712; 606068; 607921; 613862; 604232; 268000; 613758; 300155; 180105; 610282; 600059; 613756; 268025; 312600; 613582; 400004; 600852; 618173; 616469; 608133; 613810; 613617; 617123; 604393; 600105; 601414; 613767; 312612; 617023; 618613; 610599; 613428; 613801; 180100; 612165; 613983; 612943; 602772; 613731; 615434; 617433; 180210","Retinitis pigmentosa","True Digenic","East Asian","28251098",2,0,0,0,1,1,0,1,1,1,1,1,1,1,1,2,2,1,1,0,1,0,1,0,0,1,"Complete coverage",0.5,0.5,0,0.5,0,0.5,0,0
"OLI186","N.A.","Rare hereditary hemochromatosis","True Digenic","European/Caucasian","12915468",1,2,0,2,2,2,0,2,1,1,1,2,2,2,2,2,2,1,0,0,2,0,0,0,0,1,"Complete coverage",0.5,0,0,1,0,0,0,0
"OLI187","N.A.","Rare hereditary hemochromatosis","Monogenic+Modifier","European/Caucasian","12915468",1,2,0,2,2,2,0,2,1,0,1,2,2,2,2,2,2,1,1,0,1,0,1,0,0,1,"Complete coverage",0.5,0.5,0,0.5,0,0.5,0,0
"OLI188","N.A.","Colorectal cancer","Monogenic+Modifier","Unknown","21195604",2,0,0,0,2,2,0,2,1,1,1,2,2,2,2,2,2,1,1,0,0,1,0,1,0,1,"Complete coverage",0.5,0.5,0,0,0.5,0,0.5,0
"OLI189","181350; 616516; 310300; 612998; 612999; 300696; 614302","Emery-Dreifuss muscular dystrophy","Unknown","Unknown","16585054",2,0,0,0,2,2,2,2,0,1,1,0,2,0,2,2,2,0,1,0,1,0,0,1,0,1,"Complete coverage",0,0.5,0,0.5,0,0,0.5,0
"OLI190","181350; 616516; 310300; 612998; 612999; 300696; 614302","Emery-Dreifuss muscular dystrophy","Monogenic+Modifier","Unknown","16585054",1,1,0,1,2,2,0,2,1,1,1,2,2,1,1,2,2,0,2,0,0,0,1,1,0,1,"Complete coverage",0,1,0,0,0,0.5,0.5,0
"OLI191","N.A.","Syndromic rod-cone dystrophy; Syndromic inherited retinal disorder","True Digenic","European/Caucasian","27029556",2,0,0,0,3,3,0,3,1,1,1,2,2,2,2,3,3,0,0,1,2,0,0,1,0,1,"Complete coverage",0,0,0.333333333333333,0.666666666666667,0,0,0.333333333333333,0
"OLI192","N.A.","Non-syndromic genetic deafness","Unknown","East Asian","19050930",2,0,0,0,2,2,0,2,0,1,1,0,2,0,2,2,2,0,1,1,1,0,0,1,0,1,"Complete coverage",0,0.5,0.5,0.5,0,0,0.5,0
"OLI193","N.A.","Non-syndromic genetic deafness","Unknown","East Asian","19050930",1,0,0,0,2,2,0,2,0,0,0,0,0,0,0,2,2,0,1,1,1,0,1,0,0,1,"Complete coverage",0,0.5,0.5,0.5,0,0.5,0,0
"OLI194","N.A.","Non-syndromic genetic deafness","Unknown","East Asian","19050930",2,0,1,1,2,2,0,2,0,0,0,0,0,0,0,2,1,0,1,0,0,0,1,0,0,0.5,"Partial coverage",0,1,0,0,0,1,0,0
"OLI195","614840; 125851; 615269; 606394; 613370; 612225; 615270; 147950; 308700; 614838; 613375; 606392; 612370; 616329; 614837; 614842; 614839; 614880; 615266; 609812; 616511; 600496; 125850; 612702; 614841; 244200; 606391; 610508; 146110; 614858; 610628","Normosmic congenital hypogonadotropic hypogonadism; Isolated congenital hypogonadotropic hypogonadism","Monogenic+Modifier","European/Caucasian","23643382; 21209029; 19820032",1,1,0,1,2,2,0,2,2,1,2,2,2,1,1,3,3,1,2,0,2,1,0,0,0,1,"Complete coverage",0.333333333333333,0.666666666666667,0,0.666666666666667,0.333333333333333,0,0,0
"OLI196","614840; 125851; 615269; 606394; 613370; 612225; 615270; 147950; 308700; 614838; 613375; 606392; 612370; 616329; 614837; 614842; 614839; 614880; 615266; 609812; 616511; 600496; 125850; 612702; 614841; 244200; 606391; 610508; 146110; 614858; 610628","Normosmic congenital hypogonadotropic hypogonadism","Unknown","European/Caucasian","19820032",0,1,0,1,0,2,0,2,0,0,0,0,0,0,0,2,2,1,0,1,1,0,0,1,0,1,"Complete coverage",0.5,0,0.5,0.5,0,0,0.5,0
"OLI197","614840; 125851; 615269; 606394; 613370; 612225; 615270; 147950; 308700; 614838; 613375; 606392; 612370; 616329; 614837; 614842; 614839; 614880; 615266; 609812; 616511; 600496; 125850; 612702; 614841; 244200; 606391; 610508; 146110; 614858; 610628","Normosmic congenital hypogonadotropic hypogonadism","Unknown","European/Caucasian","23643382; 19820032; 20696889",1,1,1,1,3,3,2,3,2,1,2,3,3,2,2,2,2,2,0,0,2,0,0,0,0,1,"Complete coverage",1,0,0,1,0,0,0,0
"OLI198","614840; 125851; 615269; 606394; 613370; 612225; 615270; 147950; 308700; 614838; 613375; 606392; 612370; 616329; 614837; 614842; 614839; 614880; 615266; 609812; 616511; 600496; 125850; 612702; 614841; 244200; 606391; 610508; 146110; 614858; 610628","Normosmic congenital hypogonadotropic hypogonadism","Unknown","European/Caucasian","23643382; 19820032",0,1,0,1,2,2,0,2,2,1,2,2,2,1,1,2,2,2,0,0,2,0,0,0,0,1,"Complete coverage",1,0,0,1,0,0,0,0
"OLI199","614840; 125851; 615269; 606394; 613370; 612225; 615270; 147950; 308700; 614838; 613375; 606392; 612370; 616329; 614837; 614842; 614839; 614880; 615266; 609812; 616511; 600496; 125850; 612702; 614841; 244200; 606391; 610508; 146110; 614858; 610628","Normosmic congenital hypogonadotropic hypogonadism; Isolated congenital hypogonadotropic hypogonadism","Monogenic+Modifier","European/Caucasian","23643382; 17235395; 21209029; 19820032; 20696889",3,1,1,1,2,2,0,2,2,1,2,2,2,3,3,3,3,1,2,0,2,1,0,0,0,1,"Complete coverage",0.333333333333333,0.666666666666667,0,0.666666666666667,0.333333333333333,0,0,0
"OLI200","N.A.","Familial isolated hypertrophic cardiomyopathy,Progressive Skeletal Myopathy","Unknown","European/Caucasian","25801283",3,1,0,1,3,3,2,3,2,1,2,3,3,3,3,2,2,0,1,0,1,1,0,0,0,1,"Complete coverage",0,0.5,0,0.5,0.5,0,0,0
"OLI201","614840; 125851; 615269; 606394; 613370; 612225; 615270; 147950; 308700; 614838; 613375; 606392; 612370; 616329; 614837; 614842; 614839; 614880; 615266; 609812; 616511; 600496; 125850; 612702; 614841; 244200; 606391; 610508; 146110; 614858; 610628","Normosmic congenital hypogonadotropic hypogonadism","Unknown","Mexican","25531638",1,0,0,0,1,1,1,1,1,1,1,1,1,0,0,2,2,0,2,0,1,0,0,1,0,1,"Complete coverage",0,1,0,0.5,0,0,0.5,0
"OLI202","612955; 192500; 613688; 613695; 616247; 611819; 613693; 613485; 616249; 603830; 611818; 600919; 611820","Romano-Ward syndrome","Monogenic+Modifier","European/Caucasian","12820704",3,0,0,0,2,2,0,2,0,1,1,0,2,1,3,2,2,1,1,0,1,0,1,0,0,1,"Complete coverage",0.5,0.5,0,0.5,0,0.5,0,0
"OLI203","616329; 616511; 125851; 600496; 125850; 612225; 606394; 606391; 610508; 613375; 613370; 609812; 606392","MODY","Monogenic+Modifier","Unknown","23551881",2,0,0,0,2,2,0,2,2,1,2,2,2,2,2,2,1,1,0,0,1,0,0,0,0,0.5,"Partial coverage",1,0,0,1,0,0,0,0
"OLI204","614840; 615271; 615269; 615270; 147950; 308700; 618841; 614838; 612370; 616030; 614837; 615267; 614880; 615266; 614897; 612702; 244200; 614858; 610628","Kallmann syndrome","Unknown","Unknown","20022991",0,0,0,0,1,2,0,2,0,1,1,0,2,0,0,2,2,2,0,0,0,0,0,2,0,1,"Complete coverage",1,0,0,0,0,0,1,0
"OLI205","614840; 615271; 615269; 615270; 147950; 308700; 618841; 614838; 612370; 616030; 614837; 615267; 614880; 615266; 614897; 612702; 244200; 614858; 610628","Kallmann syndrome","Unknown","European/Caucasian","20022991",0,1,1,1,1,2,0,2,0,1,1,0,2,0,1,2,0,0,0,0,0,0,0,0,0,0,"No coverage",NA,NA,NA,NA,NA,NA,NA,NA
"OLI206","614840; 615271; 615269; 615270; 147950; 308700; 618841; 614838; 612370; 616030; 614837; 615267; 614880; 615266; 614897; 612702; 244200; 614858; 610628","Kallmann syndrome","Unknown","Unknown","20022991",0,0,1,1,1,2,0,2,0,1,1,0,2,0,1,2,1,0,0,0,1,0,0,0,0,0.5,"Partial coverage",0,0,0,1,0,0,0,0
"OLI207","614840; 615271; 615269; 615270; 147950; 308700; 618841; 614838; 612370; 616030; 614837; 615267; 614880; 615266; 614897; 612702; 244200; 614858; 610628","Kallmann syndrome","Unknown","Unknown","20022991",0,0,0,0,1,2,0,2,0,0,0,0,0,0,0,2,2,0,1,1,0,0,2,0,0,1,"Complete coverage",0,0.5,0.5,0,0,1,0,0
"OLI208","614840; 615271; 615269; 615270; 147950; 308700; 618841; 614838; 612370; 616030; 614837; 615267; 614880; 615266; 614897; 612702; 244200; 614858; 610628","Kallmann syndrome","Unknown","Unknown","20022991",0,0,0,0,0,0,1,1,0,0,0,0,0,0,0,2,1,0,0,1,0,0,1,0,0,0.5,"Partial coverage",0,0,1,0,0,1,0,0
"OLI209","605909; 606852; 602404; 606324; 616840; 613643; 600116; 300557; 615528; 610297","Young-onset Parkinson disease","True Digenic","East Asian","16632486",1,1,1,1,3,3,2,3,3,1,3,3,3,2,2,2,2,0,2,0,0,0,0,2,0,1,"Complete coverage",0,1,0,0,0,0,1,0
"OLI210","N.A.","Charcot-Marie-Tooth disease/Hereditary motor and sensory neuropathy","Monogenic+Modifier","European/Caucasian","22546700",3,0,1,1,3,3,0,3,0,1,1,1,2,2,3,2,2,1,0,1,2,0,0,0,0,1,"Complete coverage",0.5,0,0.5,1,0,0,0,0
"OLI211","618195; 600138; 613750; 615233; 613794; 609923; 616394; 600132; 615922; 601718; 602594; 613464; 300029; 616188; 608380; 616562; 611498; 613194; 613827; 610359; 613575; 300424; 618345; 616544; 614500; 613341; 256100; 180104; 613820; 614377; 613769; 615382; 618697; 614180; 612095; 268060; 617271; 615862; 609913; 611131; 618220; 617304; 613660; 615780; 613861; 618826; 615725; 612572; 617781; 613809; 614181; 614494; 617460; 615565; 613581; 300605; 612712; 606068; 607921; 613862; 604232; 268000; 613758; 300155; 180105; 610282; 600059; 613756; 268025; 312600; 613582; 602088; 400004; 600852; 618173; 616469; 606966; 608133; 613810; 613617; 617123; 604393; 600105; 601414; 613767; 312612; 617023; 618613; 610599; 613428; 613801; 180100; 612165; 613983; 612943; 602772; 613824; 613731; 615434; 617433; 613159; 180210; 604387","Retinitis pigmentosa; Nephronophthisis","Unknown","European/Caucasian","17855640",0,1,0,1,2,2,2,2,0,1,1,0,2,0,1,2,2,0,1,0,1,0,1,0,0,1,"Complete coverage",0,0.5,0,0.5,0,0.5,0,0
"OLI212","618195; 600138; 613750; 615233; 613794; 609923; 616394; 600132; 615922; 601718; 602594; 613464; 300029; 616188; 608380; 616562; 611498; 613194; 613827; 610359; 613575; 300424; 618345; 616544; 614500; 613341; 256100; 180104; 613820; 614377; 613769; 615382; 618697; 614180; 612095; 268060; 617271; 615862; 609913; 611131; 618220; 617304; 613660; 615780; 613861; 618826; 615725; 612572; 617781; 613809; 614181; 614494; 617460; 615565; 613581; 300605; 612712; 606068; 607921; 613862; 604232; 268000; 613758; 300155; 180105; 610282; 600059; 613756; 268025; 312600; 613582; 602088; 400004; 600852; 618173; 616469; 606966; 608133; 613810; 613617; 617123; 604393; 600105; 601414; 613767; 312612; 617023; 618613; 610599; 613428; 613801; 180100; 612165; 613983; 612943; 602772; 613824; 613731; 615434; 617433; 613159; 180210; 604387","Nephronophthisis","Unknown","European/Caucasian","17855640",1,1,0,1,1,1,2,2,0,0,0,0,0,0,0,2,2,1,1,0,1,0,0,1,0,1,"Complete coverage",0.5,0.5,0,0.5,0,0,0.5,0
"OLI213","618195; 600138; 613750; 615233; 613794; 609923; 616394; 600132; 615922; 601718; 602594; 613464; 300029; 616188; 608380; 616562; 611498; 613194; 613827; 610359; 613575; 300424; 618345; 616544; 614500; 613341; 256100; 180104; 613820; 614377; 613769; 615382; 618697; 614180; 612095; 268060; 617271; 615862; 609913; 611131; 618220; 617304; 613660; 615780; 613861; 618826; 615725; 612572; 617781; 613809; 614181; 614494; 617460; 615565; 613581; 300605; 612712; 606068; 607921; 613862; 604232; 268000; 613758; 300155; 180105; 610282; 600059; 613756; 268025; 312600; 613582; 602088; 400004; 600852; 618173; 616469; 606966; 608133; 613810; 613617; 617123; 604393; 600105; 601414; 613767; 312612; 617023; 618613; 610599; 613428; 613801; 180100; 612165; 613983; 612943; 602772; 613824; 613731; 615434; 617433; 613159; 180210; 604387","Nephronophthisis","Unknown","European/Caucasian","17855640",0,1,0,1,1,1,2,2,0,0,0,0,0,0,0,2,2,0,0,1,2,0,0,0,0,1,"Complete coverage",0,0,0.5,1,0,0,0,0
"OLI214","618195; 600138; 613750; 615233; 613794; 609923; 616394; 600132; 615922; 601718; 602594; 613464; 300029; 616188; 608380; 616562; 611498; 613194; 613827; 610359; 613575; 300424; 618345; 616544; 614500; 613341; 256100; 180104; 613820; 614377; 613769; 615382; 618697; 614180; 612095; 268060; 617271; 615862; 609913; 611131; 618220; 617304; 613660; 615780; 613861; 618826; 615725; 612572; 617781; 613809; 614181; 614494; 617460; 615565; 613581; 300605; 612712; 606068; 607921; 613862; 604232; 268000; 613758; 300155; 180105; 610282; 600059; 613756; 268025; 312600; 613582; 602088; 400004; 600852; 618173; 616469; 606966; 608133; 613810; 613617; 617123; 604393; 600105; 601414; 613767; 312612; 617023; 618613; 610599; 613428; 613801; 180100; 612165; 613983; 612943; 602772; 613824; 613731; 615434; 617433; 613159; 180210; 604387","Nephronophthisis","Unknown","European/Caucasian","17855640",0,1,1,1,2,2,0,2,0,1,1,0,2,0,1,2,2,1,1,0,0,0,2,0,0,1,"Complete coverage",0.5,0.5,0,0,0,1,0,0
"OLI215","613885; 611134; 249000; 617562; 614209; 615397; 611561; 609345; 607361; 603194; 612284","Meckel syndrome","Unknown","Unknown","21493627",0,0,0,0,2,2,0,2,0,1,1,0,2,0,0,2,2,0,1,0,1,0,1,0,0,1,"Complete coverage",0,0.5,0,0.5,0,0.5,0,0
"OLI216","613885; 611134; 249000; 617562; 614209; 615397; 611561; 609345; 607361; 603194; 612284","Meckel syndrome","Unknown","Unknown","21493627",1,0,0,0,1,1,0,1,0,1,1,0,1,0,0,2,2,1,0,1,2,0,0,0,0,1,"Complete coverage",0.5,0,0.5,1,0,0,0,0
"OLI217","N.A.","Ocular albinism","Unknown","European/Caucasian","18326704",0,0,0,0,0,1,2,2,0,1,1,0,2,0,0,3,3,2,0,1,2,0,0,0,1,1,"Complete coverage",0.666666666666667,0,0.333333333333333,0.666666666666667,0,0,0,0.333333333333333
"OLI218","601005; 612347; 612955; 613688; 192500; 220400; 613695; 616247; 611819; 618447; 613693; 613485; 616249; 603830; 611818; 600919; 611820","Familial long QT syndrome","Unknown","Middle eastern","31320904",0,0,1,1,2,2,2,2,0,1,1,0,2,0,1,2,2,1,0,0,1,0,1,0,0,1,"Complete coverage",0.5,0,0,0.5,0,0.5,0,0
"OLI219","N.A.","Primary immunodeficiency","Unknown","Middle eastern","29106381",1,0,0,0,3,3,0,3,2,0,2,3,3,2,2,1,1,0,0,1,1,0,0,0,0,1,"Complete coverage",0,0,1,1,0,0,0,0
"OLI220","N.A.","Ocular albinism","Unknown","European/Caucasian","18326704",0,0,1,1,0,1,2,2,0,1,1,0,2,0,1,2,2,1,1,0,1,0,1,0,0,1,"Complete coverage",0.5,0.5,0,0.5,0,0.5,0,0
"OLI221","608033","Familial acute necrotizing encephalopathy","True Digenic","Indian","32102593",2,0,1,1,1,1,0,1,1,1,1,1,1,1,1,2,2,0,2,0,1,0,1,0,0,1,"Complete coverage",0,1,0,0.5,0,0.5,0,0
"OLI222","618195; 600138; 613750; 615233; 613794; 609923; 616394; 600132; 615922; 601718; 602594; 613464; 300029; 616188; 608380; 616562; 613194; 613827; 610359; 613575; 300424; 618345; 616544; 614500; 613341; 180104; 613769; 618697; 614180; 612095; 268060; 609913; 611131; 618220; 617304; 613660; 615780; 613861; 618826; 615725; 612572; 617781; 613809; 614181; 614494; 617460; 615565; 613581; 300605; 612712; 606068; 607921; 613862; 604232; 268000; 613758; 300155; 180105; 610282; 600059; 613756; 268025; 312600; 613582; 400004; 600852; 618173; 616469; 608133; 613810; 613617; 617123; 604393; 600105; 601414; 613767; 312612; 617023; 618613; 610599; 613428; 613801; 180100; 612165; 613983; 612943; 602772; 613731; 615434; 617433; 180210","Retinitis pigmentosa","True Digenic","Unknown","8202715",3,0,0,0,2,2,2,2,2,1,2,2,2,3,3,2,2,1,0,1,2,0,0,0,0,1,"Complete coverage",0.5,0,0.5,1,0,0,0,0
"OLI223","618195; 600138; 613750; 615233; 613794; 609923; 616394; 600132; 615922; 601718; 602594; 613464; 300029; 616188; 608380; 616562; 613194; 613827; 610359; 613575; 300424; 618345; 616544; 614500; 613341; 180104; 613769; 618697; 614180; 612095; 268060; 609913; 611131; 618220; 617304; 613660; 615780; 613861; 618826; 615725; 612572; 617781; 613809; 614181; 614494; 617460; 615565; 613581; 300605; 612712; 606068; 607921; 613862; 604232; 268000; 613758; 300155; 180105; 610282; 600059; 613756; 268025; 312600; 613582; 400004; 600852; 618173; 616469; 608133; 613810; 613617; 617123; 604393; 600105; 601414; 613767; 312612; 617023; 618613; 610599; 613428; 613801; 180100; 612165; 613983; 612943; 602772; 613731; 615434; 617433; 180210","Retinitis pigmentosa","True Digenic","Unknown","8202715",3,0,1,1,2,2,2,2,2,1,2,2,2,3,3,2,2,1,0,1,1,0,0,1,0,1,"Complete coverage",0.5,0,0.5,0.5,0,0,0.5,0
"OLI224","617119; 615993; 615982; 615989; 605231; 615995; 600151; 615985; 615981; 615996; 615988; 615992; 615994; 615987; 209900; 615986; 615991; 615983; 617406; 615984; 615990","Bardet-Biedl syndrome","Unknown","Unknown","11567139",1,1,0,1,1,1,2,2,1,0,1,1,2,1,1,1,1,1,0,0,1,0,0,0,0,1,"Complete coverage",1,0,0,1,0,0,0,0
"OLI225","617119; 615993; 615982; 615989; 605231; 615995; 600151; 615985; 615981; 615996; 615988; 615992; 615994; 615987; 209900; 615986; 615991; 615983; 617406; 615984; 615990","Bardet-Biedl syndrome","Unknown","Unknown","11567139",1,1,0,1,1,1,2,2,1,1,1,1,2,1,1,2,2,1,0,0,1,0,1,0,0,1,"Complete coverage",0.5,0,0,0.5,0,0.5,0,0
"OLI226","617119; 615993; 615982; 615989; 605231; 615995; 600151; 615985; 615981; 615996; 615988; 615992; 615994; 615987; 209900; 615986; 615991; 615983; 617406; 615984; 615990","Bardet-Biedl syndrome","Unknown","Unknown","11567139",1,1,0,1,1,1,2,2,1,0,1,1,2,1,1,2,2,1,0,0,1,0,0,1,0,1,"Complete coverage",0.5,0,0,0.5,0,0,0.5,0
"OLI227","N.A.","Global developmental delay,Hypertelorism,Intellectual disability,Macrocephaly,Tall Stature","Dual Molecular Diagnosis","Lebanese","27148587",2,1,0,1,2,2,0,2,2,1,2,2,2,2,2,2,2,2,0,0,1,0,0,1,0,1,"Complete coverage",1,0,0,0.5,0,0,0.5,0
"OLI228","N.A.","Parkinson disease","Unknown","East Asian","32713623",1,1,0,1,2,3,2,3,0,1,1,0,2,0,1,2,2,0,2,0,0,1,1,0,0,1,"Complete coverage",0,1,0,0,0.5,0.5,0,0
"OLI229","N.A.","Parkinson disease","Unknown","East Asian","32713623",0,1,0,1,2,3,2,3,0,1,1,0,2,0,1,2,2,1,0,1,1,1,0,0,0,1,"Complete coverage",0.5,0,0.5,0.5,0.5,0,0,0
"OLI230","N.A.","Parkinson disease","Unknown","East Asian","32713623",0,1,0,1,2,3,2,3,0,0,0,0,1,0,0,1,1,0,1,0,0,0,0,0,1,1,"Complete coverage",0,1,0,0,0,0,0,1
"OLI231","N.A.","Hypertrophic cardiomyopathy","Unknown","Unknown","25979592",0,1,0,1,0,0,1,1,0,0,0,0,0,0,0,4,4,1,2,0,0,0,2,2,0,1,"Complete coverage",0.25,0.5,0,0,0,0.5,0.5,0
"OLI232","615373; 601494; 610543; 180849; 300580; 613684; 601493; 609470; 615396; 617760; 604169; 615092; 255310; 613424; 611878; 613426","Left ventricular noncompaction; Rubinstein-Taybi syndrome","Unknown","Unknown","25979592",0,1,1,1,0,0,1,1,0,1,1,0,1,0,0,3,3,0,3,0,0,1,2,0,0,1,"Complete coverage",0,1,0,0,0.333333333333333,0.666666666666667,0,0
"OLI233","N.A.","Hypertrophic cardiomyopathy","Unknown","Unknown","25979592",0,1,0,1,0,0,1,1,0,1,1,0,1,0,0,2,2,0,1,1,0,1,0,1,0,1,"Complete coverage",0,0.5,0.5,0,0.5,0,0.5,0
"OLI234","N.A.","Hypertrophic cardiomyopathy","Unknown","Unknown","25979592",0,1,1,1,0,0,0,0,0,1,1,0,0,0,0,2,2,1,1,0,1,0,0,1,0,1,"Complete coverage",0.5,0.5,0,0.5,0,0,0.5,0
"OLI235","N.A.","Dilated cardiomyopathy","Unknown","Unknown","25979592",0,1,0,1,0,0,0,0,0,1,1,0,0,0,0,2,2,1,0,0,2,0,0,0,0,1,"Complete coverage",0.5,0,0,1,0,0,0,0
"OLI236","N.A.","Dilated cardiomyopathy","Unknown","Unknown","25979592",0,1,1,1,0,0,1,1,0,1,1,0,1,0,0,3,3,0,3,0,0,0,2,1,0,1,"Complete coverage",0,1,0,0,0,0.666666666666667,0.333333333333333,0
"OLI237","N.A.","Hypertrophic cardiomyopathy","Unknown","Unknown","25979592",0,1,0,1,0,0,0,0,0,1,1,0,0,0,0,3,3,0,3,0,0,1,2,0,0,1,"Complete coverage",0,1,0,0,0.333333333333333,0.666666666666667,0,0
"OLI238","615342; 178600","Pulmonary arterial hypertension; Heritable pulmonary arterial hypertension","Unknown","African","25189502",1,0,0,0,1,1,0,1,1,1,1,1,1,0,0,2,2,1,0,1,2,0,0,0,0,1,"Complete coverage",0.5,0,0.5,1,0,0,0,0
"OLI239","N.A.","Renal hypoplasia","Monogenic+Modifier","European/Caucasian","16971658",2,1,0,1,2,2,0,2,1,1,1,2,2,2,2,2,2,1,0,1,1,1,0,0,0,1,"Complete coverage",0.5,0,0.5,0.5,0.5,0,0,0
"OLI240","N.A.","Epidermolysis bullosa simplex","Unknown","European/Caucasian","24024749",2,0,0,0,2,2,2,2,0,1,1,0,2,0,2,2,2,2,0,0,1,0,0,1,0,1,"Complete coverage",1,0,0,0.5,0,0,0.5,0
"OLI241","274600","Pendred syndrome","True Digenic","East Asian","19426954",2,2,0,2,2,2,0,2,1,1,1,2,2,3,3,2,2,1,1,0,1,0,0,1,0,1,"Complete coverage",0.5,0.5,0,0.5,0,0,0.5,0
"OLI242","274600","Pendred syndrome","Unknown","Unknown","19426954",0,1,0,1,2,2,0,2,2,1,2,2,2,1,1,2,2,2,0,0,2,0,0,0,0,1,"Complete coverage",1,0,0,1,0,0,0,0
"OLI243","613823; 615807; 616051; 616777; 616171; 600546; 613676; 606744; 210600","Seckel syndrome","True Digenic","European/Caucasian","26436113",2,0,0,0,2,2,2,2,1,1,1,2,2,2,2,2,2,0,1,0,1,0,0,0,1,1,"Complete coverage",0,0.5,0,0.5,0,0,0,0.5
"OLI244","615636; 616490; 618161; 610688; 614615; 616781; 616784; 213300; 617121; 614970; 612291; 616654; 614424; 617761; 614173; 617622; 617120; 614464","Joubert syndrome","Unknown","European/Caucasian","22246503",0,0,1,1,0,0,2,2,0,1,1,0,2,0,1,2,2,1,1,0,1,0,0,1,0,1,"Complete coverage",0.5,0.5,0,0.5,0,0,0.5,0
"OLI245","615636; 616490; 618161; 610688; 614615; 616781; 616784; 213300; 617121; 614970; 612291; 616654; 614424; 617761; 614173; 617622; 617120; 614464","Joubert syndrome","Unknown","European/Caucasian","22246503",0,0,0,0,0,0,0,0,0,1,1,0,0,0,0,2,2,1,0,1,1,0,0,1,0,1,"Complete coverage",0.5,0,0.5,0.5,0,0,0.5,0
"OLI246","615636; 616490; 618161; 610688; 614615; 616781; 616784; 213300; 617121; 614970; 612291; 616654; 614424; 617761; 614173; 617622; 617120; 614464","Joubert syndrome","Unknown","European/Caucasian","22246503",0,0,0,0,0,0,2,2,0,1,1,0,2,0,0,2,2,1,0,0,1,0,0,1,0,1,"Complete coverage",0.5,0,0,0.5,0,0,0.5,0
"OLI247","615636; 616490; 618161; 610688; 614615; 616781; 616784; 213300; 617121; 614970; 612291; 616654; 614424; 617761; 614173; 617622; 617120; 614464","Joubert syndrome","Unknown","European/Caucasian","22246503",0,0,0,0,0,0,2,2,0,1,1,0,2,0,0,2,2,0,1,1,1,0,0,1,0,1,"Complete coverage",0,0.5,0.5,0.5,0,0,0.5,0
"OLI248","231300; 617272; 613086; 600975; 613085","Congenital glaucoma; Rare congenital non-syndromic heart malformation","Unknown","Lebanese","28979898",1,1,0,1,1,1,0,1,1,1,1,1,1,1,1,3,3,1,2,0,1,1,0,1,0,1,"Complete coverage",0.333333333333333,0.666666666666667,0,0.333333333333333,0.333333333333333,0,0.333333333333333,0
"OLI249","231300; 617272; 613086; 600975; 613085","Congenital glaucoma","True Digenic","Lebanese","28979898",1,1,0,1,1,1,0,1,1,1,1,1,1,1,1,2,2,1,1,0,1,1,0,0,0,1,"Complete coverage",0.5,0.5,0,0.5,0.5,0,0,0
"OLI250","N.A.","Epidermolysis bullosa simplex","True Digenic","Unknown","27611893",2,0,0,0,2,2,2,2,1,1,1,2,2,2,2,2,2,1,1,0,1,0,0,1,0,1,"Complete coverage",0.5,0.5,0,0.5,0,0,0.5,0
"OLI251","N.A.","Non-syndromic genetic deafness","Unknown","East Asian","27057829",2,0,0,0,1,1,0,1,0,1,1,0,1,0,1,2,2,1,0,1,1,0,0,1,0,1,"Complete coverage",0.5,0,0.5,0.5,0,0,0.5,0
"OLI252","N.A.","Non-syndromic genetic deafness","Unknown","East Asian","27057829",1,0,0,0,2,2,0,2,0,0,0,0,0,0,0,2,2,1,1,0,0,0,1,1,0,1,"Complete coverage",0.5,0.5,0,0,0,0.5,0.5,0
"OLI253","601499; 602482; 180500","Axenfeld-Rieger syndrome","Monogenic+Modifier","Unknown","21837767",2,0,0,0,2,2,0,2,3,1,3,3,3,3,3,2,2,1,0,1,2,0,0,0,0,1,"Complete coverage",0.5,0,0.5,1,0,0,0,0
"OLI254","N.A.","Non-syndromic genetic deafness","True Digenic","East Asian","25719458",2,0,0,0,3,3,0,3,1,1,1,2,2,2,2,2,2,1,0,1,2,0,0,0,0,1,"Complete coverage",0.5,0,0.5,1,0,0,0,0
"OLI255","256300","Congenital nephrotic syndrome","Unknown","European/Caucasian","11854170",0,0,0,0,2,3,2,3,0,1,1,0,2,0,0,2,2,1,1,0,1,0,0,0,1,1,"Complete coverage",0.5,0.5,0,0.5,0,0,0,0.5
"OLI256","256300","Congenital nephrotic syndrome","Unknown","Indian","11854170",0,0,0,0,2,3,2,3,0,0,0,0,1,0,0,2,2,0,2,0,1,0,1,0,0,1,"Complete coverage",0,1,0,0.5,0,0.5,0,0
"OLI257","256300","Congenital nephrotic syndrome","Unknown","European/Caucasian","11854170",0,0,0,0,2,3,2,3,0,1,1,0,2,0,0,2,2,1,0,1,1,0,0,0,1,1,"Complete coverage",0.5,0,0.5,0.5,0,0,0,0.5
"OLI258","176400; 615346","Central precocious puberty","True Digenic","East Asian","32400230",1,1,0,1,1,1,0,1,1,1,1,1,1,1,1,2,2,0,2,0,0,0,0,2,0,1,"Complete coverage",0,1,0,0,0,0,1,0
"OLI259","606943; 276900; 276904; 602097; 612632; 614869; 618632; 614990; 602083; 601067","Usher syndrome type 1","True Digenic","East Asian","24618850",2,0,0,0,2,3,0,3,1,1,1,2,2,2,2,2,2,1,1,0,1,1,0,0,0,1,"Complete coverage",0.5,0.5,0,0.5,0.5,0,0,0
"OLI260","606943; 276900; 276904; 602097; 612632; 614869; 618632; 614990; 602083; 601067","Usher syndrome type 1","Unknown","East Asian","24618850",0,0,0,0,2,3,0,3,0,1,1,0,2,0,0,2,2,0,1,0,1,0,0,1,0,1,"Complete coverage",0,0.5,0,0.5,0,0,0.5,0
"OLI261","606943; 276900; 276904; 602097; 612632; 614869; 618632; 614990; 602083; 601067","Usher syndrome type 1","Unknown","East Asian","24618850",0,0,0,0,2,3,2,3,1,1,1,2,2,0,0,2,2,1,1,0,1,0,0,1,0,1,"Complete coverage",0.5,0.5,0,0.5,0,0,0.5,0
"OLI262","606943; 276900; 276904; 602097; 612632; 614869; 618632; 614990; 602083; 601067","Usher syndrome type 1","Unknown","East Asian","24618850",0,0,0,0,2,3,2,3,0,0,0,0,1,0,0,1,1,0,1,0,0,0,1,0,0,1,"Complete coverage",0,1,0,0,0,1,0,0
"OLI263","606943; 276900; 276904; 602097; 612632; 614869; 618632; 614990; 602083; 601067","Usher syndrome type 1","Unknown","East Asian","24618850",0,0,0,0,2,2,2,2,0,1,1,0,2,0,0,2,2,0,0,1,1,0,0,1,0,1,"Complete coverage",0,0,0.5,0.5,0,0,0.5,0
"OLI264","N.A.","Osteopetrosis,Mental retardation,Short stature,Spastic paraparesis","Unknown","Unknown","30510438",1,0,0,0,1,1,0,1,0,0,0,0,0,0,0,4,4,2,0,1,3,0,0,0,1,1,"Complete coverage",0.5,0,0.25,0.75,0,0,0,0.25
"OLI265","606943; 276900; 276904; 602097; 612632; 614869; 618632; 614990; 602083; 601067","Usher syndrome type 1","True Digenic","European/Caucasian","15537665",2,0,1,1,3,3,0,3,1,0,1,2,2,2,2,2,2,0,0,2,1,0,1,0,0,1,"Complete coverage",0,0,1,0.5,0,0.5,0,0
"OLI266","606943; 276900; 276904; 602097; 612632; 614869; 618632; 614990; 602083; 601067","Usher syndrome type 1","Unknown","European/Caucasian","15537665",1,0,1,1,3,3,0,3,1,1,1,2,2,1,1,2,2,1,0,1,1,0,0,1,0,1,"Complete coverage",0.5,0,0.5,0.5,0,0,0.5,0
"OLI267","606943; 276900; 276904; 602097; 612632; 614869; 618632; 614990; 602083; 601067","Usher syndrome type 1","Unknown","African","15537665",0,0,0,0,3,3,0,3,1,0,1,2,2,0,0,2,2,0,1,1,0,0,2,0,0,1,"Complete coverage",0,0.5,0.5,0,0,1,0,0
"OLI268","N.A.","Hypertrophic cardiomyopathy; Arrhythmogenic right ventricular cardiomyopathy","Unknown","Unknown","30716529",0,1,0,1,0,0,1,1,1,1,1,0,1,0,0,3,3,1,0,1,1,0,2,0,0,1,"Complete coverage",0.333333333333333,0,0.333333333333333,0.333333333333333,0,0.666666666666667,0,0
"OLI269","606640; 205250; 617892; 608627; 606070; 300857; 608030; 614696; 615515; 105400; 613954; 617839; 612069; 616208; 612577; 608031; 616437; 615426; 613435; 611895; 614808","Amyotrophic lateral sclerosis","Unknown","European/Caucasian","25382069",0,2,0,2,0,0,1,1,1,1,1,0,1,0,1,2,2,1,1,0,1,0,0,1,0,1,"Complete coverage",0.5,0.5,0,0.5,0,0,0.5,0
"OLI270","606640; 205250; 617892; 608627; 606070; 300857; 608030; 614696; 615515; 105400; 613954; 617839; 612069; 616208; 612577; 608031; 616437; 615426; 613435; 611895; 614808","Amyotrophic lateral sclerosis","Unknown","European/Caucasian","25382069",0,2,0,2,0,0,0,0,0,0,0,0,0,0,0,2,2,1,0,1,1,0,1,0,0,1,"Complete coverage",0.5,0,0.5,0.5,0,0.5,0,0
"OLI271","606640; 205250; 617892; 608627; 606070; 300857; 608030; 614696; 615515; 105400; 613954; 617839; 612069; 616208; 612577; 608031; 616437; 615426; 613435; 611895; 614808","Amyotrophic lateral sclerosis","Unknown","European/Caucasian","25382069",0,2,0,2,0,0,0,0,0,0,0,0,0,0,0,1,1,0,0,1,0,0,1,0,0,1,"Complete coverage",0,0,1,0,0,1,0,0
"OLI272","606640; 205250; 617892; 608627; 606070; 300857; 608030; 614696; 615515; 105400; 613954; 617839; 612069; 616208; 612577; 608031; 616437; 615426; 613435; 611895; 614808","Amyotrophic lateral sclerosis","Unknown","European/Caucasian","25382069",0,2,0,2,0,0,2,2,0,0,0,0,0,0,0,1,1,0,1,0,0,0,0,1,0,1,"Complete coverage",0,1,0,0,0,0,1,0
"OLI273","606640; 205250; 617892; 608627; 606070; 300857; 608030; 614696; 615515; 105400; 613954; 617839; 612069; 616208; 612577; 608031; 616437; 615426; 613435; 611895; 614808","Amyotrophic lateral sclerosis","Unknown","European/Caucasian","25382069; 32409511",0,2,0,2,0,0,0,0,0,0,0,0,0,0,0,1,1,0,0,1,0,0,1,0,0,1,"Complete coverage",0,0,1,0,0,1,0,0
"OLI274","606640; 205250; 617892; 608627; 606070; 300857; 608030; 614696; 615515; 105400; 613954; 617839; 612069; 616208; 612577; 608031; 616437; 615426; 613435; 611895; 614808","Amyotrophic lateral sclerosis","Unknown","European/Caucasian","25382069",0,2,1,2,0,0,1,1,1,1,1,0,1,0,1,2,2,0,2,0,0,0,2,0,0,1,"Complete coverage",0,1,0,0,0,1,0,0
"OLI275","606640; 205250; 617892; 608627; 606070; 300857; 608030; 614696; 615515; 105400; 613954; 617839; 612069; 616208; 612577; 608031; 616437; 615426; 613435; 611895; 614808","Amyotrophic lateral sclerosis","Unknown","European/Caucasian","25382069",0,2,0,2,0,0,0,0,0,0,0,0,0,0,0,1,1,0,1,0,0,0,1,0,0,1,"Complete coverage",0,1,0,0,0,1,0,0
"OLI276","606640; 205250; 617892; 608627; 606070; 300857; 608030; 614696; 615515; 105400; 613954; 617839; 612069; 616208; 612577; 608031; 616437; 615426; 613435; 611895; 614808","Amyotrophic lateral sclerosis","Unknown","European/Caucasian","25382069",0,2,0,2,0,0,2,2,0,0,0,0,0,0,0,2,2,0,1,1,0,0,2,0,0,1,"Complete coverage",0,0.5,0.5,0,0,1,0,0
"OLI277","606640; 205250; 617892; 608627; 606070; 300857; 608030; 614696; 615515; 105400; 613954; 617839; 612069; 616208; 612577; 608031; 616437; 615426; 613435; 611895; 614808","Amyotrophic lateral sclerosis","Unknown","European/Caucasian","25382069",0,2,1,2,0,0,0,0,1,1,1,0,0,0,0,2,2,0,2,0,0,0,1,0,1,1,"Complete coverage",0,1,0,0,0,0.5,0,0.5
"OLI278","606640; 205250; 617892; 608627; 606070; 300857; 608030; 614696; 615515; 105400; 613954; 617839; 612069; 616208; 612577; 608031; 616437; 615426; 613435; 611895; 614808","Amyotrophic lateral sclerosis","Unknown","European/Caucasian","25382069",0,2,0,2,0,0,0,0,0,0,0,0,0,0,0,1,1,1,0,0,1,0,0,0,0,1,"Complete coverage",1,0,0,1,0,0,0,0
"OLI279","606640; 205250; 617892; 608627; 606070; 300857; 608030; 614696; 615515; 105400; 613954; 617839; 612069; 616208; 612577; 608031; 616437; 615426; 613435; 611895; 614808","Amyotrophic lateral sclerosis","Unknown","European/Caucasian","25382069",0,2,1,2,0,0,0,0,1,1,1,0,0,0,0,2,1,0,1,0,0,0,1,0,0,0.5,"Partial coverage",0,1,0,0,0,1,0,0
"OLI280","606640; 205250; 617892; 608627; 606070; 300857; 608030; 614696; 615515; 105400; 613954; 617839; 612069; 616208; 612577; 608031; 616437; 615426; 613435; 611895; 614808","Amyotrophic lateral sclerosis","Unknown","European/Caucasian","25382069",0,2,1,2,0,0,1,1,0,1,1,0,1,0,1,3,3,2,1,0,2,0,1,0,0,1,"Complete coverage",0.666666666666667,0.333333333333333,0,0.666666666666667,0,0.333333333333333,0,0
"OLI281","606640; 205250; 617892; 608627; 606070; 300857; 608030; 614696; 615515; 105400; 613954; 617839; 612069; 616208; 612577; 608031; 616437; 615426; 613435; 611895; 614808","Amyotrophic lateral sclerosis","Unknown","European/Caucasian","25382069",0,2,0,2,0,0,0,0,0,0,0,0,0,0,0,2,2,0,2,0,0,0,1,1,0,1,"Complete coverage",0,1,0,0,0,0.5,0.5,0
"OLI282","606640; 205250; 617892; 608627; 606070; 300857; 608030; 614696; 615515; 105400; 613954; 617839; 612069; 616208; 612577; 608031; 616437; 615426; 613435; 611895; 614808","Amyotrophic lateral sclerosis","Unknown","European/Caucasian","25382069",0,2,0,2,0,0,0,0,0,0,0,0,0,0,0,3,3,1,1,1,0,1,1,1,0,1,"Complete coverage",0.333333333333333,0.333333333333333,0.333333333333333,0,0.333333333333333,0.333333333333333,0.333333333333333,0
"OLI283","606640; 205250; 617892; 608627; 606070; 300857; 608030; 614696; 615515; 105400; 613954; 617839; 612069; 616208; 612577; 608031; 616437; 615426; 613435; 611895; 614808","Amyotrophic lateral sclerosis","Unknown","European/Caucasian","25382069",0,2,1,2,0,0,0,0,1,1,1,0,0,0,0,3,3,1,2,0,0,0,1,2,0,1,"Complete coverage",0.333333333333333,0.666666666666667,0,0,0,0.333333333333333,0.666666666666667,0
"OLI284","175100","Familial adenomatous polyposis","Unknown","Unknown","29367705",1,0,0,0,1,1,0,1,0,1,1,0,1,0,0,4,4,3,0,1,0,1,2,1,0,1,"Complete coverage",0.75,0,0.25,0,0.25,0.5,0.25,0
"OLI285","614840; 615271; 615269; 615270; 147950; 308700; 618841; 614838; 612370; 616030; 614837; 615267; 614880; 615266; 614897; 612702; 244200; 614858; 610628","Kallmann syndrome","Unknown","Unknown","22927827",0,0,1,1,0,2,1,2,0,1,1,0,1,0,1,2,1,0,0,1,0,0,1,0,0,0.5,"Partial coverage",0,0,1,0,0,1,0,0
"OLI286","614840; 615271; 615269; 615270; 147950; 308700; 618841; 614838; 612370; 616030; 614837; 615267; 614880; 615266; 614897; 612702; 244200; 614858; 610628","Kallmann syndrome","Unknown","Unknown","22927827",0,0,1,1,0,2,1,2,0,1,1,0,2,0,1,2,0,0,0,0,0,0,0,0,0,0,"No coverage",NA,NA,NA,NA,NA,NA,NA,NA
"OLI287","614840; 615271; 615269; 615270; 147950; 308700; 618841; 614838; 612370; 616030; 614837; 615267; 614880; 615266; 614897; 612702; 244200; 614858; 610628","Kallmann syndrome","Unknown","Unknown","22927827",0,0,0,0,0,0,1,1,0,1,1,0,1,0,0,2,1,0,1,0,1,0,0,0,0,0.5,"Partial coverage",0,1,0,1,0,0,0,0
"OLI288","614840; 615271; 615269; 615270; 147950; 308700; 618841; 614838; 612370; 616030; 614837; 615267; 614880; 615266; 614897; 612702; 244200; 614858; 610628","Kallmann syndrome","Unknown","Unknown","22927827",0,0,0,0,0,1,0,1,0,1,1,0,1,0,0,2,1,0,0,0,1,0,0,0,0,0.5,"Partial coverage",0,0,0,1,0,0,0,0
"OLI289","614840; 615271; 615269; 615270; 147950; 308700; 618841; 614838; 612370; 616030; 614837; 615267; 614880; 615266; 614897; 612702; 244200; 614858; 610628","Kallmann syndrome","Unknown","Unknown","22927827",0,0,1,1,0,0,1,1,0,1,1,0,1,0,0,2,2,1,1,0,0,1,0,1,0,1,"Complete coverage",0.5,0.5,0,0,0.5,0,0.5,0
"OLI290","N.A.","Adolescent idiopathic scoliosis","Unknown","East Asian","32381728",2,2,1,2,0,0,1,1,0,1,1,0,1,1,2,2,2,1,0,1,0,1,0,0,1,1,"Complete coverage",0.5,0,0.5,0,0.5,0,0,0.5
"OLI291","N.A.","Adolescent idiopathic scoliosis","Unknown","East Asian","32381728",2,1,0,1,0,0,1,1,0,1,1,0,1,0,1,2,2,1,1,0,0,0,0,2,0,1,"Complete coverage",0.5,0.5,0,0,0,0,1,0
"OLI292","N.A.","Adolescent idiopathic scoliosis","Unknown","East Asian","32381728",2,2,0,2,2,2,0,2,0,1,1,0,2,1,3,2,2,0,2,0,0,1,1,0,0,1,"Complete coverage",0,1,0,0,0.5,0.5,0,0
"OLI293","N.A.","Adolescent idiopathic scoliosis","Unknown","East Asian","32381728",2,2,0,2,0,0,0,0,0,1,1,0,0,1,1,2,2,0,2,0,0,1,0,0,1,1,"Complete coverage",0,1,0,0,0.5,0,0,0.5
"OLI294","N.A.","Adolescent idiopathic scoliosis","Unknown","East Asian","32381728",2,2,0,2,2,2,0,2,0,1,1,0,2,1,3,2,2,0,2,0,0,0,0,1,1,1,"Complete coverage",0,1,0,0,0,0,0.5,0.5
"OLI295","N.A.","Adolescent idiopathic scoliosis","Unknown","East Asian","32381728",2,2,0,2,2,2,0,2,0,1,1,0,2,1,3,2,2,1,1,0,0,1,0,1,0,1,"Complete coverage",0.5,0.5,0,0,0.5,0,0.5,0
"OLI296","N.A.","Adolescent idiopathic scoliosis","Unknown","East Asian","32381728",1,2,0,2,0,0,0,0,0,1,1,0,0,0,0,3,3,0,2,1,0,1,2,0,0,1,"Complete coverage",0,0.666666666666667,0.333333333333333,0,0.333333333333333,0.666666666666667,0,0
"OLI297","N.A.","Adolescent idiopathic scoliosis","Unknown","East Asian","32381728",2,2,0,2,0,0,0,0,0,1,1,0,0,1,1,2,2,0,2,0,0,1,0,1,0,1,"Complete coverage",0,1,0,0,0.5,0,0.5,0
"OLI298","N.A.","Adolescent idiopathic scoliosis","Unknown","East Asian","32381728",2,2,0,2,2,2,0,2,2,1,2,2,2,3,3,2,2,0,2,0,0,1,0,0,1,1,"Complete coverage",0,1,0,0,0.5,0,0,0.5
"OLI299","146450; 300758; 300856; 300633","Non-syndromic posterior hypospadias","Unknown","Japanese","25605705",0,0,0,0,0,0,0,0,0,0,0,0,0,0,0,2,2,1,0,1,0,0,1,1,0,1,"Complete coverage",0.5,0,0.5,0,0,0.5,0.5,0
"OLI300","146450; 300758; 300856; 300633","Non-syndromic posterior hypospadias","Unknown","Vietnamese","25605705",0,0,0,0,1,1,2,2,1,1,1,1,2,0,0,2,1,1,0,0,1,0,0,0,0,0.5,"Partial coverage",1,0,0,1,0,0,0,0
"OLI301","177850; 264800","Pseudoxanthoma elasticum","Unknown","Unknown","18800149",1,0,0,0,1,1,0,1,1,1,1,1,1,0,0,2,2,1,0,0,2,0,0,0,0,1,"Complete coverage",0.5,0,0,1,0,0,0,0
"OLI302","605672; 212840","Cerebellar ataxia-hypogonadism syndrome","Unknown","Palestinian","23656588",1,1,1,1,3,3,0,3,2,1,2,3,3,2,2,2,2,0,1,1,0,0,1,1,0,1,"Complete coverage",0,0.5,0.5,0,0,0.5,0.5,0
"OLI303","133780; 613310; 305390; 617572; 601813; 605750; 616468","Familial exudative vitreoretinopathy","Unknown","East Asian","30097784",1,0,1,1,1,2,0,2,1,1,1,1,2,0,1,2,2,0,1,0,1,0,1,0,0,1,"Complete coverage",0,0.5,0,0.5,0,0.5,0,0
"OLI304","133780; 613310; 305390; 617572; 601813; 605750; 616468","Familial exudative vitreoretinopathy","Unknown","East Asian","30097784",1,0,1,1,1,2,0,2,1,1,1,1,2,0,1,2,2,1,1,0,1,0,0,1,0,1,"Complete coverage",0.5,0.5,0,0.5,0,0,0.5,0
"OLI305","133780; 613310; 305390; 617572; 601813; 605750; 616468","Familial exudative vitreoretinopathy","Unknown","East Asian","30097784",1,0,0,0,1,2,0,2,1,1,1,1,2,0,1,2,2,1,1,0,1,0,1,0,0,1,"Complete coverage",0.5,0.5,0,0.5,0,0.5,0,0
"OLI306","133780; 613310; 305390; 617572; 601813; 605750; 616468","Familial exudative vitreoretinopathy","Monogenic+Modifier","East Asian","30097784",1,0,0,0,1,2,0,2,1,1,1,1,2,0,1,2,2,0,2,0,1,0,0,1,0,1,"Complete coverage",0,1,0,0.5,0,0,0.5,0
"OLI307","133780; 613310; 305390; 617572; 601813; 605750; 616468","Familial exudative vitreoretinopathy","True Digenic","East Asian","30097784",2,0,0,0,1,2,0,2,1,1,1,1,2,1,2,2,2,2,0,0,0,0,0,2,0,1,"Complete coverage",1,0,0,0,0,0,1,0
"OLI308","133780; 613310; 305390; 617572; 601813; 605750; 616468","Familial exudative vitreoretinopathy","Unknown","East Asian","30097784",1,0,1,1,1,2,0,2,0,0,0,0,0,0,0,2,2,1,0,1,0,0,2,0,0,1,"Complete coverage",0.5,0,0.5,0,0,1,0,0
"OLI309","133780; 613310; 305390; 617572; 601813; 605750; 616468","Familial exudative vitreoretinopathy","Unknown","East Asian","30097784",1,0,0,0,1,2,0,2,1,0,1,1,2,0,1,2,2,1,1,0,0,0,0,2,0,1,"Complete coverage",0.5,0.5,0,0,0,0,1,0
"OLI310","133780; 613310; 305390; 617572; 601813; 605750; 616468","Familial exudative vitreoretinopathy","Unknown","East Asian","30097784",0,0,0,0,1,1,0,1,1,1,1,1,1,0,0,2,2,0,2,0,1,0,0,1,0,1,"Complete coverage",0,1,0,0.5,0,0,0.5,0
"OLI311","133780; 613310; 305390; 617572; 601813; 605750; 616468","Familial exudative vitreoretinopathy","Unknown","East Asian","30097784",1,0,0,0,1,1,0,1,1,1,1,1,1,0,0,2,2,2,0,0,0,0,0,2,0,1,"Complete coverage",1,0,0,0,0,0,1,0
"OLI312","133780; 613310; 305390; 617572; 601813; 605750; 616468","Familial exudative vitreoretinopathy","True Digenic","East Asian","30097784",2,0,0,0,1,1,0,1,0,1,1,0,1,0,1,2,2,1,0,1,1,0,1,0,0,1,"Complete coverage",0.5,0,0.5,0.5,0,0.5,0,0
"OLI313","133780; 613310; 305390; 617572; 601813; 605750; 616468","Familial exudative vitreoretinopathy","Monogenic+Modifier","East Asian","30097784",1,0,0,0,1,1,0,1,0,0,0,0,0,0,0,3,3,2,0,1,0,0,2,1,0,1,"Complete coverage",0.666666666666667,0,0.333333333333333,0,0,0.666666666666667,0.333333333333333,0
"OLI314","133780; 613310; 305390; 617572; 601813; 605750; 616468","Familial exudative vitreoretinopathy","Monogenic+Modifier","East Asian","30097784",1,0,0,0,1,1,0,1,1,1,1,1,1,0,0,2,2,1,0,0,2,0,0,0,0,1,"Complete coverage",0.5,0,0,1,0,0,0,0
"OLI315","133780; 613310; 305390; 617572; 601813; 605750; 616468","Familial exudative vitreoretinopathy","True Digenic","East Asian","30097784",1,0,1,1,1,1,0,1,1,1,1,1,1,0,1,2,2,0,1,0,1,0,1,0,0,1,"Complete coverage",0,0.5,0,0.5,0,0.5,0,0
"OLI316","274600","Pendred syndrome","Unknown","Japanese","32165640",0,0,0,0,2,2,0,2,1,1,1,2,2,0,0,2,2,0,2,0,0,0,0,1,1,1,"Complete coverage",0,1,0,0,0,0,0.5,0.5
"OLI317","274600","Pendred syndrome","Unknown","Japanese","32165640",1,0,1,1,2,2,0,2,1,1,1,2,2,1,1,2,2,1,1,0,1,0,1,0,0,1,"Complete coverage",0.5,0.5,0,0.5,0,0.5,0,0
"OLI318","104200; 203780; 301050","Alport syndrome; Benign familial hematuria","Dual Molecular Diagnosis","East Asian","29742505",1,1,0,1,0,0,2,2,1,1,1,0,2,0,1,4,4,2,2,0,2,1,0,1,0,1,"Complete coverage",0.5,0.5,0,0.5,0.25,0,0.25,0
"OLI319","104200; 203780; 301050","Benign familial hematuria","Unknown","East Asian","29742505",1,1,0,1,0,2,0,2,1,1,1,0,2,0,1,2,2,1,1,0,1,1,0,0,0,1,"Complete coverage",0.5,0.5,0,0.5,0.5,0,0,0
"OLI320","618179; 619201; 614131; 616730; 256370; 603965; 251220; 613237; 607832; 616032; 618176; 612551; 603278; 616893; 301028; 614196; 618178; 615573; 616220; 616002; 616892; 600995; 615244; 618177; 615861; 610725","Genetic steroid-resistant nephrotic syndrome","True Digenic","Caucasian","18443213",2,0,1,1,2,2,2,2,1,1,1,2,2,2,2,2,2,0,2,0,0,1,0,1,0,1,"Complete coverage",0,1,0,0,0.5,0,0.5,0
"OLI321","618179; 619201; 614131; 616730; 256370; 603965; 251220; 613237; 607832; 616032; 618176; 612551; 603278; 616893; 301028; 614196; 618178; 615573; 616220; 616002; 616892; 600995; 615244; 618177; 615861; 610725","Genetic steroid-resistant nephrotic syndrome","Unknown","Caucasian","18443213",1,0,1,1,1,3,2,3,0,1,1,0,2,0,1,3,3,1,1,1,2,0,1,0,0,1,"Complete coverage",0.333333333333333,0.333333333333333,0.333333333333333,0.666666666666667,0,0.333333333333333,0,0
"OLI322","617119; 615993; 615982; 615989; 605231; 615995; 600151; 615985; 615981; 615996; 615988; 615992; 615994; 615987; 209900; 615986; 615991; 615983; 617406; 615984; 615990","Bardet-Biedl syndrome","Monogenic+Modifier","European/Caucasian","31196119",0,0,0,0,0,0,2,2,0,0,0,0,0,0,0,3,3,1,0,1,1,0,2,0,0,1,"Complete coverage",0.333333333333333,0,0.333333333333333,0.333333333333333,0,0.666666666666667,0,0
"OLI323","617119; 615993; 615982; 615989; 605231; 615995; 600151; 615985; 615981; 615996; 615988; 615992; 615994; 615987; 209900; 615986; 615991; 615983; 617406; 615984; 615990","Bardet-Biedl syndrome","Monogenic+Modifier","European/Caucasian","31196119",0,0,1,1,2,2,0,2,0,0,0,0,0,0,0,2,2,0,0,1,1,0,0,1,0,1,"Complete coverage",0,0,0.5,0.5,0,0,0.5,0
"OLI324","617119; 615993; 615982; 615989; 605231; 615995; 600151; 615985; 615981; 615996; 615988; 615992; 615994; 615987; 209900; 615986; 615991; 615983; 617406; 615984; 615990","Bardet-Biedl syndrome","Monogenic+Modifier","European/Caucasian","31196119",0,0,1,1,2,2,0,2,0,0,0,0,0,0,0,4,3,1,2,0,1,0,2,0,0,0.75,"Partial coverage",0.333333333333333,0.666666666666667,0,0.333333333333333,0,0.666666666666667,0,0
"OLI325","617119; 615993; 615982; 615989; 605231; 615995; 600151; 615985; 615981; 615996; 615988; 615992; 615994; 615987; 209900; 615986; 615991; 615983; 617406; 615984; 615990","Bardet-Biedl syndrome","Monogenic+Modifier","European/Caucasian","31196119",0,0,0,0,2,2,2,2,0,1,1,0,2,0,0,4,4,1,2,0,2,0,1,1,0,1,"Complete coverage",0.25,0.5,0,0.5,0,0.25,0.25,0
"OLI326","173900; 613095; 600666","Autosomal dominant polycystic kidney disease","Unknown","Unknown","32457805",1,0,0,0,0,0,2,2,1,1,1,0,2,0,1,3,3,1,1,0,1,0,0,2,0,1,"Complete coverage",0.333333333333333,0.333333333333333,0,0.333333333333333,0,0,0.666666666666667,0
"OLI327","173900; 613095; 600666","Autosomal dominant polycystic kidney disease","Unknown","Unknown","32457805",1,0,0,0,0,0,2,2,1,1,1,0,2,0,1,2,2,0,1,0,1,0,0,1,0,1,"Complete coverage",0,0.5,0,0.5,0,0,0.5,0
"OLI328","606640; 205250; 617892; 608627; 606070; 300857; 608030; 614696; 615515; 105400; 613954; 617839; 612069; 616208; 612577; 608031; 616437; 615426; 613435; 611895; 614808","Amyotrophic lateral sclerosis","Unknown","European/Caucasian","31086828",0,1,0,1,0,0,0,0,1,0,1,0,0,0,0,7,7,3,1,3,1,0,3,3,0,1,"Complete coverage",0.428571428571429,0.142857142857143,0.428571428571429,0.142857142857143,0,0.428571428571429,0.428571428571429,0
"OLI329","606640; 205250; 617892; 608627; 606070; 300857; 608030; 614696; 615515; 105400; 613954; 617839; 612069; 616208; 612577; 608031; 616437; 615426; 613435; 611895; 614808","Amyotrophic lateral sclerosis","Unknown","European/Caucasian","31086828",0,1,0,1,0,0,0,0,1,1,1,0,0,0,0,8,8,3,5,0,2,1,3,2,0,1,"Complete coverage",0.375,0.625,0,0.25,0.125,0.375,0.25,0
"OLI330","606640; 205250; 617892; 608627; 606070; 300857; 608030; 614696; 615515; 105400; 613954; 617839; 612069; 616208; 612577; 608031; 616437; 615426; 613435; 611895; 614808","Amyotrophic lateral sclerosis","Unknown","European/Caucasian","31086828",0,1,0,1,0,0,0,0,0,0,0,0,0,0,0,15,15,2,8,3,2,1,6,5,1,1,"Complete coverage",0.133333333333333,0.533333333333333,0.2,0.133333333333333,0.0666666666666667,0.4,0.333333333333333,0.0666666666666667
"OLI331","606640; 205250; 617892; 608627; 606070; 300857; 608030; 614696; 615515; 105400; 613954; 617839; 612069; 616208; 612577; 608031; 616437; 615426; 613435; 611895; 614808","Amyotrophic lateral sclerosis","Unknown","European/Caucasian","31086828",0,1,0,1,0,0,0,0,0,1,1,0,0,0,0,8,8,1,4,3,1,2,3,2,0,1,"Complete coverage",0.125,0.5,0.375,0.125,0.25,0.375,0.25,0
"OLI332","606640; 205250; 617892; 608627; 606070; 300857; 608030; 614696; 615515; 105400; 613954; 617839; 612069; 616208; 612577; 608031; 616437; 615426; 613435; 611895; 614808","Amyotrophic lateral sclerosis","Unknown","European/Caucasian","31086828",0,1,0,1,0,0,0,0,0,0,0,0,0,0,0,9,9,3,4,1,2,0,2,5,0,1,"Complete coverage",0.333333333333333,0.444444444444444,0.111111111111111,0.222222222222222,0,0.222222222222222,0.555555555555556,0
"OLI333","606640; 205250; 617892; 608627; 606070; 300857; 608030; 614696; 615515; 105400; 613954; 617839; 612069; 616208; 612577; 608031; 616437; 615426; 613435; 611895; 614808","Amyotrophic lateral sclerosis","Unknown","European/Caucasian","31086828",1,1,0,1,0,0,0,0,0,0,0,0,0,0,0,10,10,2,6,1,1,3,3,3,0,1,"Complete coverage",0.2,0.6,0.1,0.1,0.3,0.3,0.3,0
"OLI334","606640; 205250; 617892; 608627; 606070; 300857; 608030; 614696; 615515; 105400; 613954; 617839; 612069; 616208; 612577; 608031; 616437; 615426; 613435; 611895; 614808","Amyotrophic lateral sclerosis","Unknown","European/Caucasian","31086828",0,1,0,1,0,0,1,1,1,1,1,0,1,0,0,4,4,1,2,0,2,0,1,0,1,1,"Complete coverage",0.25,0.5,0,0.5,0,0.25,0,0.25
"OLI335","606640; 205250; 617892; 608627; 606070; 300857; 608030; 614696; 615515; 105400; 613954; 617839; 612069; 616208; 612577; 608031; 616437; 615426; 613435; 611895; 614808","Amyotrophic lateral sclerosis","Unknown","European/Caucasian","31086828",1,1,0,1,0,0,0,0,0,0,0,0,0,0,0,6,5,3,1,1,1,2,0,1,1,0.833333333333333,"Partial coverage",0.6,0.2,0.2,0.2,0.4,0,0.2,0.2
"OLI336","214300; 613702; 118100","Isolated Klippel-Feil syndrome","Unknown","East Asian","32278351",0,0,0,0,0,0,0,0,0,1,1,0,0,0,0,4,3,1,2,0,1,0,0,1,1,0.75,"Partial coverage",0.333333333333333,0.666666666666667,0,0.333333333333333,0,0,0.333333333333333,0.333333333333333
"OLI337","214300; 613702; 118100","Isolated Klippel-Feil syndrome","Unknown","East Asian","32278351",0,0,0,0,0,0,0,0,0,0,0,0,0,0,0,3,3,1,1,1,0,1,1,1,0,1,"Complete coverage",0.333333333333333,0.333333333333333,0.333333333333333,0,0.333333333333333,0.333333333333333,0.333333333333333,0
"OLI338","214300; 613702; 118100","Isolated Klippel-Feil syndrome","Unknown","East Asian","32278351",0,0,0,0,0,0,0,0,0,0,0,0,0,0,0,3,3,1,1,1,0,1,0,1,1,1,"Complete coverage",0.333333333333333,0.333333333333333,0.333333333333333,0,0.333333333333333,0,0.333333333333333,0.333333333333333
"OLI339","214300; 613702; 118100","Isolated Klippel-Feil syndrome","Unknown","East Asian","32278351",0,0,0,0,0,0,0,0,0,0,0,0,0,0,0,2,2,0,1,1,0,0,1,1,0,1,"Complete coverage",0,0.5,0.5,0,0,0.5,0.5,0
"OLI340","214300; 613702; 118100","Isolated Klippel-Feil syndrome","Unknown","East Asian","32278351",0,0,0,0,0,0,0,0,0,1,1,0,0,0,0,2,2,0,1,1,0,1,0,1,0,1,"Complete coverage",0,0.5,0.5,0,0.5,0,0.5,0
"OLI341","214300; 613702; 118100","Isolated Klippel-Feil syndrome","Unknown","East Asian","32278351",0,0,0,0,0,0,0,0,0,0,0,0,0,0,0,3,3,0,2,1,0,2,0,1,0,1,"Complete coverage",0,0.666666666666667,0.333333333333333,0,0.666666666666667,0,0.333333333333333,0
"OLI342","214300; 613702; 118100","Isolated Klippel-Feil syndrome","Unknown","East Asian","32278351",0,1,0,1,0,0,0,0,0,0,0,0,0,0,0,2,2,0,1,1,0,1,0,1,0,1,"Complete coverage",0,0.5,0.5,0,0.5,0,0.5,0
"OLI343","N.A.","46,XY disorder of sex development","Unknown","East Asian","33424767",0,0,0,0,1,1,0,1,0,0,0,0,0,0,0,5,5,0,0,5,0,1,1,0,3,1,"Complete coverage",0,0,1,0,0.2,0.2,0,0.6
"OLI344","N.A.","46,XY disorder of sex development","Unknown","East Asian","33424767",0,0,0,0,2,2,0,2,0,0,0,0,0,0,0,5,5,0,0,4,1,0,3,0,1,1,"Complete coverage",0,0,0.8,0.2,0,0.6,0,0.2
"OLI345","N.A.","46,XY disorder of sex development","Unknown","East Asian","33424767",0,0,0,0,1,1,0,1,0,0,0,0,0,0,0,3,3,1,0,1,1,0,0,1,1,1,"Complete coverage",0.333333333333333,0,0.333333333333333,0.333333333333333,0,0,0.333333333333333,0.333333333333333
"OLI346","N.A.","46,XY disorder of sex development","Unknown","East Asian","33424767",0,0,0,0,2,2,0,2,0,1,1,0,2,0,0,4,4,0,4,0,0,2,1,0,1,1,"Complete coverage",0,1,0,0,0.5,0.25,0,0.25
"OLI347","N.A.","46,XY disorder of sex development","Unknown","East Asian","33424767",0,0,0,0,2,2,0,2,0,0,0,0,0,0,0,4,4,0,1,2,1,0,3,0,0,1,"Complete coverage",0,0.25,0.5,0.25,0,0.75,0,0
"OLI348","N.A.","46,XY disorder of sex development","Unknown","East Asian","33424767",0,0,0,0,1,1,0,1,0,0,0,0,0,0,0,6,6,0,0,6,0,0,6,0,0,1,"Complete coverage",0,0,1,0,0,1,0,0
"OLI349","N.A.","46,XY disorder of sex development","Unknown","East Asian","33424767",0,0,0,0,1,1,0,1,0,0,0,0,0,0,0,3,3,0,1,2,0,2,0,0,1,1,"Complete coverage",0,0.333333333333333,0.666666666666667,0,0.666666666666667,0,0,0.333333333333333
"OLI350","N.A.","46,XY disorder of sex development","Unknown","East Asian","33424767",0,0,0,0,1,1,0,1,0,0,0,0,0,0,0,7,7,0,1,5,1,1,4,1,0,1,"Complete coverage",0,0.142857142857143,0.714285714285714,0.142857142857143,0.142857142857143,0.571428571428571,0.142857142857143,0
"OLI351","N.A.","46,XY disorder of sex development","Unknown","East Asian","33424767",0,0,0,0,1,1,0,1,0,0,0,0,0,0,0,5,5,0,1,4,0,0,2,0,3,1,"Complete coverage",0,0.2,0.8,0,0,0.4,0,0.6
"OLI352","N.A.","46,XY disorder of sex development","Unknown","East Asian","33424767",0,0,0,0,1,1,0,1,0,0,0,0,0,0,0,12,12,0,0,12,0,1,9,0,2,1,"Complete coverage",0,0,1,0,0.0833333333333333,0.75,0,0.166666666666667
"OLI353","614840; 615271; 615269; 615270; 147950; 308700; 618841; 614838; 612370; 616030; 614837; 615267; 614880; 615266; 614897; 612702; 244200; 614858; 610628","Kallmann syndrome","Unknown","East Asian","32389901",2,0,0,0,0,0,0,0,0,1,1,0,0,0,0,2,2,0,2,0,0,2,0,0,0,1,"Complete coverage",0,1,0,0,1,0,0,0
"OLI354","614840; 615271; 615269; 615270; 147950; 308700; 618841; 614838; 612370; 616030; 614837; 615267; 614880; 615266; 614897; 612702; 244200; 614858; 610628","Kallmann syndrome","Unknown","East Asian","32389901",0,0,0,0,0,0,0,0,0,1,1,0,0,0,0,6,6,0,4,2,0,3,1,2,0,1,"Complete coverage",0,0.666666666666667,0.333333333333333,0,0.5,0.166666666666667,0.333333333333333,0
"OLI355","614840; 615271; 615269; 615270; 147950; 308700; 618841; 614838; 612370; 616030; 614837; 615267; 614880; 615266; 614897; 612702; 244200; 614858; 610628","Kallmann syndrome","Unknown","East Asian","32389901",1,0,0,0,0,1,0,1,0,1,1,0,1,0,0,2,2,0,1,0,1,0,1,0,0,1,"Complete coverage",0,0.5,0,0.5,0,0.5,0,0
"OLI356","614840; 615271; 615269; 615270; 147950; 308700; 618841; 614838; 612370; 616030; 614837; 615267; 614880; 615266; 614897; 612702; 244200; 614858; 610628","Kallmann syndrome","Unknown","East Asian","32389901",1,0,0,0,2,2,2,2,0,1,1,0,2,0,1,2,2,0,1,0,1,1,0,0,0,1,"Complete coverage",0,0.5,0,0.5,0.5,0,0,0
"OLI357","614840; 615271; 615269; 615270; 147950; 308700; 618841; 614838; 612370; 616030; 614837; 615267; 614880; 615266; 614897; 612702; 244200; 614858; 610628","Kallmann syndrome","Unknown","East Asian","32389901",0,0,0,0,0,0,0,0,0,0,0,0,0,0,0,3,3,0,2,1,0,2,0,1,0,1,"Complete coverage",0,0.666666666666667,0.333333333333333,0,0.666666666666667,0,0.333333333333333,0
"OLI358","614840; 615271; 615269; 615270; 147950; 308700; 618841; 614838; 612370; 616030; 614837; 615267; 614880; 615266; 614897; 612702; 244200; 614858; 610628","Kallmann syndrome","Unknown","East Asian","32389901",2,0,0,0,0,0,0,0,0,1,1,0,0,0,0,2,2,0,1,1,0,1,0,1,0,1,"Complete coverage",0,0.5,0.5,0,0.5,0,0.5,0
"OLI359","618195; 600138; 613750; 615233; 613794; 609923; 616394; 600132; 615922; 601718; 602594; 613464; 300029; 616188; 608380; 616562; 611498; 613194; 613827; 610359; 613575; 300424; 618345; 616544; 614500; 613341; 256100; 180104; 613820; 614377; 613769; 615382; 618697; 614180; 612095; 268060; 617271; 615862; 609913; 611131; 618220; 617304; 613660; 615780; 613861; 618826; 615725; 612572; 617781; 613809; 614181; 614494; 617460; 615565; 613581; 300605; 612712; 606068; 607921; 613862; 604232; 268000; 613758; 300155; 180105; 610282; 600059; 613756; 268025; 312600; 613582; 602088; 400004; 600852; 618173; 616469; 606966; 608133; 613810; 613617; 617123; 604393; 600105; 601414; 613767; 312612; 617023; 618613; 610599; 613428; 613801; 180100; 612165; 613983; 612943; 602772; 613824; 613731; 615434; 617433; 613159; 180210; 604387","Nephronophthisis","Unknown","Unknown","28392475",1,0,0,0,1,1,2,2,0,0,0,0,0,0,0,3,3,1,0,1,2,0,1,0,0,1,"Complete coverage",0.333333333333333,0,0.333333333333333,0.666666666666667,0,0.333333333333333,0,0
"OLI360","600274; 607485; 172700; 600795","Frontotemporal dementia","Unknown","European/Caucasian","25943890",0,1,0,1,2,2,2,2,2,0,2,2,2,1,1,1,1,0,0,0,1,0,0,0,0,1,"Complete coverage",0,0,0,1,0,0,0,0
"OLI361","601005; 612347; 612955; 613688; 192500; 220400; 613695; 616247; 611819; 618447; 613693; 613485; 616249; 603830; 611818; 600919; 611820","Familial long QT syndrome","Unknown","European/Caucasian","16922724",0,0,0,0,1,2,0,2,0,1,1,0,2,0,0,2,2,0,0,2,2,0,0,0,0,1,"Complete coverage",0,0,1,1,0,0,0,0
"OLI362","601005; 612347; 612955; 613688; 192500; 220400; 613695; 616247; 611819; 618447; 613693; 613485; 616249; 603830; 611818; 600919; 611820","Familial long QT syndrome","Unknown","European/Caucasian","16922724",0,0,1,1,1,2,0,2,0,1,1,0,2,0,1,2,2,1,1,0,2,0,0,0,0,1,"Complete coverage",0.5,0.5,0,1,0,0,0,0
"OLI363","601005; 612347; 612955; 613688; 192500; 220400; 613695; 616247; 611819; 618447; 613693; 613485; 616249; 603830; 611818; 600919; 611820","Familial long QT syndrome","Unknown","European/Caucasian","16922724",0,0,0,0,1,1,2,2,0,1,1,0,2,0,0,2,2,2,0,0,1,0,0,1,0,1,"Complete coverage",1,0,0,0.5,0,0,0.5,0
"OLI364","601005; 612347; 612955; 613688; 192500; 220400; 613695; 616247; 611819; 618447; 613693; 613485; 616249; 603830; 611818; 600919; 611820","Familial long QT syndrome","Unknown","European/Caucasian","16922724",0,0,0,0,1,1,2,2,0,1,1,0,2,0,0,2,1,1,0,0,0,0,0,1,0,0.5,"Partial coverage",1,0,0,0,0,0,1,0
"OLI365","614840; 615271; 615269; 615270; 147950; 308700; 618841; 614838; 612370; 616030; 614837; 615267; 614880; 615266; 614897; 612702; 244200; 614858; 610628","Kallmann syndrome","Monogenic+Modifier","European/Caucasian","23643382",1,1,0,1,2,2,2,2,1,1,1,2,2,1,1,2,1,0,1,0,0,1,0,0,0,0.5,"Partial coverage",0,1,0,0,1,0,0,0
"OLI366","614840; 615271; 615269; 615270; 147950; 308700; 618841; 614838; 612370; 616030; 614837; 615267; 614880; 615266; 614897; 612702; 244200; 614858; 610628","Kallmann syndrome","Unknown","European/Caucasian","23643382",0,0,0,0,2,2,0,2,0,1,1,0,2,0,0,2,2,0,1,1,0,0,0,2,0,1,"Complete coverage",0,0.5,0.5,0,0,0,1,0
"OLI367","614840; 615271; 615269; 615270; 147950; 308700; 618841; 614838; 612370; 616030; 614837; 615267; 614880; 615266; 614897; 612702; 244200; 614858; 610628","Kallmann syndrome","Unknown","European/Caucasian","23643382",1,1,0,1,2,2,0,2,1,1,1,2,2,1,1,5,5,3,2,0,1,2,0,2,0,1,"Complete coverage",0.6,0.4,0,0.2,0.4,0,0.4,0
"OLI368","614840; 615271; 615269; 615270; 147950; 308700; 618841; 614838; 612370; 616030; 614837; 615267; 614880; 615266; 614897; 612702; 244200; 614858; 610628","Kallmann syndrome","Unknown","European/Caucasian","23643382",0,1,0,1,2,2,0,2,1,1,1,2,2,1,1,2,2,1,1,0,1,0,0,0,1,1,"Complete coverage",0.5,0.5,0,0.5,0,0,0,0.5
"OLI369","614840; 615271; 615269; 615270; 147950; 308700; 618841; 614838; 612370; 616030; 614837; 615267; 614880; 615266; 614897; 612702; 244200; 614858; 610628","Kallmann syndrome","Unknown","European/Caucasian","23643382",0,1,1,1,2,2,0,2,1,1,1,2,2,1,1,2,2,0,1,1,0,0,1,1,0,1,"Complete coverage",0,0.5,0.5,0,0,0.5,0.5,0
"OLI370","614840; 615271; 615269; 615270; 147950; 308700; 618841; 614838; 612370; 616030; 614837; 615267; 614880; 615266; 614897; 612702; 244200; 614858; 610628","Kallmann syndrome","Unknown","European/Caucasian","23643382",0,1,1,1,2,2,0,2,1,1,1,2,2,1,1,2,2,0,2,0,0,0,2,0,0,1,"Complete coverage",0,1,0,0,0,1,0,0
"OLI371","614840; 615271; 615269; 615270; 147950; 308700; 618841; 614838; 612370; 616030; 614837; 615267; 614880; 615266; 614897; 612702; 244200; 614858; 610628","Kallmann syndrome","Unknown","European/Caucasian","23643382",0,1,0,1,2,2,0,2,1,1,1,2,2,1,1,2,2,1,1,0,1,0,1,0,0,1,"Complete coverage",0.5,0.5,0,0.5,0,0.5,0,0
"OLI372","614840; 615271; 615269; 615270; 147950; 308700; 618841; 614838; 612370; 616030; 614837; 615267; 614880; 615266; 614897; 612702; 244200; 614858; 610628","Kallmann syndrome","Unknown","European/Caucasian","23643382",0,1,0,1,2,2,0,2,1,1,1,2,2,1,1,2,2,1,1,0,1,1,0,0,0,1,"Complete coverage",0.5,0.5,0,0.5,0.5,0,0,0
"OLI373","614840; 125851; 615269; 606394; 613370; 612225; 615270; 147950; 308700; 614838; 613375; 606392; 612370; 616329; 614837; 614842; 614839; 614880; 615266; 609812; 616511; 600496; 125850; 612702; 614841; 244200; 606391; 610508; 146110; 614858; 610628","Normosmic congenital hypogonadotropic hypogonadism","Unknown","European/Caucasian","23643382; 21209029; 20696889",0,1,0,1,2,2,0,2,0,0,0,0,0,0,0,3,2,1,0,1,1,0,0,1,0,0.666666666666667,"Partial coverage",0.5,0,0.5,0.5,0,0,0.5,0
"OLI374","614840; 125851; 615269; 606394; 613370; 612225; 615270; 147950; 308700; 614838; 613375; 606392; 612370; 616329; 614837; 614842; 614839; 614880; 615266; 609812; 616511; 600496; 125850; 612702; 614841; 244200; 606391; 610508; 146110; 614858; 610628","Normosmic congenital hypogonadotropic hypogonadism","Unknown","European/Caucasian","23643382",0,0,0,0,2,2,0,2,1,1,1,2,2,0,0,3,3,1,1,1,2,0,1,0,0,1,"Complete coverage",0.333333333333333,0.333333333333333,0.333333333333333,0.666666666666667,0,0.333333333333333,0,0
"OLI375","614840; 125851; 615269; 606394; 613370; 612225; 615270; 147950; 308700; 614838; 613375; 606392; 612370; 616329; 614837; 614842; 614839; 614880; 615266; 609812; 616511; 600496; 125850; 612702; 614841; 244200; 606391; 610508; 146110; 614858; 610628","Normosmic congenital hypogonadotropic hypogonadism","Unknown","European/Caucasian","23643382; 21209029",0,1,0,1,2,2,0,2,0,0,0,0,0,0,0,2,2,1,0,1,1,0,1,0,0,1,"Complete coverage",0.5,0,0.5,0.5,0,0.5,0,0
"OLI376","104200; 203780; 301050","Alport syndrome","Monogenic+Modifier","Unknown","25575550",2,0,0,0,2,2,0,2,1,1,1,2,2,2,2,2,2,2,0,0,2,0,0,0,0,1,"Complete coverage",1,0,0,1,0,0,0,0
"OLI377","104200; 203780; 301050","Alport syndrome","Unknown","Unknown","25575550",1,0,0,0,2,2,0,2,1,1,1,2,2,1,1,2,2,2,0,0,2,0,0,0,0,1,"Complete coverage",1,0,0,1,0,0,0,0
"OLI378","104200; 203780; 301050","Alport syndrome","Monogenic+Modifier","Unknown","25575550",2,0,0,0,2,2,0,2,0,1,1,0,2,0,2,2,2,1,0,1,2,0,0,0,0,1,"Complete coverage",0.5,0,0.5,1,0,0,0,0
"OLI379","104200; 203780; 301050","Alport syndrome","Monogenic+Modifier","Unknown","25575550",2,0,0,0,2,2,0,2,0,1,1,0,2,0,2,2,2,1,0,0,2,0,0,0,0,1,"Complete coverage",0.5,0,0,1,0,0,0,0
"OLI380","104200; 203780; 301050","Alport syndrome","Monogenic+Modifier","Unknown","25575550",2,0,0,0,2,2,0,2,1,1,1,2,2,2,2,2,2,1,0,0,2,0,0,0,0,1,"Complete coverage",0.5,0,0,1,0,0,0,0
"OLI381","104200; 203780; 301050","Alport syndrome","Unknown","Unknown","25575550",0,0,1,1,2,2,0,2,0,1,1,0,2,0,1,2,2,1,0,0,2,0,0,0,0,1,"Complete coverage",0.5,0,0,1,0,0,0,0
"OLI382","104200; 203780; 301050","Alport syndrome","Unknown","Unknown","25575550",0,0,0,0,2,2,0,2,0,0,0,0,0,0,0,0,0,0,0,0,0,0,0,0,0,NA,"No analyzable allele ID",NA,NA,NA,NA,NA,NA,NA,NA
"OLI383","104200; 203780; 301050","Alport syndrome","Monogenic+Modifier","Unknown","25575550",1,0,0,0,2,2,0,2,1,1,1,2,2,1,1,2,2,2,0,0,1,0,1,0,0,1,"Complete coverage",1,0,0,0.5,0,0.5,0,0
"OLI384","104200; 203780; 301050","Alport syndrome","Monogenic+Modifier","Unknown","25575550",1,0,0,0,2,2,0,2,1,1,1,2,2,1,1,2,2,2,0,0,2,0,0,0,0,1,"Complete coverage",1,0,0,1,0,0,0,0
"OLI385","104200; 203780; 301050","Alport syndrome","Unknown","Unknown","25575550",1,0,0,0,2,2,0,2,1,1,1,2,2,1,1,2,2,2,0,0,2,0,0,0,0,1,"Complete coverage",1,0,0,1,0,0,0,0
"OLI386","104200; 203780; 301050","Alport syndrome","Unknown","Unknown","25575550",1,0,0,0,2,2,0,2,1,1,1,2,2,1,1,3,3,2,1,0,1,0,1,1,0,1,"Complete coverage",0.666666666666667,0.333333333333333,0,0.333333333333333,0,0.333333333333333,0.333333333333333,0
"OLI387","104200; 203780; 301050","Alport syndrome","Unknown","Unknown","25575550",1,0,0,0,2,2,0,2,1,1,1,2,2,1,1,2,2,2,0,0,1,0,0,1,0,1,"Complete coverage",1,0,0,0.5,0,0,0.5,0
"OLI388","104200; 203780; 301050","Alport syndrome","Unknown","Unknown","25575550",1,0,1,1,2,2,0,2,1,1,1,2,2,1,1,2,2,1,1,0,1,0,1,0,0,1,"Complete coverage",0.5,0.5,0,0.5,0,0.5,0,0
"OLI389","614840; 615271; 615269; 615270; 147950; 308700; 618841; 614838; 612370; 616030; 614837; 615267; 614880; 615266; 614897; 612702; 244200; 614858; 610628","Kallmann syndrome","Unknown","European/Caucasian","23643382",0,0,0,0,0,2,0,2,0,0,0,0,0,0,0,1,1,1,0,0,1,0,0,0,0,1,"Complete coverage",1,0,0,1,0,0,0,0
"OLI390","614840; 615271; 615269; 615270; 147950; 308700; 618841; 614838; 612370; 616030; 614837; 615267; 614880; 615266; 614897; 612702; 244200; 614858; 610628","Kallmann syndrome","Unknown","European/Caucasian","23643382; 20696889; 36407308",0,0,0,0,1,2,0,2,0,1,1,0,2,0,0,2,2,0,0,1,1,0,0,1,0,1,"Complete coverage",0,0,0.5,0.5,0,0,0.5,0
"OLI391","614840; 125851; 615269; 606394; 613370; 612225; 615270; 147950; 308700; 614838; 613375; 606392; 612370; 616329; 614837; 614842; 614839; 614880; 615266; 609812; 616511; 600496; 125850; 612702; 614841; 244200; 606391; 610508; 146110; 614858; 610628","Normosmic congenital hypogonadotropic hypogonadism","Unknown","European/Caucasian","23643382; 21209029; 20696889",1,1,0,1,2,2,2,2,1,1,1,2,2,1,1,2,2,1,1,0,1,0,1,0,0,1,"Complete coverage",0.5,0.5,0,0.5,0,0.5,0,0
"OLI392","614840; 615271; 615269; 615270; 147950; 308700; 618841; 614838; 612370; 616030; 614837; 615267; 614880; 615266; 614897; 612702; 244200; 614858; 610628","Kallmann syndrome","Unknown","European/Caucasian","23643382",0,0,0,0,2,2,0,2,0,1,1,0,2,0,0,2,2,0,1,0,1,1,0,0,0,1,"Complete coverage",0,0.5,0,0.5,0.5,0,0,0
"OLI393","614840; 125851; 615269; 606394; 613370; 612225; 615270; 147950; 308700; 614838; 613375; 606392; 612370; 616329; 614837; 614842; 614839; 614880; 615266; 609812; 616511; 600496; 125850; 612702; 614841; 244200; 606391; 610508; 146110; 614858; 610628","Normosmic congenital hypogonadotropic hypogonadism","Unknown","European/Caucasian","23643382",0,0,1,1,2,2,0,2,0,1,1,0,2,0,1,2,1,0,1,0,0,0,1,0,0,0.5,"Partial coverage",0,1,0,0,0,1,0,0
"OLI394","614840; 125851; 615269; 606394; 613370; 612225; 615270; 147950; 308700; 614838; 613375; 606392; 612370; 616329; 614837; 614842; 614839; 614880; 615266; 609812; 616511; 600496; 125850; 612702; 614841; 244200; 606391; 610508; 146110; 614858; 610628","Normosmic congenital hypogonadotropic hypogonadism","Unknown","European/Caucasian","23643382",0,0,1,1,2,2,0,2,0,1,1,0,2,0,1,2,1,0,1,0,0,0,0,1,0,0.5,"Partial coverage",0,1,0,0,0,0,1,0
"OLI395","614840; 615271; 615269; 615270; 147950; 308700; 618841; 614838; 612370; 616030; 614837; 615267; 614880; 615266; 614897; 612702; 244200; 614858; 610628","Kallmann syndrome","Unknown","European/Caucasian","23643382",0,0,0,0,2,2,0,2,0,1,1,0,2,0,0,2,1,0,0,0,1,0,0,0,0,0.5,"Partial coverage",0,0,0,1,0,0,0,0
"OLI396","614840; 615271; 615269; 615270; 147950; 308700; 618841; 614838; 612370; 616030; 614837; 615267; 614880; 615266; 614897; 612702; 244200; 614858; 610628","Kallmann syndrome; Isolated congenital hypogonadotropic hypogonadism","Unknown","European/Caucasian","23643382; 21209029; 20696889",0,1,1,1,2,2,0,2,1,1,1,2,2,1,1,2,2,1,1,0,0,0,0,2,0,1,"Complete coverage",0.5,0.5,0,0,0,0,1,0
"OLI397","614840; 125851; 615269; 606394; 613370; 612225; 615270; 147950; 308700; 614838; 613375; 606392; 612370; 616329; 614837; 614842; 614839; 614880; 615266; 609812; 616511; 600496; 125850; 612702; 614841; 244200; 606391; 610508; 146110; 614858; 610628","Normosmic congenital hypogonadotropic hypogonadism","Unknown","European/Caucasian","23643382",0,1,1,1,3,3,2,3,2,1,2,3,3,1,1,2,2,1,1,0,0,0,0,2,0,1,"Complete coverage",0.5,0.5,0,0,0,0,1,0
"OLI398","103470","Ocular albinism with congenital sensorineural deafness","True Digenic","Unknown","9158138",1,0,0,0,2,2,0,2,0,1,1,0,2,0,1,2,2,1,0,1,1,0,0,0,1,1,"Complete coverage",0.5,0,0.5,0.5,0,0,0,0.5
"OLI399","103470","Ocular albinism with congenital sensorineural deafness","True Digenic","Unknown","9158138",1,0,0,0,2,2,0,2,0,1,1,0,2,0,1,2,2,1,0,1,1,0,0,0,1,1,"Complete coverage",0.5,0,0.5,0.5,0,0,0,0.5
"OLI400","616425; 154230; 300018; 613762; 615542; 616067; 612965","46,XY disorder of sex development; 46,XY partial gonadal dysgenesis","Unknown","Indonesian","29027299",0,0,1,1,1,2,0,2,1,1,1,1,2,0,1,2,2,1,1,0,1,0,1,0,0,1,"Complete coverage",0.5,0.5,0,0.5,0,0.5,0,0
"OLI401","616425; 154230; 300018; 613762; 615542; 616067; 612965","46,XY disorder of sex development; 46,XY partial gonadal dysgenesis","Unknown","Indonesian","29027299",0,0,0,0,2,2,0,2,2,1,2,2,2,0,0,2,1,0,0,1,1,0,0,0,0,0.5,"Partial coverage",0,0,1,1,0,0,0,0
"OLI402","N.A.","Non-acquired combined pituitary hormone deficiency","Unknown","Unknown","31120642",0,1,0,1,2,2,0,2,1,1,1,2,2,1,1,5,4,0,2,1,1,3,0,0,0,0.8,"Partial coverage",0,0.5,0.25,0.25,0.75,0,0,0
"OLI403","N.A.","Parkinson disease; Benign essential blepharospasm","Unknown","European/Caucasian","29770609",0,1,0,1,1,1,0,1,1,1,1,1,1,0,0,2,2,1,0,1,0,0,0,2,0,1,"Complete coverage",0.5,0,0.5,0,0,0,1,0
"OLI404","N.A.","Facial onset sensory and motor neuronopathy","Unknown","European/Caucasian","30889971",1,1,0,1,1,1,2,2,1,1,1,1,2,1,1,2,1,0,1,0,1,0,0,0,0,0.5,"Partial coverage",0,1,0,1,0,0,0,0
"OLI405","N.A.","Autosomal recessive spinocerebellar ataxia,Intellectual disability","Dual Molecular Diagnosis","Lebanese","30800049",1,1,0,1,1,1,0,1,1,1,1,1,1,1,1,2,2,0,2,0,0,1,0,1,0,1,"Complete coverage",0,1,0,0,0.5,0,0.5,0
"OLI406","N.A.","Non-syndromic genetic deafness","Unknown","Iranian","29318123",0,0,0,0,0,2,0,2,0,0,0,0,0,0,0,1,1,0,0,1,0,0,0,0,1,1,"Complete coverage",0,0,1,0,0,0,0,1
"OLI407","614226; 236100; 147250; 157170; 605934; 142946; 609637; 612530; 142945; 610828; 610829; 609408","Holoprosencephaly","Monogenic+Modifier","Unknown","26748417",3,0,0,0,2,2,0,2,1,1,1,2,2,3,3,2,2,1,1,0,1,0,1,0,0,1,"Complete coverage",0.5,0.5,0,0.5,0,0.5,0,0
"OLI408","614840; 615271; 615269; 615270; 147950; 308700; 618841; 614838; 612370; 616030; 614837; 615267; 614880; 615266; 614897; 612702; 244200; 614858; 610628","Kallmann syndrome","Unknown","European/Caucasian","17235395; 20696889",2,1,0,1,2,2,0,2,2,0,2,2,2,2,2,1,1,1,0,0,1,0,0,0,0,1,"Complete coverage",1,0,0,1,0,0,0,0
"OLI409","614840; 615271; 615269; 615270; 147950; 308700; 618841; 614838; 612370; 616030; 614837; 615267; 614880; 615266; 614897; 612702; 244200; 614858; 610628","Kallmann syndrome","Unknown","European/Caucasian","20696889",0,0,1,1,1,3,2,3,1,1,1,1,2,0,1,3,3,2,1,0,0,0,0,3,0,1,"Complete coverage",0.666666666666667,0.333333333333333,0,0,0,0,1,0
"OLI410","614840; 615271; 615269; 615270; 147950; 308700; 618841; 614838; 612370; 616030; 614837; 615267; 614880; 615266; 614897; 612702; 244200; 614858; 610628","Kallmann syndrome","Unknown","European/Caucasian","20696889",1,0,0,0,1,3,2,3,1,1,1,1,2,0,1,2,2,2,0,0,1,0,0,1,0,1,"Complete coverage",1,0,0,0.5,0,0,0.5,0
"OLI411","134610; 249100","Familial Mediterranean fever","Unknown","European/Caucasian","27994174",2,0,0,0,0,0,2,2,0,0,0,0,0,0,0,2,1,0,1,0,0,0,1,0,0,0.5,"Partial coverage",0,1,0,0,0,1,0,0
"OLI412","134610; 249100","Familial Mediterranean fever","Unknown","Cypriot","27994174",2,0,0,0,0,0,2,2,0,1,1,0,2,0,2,2,2,0,2,0,0,0,1,1,0,1,"Complete coverage",0,1,0,0,0,0.5,0.5,0
"OLI413","134610; 249100","Familial Mediterranean fever","Unknown","Cypriot","27994174",2,0,0,0,0,0,1,1,0,1,1,0,1,0,1,2,0,0,0,0,0,0,0,0,0,0,"No coverage",NA,NA,NA,NA,NA,NA,NA,NA
"OLI414","N.A.","Epidermolysis bullosa simplex","Unknown","Ashkenazi Jewish","22832485",2,0,0,0,2,2,2,2,0,1,1,0,2,0,2,2,2,2,0,0,2,0,0,0,0,1,"Complete coverage",1,0,0,1,0,0,0,0
"OLI415","N.A.","Limb-girdle muscular dystrophy","Unknown","Unknown","30323756",1,1,0,1,2,2,0,2,1,1,1,2,2,1,1,2,2,1,1,0,0,0,1,1,0,1,"Complete coverage",0.5,0.5,0,0,0,0.5,0.5,0
"OLI416","N.A.","Dilated cardiomyopathy","True Digenic","Iranian","28642161",2,1,0,1,1,1,2,2,1,1,1,1,2,1,2,2,2,1,1,0,2,0,0,0,0,1,"Complete coverage",0.5,0.5,0,1,0,0,0,0
"OLI417","617119; 615993; 615982; 615989; 605231; 615995; 600151; 615985; 615981; 615996; 615988; 615992; 615994; 615987; 209900; 615986; 615991; 615983; 617406; 615984; 615990","Bardet-Biedl syndrome","Unknown","Unknown","21157496",0,0,0,0,2,2,2,2,0,1,1,0,2,0,0,2,1,0,0,0,1,0,0,0,0,0.5,"Partial coverage",0,0,0,1,0,0,0,0
"OLI418","617119; 615993; 615982; 615989; 605231; 615995; 600151; 615985; 615981; 615996; 615988; 615992; 615994; 615987; 209900; 615986; 615991; 615983; 617406; 615984; 615990","Bardet-Biedl syndrome","Unknown","Unknown","21157496",0,0,1,1,2,2,0,2,0,1,1,0,2,0,1,2,2,1,0,0,2,0,0,0,0,1,"Complete coverage",0.5,0,0,1,0,0,0,0
"OLI419","133780; 613310; 305390; 617572; 601813; 605750; 616468","Familial exudative vitreoretinopathy","Unknown","Japanese","15981244",0,1,0,1,2,2,0,2,0,1,1,0,2,0,1,2,2,2,0,0,2,0,0,0,0,1,"Complete coverage",1,0,0,1,0,0,0,0
"OLI420","614840; 125851; 615269; 606394; 613370; 612225; 615270; 147950; 308700; 614838; 613375; 606392; 612370; 616329; 614837; 614842; 614839; 614880; 615266; 609812; 616511; 600496; 125850; 612702; 614841; 244200; 606391; 610508; 146110; 614858; 610628","Normosmic congenital hypogonadotropic hypogonadism","Unknown","Unknown","27502037",0,1,1,1,1,1,0,1,1,1,1,1,1,0,0,2,2,1,0,0,1,0,1,0,0,1,"Complete coverage",0.5,0,0,0.5,0,0.5,0,0
"OLI421","614840; 125851; 615269; 606394; 613370; 612225; 615270; 147950; 308700; 614838; 613375; 606392; 612370; 616329; 614837; 614842; 614839; 614880; 615266; 609812; 616511; 600496; 125850; 612702; 614841; 244200; 606391; 610508; 146110; 614858; 610628","Normosmic congenital hypogonadotropic hypogonadism","Unknown","Unknown","27502037",0,1,0,1,1,1,0,1,0,1,1,0,1,0,0,2,2,0,0,2,1,1,0,0,0,1,"Complete coverage",0,0,1,0.5,0.5,0,0,0
"OLI422","614840; 125851; 615269; 606394; 613370; 612225; 615270; 147950; 308700; 614838; 613375; 606392; 612370; 616329; 614837; 614842; 614839; 614880; 615266; 609812; 616511; 600496; 125850; 612702; 614841; 244200; 606391; 610508; 146110; 614858; 610628","Normosmic congenital hypogonadotropic hypogonadism","Unknown","Unknown","27502037",0,1,0,1,1,1,0,1,0,0,0,0,0,0,0,2,2,1,0,1,0,1,1,0,0,1,"Complete coverage",0.5,0,0.5,0,0.5,0.5,0,0
"OLI423","614840; 125851; 615269; 606394; 613370; 612225; 615270; 147950; 308700; 614838; 613375; 606392; 612370; 616329; 614837; 614842; 614839; 614880; 615266; 609812; 616511; 600496; 125850; 612702; 614841; 244200; 606391; 610508; 146110; 614858; 610628","Normosmic congenital hypogonadotropic hypogonadism","Unknown","Unknown","27502037",0,0,0,0,0,0,0,0,0,0,0,0,0,0,0,2,2,0,1,1,0,1,1,0,0,1,"Complete coverage",0,0.5,0.5,0,0.5,0.5,0,0
"OLI424","614840; 125851; 615269; 606394; 613370; 612225; 615270; 147950; 308700; 614838; 613375; 606392; 612370; 616329; 614837; 614842; 614839; 614880; 615266; 609812; 616511; 600496; 125850; 612702; 614841; 244200; 606391; 610508; 146110; 614858; 610628","Normosmic congenital hypogonadotropic hypogonadism","Unknown","Unknown","27502037",0,1,0,1,1,1,0,1,1,1,1,1,1,0,0,2,2,0,2,0,0,0,0,2,0,1,"Complete coverage",0,1,0,0,0,0,1,0
"OLI425","614840; 125851; 615269; 606394; 613370; 612225; 615270; 147950; 308700; 614838; 613375; 606392; 612370; 616329; 614837; 614842; 614839; 614880; 615266; 609812; 616511; 600496; 125850; 612702; 614841; 244200; 606391; 610508; 146110; 614858; 610628","Normosmic congenital hypogonadotropic hypogonadism","Unknown","Unknown","27502037",2,1,0,1,0,0,0,0,1,1,1,0,0,0,0,2,2,1,1,0,0,0,0,2,0,1,"Complete coverage",0.5,0.5,0,0,0,0,1,0
"OLI426","614840; 615271; 615269; 615270; 147950; 308700; 618841; 614838; 612370; 616030; 614837; 615267; 614880; 615266; 614897; 612702; 244200; 614858; 610628","Kallmann syndrome","Unknown","Unknown","27502037",1,1,0,1,1,1,0,1,1,1,1,1,1,1,1,2,2,0,2,0,0,1,1,0,0,1,"Complete coverage",0,1,0,0,0.5,0.5,0,0
"OLI427","614840; 615271; 615269; 615270; 147950; 308700; 618841; 614838; 612370; 616030; 614837; 615267; 614880; 615266; 614897; 612702; 244200; 614858; 610628","Kallmann syndrome","Unknown","Unknown","27502037",1,1,0,1,0,0,0,0,0,1,1,0,0,0,0,2,2,0,2,0,0,1,0,1,0,1,"Complete coverage",0,1,0,0,0.5,0,0.5,0
"OLI428","614840; 615271; 615269; 615270; 147950; 308700; 618841; 614838; 612370; 616030; 614837; 615267; 614880; 615266; 614897; 612702; 244200; 614858; 610628","Kallmann syndrome","Unknown","Unknown","27502037",1,1,0,1,1,1,0,1,1,1,1,1,1,1,1,2,2,0,2,0,0,0,0,1,1,1,"Complete coverage",0,1,0,0,0,0,0.5,0.5
"OLI429","614840; 615271; 615269; 615270; 147950; 308700; 618841; 614838; 612370; 616030; 614837; 615267; 614880; 615266; 614897; 612702; 244200; 614858; 610628","Kallmann syndrome","Unknown","Unknown","27502037",0,1,0,1,0,0,0,0,1,1,1,0,0,0,0,3,3,0,2,1,0,3,0,0,0,1,"Complete coverage",0,0.666666666666667,0.333333333333333,0,1,0,0,0
"OLI430","614840; 125851; 615269; 606394; 613370; 612225; 615270; 147950; 308700; 614838; 613375; 606392; 612370; 616329; 614837; 614842; 614839; 614880; 615266; 609812; 616511; 600496; 125850; 612702; 614841; 244200; 606391; 610508; 146110; 614858; 610628","Normosmic congenital hypogonadotropic hypogonadism","Unknown","Unknown","27502037",0,1,0,1,1,1,0,1,1,1,1,1,1,0,0,2,1,1,0,0,0,0,0,1,0,0.5,"Partial coverage",1,0,0,0,0,0,1,0
"OLI431","606640; 205250; 617892; 608627; 606070; 300857; 608030; 614696; 615515; 105400; 613954; 617839; 612069; 616208; 612577; 608031; 616437; 615426; 613435; 611895; 614808","Amyotrophic lateral sclerosis","Unknown","East Asian","32893042",0,0,0,0,0,0,0,0,0,0,0,0,0,0,0,2,2,1,1,0,0,1,0,1,0,1,"Complete coverage",0.5,0.5,0,0,0.5,0,0.5,0
"OLI432","N.A.","Rare pervasive developmental disorder","Unknown","Unknown","32722525",0,0,0,0,0,0,0,0,0,1,1,0,0,0,0,2,2,0,0,2,0,2,0,0,0,1,"Complete coverage",0,0,1,0,1,0,0,0
"OLI433","N.A.","Rare pervasive developmental disorder","Unknown","Unknown","32722525",0,1,0,1,0,0,0,0,1,1,1,0,0,0,0,2,2,0,1,1,0,0,1,1,0,1,"Complete coverage",0,0.5,0.5,0,0,0.5,0.5,0
"OLI434","N.A.","Rare pervasive developmental disorder","Unknown","Unknown","32722525",0,0,0,0,0,0,0,0,0,1,1,0,0,0,0,2,2,1,1,0,1,0,1,0,0,1,"Complete coverage",0.5,0.5,0,0.5,0,0.5,0,0
"OLI435","606640; 205250; 617892; 608627; 606070; 300857; 608030; 614696; 615515; 105400; 613954; 617839; 612069; 616208; 612577; 608031; 616437; 615426; 613435; 611895; 614808","Amyotrophic lateral sclerosis","Unknown","East Asian","29411640",0,1,0,1,0,0,0,0,0,0,0,0,0,0,0,2,2,0,2,0,0,0,2,0,0,1,"Complete coverage",0,1,0,0,0,1,0,0
"OLI436","606640; 205250; 617892; 608627; 606070; 300857; 608030; 614696; 615515; 105400; 613954; 617839; 612069; 616208; 612577; 608031; 616437; 615426; 613435; 611895; 614808","Amyotrophic lateral sclerosis","Unknown","East Asian","29411640",0,1,1,1,0,0,0,0,0,0,0,0,0,0,0,2,2,0,2,0,0,0,2,0,0,1,"Complete coverage",0,1,0,0,0,1,0,0
"OLI437","606640; 205250; 617892; 608627; 606070; 300857; 608030; 614696; 615515; 105400; 613954; 617839; 612069; 616208; 612577; 608031; 616437; 615426; 613435; 611895; 614808","Amyotrophic lateral sclerosis","Unknown","East Asian","29411640",0,1,1,1,1,1,0,1,0,0,0,0,0,0,0,3,3,0,3,0,1,0,2,0,0,1,"Complete coverage",0,1,0,0.333333333333333,0,0.666666666666667,0,0
"OLI438","606640; 205250; 617892; 608627; 606070; 300857; 608030; 614696; 615515; 105400; 613954; 617839; 612069; 616208; 612577; 608031; 616437; 615426; 613435; 611895; 614808","Amyotrophic lateral sclerosis","Unknown","East Asian","29411640",0,1,0,1,0,0,0,0,0,1,1,0,0,0,0,2,2,0,1,1,0,1,1,0,0,1,"Complete coverage",0,0.5,0.5,0,0.5,0.5,0,0
"OLI439","606640; 205250; 617892; 608627; 606070; 300857; 608030; 614696; 615515; 105400; 613954; 617839; 612069; 616208; 612577; 608031; 616437; 615426; 613435; 611895; 614808","Amyotrophic lateral sclerosis","Unknown","East Asian","29411640",0,1,0,1,1,1,2,2,0,0,0,0,0,0,0,2,2,1,1,0,1,0,1,0,0,1,"Complete coverage",0.5,0.5,0,0.5,0,0.5,0,0
"OLI440","606640; 205250; 617892; 608627; 606070; 300857; 608030; 614696; 615515; 105400; 613954; 617839; 612069; 616208; 612577; 608031; 616437; 615426; 613435; 611895; 614808","Amyotrophic lateral sclerosis","Unknown","East Asian","29411640",0,1,0,1,1,1,2,2,1,1,1,1,2,0,1,2,2,1,0,1,1,0,0,1,0,1,"Complete coverage",0.5,0,0.5,0.5,0,0,0.5,0
"OLI441","606640; 205250; 617892; 608627; 606070; 300857; 608030; 614696; 615515; 105400; 613954; 617839; 612069; 616208; 612577; 608031; 616437; 615426; 613435; 611895; 614808","Amyotrophic lateral sclerosis","Unknown","East Asian","29411640",0,1,0,1,0,0,0,0,1,0,1,0,0,0,0,1,1,0,1,0,0,0,0,1,0,1,"Complete coverage",0,1,0,0,0,0,1,0
"OLI442","606640; 205250; 617892; 608627; 606070; 300857; 608030; 614696; 615515; 105400; 613954; 617839; 612069; 616208; 612577; 608031; 616437; 615426; 613435; 611895; 614808","Amyotrophic lateral sclerosis","Unknown","East Asian","29411640",0,1,0,0,0,0,0,0,0,0,0,0,0,0,0,2,2,0,1,1,0,0,2,0,0,1,"Complete coverage",0,0.5,0.5,0,0,1,0,0
"OLI443","N.A.","Junctional epidermolysis bullosa; Epidermolysis bullosa simplex","Dual Molecular Diagnosis","Unknown","30016581",1,0,0,0,1,1,0,1,2,1,2,2,2,1,1,2,2,1,0,0,2,0,0,0,0,1,"Complete coverage",0.5,0,0,1,0,0,0,0
"OLI444","267430","Renal tubular dysgenesis","Unknown","East Asian","32506365",0,0,0,0,2,2,0,2,0,1,1,0,2,0,0,2,2,1,0,0,2,0,0,0,0,1,"Complete coverage",0.5,0,0,1,0,0,0,0
"OLI445","601005; 612347; 612955; 613688; 192500; 220400; 613695; 616247; 611819; 618447; 613693; 613485; 616249; 603830; 611818; 600919; 611820","Familial long QT syndrome","Monogenic+Modifier","Unknown","25236808",2,0,0,0,1,2,0,2,2,1,2,2,2,2,2,2,1,0,0,0,1,0,0,0,0,0.5,"Partial coverage",0,0,0,1,0,0,0,0
"OLI446","618195; 600138; 613750; 615233; 613794; 609923; 616394; 600132; 615922; 601718; 602594; 613464; 300029; 616188; 608380; 616562; 613194; 613827; 610359; 613575; 300424; 618345; 616544; 614500; 613341; 180104; 613769; 618697; 614180; 612095; 268060; 609913; 611131; 618220; 617304; 613660; 615780; 613861; 618826; 615725; 612572; 617781; 613809; 614181; 614494; 617460; 615565; 613581; 300605; 612712; 606068; 607921; 613862; 604232; 268000; 613758; 300155; 180105; 610282; 600059; 613756; 268025; 312600; 613582; 400004; 600852; 618173; 616469; 608133; 613810; 613617; 617123; 604393; 600105; 601414; 613767; 312612; 617023; 618613; 610599; 613428; 613801; 180100; 612165; 613983; 612943; 602772; 613731; 615434; 617433; 180210","Retinitis pigmentosa","Unknown","East Asian","32100970",0,0,0,0,0,0,0,0,0,1,1,0,0,0,0,2,2,1,0,1,1,0,1,0,0,1,"Complete coverage",0.5,0,0.5,0.5,0,0.5,0,0
"OLI447","618195; 600138; 613750; 615233; 613794; 609923; 616394; 600132; 615922; 601718; 602594; 613464; 300029; 616188; 608380; 616562; 613194; 613827; 610359; 613575; 300424; 618345; 616544; 614500; 613341; 180104; 613769; 618697; 614180; 612095; 268060; 609913; 611131; 618220; 617304; 613660; 615780; 613861; 618826; 615725; 612572; 617781; 613809; 614181; 614494; 617460; 615565; 613581; 300605; 612712; 606068; 607921; 613862; 604232; 268000; 613758; 300155; 180105; 610282; 600059; 613756; 268025; 312600; 613582; 400004; 600852; 618173; 616469; 608133; 613810; 613617; 617123; 604393; 600105; 601414; 613767; 312612; 617023; 618613; 610599; 613428; 613801; 180100; 612165; 613983; 612943; 602772; 613731; 615434; 617433; 180210","Retinitis pigmentosa","Unknown","East Asian","32100970",0,0,0,0,0,0,0,0,0,0,0,0,0,0,0,1,1,0,0,1,1,0,0,0,0,1,"Complete coverage",0,0,1,1,0,0,0,0
"OLI448","618195; 600138; 613750; 615233; 613794; 609923; 616394; 600132; 615922; 601718; 602594; 613464; 300029; 616188; 608380; 616562; 613194; 613827; 610359; 613575; 300424; 618345; 616544; 614500; 613341; 180104; 613769; 618697; 614180; 612095; 268060; 609913; 611131; 618220; 617304; 613660; 615780; 613861; 618826; 615725; 612572; 617781; 613809; 614181; 614494; 617460; 615565; 613581; 300605; 612712; 606068; 607921; 613862; 604232; 268000; 613758; 300155; 180105; 610282; 600059; 613756; 268025; 312600; 613582; 400004; 600852; 618173; 616469; 608133; 613810; 613617; 617123; 604393; 600105; 601414; 613767; 312612; 617023; 618613; 610599; 613428; 613801; 180100; 612165; 613983; 612943; 602772; 613731; 615434; 617433; 180210","Retinitis pigmentosa","Unknown","East Asian","32100970",0,0,0,0,0,0,0,0,0,1,1,0,0,0,0,2,2,1,1,0,2,0,0,0,0,1,"Complete coverage",0.5,0.5,0,1,0,0,0,0
"OLI449","618195; 600138; 613750; 615233; 613794; 609923; 616394; 600132; 615922; 601718; 602594; 613464; 300029; 616188; 608380; 616562; 613194; 613827; 610359; 613575; 300424; 618345; 616544; 614500; 613341; 180104; 613769; 618697; 614180; 612095; 268060; 609913; 611131; 618220; 617304; 613660; 615780; 613861; 618826; 615725; 612572; 617781; 613809; 614181; 614494; 617460; 615565; 613581; 300605; 612712; 606068; 607921; 613862; 604232; 268000; 613758; 300155; 180105; 610282; 600059; 613756; 268025; 312600; 613582; 400004; 600852; 618173; 616469; 608133; 613810; 613617; 617123; 604393; 600105; 601414; 613767; 312612; 617023; 618613; 610599; 613428; 613801; 180100; 612165; 613983; 612943; 602772; 613731; 615434; 617433; 180210","Retinitis pigmentosa","Unknown","East Asian","32100970",0,0,0,0,0,0,0,0,0,0,0,0,0,0,0,5,5,2,0,3,3,0,1,1,0,1,"Complete coverage",0.4,0,0.6,0.6,0,0.2,0.2,0
"OLI450","618195; 600138; 613750; 615233; 613794; 609923; 616394; 600132; 615922; 601718; 602594; 613464; 300029; 616188; 608380; 616562; 613194; 613827; 610359; 613575; 300424; 618345; 616544; 614500; 613341; 180104; 613769; 618697; 614180; 612095; 268060; 609913; 611131; 618220; 617304; 613660; 615780; 613861; 618826; 615725; 612572; 617781; 613809; 614181; 614494; 617460; 615565; 613581; 300605; 612712; 606068; 607921; 613862; 604232; 268000; 613758; 300155; 180105; 610282; 600059; 613756; 268025; 312600; 613582; 400004; 600852; 618173; 616469; 608133; 613810; 613617; 617123; 604393; 600105; 601414; 613767; 312612; 617023; 618613; 610599; 613428; 613801; 180100; 612165; 613983; 612943; 602772; 613731; 615434; 617433; 180210","Retinitis pigmentosa","Unknown","East Asian","32100970",0,0,0,0,0,0,0,0,0,0,0,0,0,0,0,3,2,1,0,1,0,0,0,2,0,0.666666666666667,"Partial coverage",0.5,0,0.5,0,0,0,1,0
"OLI451","N.A.","Hypertrophic cardiomyopathy","Unknown","East Asian","31960626",0,0,0,0,1,1,2,2,0,0,0,0,0,0,0,1,1,1,0,0,1,0,0,0,0,1,"Complete coverage",1,0,0,1,0,0,0,0
"OLI452","308240; 300635","X-linked lymphoproliferative disease","Dual Molecular Diagnosis","European/Caucasian","21543760",1,1,0,1,2,2,0,2,2,0,2,2,2,1,1,2,2,0,1,0,1,0,1,0,0,1,"Complete coverage",0,0.5,0,0.5,0,0.5,0,0
"OLI453","133780; 613310; 305390; 617572; 601813; 605750; 616468","Familial exudative vitreoretinopathy","Monogenic+Modifier","Moroccan","28211206",1,0,0,0,2,2,2,2,1,1,1,2,2,1,1,2,2,2,0,0,2,0,0,0,0,1,"Complete coverage",1,0,0,1,0,0,0,0
"OLI454","N.A.","Non-syndromic genetic deafness","Unknown","Pakistani","30029624",1,1,0,1,3,3,0,3,1,1,1,2,2,1,1,2,2,0,1,1,0,0,0,2,0,1,"Complete coverage",0,0.5,0.5,0,0,0,1,0
"OLI455","133780; 613310; 305390; 617572; 601813; 605750; 616468","Familial exudative vitreoretinopathy","Unknown","Unknown","14560311",0,0,0,0,1,1,0,1,0,1,1,0,1,0,0,2,2,0,1,1,1,0,0,1,0,1,"Complete coverage",0,0.5,0.5,0.5,0,0,0.5,0
"OLI456","614840; 615271; 615269; 615270; 147950; 308700; 618841; 614838; 612370; 616030; 614837; 615267; 614880; 615266; 614897; 612702; 244200; 614858; 610628","Kallmann syndrome","Unknown","Unknown","21209029",0,0,0,0,2,2,2,2,0,1,1,0,2,0,0,2,2,1,1,0,0,1,0,1,0,1,"Complete coverage",0.5,0.5,0,0,0.5,0,0.5,0
"OLI457","614840; 615271; 615269; 615270; 147950; 308700; 618841; 614838; 612370; 616030; 614837; 615267; 614880; 615266; 614897; 612702; 244200; 614858; 610628","Kallmann syndrome","Unknown","Unknown","21209029",0,0,1,1,1,1,0,1,0,0,0,0,0,0,0,2,2,1,0,1,1,0,1,0,0,1,"Complete coverage",0.5,0,0.5,0.5,0,0.5,0,0
"OLI458","N.A.","Short rib-polydactyly syndrome","True Digenic","European/Caucasian","21211617",2,1,0,1,2,2,0,2,0,1,1,0,2,0,2,2,2,1,0,1,1,0,0,1,0,1,"Complete coverage",0.5,0,0.5,0.5,0,0,0.5,0
"OLI459","601005; 612347; 612955; 613688; 192500; 220400; 613695; 616247; 611819; 618447; 613693; 613485; 616249; 603830; 611818; 600919; 611820","Familial long QT syndrome","Unknown","European/Caucasian","17060380",0,0,0,0,2,2,2,2,0,1,1,0,2,0,0,2,2,1,1,0,0,0,2,0,0,1,"Complete coverage",0.5,0.5,0,0,0,1,0,0
"OLI460","608696; 231300; 608695; 137750; 611274; 610535","Juvenile glaucoma","Monogenic+Modifier","Guyanese/East Indian","11774072",3,1,0,1,1,1,0,1,1,0,1,1,1,2,2,1,1,1,0,0,0,0,1,0,0,1,"Complete coverage",1,0,0,0,0,1,0,0
"OLI461","232600","Glycogen storage disease due to muscle glycogen phosphorylase deficiency","Unknown","Unknown","11001791",0,0,0,0,1,1,0,1,0,1,1,0,1,0,0,2,2,1,0,0,2,0,0,0,0,1,"Complete coverage",0.5,0,0,1,0,0,0,0
"OLI462","614298","Mitochondrial membrane protein-associated neurodegeneration","Unknown","European","33134513",1,0,0,0,0,0,0,0,0,0,0,0,0,0,0,3,3,0,0,1,3,0,0,0,0,1,"Complete coverage",0,0,0.333333333333333,1,0,0,0,0
"OLI463","N.A.","Hypobetalipoproteinemia","Unknown","African","29540175",1,1,0,1,1,1,2,2,0,0,0,0,0,0,0,8,8,1,1,6,0,1,6,1,0,1,"Complete coverage",0.125,0.125,0.75,0,0.125,0.75,0.125,0
"OLI464","N.A.","Congenital hypothyroidism","Unknown","East Asian","32319661",0,1,0,1,1,1,0,1,0,0,0,0,0,0,0,2,2,0,1,1,0,0,1,1,0,1,"Complete coverage",0,0.5,0.5,0,0,0.5,0.5,0
"OLI465","N.A.","Congenital hypothyroidism","Unknown","East Asian","32319661",0,1,0,1,2,2,0,2,1,1,1,2,2,1,1,2,1,0,1,0,0,0,0,1,0,0.5,"Partial coverage",0,1,0,0,0,0,1,0
"OLI466","N.A.","Congenital hypothyroidism","Unknown","East Asian","32319661",0,1,0,1,2,2,0,2,1,1,1,2,2,1,1,3,3,0,1,1,1,0,1,1,0,1,"Complete coverage",0,0.333333333333333,0.333333333333333,0.333333333333333,0,0.333333333333333,0.333333333333333,0
"OLI467","N.A.","Congenital hypothyroidism","Unknown","East Asian","32319661",0,1,0,1,2,2,0,2,1,1,1,2,2,1,1,2,1,0,1,0,1,0,0,0,0,0.5,"Partial coverage",0,1,0,1,0,0,0,0
"OLI468","N.A.","Congenital hypothyroidism","Unknown","East Asian","32319661",0,1,0,1,2,2,0,2,0,0,0,0,0,0,0,3,1,0,0,0,1,0,0,0,0,0.333333333333333,"Partial coverage",0,0,0,1,0,0,0,0
"OLI469","N.A.","Congenital hypothyroidism","Unknown","East Asian","32319661",0,1,0,1,2,2,0,2,0,0,0,0,0,0,0,4,3,0,1,2,2,0,1,0,0,0.75,"Partial coverage",0,0.333333333333333,0.666666666666667,0.666666666666667,0,0.333333333333333,0,0
"OLI470","N.A.","Congenital hypothyroidism","Unknown","East Asian","32319661",0,1,0,1,2,2,0,2,0,0,0,0,0,0,0,5,5,0,2,2,1,2,0,2,0,1,"Complete coverage",0,0.4,0.4,0.2,0.4,0,0.4,0
"OLI471","N.A.","Congenital hypothyroidism","Unknown","East Asian","32319661",0,1,0,1,1,1,2,2,0,1,1,0,2,0,1,3,2,1,0,0,1,0,0,1,0,0.666666666666667,"Partial coverage",0.5,0,0,0.5,0,0,0.5,0
"OLI472","N.A.","Congenital hypothyroidism","Unknown","East Asian","32319661",0,1,0,1,1,1,0,1,0,1,1,0,1,0,0,2,0,0,0,0,0,0,0,0,0,0,"No coverage",NA,NA,NA,NA,NA,NA,NA,NA
"OLI473","N.A.","Congenital hypothyroidism","Unknown","East Asian","32319661",0,1,0,1,2,2,0,2,1,1,1,2,2,1,1,3,2,2,0,0,2,0,0,0,0,0.666666666666667,"Partial coverage",1,0,0,1,0,0,0,0
"OLI474","N.A.","Congenital hypothyroidism","Unknown","East Asian","32319661",0,1,0,1,2,2,0,2,0,1,1,0,2,0,1,4,4,1,3,0,2,1,1,0,0,1,"Complete coverage",0.25,0.75,0,0.5,0.25,0.25,0,0
"OLI475","N.A.","Rare pervasive developmental disorder","Unknown","Unknown","21624971",0,0,0,0,0,0,1,1,0,0,0,0,0,0,0,2,1,0,1,0,0,0,1,0,0,0.5,"Partial coverage",0,1,0,0,0,1,0,0
"OLI476","N.A.","Rare pervasive developmental disorder","Unknown","Unknown","21624971",0,0,0,0,0,0,2,2,0,0,0,0,0,0,0,3,3,0,1,2,0,0,1,2,0,1,"Complete coverage",0,0.333333333333333,0.666666666666667,0,0,0.333333333333333,0.666666666666667,0
"OLI477","N.A.","Rare pervasive developmental disorder","Unknown","Unknown","21624971",0,0,0,0,0,0,0,0,0,1,1,0,0,0,0,2,1,0,0,1,0,0,1,0,0,0.5,"Partial coverage",0,0,1,0,0,1,0,0
"OLI478","N.A.","Rare pervasive developmental disorder","Unknown","Unknown","21624971",2,0,0,0,0,0,1,1,0,1,1,0,1,0,1,2,1,0,1,0,0,0,0,0,1,0.5,"Partial coverage",0,1,0,0,0,0,0,1
"OLI479","N.A.","Rare pervasive developmental disorder","Unknown","Unknown","21624971",2,0,0,0,0,0,0,0,0,1,1,0,0,0,0,2,2,0,1,1,0,0,2,0,0,1,"Complete coverage",0,0.5,0.5,0,0,1,0,0
"OLI480","N.A.","Rare pervasive developmental disorder","Unknown","Unknown","21624971",2,0,0,0,0,0,1,1,0,1,1,0,1,0,1,2,2,1,1,0,0,0,0,2,0,1,"Complete coverage",0.5,0.5,0,0,0,0,1,0
"OLI481","N.A.","Rare pervasive developmental disorder","Unknown","Unknown","21624971",1,0,0,0,0,0,0,0,0,1,1,0,0,0,0,2,2,1,1,0,0,1,1,0,0,1,"Complete coverage",0.5,0.5,0,0,0.5,0.5,0,0
"OLI482","N.A.","Rare pervasive developmental disorder","Unknown","Unknown","21624971",2,0,0,0,0,0,1,1,0,1,1,0,1,0,1,2,2,0,2,0,0,0,2,0,0,1,"Complete coverage",0,1,0,0,0,1,0,0
"OLI483","N.A.","Rare pervasive developmental disorder","Unknown","Unknown","21624971",0,0,0,0,0,0,1,1,0,1,1,0,1,0,0,2,1,0,1,0,0,0,1,0,0,0.5,"Partial coverage",0,1,0,0,0,1,0,0
"OLI484","N.A.","Rare pervasive developmental disorder","Unknown","Unknown","21624971",0,0,0,0,0,0,1,1,0,1,1,0,1,0,0,2,1,0,1,0,0,0,1,0,0,0.5,"Partial coverage",0,1,0,0,0,1,0,0
"OLI485","N.A.","Rare pervasive developmental disorder","Unknown","Unknown","21624971",1,0,0,0,0,0,2,2,0,0,0,0,0,0,0,3,3,0,3,0,0,0,2,0,1,1,"Complete coverage",0,1,0,0,0,0.666666666666667,0,0.333333333333333
"OLI486","N.A.","Rare pervasive developmental disorder","Unknown","Unknown","21624971",0,0,0,0,0,0,0,0,0,1,1,0,0,0,0,2,2,1,0,1,0,0,1,1,0,1,"Complete coverage",0.5,0,0.5,0,0,0.5,0.5,0
"OLI487","N.A.","Rare pervasive developmental disorder","Unknown","Unknown","21624971",1,0,0,0,0,0,0,0,0,1,1,0,0,0,0,2,2,0,1,0,0,0,1,0,1,1,"Complete coverage",0,0.5,0,0,0,0.5,0,0.5
"OLI488","N.A.","Rare pervasive developmental disorder","Unknown","Unknown","21624971",2,0,0,0,0,0,0,0,0,1,1,0,0,0,0,2,2,0,1,1,0,0,2,0,0,1,"Complete coverage",0,0.5,0.5,0,0,1,0,0
"OLI489","N.A.","Rare pervasive developmental disorder","Unknown","Unknown","21624971",2,0,0,0,0,0,1,1,0,1,1,0,1,0,1,2,2,0,2,0,0,0,2,0,0,1,"Complete coverage",0,1,0,0,0,1,0,0
"OLI490","N.A.","Rare pervasive developmental disorder","Unknown","Unknown","21624971",1,0,0,0,0,0,0,0,0,1,1,0,0,0,0,3,3,0,1,2,0,0,3,0,0,1,"Complete coverage",0,0.333333333333333,0.666666666666667,0,0,1,0,0
"OLI491","N.A.","Rare pervasive developmental disorder","Unknown","Unknown","21624971",0,0,0,0,0,0,1,1,0,1,1,0,1,0,0,2,2,0,1,1,0,0,1,1,0,1,"Complete coverage",0,0.5,0.5,0,0,0.5,0.5,0
"OLI492","N.A.","Rare pervasive developmental disorder","Unknown","Unknown","21624971",1,0,0,0,0,0,0,0,0,1,1,0,0,0,0,2,2,0,2,0,0,0,1,0,1,1,"Complete coverage",0,1,0,0,0,0.5,0,0.5
"OLI493","N.A.","Rare pervasive developmental disorder","Unknown","Unknown","21624971",2,0,0,0,0,0,1,1,0,1,1,0,1,0,1,2,1,0,1,0,0,1,0,0,0,0.5,"Partial coverage",0,1,0,0,1,0,0,0
"OLI494","N.A.","Rare pervasive developmental disorder","Unknown","Unknown","21624971",0,0,0,0,0,0,1,1,0,1,1,0,1,0,0,2,2,0,2,0,0,1,0,0,1,1,"Complete coverage",0,1,0,0,0.5,0,0,0.5
"OLI495","N.A.","Rare pervasive developmental disorder","Unknown","Unknown","21624971",0,0,0,0,0,0,0,0,0,1,1,0,0,0,0,2,2,0,0,2,0,0,2,0,0,1,"Complete coverage",0,0,1,0,0,1,0,0
"OLI496","N.A.","Rare pervasive developmental disorder","Unknown","Unknown","21624971",2,0,0,0,0,0,2,2,0,1,1,0,2,0,2,2,1,1,0,0,0,0,0,1,0,0.5,"Partial coverage",1,0,0,0,0,0,1,0
"OLI497","N.A.","Non-syndromic genetic deafness","Monogenic+Modifier","European/Caucasian","15829536",2,1,1,1,3,3,0,3,3,1,3,3,3,3,3,2,2,1,1,0,1,0,1,0,0,1,"Complete coverage",0.5,0.5,0,0.5,0,0.5,0,0
"OLI498","614840; 125851; 615269; 606394; 613370; 612225; 615270; 147950; 308700; 614838; 613375; 606392; 612370; 616329; 614837; 614842; 614839; 614880; 615266; 609812; 616511; 600496; 125850; 612702; 614841; 244200; 606391; 610508; 146110; 614858; 610628","Normosmic congenital hypogonadotropic hypogonadism","Unknown","Unknown","21209029",0,1,0,1,2,2,0,2,0,1,1,0,2,0,1,2,2,0,1,1,0,1,1,0,0,1,"Complete coverage",0,0.5,0.5,0,0.5,0.5,0,0
"OLI499","610187; 154700; 610168; 222400; 142340; 306950","Marfan syndrome; Congenital diaphragmatic hernia","Unknown","European/Caucasian","25736269",0,0,0,0,2,2,0,2,1,1,1,2,2,0,0,5,5,1,3,1,1,0,4,0,0,1,"Complete coverage",0.2,0.6,0.2,0.2,0,0.8,0,0
"OLI500","N.A.","NON RARE IN EUROPE: Heterozygous familial hypercholesterolemia","Unknown","Unknown","26036859",0,0,1,1,2,2,2,2,0,1,1,0,2,0,1,2,2,0,0,1,1,0,1,0,0,1,"Complete coverage",0,0,0.5,0.5,0,0.5,0,0
"OLI501","618179; 619201; 614131; 616730; 256370; 603965; 251220; 613237; 607832; 616032; 618176; 612551; 603278; 616893; 301028; 614196; 618178; 615573; 616220; 616002; 616892; 600995; 615244; 618177; 615861; 610725","Genetic steroid-resistant nephrotic syndrome","Unknown","Unknown","15253708",0,0,0,0,3,3,2,3,1,1,1,2,2,0,0,2,2,2,0,0,2,0,0,0,0,1,"Complete coverage",1,0,0,1,0,0,0,0
"OLI502","274600","Pendred syndrome","True Digenic","Unknown","17503324",2,0,0,0,3,3,0,3,0,0,0,1,1,1,1,2,2,0,2,0,1,0,0,1,0,1,"Complete coverage",0,1,0,0.5,0,0,0.5,0
"OLI503","N.A.","X-linked cerebellar ataxia","Unknown","Unknown","28807751",0,0,0,0,1,1,0,1,2,1,2,2,2,0,0,3,3,3,0,0,2,0,0,1,0,1,"Complete coverage",1,0,0,0.666666666666667,0,0,0.333333333333333,0
"OLI504","104200; 203780; 301050","Benign familial hematuria","Unknown","Cypriot","29764427",1,1,0,1,2,2,0,2,1,1,1,2,2,1,1,2,2,1,0,1,1,0,0,1,0,1,"Complete coverage",0.5,0,0.5,0.5,0,0,0.5,0
"OLI505","601634; 301410; 182940","Isolated spina bifida","Unknown","East Asian","29573971",0,2,0,2,3,3,0,3,1,1,1,2,2,2,2,2,2,0,2,0,0,2,0,0,0,1,"Complete coverage",0,1,0,0,1,0,0,0
"OLI506","601634; 301410; 182940","Isolated spina bifida","Unknown","East Asian","29573971",0,2,0,2,3,3,0,3,1,1,1,2,2,2,2,2,2,0,1,1,0,1,0,0,1,1,"Complete coverage",0,0.5,0.5,0,0.5,0,0,0.5
"OLI507","N.A.","Isolated anencephaly","Unknown","East Asian","29573971",0,2,0,2,3,3,0,3,1,1,1,2,2,2,2,2,2,0,1,1,0,2,0,0,0,1,"Complete coverage",0,0.5,0.5,0,1,0,0,0
"OLI508","N.A.","Isolated anencephaly","Unknown","East Asian","29573971",2,2,0,2,2,2,0,2,1,1,1,2,2,3,3,2,2,0,2,0,0,1,0,0,1,1,"Complete coverage",0,1,0,0,0.5,0,0,0.5
"OLI509","601634; 301410; 182940","Isolated spina bifida","Unknown","East Asian","29573971",2,2,0,2,2,2,0,2,1,1,1,2,2,3,3,2,2,0,2,0,0,1,0,0,1,1,"Complete coverage",0,1,0,0,0.5,0,0,0.5
"OLI510","601634; 301410; 182940","Isolated spina bifida","Unknown","East Asian","29573971",2,2,0,2,3,3,0,3,1,0,1,2,2,3,3,2,2,0,1,1,0,1,0,0,1,1,"Complete coverage",0,0.5,0.5,0,0.5,0,0,0.5
"OLI511","614840; 615271; 615269; 615270; 147950; 308700; 618841; 614838; 612370; 616030; 614837; 615267; 614880; 615266; 614897; 612702; 244200; 614858; 610628","Kallmann syndrome","Unknown","Unknown","21300340",0,1,0,1,1,2,0,2,1,1,1,1,2,0,1,2,2,0,1,1,1,0,0,0,1,1,"Complete coverage",0,0.5,0.5,0.5,0,0,0,0.5
"OLI512","614840; 615271; 615269; 615270; 147950; 308700; 618841; 614838; 612370; 616030; 614837; 615267; 614880; 615266; 614897; 612702; 244200; 614858; 610628","Kallmann syndrome","Unknown","Unknown","21300340",0,1,0,1,1,1,0,1,1,1,1,1,1,0,0,2,1,0,0,1,0,0,0,0,1,0.5,"Partial coverage",0,0,1,0,0,0,0,1
"OLI513","616329; 616511; 125851; 600496; 125850; 612225; 606394; 606391; 610508; 613375; 613370; 609812; 606392","MODY","Unknown","Turkish","32645390",0,1,0,1,2,2,2,2,1,1,1,2,2,1,1,2,2,0,1,1,0,1,0,0,1,1,"Complete coverage",0,0.5,0.5,0,0.5,0,0,0.5
"OLI514","612925; 612924; 235400; 615008; 612926; 612922; 609814; 612923","Atypical hemolytic uremic syndrome","True Digenic","Japanese","29556035",2,0,0,0,1,1,2,2,2,1,2,2,2,2,2,2,2,1,1,0,0,0,0,2,0,1,"Complete coverage",0.5,0.5,0,0,0,0,1,0
"OLI515","N.A.","Osteopetrosis and related disorders","Unknown","East Asian","30431110",1,1,0,1,0,0,1,1,1,1,1,0,1,0,1,2,2,2,0,0,2,0,0,0,0,1,"Complete coverage",1,0,0,1,0,0,0,0
"OLI516","104200; 203780; 301050","Alport syndrome","Unknown","Unknown","27796712",1,0,1,1,1,2,0,2,1,1,1,1,2,0,1,2,2,2,0,0,1,0,0,1,0,1,"Complete coverage",1,0,0,0.5,0,0,0.5,0
"OLI517","N.A.","Epidermolysis bullosa simplex","True Digenic","East Asian","31919841",3,1,0,1,2,2,2,2,1,1,1,2,2,3,3,2,2,2,0,0,2,0,0,0,0,1,"Complete coverage",1,0,0,1,0,0,0,0
"OLI518","N.A.","Congenital hypothyroidism","Unknown","Unknown","32765423",1,0,0,0,1,1,2,2,1,1,1,1,2,0,1,3,2,1,1,0,0,1,0,1,0,0.666666666666667,"Partial coverage",0.5,0.5,0,0,0.5,0,0.5,0
"OLI519","N.A.","Congenital hypothyroidism","Unknown","Unknown","32765423",0,0,0,0,1,2,0,2,1,1,1,1,2,0,0,2,2,1,0,1,1,0,0,1,0,1,"Complete coverage",0.5,0,0.5,0.5,0,0,0.5,0
"OLI520","N.A.","Congenital hypothyroidism","Unknown","Unknown","32765423",0,0,0,0,1,1,2,2,1,1,1,1,2,0,0,2,2,0,0,0,1,1,0,0,0,1,"Complete coverage",0,0,0,0.5,0.5,0,0,0
"OLI521","104510; 104530; 301200; 104500; 616221; 613211; 204700; 130900; 614832; 617217; 301201; 204650; 615887; 612529; 616270","Amelogenesis imperfecta","Unknown","Turkish","31478359",0,0,0,0,1,1,0,1,1,1,1,1,1,0,0,2,2,1,0,1,1,0,0,1,0,1,"Complete coverage",0.5,0,0.5,0.5,0,0,0.5,0
"OLI522","613101; 267700; 608898; 603552; 603553","Familial hemophagocytic lymphohistiocytosis","Unknown","Unknown","24916509",0,0,0,0,2,2,0,2,0,1,1,0,2,0,0,2,2,0,1,0,2,0,0,0,0,1,"Complete coverage",0,0.5,0,1,0,0,0,0
"OLI523","613101; 267700; 608898; 603552; 603553","Familial hemophagocytic lymphohistiocytosis","Unknown","Unknown","24916509",0,0,0,0,2,2,0,2,0,0,0,0,0,0,0,2,2,0,1,1,0,1,1,0,0,1,"Complete coverage",0,0.5,0.5,0,0.5,0.5,0,0
"OLI524","613101; 267700; 608898; 603552; 603553","Familial hemophagocytic lymphohistiocytosis","Unknown","Unknown","24916509",0,0,1,1,2,2,0,2,0,1,1,0,2,0,1,2,2,0,2,0,0,0,1,1,0,1,"Complete coverage",0,1,0,0,0,0.5,0.5,0
"OLI525","613101; 267700; 608898; 603552; 603553","Familial hemophagocytic lymphohistiocytosis","Unknown","Unknown","24916509",0,0,1,1,2,2,0,2,0,0,0,0,0,0,0,2,2,0,2,0,0,1,1,0,0,1,"Complete coverage",0,1,0,0,0.5,0.5,0,0
"OLI526","613101; 267700; 608898; 603552; 603553","Familial hemophagocytic lymphohistiocytosis","Unknown","Unknown","24916509",0,0,1,1,2,2,0,2,0,1,1,0,2,0,1,2,2,0,2,0,0,1,0,1,0,1,"Complete coverage",0,1,0,0,0.5,0,0.5,0
"OLI527","613101; 267700; 608898; 603552; 603553","Familial hemophagocytic lymphohistiocytosis","Unknown","Unknown","24916509",0,0,1,1,2,2,0,2,0,1,1,0,2,0,1,2,2,0,2,0,0,2,0,0,0,1,"Complete coverage",0,1,0,0,1,0,0,0
"OLI528","613101; 267700; 608898; 603552; 603553","Familial hemophagocytic lymphohistiocytosis","Unknown","Unknown","24916509",0,0,0,0,2,2,0,2,0,1,1,0,2,0,0,2,2,0,1,1,0,1,1,0,0,1,"Complete coverage",0,0.5,0.5,0,0.5,0.5,0,0
"OLI529","613101; 267700; 608898; 603552; 603553","Familial hemophagocytic lymphohistiocytosis","Unknown","Unknown","24916509",0,0,0,0,2,2,0,2,0,1,1,0,2,0,0,2,2,0,1,1,0,1,1,0,0,1,"Complete coverage",0,0.5,0.5,0,0.5,0.5,0,0
"OLI530","613101; 267700; 608898; 603552; 603553","Familial hemophagocytic lymphohistiocytosis","Unknown","Unknown","24916509",0,0,0,0,2,2,0,2,0,0,0,0,0,0,0,2,2,0,2,0,0,1,1,0,0,1,"Complete coverage",0,1,0,0,0.5,0.5,0,0
"OLI531","613101; 267700; 608898; 603552; 603553","Familial hemophagocytic lymphohistiocytosis","Unknown","Unknown","24916509",0,0,1,1,2,2,0,2,0,1,1,0,2,0,1,2,2,0,2,0,0,1,1,0,0,1,"Complete coverage",0,1,0,0,0.5,0.5,0,0
"OLI532","613101; 267700; 608898; 603552; 603553","Familial hemophagocytic lymphohistiocytosis","Unknown","Unknown","24916509",0,0,1,1,2,2,0,2,0,1,1,0,2,0,1,2,2,0,1,1,1,0,1,0,0,1,"Complete coverage",0,0.5,0.5,0.5,0,0.5,0,0
"OLI533","613101; 267700; 608898; 603552; 603553","Familial hemophagocytic lymphohistiocytosis","Unknown","Unknown","24916509",0,0,0,0,2,2,0,2,0,1,1,0,2,0,0,2,2,1,1,0,1,0,1,0,0,1,"Complete coverage",0.5,0.5,0,0.5,0,0.5,0,0
"OLI534","613101; 267700; 608898; 603552; 603553","Familial hemophagocytic lymphohistiocytosis","Unknown","Unknown","24916509",0,0,0,0,2,2,0,2,0,1,1,0,2,0,0,2,2,1,1,0,0,1,0,1,0,1,"Complete coverage",0.5,0.5,0,0,0.5,0,0.5,0
"OLI535","613101; 267700; 608898; 603552; 603553","Familial hemophagocytic lymphohistiocytosis","Unknown","Unknown","24916509",0,0,0,0,2,2,0,2,0,1,1,0,2,0,0,2,2,0,2,0,0,1,1,0,0,1,"Complete coverage",0,1,0,0,0.5,0.5,0,0
"OLI536","613101; 267700; 608898; 603552; 603553","Familial hemophagocytic lymphohistiocytosis","Unknown","Unknown","24916509",0,0,0,0,2,2,0,2,0,1,1,0,2,0,0,2,2,0,2,0,0,0,1,1,0,1,"Complete coverage",0,1,0,0,0,0.5,0.5,0
"OLI537","613101; 267700; 608898; 603552; 603553","Familial hemophagocytic lymphohistiocytosis","Unknown","Unknown","24916509",0,0,1,1,2,2,0,2,0,1,1,0,2,0,1,2,2,0,2,0,0,1,1,0,0,1,"Complete coverage",0,1,0,0,0.5,0.5,0,0
"OLI538","613101; 267700; 608898; 603552; 603553","Familial hemophagocytic lymphohistiocytosis","Unknown","Unknown","24916509",0,0,1,1,2,2,0,2,0,1,1,0,2,0,1,2,2,0,1,1,1,0,1,0,0,1,"Complete coverage",0,0.5,0.5,0.5,0,0.5,0,0
"OLI539","613101; 267700; 608898; 603552; 603553","Familial hemophagocytic lymphohistiocytosis","Unknown","Unknown","24916509",0,0,0,0,2,2,0,2,0,0,0,0,0,0,0,2,2,0,1,1,0,1,1,0,0,1,"Complete coverage",0,0.5,0.5,0,0.5,0.5,0,0
"OLI540","613101; 267700; 608898; 603552; 603553","Familial hemophagocytic lymphohistiocytosis","Unknown","Unknown","24916509",0,0,1,1,2,2,0,2,0,1,1,0,2,0,1,2,2,0,2,0,0,0,1,1,0,1,"Complete coverage",0,1,0,0,0,0.5,0.5,0
"OLI541","613101; 267700; 608898; 603552; 603553","Familial hemophagocytic lymphohistiocytosis","Unknown","Unknown","24916509",0,0,0,0,2,2,0,2,0,0,0,0,0,0,0,1,1,1,0,0,1,0,0,0,0,1,"Complete coverage",1,0,0,1,0,0,0,0
"OLI542","613101; 267700; 608898; 603552; 603553","Familial hemophagocytic lymphohistiocytosis","Unknown","Unknown","24916509",0,0,0,0,2,2,0,2,0,0,0,0,0,0,0,1,1,0,1,0,0,0,1,0,0,1,"Complete coverage",0,1,0,0,0,1,0,0
"OLI543","613101; 267700; 608898; 603552; 603553","Familial hemophagocytic lymphohistiocytosis","Unknown","Unknown","24916509",0,0,0,0,2,2,0,2,0,1,1,0,2,0,0,2,2,1,1,0,0,0,1,1,0,1,"Complete coverage",0.5,0.5,0,0,0,0.5,0.5,0
"OLI544","613101; 267700; 608898; 603552; 603553","Familial hemophagocytic lymphohistiocytosis","Unknown","Unknown","24916509",0,0,0,0,2,2,0,2,0,1,1,0,2,0,0,2,2,0,2,0,0,0,1,1,0,1,"Complete coverage",0,1,0,0,0,0.5,0.5,0
"OLI545","613101; 267700; 608898; 603552; 603553","Familial hemophagocytic lymphohistiocytosis","Unknown","Unknown","24916509",0,0,1,1,2,2,2,2,0,1,1,0,2,0,1,2,2,1,1,0,0,0,0,2,0,1,"Complete coverage",0.5,0.5,0,0,0,0,1,0
"OLI546","613101; 267700; 608898; 603552; 603553","Familial hemophagocytic lymphohistiocytosis","Unknown","Unknown","24916509",0,0,0,0,2,2,0,2,0,1,1,0,2,0,0,2,2,1,1,0,0,0,1,1,0,1,"Complete coverage",0.5,0.5,0,0,0,0.5,0.5,0
"OLI547","N.A.","Arrhythmogenic right ventricular cardiomyopathy","Unknown","East Asian","25765472",0,1,1,1,1,1,2,2,1,1,1,1,2,0,1,2,2,1,1,0,0,1,0,0,1,1,"Complete coverage",0.5,0.5,0,0,0.5,0,0,0.5
"OLI548","N.A.","Arrhythmogenic right ventricular cardiomyopathy","Unknown","East Asian","25765472",0,1,0,1,1,1,2,2,0,1,1,0,2,0,1,2,2,0,1,1,1,1,0,0,0,1,"Complete coverage",0,0.5,0.5,0.5,0.5,0,0,0
"OLI549","601005; 612347; 612955; 613688; 192500; 220400; 613695; 616247; 611819; 618447; 613693; 613485; 616249; 603830; 611818; 600919; 611820","Familial long QT syndrome","Unknown","European/Caucasian","28749435",1,0,0,0,2,2,2,2,2,0,2,2,2,1,1,4,4,2,2,0,2,0,1,0,1,1,"Complete coverage",0.5,0.5,0,0.5,0,0.25,0,0.25
"OLI550","601005; 612347; 612955; 613688; 192500; 220400; 613695; 616247; 611819; 618447; 613693; 613485; 616249; 603830; 611818; 600919; 611820","Familial long QT syndrome","Unknown","European/Caucasian","28749435",1,0,0,0,2,2,0,2,2,1,2,2,2,1,1,2,2,2,0,0,2,0,0,0,0,1,"Complete coverage",1,0,0,1,0,0,0,0
"OLI551","601005; 612347; 612955; 613688; 192500; 220400; 613695; 616247; 611819; 618447; 613693; 613485; 616249; 603830; 611818; 600919; 611820","Familial long QT syndrome","Unknown","European/Caucasian","28749435",1,0,0,0,2,2,2,2,2,0,2,2,2,1,1,2,2,1,1,0,1,0,0,0,1,1,"Complete coverage",0.5,0.5,0,0.5,0,0,0,0.5
"OLI552","618195; 600138; 613750; 615233; 613794; 609923; 616394; 600132; 615922; 601718; 602594; 613464; 300029; 616188; 608380; 616562; 613194; 613827; 610359; 613575; 300424; 618345; 616544; 614500; 613341; 180104; 613769; 618697; 614180; 612095; 268060; 609913; 611131; 618220; 617304; 613660; 615780; 613861; 618826; 615725; 612572; 617781; 613809; 614181; 614494; 617460; 615565; 613581; 300605; 612712; 606068; 607921; 613862; 604232; 268000; 613758; 300155; 180105; 610282; 600059; 613756; 268025; 312600; 613582; 400004; 600852; 618173; 616469; 608133; 613810; 613617; 617123; 604393; 600105; 601414; 613767; 312612; 617023; 618613; 610599; 613428; 613801; 180100; 612165; 613983; 612943; 602772; 613731; 615434; 617433; 180210","Retinitis pigmentosa","Unknown","European/Caucasian","32050993",2,1,0,1,0,0,0,0,1,1,1,0,0,0,0,4,4,0,1,1,4,0,0,0,0,1,"Complete coverage",0,0.25,0.25,1,0,0,0,0
"OLI553","N.A.","Schizophrenia","Unknown","Indian","30612842",1,0,0,0,1,1,0,1,1,1,1,1,1,0,0,3,3,0,3,0,0,2,1,0,0,1,"Complete coverage",0,1,0,0,0.666666666666667,0.333333333333333,0,0
"OLI554","N.A.","Schizophrenia","Monogenic+Modifier","Indian","30612842",1,0,0,0,2,2,0,2,1,1,1,2,2,1,1,3,3,1,2,0,0,2,0,1,0,1,"Complete coverage",0.333333333333333,0.666666666666667,0,0,0.666666666666667,0,0.333333333333333,0
"OLI555","614840; 125851; 615269; 606394; 613370; 612225; 615270; 147950; 308700; 614838; 613375; 606392; 612370; 616329; 614837; 614842; 614839; 614880; 615266; 609812; 616511; 600496; 125850; 612702; 614841; 244200; 606391; 610508; 146110; 614858; 610628","Normosmic congenital hypogonadotropic hypogonadism","Dual Molecular Diagnosis","Turkish","31042289",0,0,1,1,0,0,0,0,0,1,1,0,0,0,0,3,3,0,2,1,0,0,3,0,0,1,"Complete coverage",0,0.666666666666667,0.333333333333333,0,0,1,0,0
"OLI556","614840; 125851; 615269; 606394; 613370; 612225; 615270; 147950; 308700; 614838; 613375; 606392; 612370; 616329; 614837; 614842; 614839; 614880; 615266; 609812; 616511; 600496; 125850; 612702; 614841; 244200; 606391; 610508; 146110; 614858; 610628","Normosmic congenital hypogonadotropic hypogonadism","Unknown","Turkish","31042289",1,0,0,0,1,1,0,1,0,1,1,0,1,0,0,2,2,0,2,0,0,0,0,1,1,1,"Complete coverage",0,1,0,0,0,0,0.5,0.5
"OLI557","613828; 612279; 612269; 611942; 618482; 600131; 604233; 611136; 616172; 611277; 613060; 613863; 604403; 607681; 609800","Generalized epilepsy with febrile seizures-plus; Childhood absence epilepsy","Unknown","Tunisian","29948376",0,1,0,1,1,1,0,1,1,1,1,1,1,0,0,2,2,0,2,0,0,1,0,1,0,1,"Complete coverage",0,1,0,0,0.5,0,0.5,0
"OLI558","604827; 611364; 617924; 607628; 611136; 607682; 254770; 608816; 613060; 614280","Juvenile myoclonic epilepsy","Unknown","Tunisian","29948376",0,1,0,1,1,1,0,1,1,0,1,1,1,0,0,2,2,0,2,0,0,1,1,0,0,1,"Complete coverage",0,1,0,0,0.5,0.5,0,0
"OLI559","613828; 618482; 604233; 611277; 613863; 614280; 612279; 611364; 616172; 607628; 611136; 613060; 609800; 604827; 617924; 607682; 254770; 608816; 604403","Generalized epilepsy with febrile seizures-plus; Juvenile myoclonic epilepsy","Unknown","Tunisian","29948376",1,1,0,1,1,1,0,1,0,1,1,0,1,0,1,2,2,0,2,0,0,1,0,1,0,1,"Complete coverage",0,1,0,0,0.5,0,0.5,0
"OLI560","613828; 612279; 618482; 604233; 616172; 611277; 613060; 613863; 604403; 609800","Generalized epilepsy with febrile seizures-plus","Unknown","Tunisian","29948376",0,1,0,1,2,2,0,2,0,1,1,0,2,0,1,2,2,1,1,0,0,0,1,1,0,1,"Complete coverage",0.5,0.5,0,0,0,0.5,0.5,0
"OLI561","606640; 205250; 617892; 608627; 606070; 300857; 608030; 614696; 615515; 105400; 613954; 617839; 612069; 616208; 612577; 608031; 616437; 615426; 613435; 611895; 614808","Amyotrophic lateral sclerosis","Unknown","European/Caucasian","26303227",0,0,0,0,1,1,0,1,0,0,0,0,0,0,0,1,1,0,0,1,0,0,0,0,1,1,"Complete coverage",0,0,1,0,0,0,0,1
"OLI562","N.A.","Congenital hypothyroidism","Unknown","East Asian","30154845",0,1,0,1,2,2,0,2,1,1,1,2,2,1,1,3,2,1,0,1,0,1,0,1,0,0.666666666666667,"Partial coverage",0.5,0,0.5,0,0.5,0,0.5,0
"OLI563","N.A.","Congenital hypothyroidism","Unknown","East Asian","30154845",0,1,0,1,2,2,0,2,1,1,1,2,2,1,1,2,2,0,1,1,1,0,0,0,1,1,"Complete coverage",0,0.5,0.5,0.5,0,0,0,0.5
"OLI564","N.A.","Congenital hypothyroidism","Unknown","East Asian","30154845",0,1,0,1,2,2,0,2,1,1,1,2,2,1,1,2,2,1,1,0,1,1,0,0,0,1,"Complete coverage",0.5,0.5,0,0.5,0.5,0,0,0
"OLI565","N.A.","Congenital hypothyroidism","Unknown","East Asian","30154845",0,1,0,1,2,2,0,2,1,0,1,2,2,1,1,4,4,0,3,1,0,2,0,1,1,1,"Complete coverage",0,0.75,0.25,0,0.5,0,0.25,0.25
"OLI566","N.A.","Congenital hypothyroidism","Unknown","East Asian","30154845",0,1,0,1,2,2,0,2,1,1,1,2,2,1,1,3,3,2,0,0,3,0,0,0,0,1,"Complete coverage",0.666666666666667,0,0,1,0,0,0,0
"OLI567","N.A.","Congenital hypothyroidism","Unknown","East Asian","30154845",0,1,0,1,2,2,0,2,1,0,1,2,2,1,1,2,2,1,1,0,1,1,0,0,0,1,"Complete coverage",0.5,0.5,0,0.5,0.5,0,0,0
"OLI568","618499; 609942; 610733; 605275; 618624; 615355; 616559; 613706; 613224; 611553; 163950; 616564","Hypertrophic cardiomyopathy; Hypertrophic cardiomyopathy","Unknown","Unknown","22585553",0,0,0,0,2,2,2,2,1,1,1,2,2,0,0,2,2,1,1,0,1,0,1,0,0,1,"Complete coverage",0.5,0.5,0,0.5,0,0.5,0,0
"OLI569","N.A.","Limb-girdle muscular dystrophy","Unknown","European/Caucasian","29970176",0,0,0,0,0,0,1,1,0,1,1,0,1,0,0,3,3,2,1,0,3,0,0,0,0,1,"Complete coverage",0.666666666666667,0.333333333333333,0,1,0,0,0,0
"OLI570","N.A.","Limb-girdle muscular dystrophy","Unknown","European/Caucasian","29970176",0,0,0,0,1,1,1,1,0,0,0,0,0,0,0,2,2,0,2,0,0,1,1,0,0,1,"Complete coverage",0,1,0,0,0.5,0.5,0,0
"OLI571","N.A.","Limb-girdle muscular dystrophy","Unknown","European/Caucasian","29970176",0,0,1,1,0,0,1,1,0,0,0,0,0,0,0,3,3,1,2,0,0,0,1,2,0,1,"Complete coverage",0.333333333333333,0.666666666666667,0,0,0,0.333333333333333,0.666666666666667,0
"OLI572","N.A.","Disorder of sex development","Unknown","European/Caucasian","29891883",0,0,0,0,2,2,0,2,1,1,1,2,2,0,0,2,2,1,1,0,1,0,0,0,1,1,"Complete coverage",0.5,0.5,0,0.5,0,0,0,0.5
"OLI573","N.A.","Disorder of sex development","Unknown","European/Caucasian","29891883",0,0,0,0,0,0,0,0,1,1,1,0,0,0,0,7,7,2,2,3,1,1,1,2,2,1,"Complete coverage",0.285714285714286,0.285714285714286,0.428571428571429,0.142857142857143,0.142857142857143,0.142857142857143,0.285714285714286,0.285714285714286
"OLI574","N.A.","Disorder of sex development","Unknown","European/Caucasian","29891883",0,0,0,0,0,0,0,0,1,1,1,0,0,0,0,8,8,2,4,2,1,3,1,2,1,1,"Complete coverage",0.25,0.5,0.25,0.125,0.375,0.125,0.25,0.125
"OLI575","N.A.","Disorder of sex development","Unknown","European/Caucasian","29891883",0,0,0,0,0,0,0,0,1,1,1,0,0,0,0,6,6,1,2,3,1,1,4,0,0,1,"Complete coverage",0.166666666666667,0.333333333333333,0.5,0.166666666666667,0.166666666666667,0.666666666666667,0,0
"OLI576","N.A.","Hypodontia","Unknown","Turkish","28813618",0,1,1,1,1,1,0,1,1,1,1,1,1,0,0,2,1,0,0,1,0,0,1,0,0,0.5,"Partial coverage",0,0,1,0,0,1,0,0
"OLI577","N.A.","Hypodontia","Unknown","Turkish","28813618",0,0,0,0,1,1,0,1,0,0,0,0,0,0,0,3,3,2,0,1,0,1,1,1,0,1,"Complete coverage",0.666666666666667,0,0.333333333333333,0,0.333333333333333,0.333333333333333,0.333333333333333,0
"OLI578","606640; 607485; 205250; 617892; 600795; 608627; 606070; 300857; 608030; 614696; 615515; 105400; 613954; 617839; 612069; 616208; 600274; 172700; 612577; 608031; 616437; 615426; 613435; 611895; 614808","Amyotrophic lateral sclerosis; Frontotemporal dementia","Monogenic+Modifier","Unknown","29080331",1,0,0,0,1,1,0,1,0,0,0,0,0,0,0,1,1,0,1,0,0,0,0,1,0,1,"Complete coverage",0,1,0,0,0,0,1,0
"OLI579","606640; 607485; 205250; 617892; 600795; 608627; 606070; 300857; 608030; 614696; 615515; 105400; 613954; 617839; 612069; 616208; 600274; 172700; 612577; 608031; 616437; 615426; 613435; 611895; 614808","Amyotrophic lateral sclerosis; Frontotemporal dementia","Monogenic+Modifier","Unknown","29080331",1,0,0,0,1,1,0,1,1,0,1,1,1,0,0,1,1,0,1,0,0,0,0,1,0,1,"Complete coverage",0,1,0,0,0,0,1,0
"OLI580","N.A.","Congenital hypothyroidism","Unknown","European/Caucasian","28444304",0,0,0,0,0,0,0,0,0,0,0,0,0,0,0,1,1,0,0,1,0,1,0,0,0,1,"Complete coverage",0,0,1,0,1,0,0,0
"OLI581","N.A.","Congenital hypothyroidism","Unknown","European/Caucasian","28444304",1,0,0,0,0,0,1,1,1,1,1,0,1,0,0,2,2,0,2,0,0,1,1,0,0,1,"Complete coverage",0,1,0,0,0.5,0.5,0,0
"OLI582","N.A.","Congenital hypothyroidism","Unknown","European/Caucasian","28444304",1,0,0,0,0,0,0,0,0,0,0,0,0,0,0,2,2,0,0,2,0,1,0,1,0,1,"Complete coverage",0,0,1,0,0.5,0,0.5,0
"OLI583","N.A.","Congenital hypothyroidism","Unknown","European/Caucasian","28444304",1,0,0,0,0,0,0,0,0,0,0,0,0,0,0,3,3,0,1,2,0,0,2,1,0,1,"Complete coverage",0,0.333333333333333,0.666666666666667,0,0,0.666666666666667,0.333333333333333,0
"OLI584","N.A.","Congenital hypothyroidism","Unknown","European/Caucasian","28444304",0,0,0,0,0,0,1,1,0,0,0,0,0,0,0,3,3,0,2,1,0,0,2,1,0,1,"Complete coverage",0,0.666666666666667,0.333333333333333,0,0,0.666666666666667,0.333333333333333,0
"OLI585","N.A.","Congenital hypothyroidism","Unknown","European/Caucasian","28444304",1,0,0,0,0,0,0,0,0,1,1,0,0,0,0,4,4,3,0,1,1,0,2,1,0,1,"Complete coverage",0.75,0,0.25,0.25,0,0.5,0.25,0
"OLI586","N.A.","Congenital hypothyroidism","Unknown","European/Caucasian","28444304",0,0,0,0,0,0,2,2,0,0,0,0,0,0,0,3,3,0,2,1,1,0,2,0,0,1,"Complete coverage",0,0.666666666666667,0.333333333333333,0.333333333333333,0,0.666666666666667,0,0
"OLI587","N.A.","Congenital hypothyroidism","Unknown","European/Caucasian","28444304",0,0,0,0,0,2,0,2,0,0,0,0,0,0,0,2,2,0,1,1,0,1,1,0,0,1,"Complete coverage",0,0.5,0.5,0,0.5,0.5,0,0
"OLI588","N.A.","Congenital hypothyroidism","Unknown","European/Caucasian","28444304",0,0,0,0,0,0,0,0,1,0,1,0,0,0,0,1,1,0,1,0,0,0,1,0,0,1,"Complete coverage",0,1,0,0,0,1,0,0
"OLI589","N.A.","Congenital hypothyroidism","Unknown","European/Caucasian","28444304",1,0,0,0,0,0,0,0,1,1,1,0,0,0,0,3,2,1,1,0,1,0,1,0,0,0.666666666666667,"Partial coverage",0.5,0.5,0,0.5,0,0.5,0,0
"OLI590","N.A.","Congenital hypothyroidism","Unknown","European/Caucasian","28444304",0,0,0,0,0,2,0,2,1,1,1,0,2,0,0,2,2,2,0,0,0,1,1,0,0,1,"Complete coverage",1,0,0,0,0.5,0.5,0,0
"OLI591","N.A.","Congenital hypothyroidism","Unknown","European/Caucasian","28444304",0,0,0,0,0,0,2,2,0,0,0,0,0,0,0,3,3,2,0,1,0,0,1,1,1,1,"Complete coverage",0.666666666666667,0,0.333333333333333,0,0,0.333333333333333,0.333333333333333,0.333333333333333
"OLI592","N.A.","Congenital hypothyroidism","Unknown","European/Caucasian","28444304",0,0,0,0,0,2,0,2,0,0,0,0,0,0,0,1,1,0,0,1,0,0,1,0,0,1,"Complete coverage",0,0,1,0,0,1,0,0
"OLI593","N.A.","Congenital hypothyroidism","Unknown","European/Caucasian","28444304",1,0,0,0,0,0,0,0,0,1,1,0,0,0,0,2,2,1,0,1,0,1,0,1,0,1,"Complete coverage",0.5,0,0.5,0,0.5,0,0.5,0
"OLI594","N.A.","Congenital hypothyroidism","Unknown","European/Caucasian","28444304",1,0,0,0,0,0,2,2,0,0,0,0,0,0,0,5,5,2,0,2,0,0,2,2,1,1,"Complete coverage",0.4,0,0.4,0,0,0.4,0.4,0.2
"OLI595","N.A.","Congenital hypothyroidism","Unknown","European/Caucasian","28444304",0,0,0,0,0,0,0,0,0,1,1,0,0,0,0,2,2,1,0,1,1,0,0,1,0,1,"Complete coverage",0.5,0,0.5,0.5,0,0,0.5,0
"OLI596","N.A.","Congenital hypothyroidism","Unknown","European/Caucasian","28444304",2,0,0,0,0,0,2,2,0,0,0,0,0,0,0,2,2,1,0,1,1,0,1,0,0,1,"Complete coverage",0.5,0,0.5,0.5,0,0.5,0,0
"OLI597","N.A.","Disorder of sex development","Unknown","South American","31555317",0,0,0,0,1,1,0,1,0,0,0,0,0,0,0,10,10,2,2,6,0,2,4,3,1,1,"Complete coverage",0.2,0.2,0.6,0,0.2,0.4,0.3,0.1
"OLI598","N.A.","Disorder of sex development","Unknown","European/caucasian","31555317",0,0,0,0,1,1,0,1,0,1,1,0,1,0,0,2,2,0,1,0,0,1,0,0,1,1,"Complete coverage",0,0.5,0,0,0.5,0,0,0.5
"OLI599","N.A.","Disorder of sex development","Unknown","European/caucasian","31555317",0,0,0,0,1,1,0,1,0,0,0,0,0,0,0,3,3,0,0,2,0,0,3,0,0,1,"Complete coverage",0,0,0.666666666666667,0,0,1,0,0
"OLI600","N.A.","Disorder of sex development","Unknown","European/caucasian","31555317",0,1,0,1,1,1,0,1,0,0,0,0,0,0,0,5,5,0,1,3,1,0,3,1,0,1,"Complete coverage",0,0.2,0.6,0.2,0,0.6,0.2,0
"OLI601","N.A.","Disorder of sex development","Unknown","European/caucasian","31555317",0,1,0,1,1,1,0,1,0,0,0,0,0,0,0,7,7,0,3,4,0,0,7,0,0,1,"Complete coverage",0,0.428571428571429,0.571428571428571,0,0,1,0,0
"OLI602","N.A.","Disorder of sex development","Unknown","North African","31555317",0,0,0,0,1,1,0,1,0,0,0,0,0,0,0,17,17,1,4,12,1,8,6,1,1,1,"Complete coverage",0.0588235294117647,0.235294117647059,0.705882352941177,0.0588235294117647,0.470588235294118,0.352941176470588,0.0588235294117647,0.0588235294117647
"OLI603","N.A.","Disorder of sex development","Unknown","European/caucasian","31555317",0,0,0,0,1,1,0,1,0,0,0,0,0,0,0,6,5,1,1,3,0,0,3,1,1,0.833333333333333,"Partial coverage",0.2,0.2,0.6,0,0,0.6,0.2,0.2
"OLI604","N.A.","Disorder of sex development","Unknown","European/caucasian","31555317",0,0,0,0,1,1,0,1,0,0,0,0,0,0,0,15,14,0,7,5,1,6,6,0,1,0.933333333333333,"Partial coverage",0,0.5,0.357142857142857,0.0714285714285714,0.428571428571429,0.428571428571429,0,0.0714285714285714
"OLI605","606640; 607485; 205250; 617892; 600795; 608627; 606070; 300857; 608030; 614696; 615515; 105400; 613954; 617839; 612069; 616208; 600274; 172700; 612577; 608031; 616437; 615426; 613435; 611895; 614808","Amyotrophic lateral sclerosis; Frontotemporal dementia","Unknown","European/Caucasian","29480190",0,0,0,0,0,0,0,0,0,0,0,0,0,0,0,1,1,0,1,0,0,0,1,0,0,1,"Complete coverage",0,1,0,0,0,1,0,0
"OLI606","615373; 601494; 300580; 601493; 609470; 615396; 617760; 604169; 615092; 255310; 613424; 611878; 613426","Left ventricular noncompaction","Monogenic+Modifier","Unknown","31147515",2,0,0,0,3,3,0,3,3,1,3,3,3,3,3,3,3,1,1,1,1,1,1,0,0,1,"Complete coverage",0.333333333333333,0.333333333333333,0.333333333333333,0.333333333333333,0.333333333333333,0.333333333333333,0,0
"OLI607","617205; 270100; 306955; 606325; 614779; 616749; 605376; 613751; 601086","Heterotaxia","True Digenic","European/Caucasian","26918822",2,1,0,1,3,3,0,3,0,1,1,1,2,1,2,2,2,1,0,1,1,0,0,1,0,1,"Complete coverage",0.5,0,0.5,0.5,0,0,0.5,0
"OLI608","617205; 270100; 306955; 606325; 614779; 616749; 605376; 613751; 601086","Heterotaxia","Unknown","Japanese","26918822",0,1,0,1,3,3,0,3,0,0,0,1,1,0,0,2,2,0,1,1,0,1,0,1,0,1,"Complete coverage",0,0.5,0.5,0,0.5,0,0.5,0
"OLI609","617205; 270100; 306955; 606325; 614779; 616749; 605376; 613751; 601086","Heterotaxia","Unknown","Japanese","26918822",0,1,0,1,3,3,0,3,0,0,0,1,1,0,0,2,2,0,1,1,0,0,1,1,0,1,"Complete coverage",0,0.5,0.5,0,0,0.5,0.5,0
"OLI610","617205; 270100; 306955; 606325; 614779; 616749; 605376; 613751; 601086","Heterotaxia","Unknown","Japanese","26918822",0,1,0,1,3,3,0,3,0,1,1,1,2,0,1,2,2,0,2,0,0,0,1,1,0,1,"Complete coverage",0,1,0,0,0,0.5,0.5,0
"OLI611","617205; 270100; 306955; 606325; 614779; 616749; 605376; 613751; 601086","Heterotaxia","Unknown","Caucasian","26918822",0,1,0,1,0,0,0,0,0,1,1,0,0,0,0,3,3,0,3,0,0,0,2,1,0,1,"Complete coverage",0,1,0,0,0,0.666666666666667,0.333333333333333,0
"OLI612","617205; 270100; 306955; 606325; 614779; 616749; 605376; 613751; 601086","Heterotaxia","Unknown","African","26918822",0,1,0,1,0,0,0,0,0,0,0,0,0,0,0,3,3,1,0,2,0,1,0,1,1,1,"Complete coverage",0.333333333333333,0,0.666666666666667,0,0.333333333333333,0,0.333333333333333,0.333333333333333
"OLI613","617119; 615993; 615982; 615989; 605231; 615995; 600151; 615985; 615981; 615996; 615988; 615992; 615994; 615987; 209900; 615986; 615991; 615983; 617406; 615984; 615990","Bardet-Biedl syndrome","Unknown","Middle eastern","27486776",1,1,0,1,3,3,0,3,0,0,0,1,1,1,1,1,1,0,0,1,0,1,0,0,0,1,"Complete coverage",0,0,1,0,1,0,0,0
"OLI614","617119; 615993; 615982; 615989; 605231; 615995; 600151; 615985; 615981; 615996; 615988; 615992; 615994; 615987; 209900; 615986; 615991; 615983; 617406; 615984; 615990","Bardet-Biedl syndrome","Unknown","Unknown","27486776",1,0,0,0,3,3,2,3,0,0,0,1,1,0,0,2,2,1,1,0,0,0,2,0,0,1,"Complete coverage",0.5,0.5,0,0,0,1,0,0
"OLI615","617119; 615993; 615982; 615989; 605231; 615995; 600151; 615985; 615981; 615996; 615988; 615992; 615994; 615987; 209900; 615986; 615991; 615983; 617406; 615984; 615990","Bardet-Biedl syndrome","Unknown","Unknown","27486776",0,0,0,0,3,3,0,3,0,0,0,1,1,0,0,1,0,0,0,0,0,0,0,0,0,0,"No coverage",NA,NA,NA,NA,NA,NA,NA,NA
"OLI616","617119; 615993; 615982; 615989; 605231; 615995; 600151; 615985; 615981; 615996; 615988; 615992; 615994; 615987; 209900; 615986; 615991; 615983; 617406; 615984; 615990","Bardet-Biedl syndrome","Unknown","Unknown","27486776",0,0,0,0,3,3,0,3,0,0,0,1,1,0,0,1,1,0,1,0,0,0,1,0,0,1,"Complete coverage",0,1,0,0,0,1,0,0
"OLI617","617119; 615993; 615982; 615989; 605231; 615995; 600151; 615985; 615981; 615996; 615988; 615992; 615994; 615987; 209900; 615986; 615991; 615983; 617406; 615984; 615990","Bardet-Biedl syndrome","Unknown","Unknown","27486776",0,0,0,0,2,2,0,2,1,0,1,2,2,0,0,5,4,1,3,0,0,0,2,2,0,0.8,"Partial coverage",0.25,0.75,0,0,0,0.5,0.5,0
"OLI618","617119; 615993; 615982; 615989; 605231; 615995; 600151; 615985; 615981; 615996; 615988; 615992; 615994; 615987; 209900; 615986; 615991; 615983; 617406; 615984; 615990","Bardet-Biedl syndrome","Unknown","Unknown","27486776",0,0,0,0,3,3,2,3,0,0,0,1,1,0,0,2,0,0,0,0,0,0,0,0,0,0,"No coverage",NA,NA,NA,NA,NA,NA,NA,NA
"OLI619","617119; 615993; 615982; 615989; 605231; 615995; 600151; 615985; 615981; 615996; 615988; 615992; 615994; 615987; 209900; 615986; 615991; 615983; 617406; 615984; 615990","Bardet-Biedl syndrome","Unknown","Unknown","27486776",0,0,0,0,0,1,2,2,0,0,0,0,0,0,0,2,1,0,0,1,1,0,0,0,0,0.5,"Partial coverage",0,0,1,1,0,0,0,0
"OLI620","617119; 615993; 615982; 615989; 605231; 615995; 600151; 615985; 615981; 615996; 615988; 615992; 615994; 615987; 209900; 615986; 615991; 615983; 617406; 615984; 615990","Bardet-Biedl syndrome","Unknown","Unknown","27486776",0,0,0,0,1,1,0,1,0,0,0,0,0,0,0,3,3,1,1,1,1,0,2,0,0,1,"Complete coverage",0.333333333333333,0.333333333333333,0.333333333333333,0.333333333333333,0,0.666666666666667,0,0
"OLI621","617119; 615993; 615982; 615989; 605231; 615995; 600151; 615985; 615981; 615996; 615988; 615992; 615994; 615987; 209900; 615986; 615991; 615983; 617406; 615984; 615990","Bardet-Biedl syndrome","Unknown","Unknown","27486776",1,0,0,0,3,3,0,3,0,0,0,1,1,0,0,1,1,0,0,1,1,0,0,0,0,1,"Complete coverage",0,0,1,1,0,0,0,0
"OLI622","617119; 615993; 615982; 615989; 605231; 615995; 600151; 615985; 615981; 615996; 615988; 615992; 615994; 615987; 209900; 615986; 615991; 615983; 617406; 615984; 615990","Bardet-Biedl syndrome","Unknown","Unknown","27486776",0,0,0,0,1,1,2,2,0,0,0,0,0,0,0,3,3,0,2,1,1,1,1,0,0,1,"Complete coverage",0,0.666666666666667,0.333333333333333,0.333333333333333,0.333333333333333,0.333333333333333,0,0
"OLI623","617119; 615993; 615982; 615989; 605231; 615995; 600151; 615985; 615981; 615996; 615988; 615992; 615994; 615987; 209900; 615986; 615991; 615983; 617406; 615984; 615990","Bardet-Biedl syndrome","Unknown","Unknown","27486776",0,0,0,0,1,1,2,2,1,0,1,1,2,0,0,2,2,1,1,0,1,0,1,0,0,1,"Complete coverage",0.5,0.5,0,0.5,0,0.5,0,0
"OLI624","606640; 205250; 617892; 608627; 606070; 300857; 608030; 614696; 615515; 105400; 613954; 617839; 612069; 616208; 612577; 608031; 616437; 615426; 613435; 611895; 614808","Amyotrophic lateral sclerosis","Unknown","European/Caucasian","32409511",0,1,0,1,0,0,0,0,0,0,0,0,0,0,0,1,1,0,1,0,0,0,1,0,0,1,"Complete coverage",0,1,0,0,0,1,0,0
"OLI625","606640; 205250; 617892; 608627; 606070; 300857; 608030; 614696; 615515; 105400; 613954; 617839; 612069; 616208; 612577; 608031; 616437; 615426; 613435; 611895; 614808","Amyotrophic lateral sclerosis","Unknown","European/Caucasian","32409511",0,1,0,1,0,0,0,0,0,0,0,0,0,0,0,1,1,0,0,1,0,0,1,0,0,1,"Complete coverage",0,0,1,0,0,1,0,0
"OLI626","606640; 205250; 617892; 608627; 606070; 300857; 608030; 614696; 615515; 105400; 613954; 617839; 612069; 616208; 612577; 608031; 616437; 615426; 613435; 611895; 614808","Amyotrophic lateral sclerosis","Unknown","European/Caucasian","32409511",0,1,0,1,0,0,0,0,0,0,0,0,0,0,0,1,1,0,1,0,0,0,1,0,0,1,"Complete coverage",0,1,0,0,0,1,0,0
"OLI627","606640; 205250; 617892; 608627; 606070; 300857; 608030; 614696; 615515; 105400; 613954; 617839; 612069; 616208; 612577; 608031; 616437; 615426; 613435; 611895; 614808","Amyotrophic lateral sclerosis","Unknown","European/Caucasian","32409511",0,1,0,1,0,0,0,0,0,0,0,0,0,0,0,1,1,0,1,0,0,0,1,0,0,1,"Complete coverage",0,1,0,0,0,1,0,0
"OLI628","606640; 205250; 617892; 608627; 606070; 300857; 608030; 614696; 615515; 105400; 613954; 617839; 612069; 616208; 612577; 608031; 616437; 615426; 613435; 611895; 614808","Amyotrophic lateral sclerosis","Unknown","European/Caucasian","32409511",0,1,0,1,0,0,0,0,0,0,0,0,0,0,0,1,1,0,0,1,0,0,1,0,0,1,"Complete coverage",0,0,1,0,0,1,0,0
"OLI629","606640; 205250; 617892; 608627; 606070; 300857; 608030; 614696; 615515; 105400; 613954; 617839; 612069; 616208; 612577; 608031; 616437; 615426; 613435; 611895; 614808","Amyotrophic lateral sclerosis","Unknown","European/Caucasian","32409511",0,1,0,1,0,0,0,0,0,0,0,0,0,0,0,2,2,0,1,1,0,0,2,0,0,1,"Complete coverage",0,0.5,0.5,0,0,1,0,0
"OLI630","606640; 205250; 617892; 608627; 606070; 300857; 608030; 614696; 615515; 105400; 613954; 617839; 612069; 616208; 612577; 608031; 616437; 615426; 613435; 611895; 614808","Amyotrophic lateral sclerosis","Unknown","European/Caucasian","32409511",0,1,0,1,0,1,0,1,0,0,0,0,0,0,0,1,1,0,1,0,0,1,0,0,0,1,"Complete coverage",0,1,0,0,1,0,0,0
"OLI631","606640; 205250; 617892; 608627; 606070; 300857; 608030; 614696; 615515; 105400; 613954; 617839; 612069; 616208; 612577; 608031; 616437; 615426; 613435; 611895; 614808","Amyotrophic lateral sclerosis","Unknown","European/Caucasian","32409511",0,1,0,1,0,1,0,1,0,0,0,0,0,0,0,1,1,0,1,0,0,0,1,0,0,1,"Complete coverage",0,1,0,0,0,1,0,0
"OLI632","606640; 205250; 617892; 608627; 606070; 300857; 608030; 614696; 615515; 105400; 613954; 617839; 612069; 616208; 612577; 608031; 616437; 615426; 613435; 611895; 614808","Amyotrophic lateral sclerosis","Unknown","European/Caucasian","32409511",0,1,0,1,0,0,0,0,0,0,0,0,0,0,0,1,1,0,0,1,0,0,1,0,0,1,"Complete coverage",0,0,1,0,0,1,0,0
"OLI633","606640; 205250; 617892; 608627; 606070; 300857; 608030; 614696; 615515; 105400; 613954; 617839; 612069; 616208; 612577; 608031; 616437; 615426; 613435; 611895; 614808","Amyotrophic lateral sclerosis","Unknown","European/Caucasian","32409511",0,1,0,1,0,0,2,2,0,0,0,0,0,0,0,1,1,0,0,1,0,0,1,0,0,1,"Complete coverage",0,0,1,0,0,1,0,0
"OLI634","606640; 205250; 617892; 608627; 606070; 300857; 608030; 614696; 615515; 105400; 613954; 617839; 612069; 616208; 612577; 608031; 616437; 615426; 613435; 611895; 614808","Amyotrophic lateral sclerosis","Unknown","European/Caucasian","32409511",0,1,1,1,0,0,0,0,0,0,0,0,0,0,0,3,3,1,0,2,1,0,2,0,0,1,"Complete coverage",0.333333333333333,0,0.666666666666667,0.333333333333333,0,0.666666666666667,0,0
"OLI635","606640; 205250; 617892; 608627; 606070; 300857; 608030; 614696; 615515; 105400; 613954; 617839; 612069; 616208; 612577; 608031; 616437; 615426; 613435; 611895; 614808","Amyotrophic lateral sclerosis","Unknown","European/Caucasian","32409511",0,1,1,1,0,0,0,0,0,0,0,0,0,0,0,2,2,1,1,0,1,0,1,0,0,1,"Complete coverage",0.5,0.5,0,0.5,0,0.5,0,0
"OLI636","606640; 205250; 617892; 608627; 606070; 300857; 608030; 614696; 615515; 105400; 613954; 617839; 612069; 616208; 612577; 608031; 616437; 615426; 613435; 611895; 614808","Amyotrophic lateral sclerosis","Unknown","European/Caucasian","32409511",0,1,1,1,0,1,2,2,0,0,0,0,0,0,0,2,2,1,0,1,1,0,1,0,0,1,"Complete coverage",0.5,0,0.5,0.5,0,0.5,0,0
"OLI637","606640; 205250; 617892; 608627; 606070; 300857; 608030; 614696; 615515; 105400; 613954; 617839; 612069; 616208; 612577; 608031; 616437; 615426; 613435; 611895; 614808","Amyotrophic lateral sclerosis","Unknown","Australian","23463871",0,0,0,0,0,0,0,0,0,0,0,0,0,0,0,1,1,0,1,0,0,0,1,0,0,1,"Complete coverage",0,1,0,0,0,1,0,0
"OLI638","606640; 205250; 617892; 608627; 606070; 300857; 608030; 614696; 615515; 105400; 613954; 617839; 612069; 616208; 612577; 608031; 616437; 615426; 613435; 611895; 614808","Amyotrophic lateral sclerosis","Unknown","Australian","23463871",0,0,0,0,0,0,0,0,0,0,0,0,0,0,0,1,1,0,1,0,0,0,0,0,1,1,"Complete coverage",0,1,0,0,0,0,0,1
"OLI639","N.A.","Renal dysplasia","True Digenic","Unknown","23262432",3,1,0,1,2,2,0,2,2,1,2,2,2,3,3,2,2,0,1,1,0,1,0,0,1,1,"Complete coverage",0,0.5,0.5,0,0.5,0,0,0.5
"OLI640","615636; 616490; 618161; 610688; 614615; 616781; 616784; 213300; 617121; 614970; 612291; 616654; 614424; 617761; 614173; 617622; 617120; 614464","Joubert syndrome","Unknown","European/Caucasian","32164589",0,0,0,0,2,2,0,2,1,1,1,2,2,0,0,2,1,0,1,0,0,1,0,0,0,0.5,"Partial coverage",0,1,0,0,1,0,0,0
"OLI641","606640; 607485; 205250; 617892; 600795; 608627; 606070; 300857; 608030; 614696; 615515; 105400; 613954; 617839; 612069; 616208; 600274; 172700; 612577; 608031; 616437; 615426; 613435; 611895; 614808","Amyotrophic lateral sclerosis; Frontotemporal dementia","Unknown","European/Caucasian","31000212",0,0,0,0,2,2,2,2,0,1,1,0,2,0,0,2,2,0,1,1,1,1,0,0,0,1,"Complete coverage",0,0.5,0.5,0.5,0.5,0,0,0
"OLI642","606640; 205250; 617892; 608627; 606070; 300857; 608030; 614696; 615515; 105400; 613954; 617839; 612069; 616208; 612577; 608031; 616437; 615426; 613435; 611895; 614808","Amyotrophic lateral sclerosis","Unknown","European/Caucasian","31000212",0,0,0,0,1,1,0,1,0,1,1,0,1,0,0,2,2,0,0,1,1,1,0,0,0,1,"Complete coverage",0,0,0.5,0.5,0.5,0,0,0
"OLI643","606640; 205250; 617892; 608627; 606070; 300857; 608030; 614696; 615515; 105400; 613954; 617839; 612069; 616208; 612577; 608031; 616437; 615426; 613435; 611895; 614808","Amyotrophic lateral sclerosis","Unknown","European/Caucasian","31000212",0,0,0,0,1,1,0,1,0,0,0,0,0,0,0,2,2,0,1,1,0,0,2,0,0,1,"Complete coverage",0,0.5,0.5,0,0,1,0,0
"OLI644","606640; 205250; 617892; 608627; 606070; 300857; 608030; 614696; 615515; 105400; 613954; 617839; 612069; 616208; 612577; 608031; 616437; 615426; 613435; 611895; 614808","Amyotrophic lateral sclerosis","Unknown","European/Caucasian","31000212",0,0,0,0,2,2,2,2,0,1,1,0,2,0,0,2,2,1,0,1,1,0,0,1,0,1,"Complete coverage",0.5,0,0.5,0.5,0,0,0.5,0
"OLI645","613601","Early repolarization syndrome","Unknown","East Asian","28493952",1,1,1,1,2,2,0,2,2,0,2,2,2,1,1,2,2,0,2,0,0,0,1,1,0,1,"Complete coverage",0,1,0,0,0,0.5,0.5,0
"OLI646","N.A.","Schizophrenia","Unknown","South Asian","31813803",1,1,0,1,1,1,0,1,1,1,1,1,1,1,1,5,5,0,4,1,0,1,2,2,0,1,"Complete coverage",0,0.8,0.2,0,0.2,0.4,0.4,0
"OLI647","N.A.","Sudden infant death syndrome","Unknown","Tunisian","31970460",1,1,0,1,2,2,0,2,1,1,1,2,2,1,1,8,8,1,6,1,1,1,3,0,3,1,"Complete coverage",0.125,0.75,0.125,0.125,0.125,0.375,0,0.375
"OLI648","614840; 615271; 615269; 615270; 147950; 308700; 618841; 614838; 612370; 616030; 614837; 615267; 614880; 615266; 614897; 612702; 244200; 614858; 610628","Kallmann syndrome","Unknown","Unknown","30467832",0,0,0,0,0,0,1,1,0,1,1,0,1,0,0,3,3,1,2,0,0,0,0,3,0,1,"Complete coverage",0.333333333333333,0.666666666666667,0,0,0,0,1,0
"OLI649","614840; 615271; 615269; 615270; 147950; 308700; 618841; 614838; 612370; 616030; 614837; 615267; 614880; 615266; 614897; 612702; 244200; 614858; 610628","Kallmann syndrome","Unknown","Unknown","30467832",0,0,0,0,0,0,0,0,0,0,0,0,0,0,0,3,3,0,0,3,0,0,0,3,0,1,"Complete coverage",0,0,1,0,0,0,1,0
"OLI650","N.A.","Congenital hypogonadotropic hypogonadism","Unknown","Unknown","30467832",0,0,0,0,0,0,1,1,0,1,1,0,1,0,0,2,2,0,2,0,0,0,0,1,1,1,"Complete coverage",0,1,0,0,0,0,0.5,0.5
"OLI651","N.A.","Congenital hypogonadotropic hypogonadism","Unknown","Unknown","30467832",0,0,0,0,0,0,0,0,0,0,0,0,0,0,0,3,3,0,1,2,0,0,0,3,0,1,"Complete coverage",0,0.333333333333333,0.666666666666667,0,0,0,1,0
"OLI652","N.A.","Congenital hypogonadotropic hypogonadism","Unknown","Unknown","30467832",0,0,0,0,0,0,1,1,0,1,1,0,1,0,0,3,3,0,1,1,1,0,0,2,0,1,"Complete coverage",0,0.333333333333333,0.333333333333333,0.333333333333333,0,0,0.666666666666667,0
"OLI653","N.A.","Congenital hypogonadotropic hypogonadism","Unknown","Unknown","30467832",0,0,0,0,0,0,0,0,0,1,1,0,0,0,0,2,2,0,1,1,0,1,1,0,0,1,"Complete coverage",0,0.5,0.5,0,0.5,0.5,0,0
"OLI654","N.A.","Congenital hypogonadotropic hypogonadism","Unknown","Unknown","30467832",0,0,0,0,0,0,0,0,0,1,1,0,0,0,0,2,2,0,1,1,0,1,0,1,0,1,"Complete coverage",0,0.5,0.5,0,0.5,0,0.5,0
"OLI655","606640; 205250; 617892; 608627; 606070; 300857; 608030; 614696; 615515; 105400; 613954; 617839; 612069; 616208; 612577; 608031; 616437; 615426; 613435; 611895; 614808","Amyotrophic lateral sclerosis","Unknown","Unknown","29525178",0,0,0,0,0,0,0,0,0,0,0,0,0,0,0,1,1,0,1,0,0,1,0,0,0,1,"Complete coverage",0,1,0,0,1,0,0,0
"OLI656","606640; 205250; 617892; 608627; 606070; 300857; 608030; 614696; 615515; 105400; 613954; 617839; 612069; 616208; 612577; 608031; 616437; 615426; 613435; 611895; 614808","Amyotrophic lateral sclerosis","Unknown","Unknown","29525178",0,0,0,0,0,0,0,0,0,0,0,0,0,0,0,1,0,0,0,0,0,0,0,0,0,0,"No coverage",NA,NA,NA,NA,NA,NA,NA,NA
"OLI657","606640; 205250; 617892; 608627; 606070; 300857; 608030; 614696; 615515; 105400; 613954; 617839; 612069; 616208; 612577; 608031; 616437; 615426; 613435; 611895; 614808","Amyotrophic lateral sclerosis","Unknown","Unknown","29525178",0,0,0,0,0,0,0,0,0,0,0,0,0,0,0,1,1,1,0,0,0,0,0,1,0,1,"Complete coverage",1,0,0,0,0,0,1,0
"OLI658","606640; 205250; 617892; 608627; 606070; 300857; 608030; 614696; 615515; 105400; 613954; 617839; 612069; 616208; 612577; 608031; 616437; 615426; 613435; 611895; 614808","Amyotrophic lateral sclerosis","Unknown","Unknown","29525178",0,0,1,1,0,0,0,0,1,1,1,0,0,0,0,2,1,0,0,1,0,0,1,0,0,0.5,"Partial coverage",0,0,1,0,0,1,0,0
"OLI659","606640; 205250; 617892; 608627; 606070; 300857; 608030; 614696; 615515; 105400; 613954; 617839; 612069; 616208; 612577; 608031; 616437; 615426; 613435; 611895; 614808","Amyotrophic lateral sclerosis","Unknown","Unknown","29525178",0,0,0,0,0,0,2,2,0,1,1,0,2,0,0,2,1,0,1,0,0,0,1,0,0,0.5,"Partial coverage",0,1,0,0,0,1,0,0
"OLI660","606640; 205250; 617892; 608627; 606070; 300857; 608030; 614696; 615515; 105400; 613954; 617839; 612069; 616208; 612577; 608031; 616437; 615426; 613435; 611895; 614808","Amyotrophic lateral sclerosis","Unknown","Unknown","29525178",0,0,0,0,0,0,0,0,0,1,1,0,0,0,0,2,2,0,2,0,1,0,0,1,0,1,"Complete coverage",0,1,0,0.5,0,0,0.5,0
"OLI661","606640; 205250; 617892; 608627; 606070; 300857; 608030; 614696; 615515; 105400; 613954; 617839; 612069; 616208; 612577; 608031; 616437; 615426; 613435; 611895; 614808","Amyotrophic lateral sclerosis","Unknown","Unknown","29525178",0,0,0,0,0,0,0,0,0,0,0,0,0,0,0,3,3,0,1,2,0,1,2,0,0,1,"Complete coverage",0,0.333333333333333,0.666666666666667,0,0.333333333333333,0.666666666666667,0,0
"OLI662","606640; 205250; 617892; 608627; 606070; 300857; 608030; 614696; 615515; 105400; 613954; 617839; 612069; 616208; 612577; 608031; 616437; 615426; 613435; 611895; 614808","Amyotrophic lateral sclerosis","Unknown","Unknown","29525178",0,1,0,1,0,0,0,0,0,1,1,0,0,0,0,2,2,0,1,0,0,0,1,1,0,1,"Complete coverage",0,0.5,0,0,0,0.5,0.5,0
"OLI663","606640; 205250; 617892; 608627; 606070; 300857; 608030; 614696; 615515; 105400; 613954; 617839; 612069; 616208; 612577; 608031; 616437; 615426; 613435; 611895; 614808","Amyotrophic lateral sclerosis","Unknown","Unknown","29525178",0,1,1,1,0,0,0,0,1,1,1,0,0,0,0,2,2,1,1,0,0,0,2,0,0,1,"Complete coverage",0.5,0.5,0,0,0,1,0,0
"OLI664","606640; 205250; 617892; 608627; 606070; 300857; 608030; 614696; 615515; 105400; 613954; 617839; 612069; 616208; 612577; 608031; 616437; 615426; 613435; 611895; 614808","Amyotrophic lateral sclerosis","Unknown","Unknown","29525178",0,0,0,0,0,0,0,0,1,1,1,0,0,0,0,2,2,1,1,0,0,0,1,1,0,1,"Complete coverage",0.5,0.5,0,0,0,0.5,0.5,0
"OLI665","606640; 205250; 617892; 608627; 606070; 300857; 608030; 614696; 615515; 105400; 613954; 617839; 612069; 616208; 612577; 608031; 616437; 615426; 613435; 611895; 614808","Amyotrophic lateral sclerosis","Unknown","Unknown","29525178",0,0,0,0,0,0,0,0,0,0,0,0,0,0,0,2,2,0,0,2,0,0,2,0,0,1,"Complete coverage",0,0,1,0,0,1,0,0
"OLI666","606640; 205250; 617892; 608627; 606070; 300857; 608030; 614696; 615515; 105400; 613954; 617839; 612069; 616208; 612577; 608031; 616437; 615426; 613435; 611895; 614808","Amyotrophic lateral sclerosis","Unknown","Unknown","29525178",0,1,0,1,0,0,0,0,0,0,0,0,0,0,0,2,2,0,2,0,0,0,1,0,1,1,"Complete coverage",0,1,0,0,0,0.5,0,0.5
"OLI667","N.A.","46,XY disorder of sex development","Unknown","Unknown","33202802",1,0,0,0,2,2,0,2,1,1,1,2,2,1,1,2,2,1,1,0,1,0,1,0,0,1,"Complete coverage",0.5,0.5,0,0.5,0,0.5,0,0
"OLI668","N.A.","46,XY disorder of sex development","Unknown","Unknown","33202802",0,0,0,0,2,2,0,2,0,0,0,0,0,0,0,2,2,0,0,2,1,0,1,0,0,1,"Complete coverage",0,0,1,0.5,0,0.5,0,0
"OLI669","N.A.","46,XY disorder of sex development","True Digenic","Unknown","33202802",2,0,0,0,2,2,0,2,1,1,1,2,2,2,2,2,2,1,0,1,1,0,1,0,0,1,"Complete coverage",0.5,0,0.5,0.5,0,0.5,0,0
"OLI670","N.A.","46,XY disorder of sex development","Unknown","Unknown","29670578",0,0,0,0,1,1,0,1,0,1,1,0,1,0,0,2,2,1,1,0,1,0,1,0,0,1,"Complete coverage",0.5,0.5,0,0.5,0,0.5,0,0
"OLI671","N.A.","46,XY disorder of sex development","Unknown","Unknown","29670578",1,0,0,0,1,1,0,1,1,1,1,1,1,0,0,2,2,1,1,0,1,0,0,1,0,1,"Complete coverage",0.5,0.5,0,0.5,0,0,0.5,0
"OLI672","N.A.","Hypertrophic cardiomyopathy","Unknown","European/Caucasian","28223422",1,1,0,1,0,0,0,0,1,1,1,0,0,0,0,3,3,0,2,1,0,1,2,0,0,1,"Complete coverage",0,0.666666666666667,0.333333333333333,0,0.333333333333333,0.666666666666667,0,0
"OLI673","109650; 614204; 616106","Generalized pustular psoriasis; Behcet disease","Dual Molecular Diagnosis","East Asian","31353537",2,0,0,0,2,2,0,2,1,1,1,2,2,2,2,2,2,0,1,0,2,0,0,0,0,1,"Complete coverage",0,0.5,0,1,0,0,0,0
"OLI674","167800","Hereditary chronic pancreatitis","Unknown","European/Caucasian","23951356",0,0,0,0,2,2,2,2,2,0,2,2,2,0,0,2,2,1,1,0,1,0,1,0,0,1,"Complete coverage",0.5,0.5,0,0.5,0,0.5,0,0
"OLI675","167800","Hereditary chronic pancreatitis","Unknown","European/Caucasian","23951356",0,0,0,0,2,2,2,2,2,0,2,2,2,0,0,2,1,0,1,0,1,0,0,0,0,0.5,"Partial coverage",0,1,0,1,0,0,0,0
"OLI676","167800","Hereditary chronic pancreatitis","Unknown","European/Caucasian","23951356",0,0,0,0,2,2,2,2,2,0,2,2,2,0,0,2,2,1,1,0,1,0,0,0,1,1,"Complete coverage",0.5,0.5,0,0.5,0,0,0,0.5
"OLI677","167800","Hereditary chronic pancreatitis","Unknown","European/Caucasian","23951356",0,0,0,0,2,2,0,2,0,0,0,0,0,0,0,2,2,0,2,0,2,0,0,0,0,1,"Complete coverage",0,1,0,1,0,0,0,0
"OLI678","614226; 236100; 147250; 157170; 605934; 142946; 609637; 612530; 142945; 610828; 610829; 609408","Holoprosencephaly","Unknown","European/Caucasian","30508070",1,1,0,1,2,2,0,2,1,1,1,2,2,1,1,3,3,1,2,0,1,1,1,0,0,1,"Complete coverage",0.333333333333333,0.666666666666667,0,0.333333333333333,0.333333333333333,0.333333333333333,0,0
"OLI679","614226; 236100; 147250; 157170; 605934; 142946; 609637; 612530; 142945; 610828; 610829; 609408","Holoprosencephaly","Unknown","European/Caucasian","30508070",1,1,0,1,2,2,0,2,1,1,1,2,2,1,1,3,3,0,3,0,0,1,1,0,1,1,"Complete coverage",0,1,0,0,0.333333333333333,0.333333333333333,0,0.333333333333333
"OLI680","614226; 236100; 147250; 157170; 605934; 142946; 609637; 612530; 142945; 610828; 610829; 609408","Holoprosencephaly","Unknown","European/Caucasian","30508070",2,1,0,1,2,2,0,2,1,1,1,2,2,2,2,2,2,1,1,0,0,1,1,0,0,1,"Complete coverage",0.5,0.5,0,0,0.5,0.5,0,0
"OLI681","614226; 236100; 147250; 157170; 605934; 142946; 609637; 612530; 142945; 610828; 610829; 609408","Holoprosencephaly","Unknown","European/Caucasian","30508070",1,1,0,1,2,2,0,2,1,1,1,2,2,1,1,3,3,1,2,0,1,1,0,0,1,1,"Complete coverage",0.333333333333333,0.666666666666667,0,0.333333333333333,0.333333333333333,0,0,0.333333333333333
"OLI682","614226; 236100; 147250; 157170; 605934; 142946; 609637; 612530; 142945; 610828; 610829; 609408","Holoprosencephaly","Unknown","European/Caucasian","30508070",1,1,0,1,2,2,0,2,1,1,1,2,2,1,1,3,3,0,2,0,0,2,0,1,0,1,"Complete coverage",0,0.666666666666667,0,0,0.666666666666667,0,0.333333333333333,0
"OLI683","614226; 236100; 147250; 157170; 605934; 142946; 609637; 612530; 142945; 610828; 610829; 609408","Holoprosencephaly","Unknown","European/Caucasian","30508070",1,1,0,1,1,1,0,1,1,1,1,1,1,1,1,5,5,1,4,0,1,2,1,0,1,1,"Complete coverage",0.2,0.8,0,0.2,0.4,0.2,0,0.2
"OLI684","614226; 236100; 147250; 157170; 605934; 142946; 609637; 612530; 142945; 610828; 610829; 609408","Holoprosencephaly","Unknown","European/Caucasian","30508070",1,1,0,1,1,1,0,1,1,1,1,1,1,1,1,2,2,0,2,0,0,2,0,0,0,1,"Complete coverage",0,1,0,0,1,0,0,0
"OLI685","614226; 236100; 147250; 157170; 605934; 142946; 609637; 612530; 142945; 610828; 610829; 609408","Holoprosencephaly","Unknown","European/Caucasian","30508070",2,1,0,1,1,1,0,1,1,1,1,1,1,1,1,2,2,0,2,0,0,0,0,2,0,1,"Complete coverage",0,1,0,0,0,0,1,0
"OLI686","614226; 236100; 147250; 157170; 605934; 142946; 609637; 612530; 142945; 610828; 610829; 609408","Holoprosencephaly","Unknown","South Asian","30508070",1,1,0,1,2,2,0,2,1,1,1,2,2,1,1,4,4,1,3,0,1,1,0,1,1,1,"Complete coverage",0.25,0.75,0,0.25,0.25,0,0.25,0.25
"OLI687","614226; 236100; 147250; 157170; 605934; 142946; 609637; 612530; 142945; 610828; 610829; 609408","Holoprosencephaly","Unknown","European/Caucasian","30508070",1,1,0,1,1,1,0,1,1,0,1,1,1,1,1,2,2,0,2,0,0,0,0,1,1,1,"Complete coverage",0,1,0,0,0,0,0.5,0.5
"OLI688","613112; 187800; 273800; 615193","Autosomal dominant macrothrombocytopenia; Glanzmann thrombasthenia","Monogenic+Modifier","European/Caucasian","31565851",1,0,1,1,2,2,0,2,1,1,1,2,2,1,1,3,3,3,0,0,2,0,0,1,0,1,"Complete coverage",1,0,0,0.666666666666667,0,0,0.333333333333333,0
"OLI689","614840; 125851; 615269; 606394; 613370; 612225; 615270; 147950; 308700; 614838; 613375; 606392; 612370; 616329; 614837; 614842; 614839; 614880; 615266; 609812; 616511; 600496; 125850; 612702; 614841; 244200; 606391; 610508; 146110; 614858; 610628","Normosmic congenital hypogonadotropic hypogonadism","Monogenic+Modifier","European/Caucasian","26277103",1,1,0,1,1,1,0,1,1,1,1,1,1,1,1,3,2,1,1,0,1,0,0,1,0,0.666666666666667,"Partial coverage",0.5,0.5,0,0.5,0,0,0.5,0
"OLI690","N.A.","Isolated anencephaly","Unknown","European/Caucasian","29205322",0,1,0,1,0,0,0,0,1,1,1,0,0,0,0,2,2,0,2,0,0,2,0,0,0,1,"Complete coverage",0,1,0,0,1,0,0,0
"OLI691","N.A.","Isolated anencephaly","Unknown","European/Caucasian","29205322",0,1,0,1,0,0,0,0,1,0,1,0,0,0,0,3,3,0,2,1,0,0,2,1,0,1,"Complete coverage",0,0.666666666666667,0.333333333333333,0,0,0.666666666666667,0.333333333333333,0
"OLI692","N.A.","Isolated anencephaly","Unknown","European/Caucasian","29205322",0,1,0,1,0,0,1,1,1,1,1,0,1,0,0,2,2,1,1,0,0,1,1,0,0,1,"Complete coverage",0.5,0.5,0,0,0.5,0.5,0,0
"OLI693","N.A.","Isolated anencephaly","Unknown","European/Caucasian","29205322",0,1,0,1,0,0,0,0,1,1,1,0,0,0,0,2,2,0,2,0,0,1,0,0,1,1,"Complete coverage",0,1,0,0,0.5,0,0,0.5
"OLI694","N.A.","Isolated anencephaly","Unknown","European/Caucasian","29205322",0,1,0,1,2,2,0,2,1,1,1,2,2,1,1,2,2,0,2,0,0,2,0,0,0,1,"Complete coverage",0,1,0,0,1,0,0,0
"OLI695","N.A.","Isolated anencephaly","Unknown","European/Caucasian","29205322",0,1,0,1,0,0,0,0,1,1,1,0,0,0,0,2,2,1,0,1,0,1,0,1,0,1,"Complete coverage",0.5,0,0.5,0,0.5,0,0.5,0
"OLI696","N.A.","Isolated anencephaly","Unknown","European/Caucasian","29205322",0,1,0,1,0,0,0,0,1,1,1,0,0,0,0,6,5,0,5,0,0,1,2,2,0,0.833333333333333,"Partial coverage",0,1,0,0,0.2,0.4,0.4,0
"OLI697","N.A.","Craniorachischisis","Unknown","European/Caucasian","29205322",0,1,1,1,0,0,1,1,1,1,1,0,1,0,0,2,2,1,1,0,1,0,1,0,0,1,"Complete coverage",0.5,0.5,0,0.5,0,0.5,0,0
"OLI698","N.A.","Isolated anencephaly","Unknown","European/Caucasian","29205322",0,1,0,1,1,1,0,1,1,0,1,1,1,0,0,4,4,0,4,0,0,1,1,0,2,1,"Complete coverage",0,1,0,0,0.25,0.25,0,0.5
"OLI699","N.A.","Isolated anencephaly","Unknown","European/Caucasian","29205322",0,1,0,1,0,0,0,0,1,1,1,0,0,0,0,5,5,1,4,0,0,0,3,1,1,1,"Complete coverage",0.2,0.8,0,0,0,0.6,0.2,0.2
"OLI700","N.A.","Isolated anencephaly","Unknown","European/Caucasian","29205322",0,1,0,1,0,0,0,0,1,1,1,0,0,0,0,2,2,0,2,0,0,0,1,1,0,1,"Complete coverage",0,1,0,0,0,0.5,0.5,0
"OLI701","N.A.","Isolated anencephaly","Unknown","European/Caucasian","29205322",0,1,0,1,1,1,0,1,1,1,1,1,1,0,0,5,5,1,2,2,0,1,3,1,0,1,"Complete coverage",0.2,0.4,0.4,0,0.2,0.6,0.2,0
"OLI702","N.A.","Isolated anencephaly","Unknown","European/Caucasian","29205322",0,1,0,1,1,1,0,1,1,1,1,1,1,0,0,2,2,0,1,1,0,0,1,1,0,1,"Complete coverage",0,0.5,0.5,0,0,0.5,0.5,0
"OLI703","N.A.","Isolated anencephaly","Unknown","European/Caucasian","29205322",0,1,0,1,1,1,0,1,1,1,1,1,1,0,0,4,4,1,1,2,0,1,2,1,0,1,"Complete coverage",0.25,0.25,0.5,0,0.25,0.5,0.25,0
"OLI704","N.A.","Craniorachischisis","Unknown","European/Caucasian","29205322",0,1,0,1,1,1,0,1,1,0,1,1,1,0,0,4,4,1,2,1,0,2,1,1,0,1,"Complete coverage",0.25,0.5,0.25,0,0.5,0.25,0.25,0
"OLI705","N.A.","Isolated anencephaly","Unknown","European/Caucasian","29205322",0,1,0,1,0,0,1,1,1,1,1,0,1,0,0,2,2,0,1,1,0,0,1,0,1,1,"Complete coverage",0,0.5,0.5,0,0,0.5,0,0.5
"OLI706","N.A.","Isolated anencephaly","Unknown","European/Caucasian","29205322",0,1,0,1,1,1,0,1,1,1,1,1,1,0,0,3,3,1,2,0,0,1,1,1,0,1,"Complete coverage",0.333333333333333,0.666666666666667,0,0,0.333333333333333,0.333333333333333,0.333333333333333,0
"OLI707","N.A.","Isolated anencephaly","Unknown","European/Caucasian","29205322",0,1,0,1,1,1,0,1,1,1,1,1,1,0,0,3,3,0,3,0,0,2,0,0,1,1,"Complete coverage",0,1,0,0,0.666666666666667,0,0,0.333333333333333
"OLI708","N.A.","Isolated anencephaly","Unknown","European/Caucasian","29205322",0,1,0,1,2,2,0,2,1,1,1,2,2,1,1,2,2,0,2,0,0,0,1,1,0,1,"Complete coverage",0,1,0,0,0,0.5,0.5,0
"OLI709","N.A.","Isolated anencephaly","Unknown","European/Caucasian","29205322",0,1,0,1,2,2,0,2,1,1,1,2,2,1,1,2,2,2,0,0,1,0,1,0,0,1,"Complete coverage",1,0,0,0.5,0,0.5,0,0
"OLI710","N.A.","Isolated anencephaly","Unknown","European/Caucasian","29205322",0,1,0,1,1,1,0,1,1,1,1,1,1,0,0,3,3,0,3,0,0,1,0,1,1,1,"Complete coverage",0,1,0,0,0.333333333333333,0,0.333333333333333,0.333333333333333
"OLI711","N.A.","Isolated anencephaly","Unknown","European/Caucasian","29205322",0,1,0,1,0,0,1,1,1,1,1,0,1,0,0,2,2,0,1,1,0,1,1,0,0,1,"Complete coverage",0,0.5,0.5,0,0.5,0.5,0,0
"OLI712","N.A.","Isolated anencephaly","Unknown","European/Caucasian","29205322",0,1,0,1,1,1,0,1,1,1,1,1,1,0,0,4,4,1,3,0,0,2,1,0,1,1,"Complete coverage",0.25,0.75,0,0,0.5,0.25,0,0.25
"OLI713","N.A.","Isolated anencephaly","Unknown","European/Caucasian","29205322",0,1,0,1,0,0,0,0,1,1,1,0,0,0,0,3,3,0,3,0,0,0,3,0,0,1,"Complete coverage",0,1,0,0,0,1,0,0
"OLI714","N.A.","Isolated anencephaly","Unknown","European/Caucasian","29205322",0,1,0,1,0,0,0,0,1,0,1,0,0,0,0,5,5,2,2,1,1,0,3,1,0,1,"Complete coverage",0.4,0.4,0.2,0.2,0,0.6,0.2,0
"OLI715","N.A.","Isolated anencephaly","Unknown","European/Caucasian","29205322",0,1,0,1,0,0,0,0,1,1,1,0,0,0,0,2,2,0,1,1,0,1,1,0,0,1,"Complete coverage",0,0.5,0.5,0,0.5,0.5,0,0
"OLI716","N.A.","Isolated anencephaly","Unknown","European/Caucasian","29205322",0,1,0,1,0,0,0,0,1,1,1,0,0,0,0,3,3,0,2,1,0,2,1,0,0,1,"Complete coverage",0,0.666666666666667,0.333333333333333,0,0.666666666666667,0.333333333333333,0,0
"OLI717","N.A.","Isolated anencephaly","Unknown","European/Caucasian","29205322",0,1,0,1,0,0,0,0,1,1,1,0,0,0,0,2,2,0,2,0,0,1,0,0,1,1,"Complete coverage",0,1,0,0,0.5,0,0,0.5
"OLI718","N.A.","Isolated anencephaly","Unknown","European/Caucasian","29205322",0,1,0,1,0,0,0,0,0,1,1,0,0,0,0,5,5,1,3,1,1,0,3,1,0,1,"Complete coverage",0.2,0.6,0.2,0.2,0,0.6,0.2,0
"OLI719","N.A.","Isolated anencephaly","Unknown","European/Caucasian","29205322",0,1,0,1,0,0,0,0,1,1,1,0,0,0,0,2,2,1,1,0,0,0,0,1,1,1,"Complete coverage",0.5,0.5,0,0,0,0,0.5,0.5
"OLI720","N.A.","Isolated anencephaly","Unknown","European/Caucasian","29205322",0,1,0,1,0,0,0,0,0,0,0,0,0,0,0,4,4,1,2,1,1,0,3,0,0,1,"Complete coverage",0.25,0.5,0.25,0.25,0,0.75,0,0
"OLI721","N.A.","Isolated anencephaly","Unknown","European/Caucasian","29205322",0,1,0,1,0,0,0,0,1,1,1,0,0,0,0,2,2,0,1,1,0,1,1,0,0,1,"Complete coverage",0,0.5,0.5,0,0.5,0.5,0,0
"OLI722","N.A.","Isolated anencephaly","Unknown","European/Caucasian","29205322",0,1,0,1,0,0,0,0,1,1,1,0,0,0,0,4,4,1,2,1,0,1,2,1,0,1,"Complete coverage",0.25,0.5,0.25,0,0.25,0.5,0.25,0
"OLI723","N.A.","Isolated anencephaly","Unknown","European/Caucasian","29205322",0,1,0,1,0,0,0,0,1,1,1,0,0,0,0,6,6,0,2,4,0,3,2,0,1,1,"Complete coverage",0,0.333333333333333,0.666666666666667,0,0.5,0.333333333333333,0,0.166666666666667
"OLI724","N.A.","Isolated anencephaly","Unknown","European/Caucasian","29205322",0,1,0,1,0,0,0,0,1,1,1,0,0,0,0,4,4,0,3,1,0,2,2,0,0,1,"Complete coverage",0,0.75,0.25,0,0.5,0.5,0,0
"OLI725","N.A.","Isolated anencephaly","Unknown","European/Caucasian","29205322",0,1,0,1,0,0,0,0,1,1,1,0,0,0,0,3,3,0,2,1,0,1,2,0,0,1,"Complete coverage",0,0.666666666666667,0.333333333333333,0,0.333333333333333,0.666666666666667,0,0
"OLI726","N.A.","Isolated anencephaly","Unknown","European/Caucasian","29205322",0,1,0,1,0,0,0,0,0,0,0,0,0,0,0,4,4,0,3,1,0,2,1,1,0,1,"Complete coverage",0,0.75,0.25,0,0.5,0.25,0.25,0
"OLI727","N.A.","Isolated anencephaly","Unknown","European/Caucasian","29205322",0,1,0,1,0,0,0,0,1,1,1,0,0,0,0,2,2,1,1,0,0,2,0,0,0,1,"Complete coverage",0.5,0.5,0,0,1,0,0,0
"OLI728","N.A.","Isolated anencephaly","Unknown","European/Caucasian","29205322",0,1,0,1,0,0,0,0,1,1,1,0,0,0,0,2,2,0,1,1,0,1,0,1,0,1,"Complete coverage",0,0.5,0.5,0,0.5,0,0.5,0
"OLI729","N.A.","Isolated anencephaly","Unknown","European/Caucasian","29205322",0,1,0,1,0,0,0,0,1,1,1,0,0,0,0,6,6,0,5,1,0,1,2,1,2,1,"Complete coverage",0,0.833333333333333,0.166666666666667,0,0.166666666666667,0.333333333333333,0.166666666666667,0.333333333333333
"OLI730","N.A.","Isolated anencephaly","Unknown","European/Caucasian","29205322",0,1,0,1,0,0,0,0,1,0,1,0,0,0,0,2,2,0,1,1,0,2,0,0,0,1,"Complete coverage",0,0.5,0.5,0,1,0,0,0
"OLI731","N.A.","Isolated anencephaly","Unknown","European/Caucasian","29205322",0,1,0,1,0,0,0,0,1,1,1,0,0,0,0,2,2,0,2,0,0,1,1,0,0,1,"Complete coverage",0,1,0,0,0.5,0.5,0,0
"OLI732","N.A.","Isolated anencephaly","Unknown","European/Caucasian","29205322",0,1,0,1,0,0,0,0,1,1,1,0,0,0,0,2,2,0,1,1,0,2,0,0,0,1,"Complete coverage",0,0.5,0.5,0,1,0,0,0
"OLI733","N.A.","Isolated anencephaly","Unknown","European/Caucasian","29205322",0,1,0,1,0,0,0,0,1,1,1,0,0,0,0,4,4,2,1,1,0,0,1,3,0,1,"Complete coverage",0.5,0.25,0.25,0,0,0.25,0.75,0
"OLI734","N.A.","Craniorachischisis","Unknown","European/Caucasian","29205322",0,1,0,1,0,0,0,0,0,1,1,0,0,0,0,3,3,0,2,1,0,0,2,1,0,1,"Complete coverage",0,0.666666666666667,0.333333333333333,0,0,0.666666666666667,0.333333333333333,0
"OLI735","N.A.","Isolated anencephaly","Unknown","European/Caucasian","29205322",0,1,0,1,0,0,1,1,1,1,1,0,1,0,0,2,2,1,1,0,0,0,1,1,0,1,"Complete coverage",0.5,0.5,0,0,0,0.5,0.5,0
"OLI736","N.A.","Isolated anencephaly","Unknown","European/Caucasian","29205322",0,1,0,0,0,0,0,0,1,1,1,0,0,0,0,2,2,0,2,0,0,0,2,0,0,1,"Complete coverage",0,1,0,0,0,1,0,0
"OLI737","N.A.","Isolated anencephaly","Unknown","European/Caucasian","29205322",0,1,0,1,0,0,0,0,1,1,1,0,0,0,0,3,3,1,1,1,0,0,2,1,0,1,"Complete coverage",0.333333333333333,0.333333333333333,0.333333333333333,0,0,0.666666666666667,0.333333333333333,0
"OLI738","N.A.","Isolated anencephaly","Unknown","European/Caucasian","29205322",0,1,0,1,0,0,0,0,1,1,1,0,0,0,0,3,3,0,3,0,0,3,0,0,0,1,"Complete coverage",0,1,0,0,1,0,0,0
"OLI739","N.A.","Isolated anencephaly","Unknown","European/Caucasian","29205322",0,1,0,1,0,0,0,0,1,1,1,0,0,0,0,2,2,1,1,0,0,1,0,1,0,1,"Complete coverage",0.5,0.5,0,0,0.5,0,0.5,0
"OLI740","N.A.","Isolated anencephaly","Unknown","European/Caucasian","29205322",0,1,0,1,0,0,0,0,1,1,1,0,0,0,0,3,3,1,1,1,0,0,2,1,0,1,"Complete coverage",0.333333333333333,0.333333333333333,0.333333333333333,0,0,0.666666666666667,0.333333333333333,0
"OLI741","N.A.","Isolated anencephaly","Unknown","European/Caucasian","29205322",0,1,0,1,0,0,0,0,1,1,1,0,0,0,0,2,2,1,1,0,0,2,0,0,0,1,"Complete coverage",0.5,0.5,0,0,1,0,0,0
"OLI742","N.A.","Isolated anencephaly","Unknown","European/Caucasian","29205322",0,1,0,1,1,1,0,1,1,1,1,1,1,0,0,2,2,0,1,0,0,0,0,1,1,1,"Complete coverage",0,0.5,0,0,0,0,0.5,0.5
"OLI743","N.A.","Isolated anencephaly","Unknown","European/Caucasian","29205322",0,1,0,1,0,0,0,0,1,1,1,0,0,0,0,2,2,0,2,0,0,0,1,0,1,1,"Complete coverage",0,1,0,0,0,0.5,0,0.5
"OLI744","N.A.","Isolated anencephaly","Unknown","European/Caucasian","29205322",0,1,0,1,0,0,0,0,1,1,1,0,0,0,0,4,4,1,3,0,0,1,2,0,1,1,"Complete coverage",0.25,0.75,0,0,0.25,0.5,0,0.25
"OLI745","N.A.","Isolated anencephaly","Unknown","European/Caucasian","29205322",0,1,0,1,0,0,1,1,1,1,1,0,1,0,0,3,3,1,1,1,0,1,1,1,0,1,"Complete coverage",0.333333333333333,0.333333333333333,0.333333333333333,0,0.333333333333333,0.333333333333333,0.333333333333333,0
"OLI746","N.A.","Isolated anencephaly","Unknown","European/Caucasian","29205322",0,1,0,1,0,0,0,0,1,1,1,0,0,0,0,3,3,0,2,1,0,0,2,1,0,1,"Complete coverage",0,0.666666666666667,0.333333333333333,0,0,0.666666666666667,0.333333333333333,0
"OLI747","N.A.","Isolated anencephaly","Unknown","European/Caucasian","29205322",0,1,0,1,0,0,0,0,1,1,1,0,0,0,0,3,3,0,3,0,0,1,2,0,0,1,"Complete coverage",0,1,0,0,0.333333333333333,0.666666666666667,0,0
"OLI748","N.A.","Isolated anencephaly","Unknown","European/Caucasian","29205322",0,1,0,1,1,1,0,1,1,1,1,1,1,0,0,4,4,0,3,1,0,2,2,0,0,1,"Complete coverage",0,0.75,0.25,0,0.5,0.5,0,0
"OLI749","N.A.","Isolated anencephaly","Unknown","European/Caucasian","29205322",0,1,0,1,0,0,0,0,1,0,1,0,0,0,0,2,2,0,1,1,0,2,0,0,0,1,"Complete coverage",0,0.5,0.5,0,1,0,0,0
"OLI750","N.A.","Isolated anencephaly","Unknown","European/Caucasian","29205322",0,1,1,1,0,0,0,0,1,1,1,0,0,0,0,2,2,0,2,0,0,1,0,1,0,1,"Complete coverage",0,1,0,0,0.5,0,0.5,0
"OLI751","N.A.","Isolated anencephaly","Unknown","European/Caucasian","29205322",0,1,0,1,0,0,0,0,1,0,1,0,0,0,0,4,4,0,2,2,0,0,4,0,0,1,"Complete coverage",0,0.5,0.5,0,0,1,0,0
"OLI752","N.A.","Isolated anencephaly","Unknown","European/Caucasian","29205322",0,1,0,1,0,0,0,0,1,1,1,0,0,0,0,2,2,0,1,1,0,0,2,0,0,1,"Complete coverage",0,0.5,0.5,0,0,1,0,0
"OLI753","N.A.","Isolated anencephaly","Unknown","European/Caucasian","29205322",0,1,0,1,0,0,0,0,1,1,1,0,0,0,0,3,3,0,3,0,0,0,0,1,2,1,"Complete coverage",0,1,0,0,0,0,0.333333333333333,0.666666666666667
"OLI754","N.A.","Isolated anencephaly","Unknown","European/Caucasian","29205322",0,1,0,1,0,0,0,0,1,1,1,0,0,0,0,2,2,1,1,0,0,1,0,1,0,1,"Complete coverage",0.5,0.5,0,0,0.5,0,0.5,0
"OLI755","N.A.","Isolated anencephaly","Unknown","European/Caucasian","29205322",0,1,0,1,0,0,2,2,1,1,1,0,2,0,1,2,2,0,1,1,0,1,1,0,0,1,"Complete coverage",0,0.5,0.5,0,0.5,0.5,0,0
"OLI756","N.A.","Isolated anencephaly","Unknown","European/Caucasian","29205322",0,1,0,1,1,1,0,1,1,1,1,1,1,0,0,3,3,1,1,1,0,1,2,0,0,1,"Complete coverage",0.333333333333333,0.333333333333333,0.333333333333333,0,0.333333333333333,0.666666666666667,0,0
"OLI757","N.A.","Isolated anencephaly","Unknown","European/Caucasian","29205322",0,1,0,1,0,0,0,0,1,1,1,0,0,0,0,2,2,0,2,0,0,0,0,1,1,1,"Complete coverage",0,1,0,0,0,0,0.5,0.5
"OLI758","N.A.","Isolated anencephaly","Unknown","European/Caucasian","29205322",0,1,0,1,0,0,0,0,1,1,1,0,0,0,0,6,6,0,4,2,0,2,3,1,0,1,"Complete coverage",0,0.666666666666667,0.333333333333333,0,0.333333333333333,0.5,0.166666666666667,0
"OLI759","N.A.","Isolated anencephaly","Unknown","European/Caucasian","29205322",0,1,1,1,0,0,0,0,1,1,1,0,0,0,0,2,2,1,1,0,0,0,2,0,0,1,"Complete coverage",0.5,0.5,0,0,0,1,0,0
"OLI760","N.A.","Isolated anencephaly","Unknown","European/Caucasian","29205322",0,1,1,1,0,0,0,0,1,1,1,0,0,0,0,3,3,1,2,0,0,0,3,0,0,1,"Complete coverage",0.333333333333333,0.666666666666667,0,0,0,1,0,0
"OLI761","N.A.","Craniorachischisis","Unknown","European/Caucasian","29205322",0,1,0,1,0,0,0,0,1,1,1,0,0,0,0,5,5,1,3,1,0,0,2,2,1,1,"Complete coverage",0.2,0.6,0.2,0,0,0.4,0.4,0.2
"OLI762","N.A.","Isolated anencephaly","Unknown","European/Caucasian","29205322",0,1,1,1,0,0,0,0,1,1,1,0,0,0,0,2,2,0,2,0,0,0,1,1,0,1,"Complete coverage",0,1,0,0,0,0.5,0.5,0
"OLI763","N.A.","Isolated anencephaly","Unknown","European/Caucasian","29205322",0,1,0,1,0,0,0,0,1,1,1,0,0,0,0,3,3,0,2,1,0,0,2,0,1,1,"Complete coverage",0,0.666666666666667,0.333333333333333,0,0,0.666666666666667,0,0.333333333333333
"OLI764","606640; 205250; 617892; 608627; 606070; 300857; 608030; 614696; 615515; 105400; 613954; 617839; 612069; 616208; 612577; 608031; 616437; 615426; 613435; 611895; 614808","Amyotrophic lateral sclerosis","Unknown","European/Caucasian","22878164",0,1,0,1,0,0,2,2,0,0,0,0,0,0,0,0,0,0,0,0,0,0,0,0,0,NA,"No analyzable allele ID",NA,NA,NA,NA,NA,NA,NA,NA
"OLI765","606640; 205250; 617892; 608627; 606070; 300857; 608030; 614696; 615515; 105400; 613954; 617839; 612069; 616208; 612577; 608031; 616437; 615426; 613435; 611895; 614808","Amyotrophic lateral sclerosis","Unknown","European/Caucasian","22878164",2,1,0,1,0,0,0,0,0,0,0,0,0,0,0,1,1,0,1,0,1,0,0,0,0,1,"Complete coverage",0,1,0,1,0,0,0,0
"OLI766","N.A.","46,XY disorder of sex development","Unknown","Egyptian","27169744; 33742552",1,0,1,1,1,1,0,1,1,0,1,1,1,0,0,2,2,1,0,1,1,0,1,0,0,1,"Complete coverage",0.5,0,0.5,0.5,0,0.5,0,0
"OLI767","231300; 617272; 613086; 600975; 613085","Congenital glaucoma","Unknown","European/Caucasian","30657791",2,0,0,0,0,0,1,1,0,1,1,0,1,0,1,3,3,2,0,1,2,0,0,1,0,1,"Complete coverage",0.666666666666667,0,0.333333333333333,0.666666666666667,0,0,0.333333333333333,0
"OLI768","231300; 617272; 613086; 600975; 613085","Congenital glaucoma","Unknown","European/Caucasian","30657791",0,0,0,0,0,0,1,1,1,1,1,0,1,0,0,3,3,1,1,0,2,0,1,0,0,1,"Complete coverage",0.333333333333333,0.333333333333333,0,0.666666666666667,0,0.333333333333333,0,0
"OLI769","606640; 205250; 617892; 608627; 606070; 300857; 608030; 614696; 615515; 105400; 613954; 617839; 612069; 616208; 612577; 608031; 616437; 615426; 613435; 611895; 614808","Amyotrophic lateral sclerosis","Unknown","European/Caucasian","28430856",0,0,0,0,0,0,0,0,0,0,0,0,0,0,0,1,1,1,0,0,1,0,0,0,0,1,"Complete coverage",1,0,0,1,0,0,0,0
"OLI770","606640; 205250; 617892; 608627; 606070; 300857; 608030; 614696; 615515; 105400; 613954; 617839; 612069; 616208; 612577; 608031; 616437; 615426; 613435; 611895; 614808","Amyotrophic lateral sclerosis","Unknown","European/Caucasian","28430856",0,0,0,0,0,0,0,0,0,0,0,0,0,0,0,1,1,0,1,0,1,0,0,0,0,1,"Complete coverage",0,1,0,1,0,0,0,0
"OLI771","606640; 205250; 617892; 608627; 606070; 300857; 608030; 614696; 615515; 105400; 613954; 617839; 612069; 616208; 612577; 608031; 616437; 615426; 613435; 611895; 614808","Amyotrophic lateral sclerosis","Unknown","European/Caucasian","28430856",0,0,0,0,0,0,0,0,0,0,0,0,0,0,0,1,1,0,1,0,0,0,1,0,0,1,"Complete coverage",0,1,0,0,0,1,0,0
"OLI772","606640; 205250; 617892; 608627; 606070; 300857; 608030; 614696; 615515; 105400; 613954; 617839; 612069; 616208; 612577; 608031; 616437; 615426; 613435; 611895; 614808","Amyotrophic lateral sclerosis","Unknown","European/Caucasian","28430856",0,0,0,0,0,0,0,0,0,0,0,0,0,0,0,1,1,0,0,1,0,0,0,1,0,1,"Complete coverage",0,0,1,0,0,0,1,0
"OLI773","606640; 205250; 617892; 608627; 606070; 300857; 608030; 614696; 615515; 105400; 613954; 617839; 612069; 616208; 612577; 608031; 616437; 615426; 613435; 611895; 614808","Amyotrophic lateral sclerosis","Unknown","European/Caucasian","28430856",0,0,0,0,0,0,0,0,0,0,0,0,0,0,0,1,1,0,1,0,0,0,0,1,0,1,"Complete coverage",0,1,0,0,0,0,1,0
"OLI774","606640; 205250; 617892; 608627; 606070; 300857; 608030; 614696; 615515; 105400; 613954; 617839; 612069; 616208; 612577; 608031; 616437; 615426; 613435; 611895; 614808","Amyotrophic lateral sclerosis","Unknown","European/Caucasian","28430856",0,0,0,0,0,1,0,1,0,0,0,0,0,0,0,1,1,1,0,0,1,0,0,0,0,1,"Complete coverage",1,0,0,1,0,0,0,0
"OLI775","606640; 205250; 617892; 608627; 606070; 300857; 608030; 614696; 615515; 105400; 613954; 617839; 612069; 616208; 612577; 608031; 616437; 615426; 613435; 611895; 614808","Amyotrophic lateral sclerosis","Unknown","European/Caucasian","28430856",0,0,0,0,0,0,2,2,0,1,1,0,2,0,0,2,2,1,1,0,1,0,1,0,0,1,"Complete coverage",0.5,0.5,0,0.5,0,0.5,0,0
"OLI776","606640; 205250; 617892; 608627; 606070; 300857; 608030; 614696; 615515; 105400; 613954; 617839; 612069; 616208; 612577; 608031; 616437; 615426; 613435; 611895; 614808","Amyotrophic lateral sclerosis","Unknown","European/Caucasian","28430856",0,0,0,0,0,0,0,0,0,0,0,0,0,0,0,2,2,0,2,0,0,0,0,1,1,1,"Complete coverage",0,1,0,0,0,0,0.5,0.5
"OLI777","606640; 205250; 617892; 608627; 606070; 300857; 608030; 614696; 615515; 105400; 613954; 617839; 612069; 616208; 612577; 608031; 616437; 615426; 613435; 611895; 614808","Amyotrophic lateral sclerosis","Unknown","European/Caucasian","28430856",0,0,0,0,0,0,1,1,0,1,1,0,1,0,0,2,1,0,1,0,0,1,0,0,0,0.5,"Partial coverage",0,1,0,0,1,0,0,0
"OLI778","606640; 205250; 617892; 608627; 606070; 300857; 608030; 614696; 615515; 105400; 613954; 617839; 612069; 616208; 612577; 608031; 616437; 615426; 613435; 611895; 614808","Amyotrophic lateral sclerosis","Unknown","European/Caucasian","28430856",0,0,0,0,0,0,0,0,0,1,1,0,0,0,0,2,2,1,1,0,1,0,0,1,0,1,"Complete coverage",0.5,0.5,0,0.5,0,0,0.5,0
"OLI779","614840; 615271; 615269; 615270; 147950; 308700; 618841; 614838; 612370; 616030; 614837; 615267; 614880; 615266; 614897; 612702; 244200; 614858; 610628","Kallmann syndrome","Unknown","South Asian","26708526",0,1,0,1,0,3,2,3,1,1,1,0,2,0,1,2,2,2,0,0,1,0,0,1,0,1,"Complete coverage",1,0,0,0.5,0,0,0.5,0
"OLI780","614840; 125851; 615269; 606394; 613370; 612225; 615270; 147950; 308700; 614838; 613375; 606392; 612370; 616329; 614837; 614842; 614839; 614880; 615266; 609812; 616511; 600496; 125850; 612702; 614841; 244200; 606391; 610508; 146110; 614858; 610628","Normosmic congenital hypogonadotropic hypogonadism","Unknown","South Asian","26708526",0,1,0,1,0,0,1,1,1,0,1,0,1,0,0,1,1,0,1,0,1,0,0,0,0,1,"Complete coverage",0,1,0,1,0,0,0,0
"OLI781","N.A.","Male infertility due to sperm disorder","Unknown","East Asian","28718531",0,1,0,1,0,0,0,0,1,1,1,0,0,0,0,2,2,0,1,1,0,1,1,0,0,1,"Complete coverage",0,0.5,0.5,0,0.5,0.5,0,0
"OLI782","N.A.","Male infertility due to sperm disorder","Unknown","East Asian","28718531",0,0,0,0,0,0,0,0,1,1,1,0,0,0,0,2,2,2,0,0,1,0,0,1,0,1,"Complete coverage",1,0,0,0.5,0,0,0.5,0
"OLI783","N.A.","Male infertility due to sperm disorder","Unknown","East Asian","28718531",0,1,0,1,0,0,0,0,1,1,1,0,0,0,0,2,2,0,0,2,0,0,2,0,0,1,"Complete coverage",0,0,1,0,0,1,0,0
"OLI784","606640; 205250; 617892; 608627; 606070; 300857; 608030; 614696; 615515; 105400; 613954; 617839; 612069; 616208; 612577; 608031; 616437; 615426; 613435; 611895; 614808","Amyotrophic lateral sclerosis","Unknown","South Asian","31432357",0,0,0,0,0,0,0,0,0,0,0,0,0,0,0,1,1,0,1,0,0,1,0,0,0,1,"Complete coverage",0,1,0,0,1,0,0,0
"OLI785","606640; 205250; 617892; 608627; 606070; 300857; 608030; 614696; 615515; 105400; 613954; 617839; 612069; 616208; 612577; 608031; 616437; 615426; 613435; 611895; 614808","Amyotrophic lateral sclerosis","Unknown","South Asian","31432357",0,0,0,0,0,0,0,0,0,0,0,0,0,0,0,1,1,0,1,0,0,1,0,0,0,1,"Complete coverage",0,1,0,0,1,0,0,0
"OLI786","606640; 205250; 617892; 608627; 606070; 300857; 608030; 614696; 615515; 105400; 613954; 617839; 612069; 616208; 612577; 608031; 616437; 615426; 613435; 611895; 614808","Amyotrophic lateral sclerosis","Unknown","South Asian","31432357",0,0,0,0,0,0,0,0,0,0,0,0,0,0,0,1,1,0,1,0,0,0,0,0,1,1,"Complete coverage",0,1,0,0,0,0,0,1
"OLI787","N.A.","Arthrogryposis syndrome","Unknown","Turkish","31230720",0,1,0,1,0,0,0,0,1,1,1,0,0,0,0,3,3,0,2,0,1,0,0,2,0,1,"Complete coverage",0,0.666666666666667,0,0.333333333333333,0,0,0.666666666666667,0
"OLI788","N.A.","Arthrogryposis syndrome","Unknown","Turkish","31230720",0,1,0,1,0,0,0,0,1,1,1,0,0,0,0,3,3,0,2,0,1,0,0,2,0,1,"Complete coverage",0,0.666666666666667,0,0.333333333333333,0,0,0.666666666666667,0
"OLI789","N.A.","Arthrogryposis syndrome","Unknown","Turkish","31230720",0,1,0,1,0,0,0,0,0,1,1,0,0,0,0,2,2,0,1,0,1,0,0,1,0,1,"Complete coverage",0,0.5,0,0.5,0,0,0.5,0
"OLI790","N.A.","Arthrogryposis syndrome","Unknown","Turkish","31230720",0,1,0,1,0,0,0,0,1,1,1,0,0,0,0,3,2,0,2,0,0,1,1,0,0,0.666666666666667,"Partial coverage",0,1,0,0,0.5,0.5,0,0
"OLI791","N.A.","Arthrogryposis syndrome","Unknown","Turkish","31230720",0,1,0,1,0,0,0,0,0,1,1,0,0,0,0,2,2,1,1,0,1,0,0,1,0,1,"Complete coverage",0.5,0.5,0,0.5,0,0,0.5,0
"OLI792","N.A.","Arthrogryposis syndrome","Unknown","Turkish","31230720",0,1,0,1,0,0,0,0,0,1,1,0,0,0,0,3,3,0,2,1,0,0,0,3,0,1,"Complete coverage",0,0.666666666666667,0.333333333333333,0,0,0,1,0
"OLI793","N.A.","Arthrogryposis syndrome","Unknown","Turkish","31230720",0,1,0,1,0,0,0,0,0,1,1,0,0,0,0,4,4,0,2,2,0,0,3,1,0,1,"Complete coverage",0,0.5,0.5,0,0,0.75,0.25,0
"OLI794","N.A.","Arthrogryposis syndrome","Unknown","Turkish","31230720",0,1,0,1,1,1,2,2,1,1,1,1,2,0,1,2,2,1,1,0,1,0,0,1,0,1,"Complete coverage",0.5,0.5,0,0.5,0,0,0.5,0
"OLI795","N.A.","Arthrogryposis syndrome","Unknown","Turkish","31230720",0,1,0,1,1,1,2,2,1,1,1,1,2,0,1,2,2,1,1,0,1,0,0,1,0,1,"Complete coverage",0.5,0.5,0,0.5,0,0,0.5,0
"OLI796","N.A.","Arthrogryposis syndrome","Unknown","Turkish","31230720",0,1,0,1,0,0,0,0,0,1,1,0,0,0,0,2,2,1,0,1,1,0,0,1,0,1,"Complete coverage",0.5,0,0.5,0.5,0,0,0.5,0
"OLI797","N.A.","Arthrogryposis syndrome","Unknown","Turkish","31230720",0,1,0,1,0,0,0,0,1,1,1,0,0,0,0,3,3,1,2,0,1,0,0,2,0,1,"Complete coverage",0.333333333333333,0.666666666666667,0,0.333333333333333,0,0,0.666666666666667,0
"OLI798","N.A.","Arthrogryposis syndrome","Unknown","Turkish","31230720",0,1,0,1,0,0,0,0,0,1,1,0,0,0,0,3,3,0,1,1,1,0,0,2,0,1,"Complete coverage",0,0.333333333333333,0.333333333333333,0.333333333333333,0,0,0.666666666666667,0
"OLI799","N.A.","Arthrogryposis syndrome","Unknown","Turkish","31230720",0,1,0,1,0,0,0,0,0,1,1,0,0,0,0,4,4,0,2,1,1,1,0,1,1,1,"Complete coverage",0,0.5,0.25,0.25,0.25,0,0.25,0.25
"OLI800","219700","Cystic fibrosis","Unknown","European/Caucasian","23837941",0,0,1,1,1,1,0,1,0,1,1,0,1,0,0,2,2,1,0,1,1,0,1,0,0,1,"Complete coverage",0.5,0,0.5,0.5,0,0.5,0,0
"OLI801","219700","Cystic fibrosis","Unknown","European/Caucasian","23837941",0,1,0,0,1,1,2,2,0,1,1,0,2,0,0,2,2,2,0,0,0,0,1,0,1,1,"Complete coverage",1,0,0,0,0,0.5,0,0.5
"OLI802","219700","Cystic fibrosis","Unknown","European/Caucasian","23837941",1,0,0,0,1,1,0,1,0,0,0,0,0,0,0,3,3,1,1,1,1,0,2,0,0,1,"Complete coverage",0.333333333333333,0.333333333333333,0.333333333333333,0.333333333333333,0,0.666666666666667,0,0
"OLI803","219700","Cystic fibrosis","Unknown","European/Caucasian","23837941",0,1,0,0,1,1,0,1,0,0,0,0,0,0,0,3,3,1,1,1,0,0,2,0,1,1,"Complete coverage",0.333333333333333,0.333333333333333,0.333333333333333,0,0,0.666666666666667,0,0.333333333333333
"OLI804","219700","Cystic fibrosis","Unknown","European/Caucasian","23837941",1,0,0,0,1,1,0,1,0,0,0,0,0,0,0,3,3,1,1,1,1,0,1,1,0,1,"Complete coverage",0.333333333333333,0.333333333333333,0.333333333333333,0.333333333333333,0,0.333333333333333,0.333333333333333,0
"OLI805","219700","Cystic fibrosis","Unknown","European/Caucasian","23837941",0,0,0,0,1,1,2,2,0,0,0,0,0,0,0,2,2,0,0,2,0,0,2,0,0,1,"Complete coverage",0,0,1,0,0,1,0,0
"OLI806","268200","Recurrent exertional rhabdomyolysis","Unknown","African","30094188",0,0,0,0,0,0,0,0,1,0,1,0,0,0,0,2,2,1,1,0,0,0,0,2,0,1,"Complete coverage",0.5,0.5,0,0,0,0,1,0
"OLI807","268200","Recurrent exertional rhabdomyolysis","Unknown","African","30094188",0,0,0,0,0,0,0,0,1,1,1,0,0,0,0,4,4,4,0,0,2,1,0,1,0,1,"Complete coverage",1,0,0,0.5,0.25,0,0.25,0
"OLI808","268200","Recurrent exertional rhabdomyolysis","Unknown","European/Caucasian","30094188",0,0,0,0,0,0,0,0,1,0,1,0,0,0,0,1,1,0,0,0,1,0,0,0,0,1,"Complete coverage",0,0,0,1,0,0,0,0
"OLI809","268200","Recurrent exertional rhabdomyolysis","Unknown","Mixed","30094188",0,0,0,0,0,0,0,0,0,1,1,0,0,0,0,4,4,3,1,0,2,0,2,0,0,1,"Complete coverage",0.75,0.25,0,0.5,0,0.5,0,0
"OLI810","268200","Recurrent exertional rhabdomyolysis","Unknown","European/Caucasian","30094188",0,0,0,0,0,0,0,0,1,0,1,0,0,0,0,1,1,0,0,0,1,0,0,0,0,1,"Complete coverage",0,0,0,1,0,0,0,0
"OLI811","268200","Recurrent exertional rhabdomyolysis","Unknown","Asian","30094188",0,0,0,0,0,0,0,0,1,0,1,0,0,0,0,1,1,0,1,0,0,0,0,1,0,1,"Complete coverage",0,1,0,0,0,0,1,0
"OLI812","268200","Recurrent exertional rhabdomyolysis","Unknown","European/Caucasian","30094188",0,0,0,0,0,0,0,0,1,0,1,0,0,0,0,1,1,0,0,0,1,0,0,0,0,1,"Complete coverage",0,0,0,1,0,0,0,0
"OLI813","614840; 615271; 615269; 615270; 147950; 308700; 618841; 614838; 612370; 616030; 614837; 615267; 614880; 615266; 614897; 612702; 244200; 614858; 610628","Kallmann syndrome","Unknown","European/Caucasian","30921766",0,1,0,1,0,0,0,0,0,1,1,0,0,0,0,2,2,0,1,1,0,0,1,1,0,1,"Complete coverage",0,0.5,0.5,0,0,0.5,0.5,0
"OLI814","614840; 615271; 615269; 615270; 147950; 308700; 618841; 614838; 612370; 616030; 614837; 615267; 614880; 615266; 614897; 612702; 244200; 614858; 610628","Kallmann syndrome","Unknown","European/Caucasian","30921766",1,0,0,0,1,1,0,1,0,0,0,0,0,0,0,2,2,0,0,1,1,1,0,0,0,1,"Complete coverage",0,0,0.5,0.5,0.5,0,0,0
"OLI815","614840; 615271; 615269; 615270; 147950; 308700; 618841; 614838; 612370; 616030; 614837; 615267; 614880; 615266; 614897; 612702; 244200; 614858; 610628","Kallmann syndrome","Unknown","European/Caucasian","30921766",0,1,0,1,1,1,0,1,1,1,1,1,1,0,0,2,2,0,1,1,0,1,0,1,0,1,"Complete coverage",0,0.5,0.5,0,0.5,0,0.5,0
"OLI816","614840; 125851; 615269; 606394; 613370; 612225; 615270; 147950; 308700; 614838; 613375; 606392; 612370; 616329; 614837; 614842; 614839; 614880; 615266; 609812; 616511; 600496; 125850; 612702; 614841; 244200; 606391; 610508; 146110; 614858; 610628","Normosmic congenital hypogonadotropic hypogonadism","Unknown","European/Caucasian","30921766",0,1,0,1,1,1,0,1,0,1,1,0,1,0,0,2,2,0,1,1,0,1,1,0,0,1,"Complete coverage",0,0.5,0.5,0,0.5,0.5,0,0
"OLI817","N.A.","NON RARE IN EUROPE: Heterozygous familial hypercholesterolemia","Unknown","East Asian","30241732",0,0,1,1,0,2,2,2,1,1,1,0,2,0,1,2,2,0,1,0,2,0,0,0,0,1,"Complete coverage",0,0.5,0,1,0,0,0,0
"OLI818","N.A.","NON RARE IN EUROPE: Heterozygous familial hypercholesterolemia","Unknown","East Asian","30241732",0,0,1,1,0,2,2,2,1,0,1,0,2,0,1,2,2,0,1,0,1,0,1,0,0,1,"Complete coverage",0,0.5,0,0.5,0,0.5,0,0
"OLI819","N.A.","NON RARE IN EUROPE: Heterozygous familial hypercholesterolemia","Unknown","East Asian","30241732",0,0,0,0,0,2,2,2,1,1,1,0,2,0,0,2,2,1,1,0,2,0,0,0,0,1,"Complete coverage",0.5,0.5,0,1,0,0,0,0
"OLI820","N.A.","NON RARE IN EUROPE: Heterozygous familial hypercholesterolemia","Unknown","East Asian","30241732",0,0,1,1,0,2,2,2,1,1,1,0,2,0,1,2,2,0,1,1,2,0,0,0,0,1,"Complete coverage",0,0.5,0.5,1,0,0,0,0
"OLI821","N.A.","NON RARE IN EUROPE: Heterozygous familial hypercholesterolemia","Unknown","East Asian","30241732",0,0,1,1,0,2,2,2,1,1,1,0,2,0,1,2,2,1,1,0,2,0,0,0,0,1,"Complete coverage",0.5,0.5,0,1,0,0,0,0
"OLI822","606640; 607485; 205250; 617892; 600795; 608627; 606070; 300857; 608030; 614696; 615515; 105400; 613954; 617839; 612069; 616208; 600274; 172700; 612577; 608031; 616437; 615426; 613435; 611895; 614808","Amyotrophic lateral sclerosis; Frontotemporal dementia","Unknown","European/Caucasian","26176978",0,0,0,0,0,0,0,0,0,0,0,0,0,0,0,1,1,1,0,0,0,0,0,1,0,1,"Complete coverage",1,0,0,0,0,0,1,0
"OLI823","606640; 205250; 617892; 608627; 606070; 300857; 608030; 614696; 615515; 105400; 613954; 617839; 612069; 616208; 612577; 608031; 616437; 615426; 613435; 611895; 614808","Amyotrophic lateral sclerosis","Unknown","European/Caucasian","31475037",0,1,0,1,0,0,2,2,0,0,0,0,0,0,0,1,1,0,1,0,0,0,0,1,0,1,"Complete coverage",0,1,0,0,0,0,1,0
"OLI824","606640; 205250; 617892; 608627; 606070; 300857; 608030; 614696; 615515; 105400; 613954; 617839; 612069; 616208; 612577; 608031; 616437; 615426; 613435; 611895; 614808","Amyotrophic lateral sclerosis","Unknown","European/Caucasian","31475037",0,1,0,1,0,0,0,0,1,1,1,0,0,0,0,2,2,0,2,0,1,1,0,0,0,1,"Complete coverage",0,1,0,0.5,0.5,0,0,0
"OLI825","606640; 205250; 617892; 608627; 606070; 300857; 608030; 614696; 615515; 105400; 613954; 617839; 612069; 616208; 612577; 608031; 616437; 615426; 613435; 611895; 614808","Amyotrophic lateral sclerosis","Unknown","European/Caucasian","31475037",0,1,0,1,0,0,1,1,1,1,1,0,1,0,0,2,2,0,2,0,0,1,1,0,0,1,"Complete coverage",0,1,0,0,0.5,0.5,0,0
"OLI826","606640; 205250; 617892; 608627; 606070; 300857; 608030; 614696; 615515; 105400; 613954; 617839; 612069; 616208; 612577; 608031; 616437; 615426; 613435; 611895; 614808","Amyotrophic lateral sclerosis","Unknown","European/Caucasian","31475037",0,1,0,1,0,0,1,1,0,1,1,0,1,0,0,2,2,0,1,1,0,0,1,1,0,1,"Complete coverage",0,0.5,0.5,0,0,0.5,0.5,0
"OLI827","606640; 205250; 617892; 608627; 606070; 300857; 608030; 614696; 615515; 105400; 613954; 617839; 612069; 616208; 612577; 608031; 616437; 615426; 613435; 611895; 614808","Amyotrophic lateral sclerosis","Unknown","European/Caucasian","31475037",0,1,0,1,0,0,0,0,0,0,0,0,0,0,0,1,1,0,1,0,0,1,0,0,0,1,"Complete coverage",0,1,0,0,1,0,0,0
"OLI828","606640; 205250; 617892; 608627; 606070; 300857; 608030; 614696; 615515; 105400; 613954; 617839; 612069; 616208; 612577; 608031; 616437; 615426; 613435; 611895; 614808","Amyotrophic lateral sclerosis","Unknown","European/Caucasian","31475037",0,1,0,1,0,0,0,0,1,0,1,0,0,0,0,2,2,1,1,0,0,0,0,2,0,1,"Complete coverage",0.5,0.5,0,0,0,0,1,0
"OLI829","601764; 612627; 607745; 605751; 617080","Benign familial infantile epilepsy","Unknown","Turkish","28566192",1,0,0,0,0,0,0,0,0,0,0,0,0,0,0,2,1,0,0,1,0,0,1,0,0,0.5,"Partial coverage",0,0,1,0,0,1,0,0
"OLI830","606640; 205250; 617892; 608627; 606070; 300857; 608030; 614696; 615515; 105400; 613954; 617839; 612069; 616208; 612577; 608031; 616437; 615426; 613435; 611895; 614808","Amyotrophic lateral sclerosis","Unknown","European/Caucasian","22645277",0,0,0,0,0,0,0,0,0,0,0,0,0,0,0,1,1,0,1,0,0,0,0,0,1,1,"Complete coverage",0,1,0,0,0,0,0,1
"OLI831","N.A.","Non-syndromic genetic deafness; Severe congenital neutropenia","Dual Molecular Diagnosis","Australian","32066420",2,1,0,1,2,2,0,2,1,1,1,2,2,2,2,2,2,0,2,0,1,1,0,0,0,1,"Complete coverage",0,1,0,0.5,0.5,0,0,0
"OLI832","200990","Acrocallosal syndrome","Unknown","Israeli","23142271",0,0,0,0,0,0,1,1,0,0,0,0,0,0,0,3,3,0,2,0,1,0,2,0,0,1,"Complete coverage",0,0.666666666666667,0,0.333333333333333,0,0.666666666666667,0,0
"OLI833","614840; 615271; 615269; 615270; 147950; 308700; 618841; 614838; 612370; 616030; 614837; 615267; 614880; 615266; 614897; 612702; 244200; 614858; 610628","Kallmann syndrome","Unknown","East Asian","28833369",0,0,0,0,0,2,0,2,0,0,0,0,0,0,0,3,2,1,0,1,0,0,0,2,0,0.666666666666667,"Partial coverage",0.5,0,0.5,0,0,0,1,0
"OLI834","614840; 615271; 615269; 615270; 147950; 308700; 618841; 614838; 612370; 616030; 614837; 615267; 614880; 615266; 614897; 612702; 244200; 614858; 610628","Kallmann syndrome","Unknown","East Asian","28833369; 35669683",0,1,0,1,2,2,0,2,1,1,1,0,2,0,1,2,2,2,0,0,0,0,0,2,0,1,"Complete coverage",1,0,0,0,0,0,1,0
"OLI835","614840; 615271; 615269; 615270; 147950; 308700; 618841; 614838; 612370; 616030; 614837; 615267; 614880; 615266; 614897; 612702; 244200; 614858; 610628","Kallmann syndrome","Unknown","East Asian","28833369; 35669683",0,0,0,0,0,2,0,2,0,1,1,0,2,0,0,2,2,1,1,0,1,0,0,0,1,1,"Complete coverage",0.5,0.5,0,0.5,0,0,0,0.5
"OLI836","614840; 615271; 615269; 615270; 147950; 308700; 618841; 614838; 612370; 616030; 614837; 615267; 614880; 615266; 614897; 612702; 244200; 614858; 610628","Kallmann syndrome","Unknown","East Asian","28833369; 35669683",0,0,1,1,2,2,0,2,1,1,1,2,2,1,1,2,2,2,0,0,1,0,0,1,0,1,"Complete coverage",1,0,0,0.5,0,0,0.5,0
"OLI837","614840; 125851; 615269; 606394; 613370; 612225; 615270; 147950; 308700; 614838; 613375; 606392; 612370; 616329; 614837; 614842; 614839; 614880; 615266; 609812; 616511; 600496; 125850; 612702; 614841; 244200; 606391; 610508; 146110; 614858; 610628","Normosmic congenital hypogonadotropic hypogonadism","Unknown","East Asian","28833369",0,0,0,0,1,1,0,1,0,1,1,0,1,0,0,3,3,1,2,0,1,1,0,1,0,1,"Complete coverage",0.333333333333333,0.666666666666667,0,0.333333333333333,0.333333333333333,0,0.333333333333333,0
"OLI838","108010","Cerebral arteriovenous malformation","Unknown","East Asian","30120215",1,1,1,1,2,2,0,2,0,1,1,0,2,0,1,2,2,0,1,1,2,0,0,0,0,1,"Complete coverage",0,0.5,0.5,1,0,0,0,0
"OLI839","108010","Cerebral arteriovenous malformation","Unknown","East Asian","30120215",1,1,0,1,2,2,0,2,0,1,1,0,2,0,1,2,2,1,1,0,1,0,0,1,0,1,"Complete coverage",0.5,0.5,0,0.5,0,0,0.5,0
"OLI840","108010","Cerebral arteriovenous malformation","Unknown","East Asian","30120215",1,1,1,1,1,1,0,1,0,0,0,0,0,0,0,2,2,1,0,1,1,0,1,0,0,1,"Complete coverage",0.5,0,0.5,0.5,0,0.5,0,0
"OLI841","181800","Congenital scoliosis","Unknown","Unknown","32815649",0,1,0,1,2,2,0,2,1,1,1,2,2,1,1,2,2,1,0,1,0,0,0,2,0,1,"Complete coverage",0.5,0,0.5,0,0,0,1,0
"OLI842","181800","Congenital scoliosis","Unknown","Unknown","32815649",0,1,0,1,2,2,0,2,1,1,1,2,2,1,1,2,2,2,0,0,0,1,0,1,0,1,"Complete coverage",1,0,0,0,0.5,0,0.5,0
"OLI843","614840; 125851; 615269; 606394; 613370; 612225; 615270; 147950; 308700; 614838; 613375; 606392; 612370; 616329; 614837; 614842; 614839; 614880; 615266; 609812; 616511; 600496; 125850; 612702; 614841; 244200; 606391; 610508; 146110; 614858; 610628","Normosmic congenital hypogonadotropic hypogonadism","Unknown","East Asian","33208564",0,1,0,1,0,0,1,1,1,1,1,0,1,0,0,2,2,0,2,0,0,1,0,0,1,1,"Complete coverage",0,1,0,0,0.5,0,0,0.5
"OLI844","614840; 615271; 615269; 615270; 147950; 308700; 618841; 614838; 612370; 616030; 614837; 615267; 614880; 615266; 614897; 612702; 244200; 614858; 610628","Kallmann syndrome","Unknown","East Asian","33208564",1,1,0,1,0,0,1,1,1,1,1,0,1,0,1,3,3,1,1,1,1,1,1,0,0,1,"Complete coverage",0.333333333333333,0.333333333333333,0.333333333333333,0.333333333333333,0.333333333333333,0.333333333333333,0,0
"OLI845","614840; 615271; 615269; 615270; 147950; 308700; 618841; 614838; 612370; 616030; 614837; 615267; 614880; 615266; 614897; 612702; 244200; 614858; 610628","Kallmann syndrome","Unknown","East Asian","33208564",0,1,0,1,0,0,0,0,1,1,1,0,0,0,0,2,2,0,1,0,0,1,0,1,0,1,"Complete coverage",0,0.5,0,0,0.5,0,0.5,0
"OLI846","614840; 125851; 615269; 606394; 613370; 612225; 615270; 147950; 308700; 614838; 613375; 606392; 612370; 616329; 614837; 614842; 614839; 614880; 615266; 609812; 616511; 600496; 125850; 612702; 614841; 244200; 606391; 610508; 146110; 614858; 610628","Normosmic congenital hypogonadotropic hypogonadism","Unknown","East Asian","33208564",1,1,0,1,0,0,0,0,1,1,1,0,0,0,0,2,2,0,0,2,0,0,0,2,0,1,"Complete coverage",0,0,1,0,0,0,1,0
"OLI847","614840; 615271; 615269; 615270; 147950; 308700; 618841; 614838; 612370; 616030; 614837; 615267; 614880; 615266; 614897; 612702; 244200; 614858; 610628","Kallmann syndrome","Unknown","East Asian","33208564",0,1,0,1,0,2,0,2,1,1,1,0,2,0,1,2,2,1,1,0,0,0,0,2,0,1,"Complete coverage",0.5,0.5,0,0,0,0,1,0
"OLI848","614840; 125851; 615269; 606394; 613370; 612225; 615270; 147950; 308700; 614838; 613375; 606392; 612370; 616329; 614837; 614842; 614839; 614880; 615266; 609812; 616511; 600496; 125850; 612702; 614841; 244200; 606391; 610508; 146110; 614858; 610628","Normosmic congenital hypogonadotropic hypogonadism","Unknown","East Asian","33208564",1,1,0,1,0,0,0,0,1,1,1,0,0,0,0,4,4,1,2,1,0,1,0,3,0,1,"Complete coverage",0.25,0.5,0.25,0,0.25,0,0.75,0
"OLI849","614840; 615271; 615269; 615270; 147950; 308700; 618841; 614838; 612370; 616030; 614837; 615267; 614880; 615266; 614897; 612702; 244200; 614858; 610628","Kallmann syndrome","Unknown","East Asian","33208564",1,1,0,1,0,0,0,0,1,1,1,0,0,0,0,3,3,1,2,0,0,1,0,2,0,1,"Complete coverage",0.333333333333333,0.666666666666667,0,0,0.333333333333333,0,0.666666666666667,0
"OLI850","614840; 615271; 615269; 615270; 147950; 308700; 618841; 614838; 612370; 616030; 614837; 615267; 614880; 615266; 614897; 612702; 244200; 614858; 610628","Kallmann syndrome","Unknown","East Asian","33208564",2,1,0,1,0,0,0,0,1,1,1,0,0,0,0,2,2,1,1,0,0,1,0,1,0,1,"Complete coverage",0.5,0.5,0,0,0.5,0,0.5,0
"OLI851","614840; 125851; 615269; 606394; 613370; 612225; 615270; 147950; 308700; 614838; 613375; 606392; 612370; 616329; 614837; 614842; 614839; 614880; 615266; 609812; 616511; 600496; 125850; 612702; 614841; 244200; 606391; 610508; 146110; 614858; 610628","Normosmic congenital hypogonadotropic hypogonadism","Unknown","East Asian","30098700",0,2,0,2,0,0,1,1,0,0,0,0,0,0,0,3,3,1,2,0,0,0,2,1,0,1,"Complete coverage",0.333333333333333,0.666666666666667,0,0,0,0.666666666666667,0.333333333333333,0
"OLI852","614840; 615271; 615269; 615270; 147950; 308700; 618841; 614838; 612370; 616030; 614837; 615267; 614880; 615266; 614897; 612702; 244200; 614858; 610628","Kallmann syndrome","Unknown","East Asian","30098700",0,2,0,2,0,2,0,2,0,0,0,0,0,0,0,2,2,0,2,0,0,0,1,1,0,1,"Complete coverage",0,1,0,0,0,0.5,0.5,0
"OLI853","614840; 615271; 615269; 615270; 147950; 308700; 618841; 614838; 612370; 616030; 614837; 615267; 614880; 615266; 614897; 612702; 244200; 614858; 610628","Kallmann syndrome","Unknown","East Asian","30098700",0,0,0,0,0,0,0,0,0,0,0,0,0,0,0,2,2,0,2,0,0,1,0,1,0,1,"Complete coverage",0,1,0,0,0.5,0,0.5,0
"OLI854","614840; 615271; 615269; 615270; 147950; 308700; 618841; 614838; 612370; 616030; 614837; 615267; 614880; 615266; 614897; 612702; 244200; 614858; 610628","Kallmann syndrome","Unknown","East Asian","30098700",0,2,0,2,0,0,0,0,1,1,1,0,0,0,0,3,3,1,1,1,0,1,1,0,1,1,"Complete coverage",0.333333333333333,0.333333333333333,0.333333333333333,0,0.333333333333333,0.333333333333333,0,0.333333333333333
"OLI855","614840; 615271; 615269; 615270; 147950; 308700; 618841; 614838; 612370; 616030; 614837; 615267; 614880; 615266; 614897; 612702; 244200; 614858; 610628","Kallmann syndrome","Unknown","East Asian","30098700",0,2,0,2,0,0,1,1,1,1,1,0,1,0,1,3,3,1,1,1,0,1,0,2,0,1,"Complete coverage",0.333333333333333,0.333333333333333,0.333333333333333,0,0.333333333333333,0,0.666666666666667,0
"OLI856","614840; 615271; 615269; 615270; 147950; 308700; 618841; 614838; 612370; 616030; 614837; 615267; 614880; 615266; 614897; 612702; 244200; 614858; 610628","Kallmann syndrome","Unknown","East Asian","30098700",0,2,0,2,0,0,0,0,0,0,0,0,0,0,0,3,3,0,3,0,0,1,2,0,0,1,"Complete coverage",0,1,0,0,0.333333333333333,0.666666666666667,0,0
"OLI857","614840; 615271; 615269; 615270; 147950; 308700; 618841; 614838; 612370; 616030; 614837; 615267; 614880; 615266; 614897; 612702; 244200; 614858; 610628","Kallmann syndrome","Unknown","East Asian","30098700",0,1,0,1,0,0,0,0,1,1,1,0,0,0,0,2,2,0,0,1,1,0,1,0,0,1,"Complete coverage",0,0,0.5,0.5,0,0.5,0,0
"OLI858","614840; 615271; 615269; 615270; 147950; 308700; 618841; 614838; 612370; 616030; 614837; 615267; 614880; 615266; 614897; 612702; 244200; 614858; 610628","Kallmann syndrome","Unknown","East Asian","30098700",0,0,0,0,0,0,0,0,0,1,1,0,0,0,0,3,3,1,1,1,1,0,0,1,1,1,"Complete coverage",0.333333333333333,0.333333333333333,0.333333333333333,0.333333333333333,0,0,0.333333333333333,0.333333333333333
"OLI859","614840; 615271; 615269; 615270; 147950; 308700; 618841; 614838; 612370; 616030; 614837; 615267; 614880; 615266; 614897; 612702; 244200; 614858; 610628","Kallmann syndrome","Unknown","East Asian","30098700",0,2,0,2,0,0,1,1,1,1,1,0,1,0,1,2,2,2,0,0,0,1,0,1,0,1,"Complete coverage",1,0,0,0,0.5,0,0.5,0
"OLI860","614840; 615271; 615269; 615270; 147950; 308700; 618841; 614838; 612370; 616030; 614837; 615267; 614880; 615266; 614897; 612702; 244200; 614858; 610628","Kallmann syndrome","Unknown","East Asian","30098700",0,1,0,1,0,0,0,0,1,1,1,0,0,0,0,2,2,1,1,0,0,0,0,1,1,1,"Complete coverage",0.5,0.5,0,0,0,0,0.5,0.5
"OLI861","614840; 615271; 615269; 615270; 147950; 308700; 618841; 614838; 612370; 616030; 614837; 615267; 614880; 615266; 614897; 612702; 244200; 614858; 610628","Kallmann syndrome","Unknown","East Asian","30098700",0,2,0,2,0,0,1,1,1,1,1,0,1,0,1,3,3,1,1,1,0,0,1,2,0,1,"Complete coverage",0.333333333333333,0.333333333333333,0.333333333333333,0,0,0.333333333333333,0.666666666666667,0
"OLI862","614840; 615271; 615269; 615270; 147950; 308700; 618841; 614838; 612370; 616030; 614837; 615267; 614880; 615266; 614897; 612702; 244200; 614858; 610628","Kallmann syndrome","Unknown","East Asian","30098700",0,2,0,2,0,0,1,1,1,1,1,0,1,0,1,2,2,1,0,0,1,0,0,1,0,1,"Complete coverage",0.5,0,0,0.5,0,0,0.5,0
"OLI863","614840; 615271; 615269; 615270; 147950; 308700; 618841; 614838; 612370; 616030; 614837; 615267; 614880; 615266; 614897; 612702; 244200; 614858; 610628","Kallmann syndrome","Unknown","East Asian","30098700",0,1,0,1,0,0,0,0,1,0,1,0,0,0,0,3,3,1,1,1,0,1,2,0,0,1,"Complete coverage",0.333333333333333,0.333333333333333,0.333333333333333,0,0.333333333333333,0.666666666666667,0,0
"OLI864","614840; 615271; 615269; 615270; 147950; 308700; 618841; 614838; 612370; 616030; 614837; 615267; 614880; 615266; 614897; 612702; 244200; 614858; 610628","Kallmann syndrome","Unknown","East Asian","30098700",0,1,0,1,0,0,1,1,1,1,1,0,1,0,0,2,2,1,0,1,1,0,0,1,0,1,"Complete coverage",0.5,0,0.5,0.5,0,0,0.5,0
"OLI865","614840; 615271; 615269; 615270; 147950; 308700; 618841; 614838; 612370; 616030; 614837; 615267; 614880; 615266; 614897; 612702; 244200; 614858; 610628","Kallmann syndrome","Unknown","East Asian","30098700",0,1,0,1,0,0,0,0,1,1,1,0,0,0,0,2,2,1,1,0,0,0,0,2,0,1,"Complete coverage",0.5,0.5,0,0,0,0,1,0
"OLI866","614840; 615271; 615269; 615270; 147950; 308700; 618841; 614838; 612370; 616030; 614837; 615267; 614880; 615266; 614897; 612702; 244200; 614858; 610628","Kallmann syndrome","Unknown","East Asian","30098700",0,2,0,2,0,0,1,1,0,0,0,0,0,0,0,2,2,0,2,0,0,0,1,1,0,1,"Complete coverage",0,1,0,0,0,0.5,0.5,0
"OLI867","614840; 615271; 615269; 615270; 147950; 308700; 618841; 614838; 612370; 616030; 614837; 615267; 614880; 615266; 614897; 612702; 244200; 614858; 610628","Kallmann syndrome","Unknown","East Asian","30098700",0,2,0,2,0,0,0,0,1,1,1,0,0,0,0,2,2,1,1,0,0,0,1,0,1,1,"Complete coverage",0.5,0.5,0,0,0,0.5,0,0.5
"OLI868","614840; 615271; 615269; 615270; 147950; 308700; 618841; 614838; 612370; 616030; 614837; 615267; 614880; 615266; 614897; 612702; 244200; 614858; 610628","Kallmann syndrome","Unknown","East Asian","30098700",0,1,0,1,0,1,0,1,1,1,1,0,1,0,0,2,2,0,2,0,0,1,0,1,0,1,"Complete coverage",0,1,0,0,0.5,0,0.5,0
"OLI869","614840; 615271; 615269; 615270; 147950; 308700; 618841; 614838; 612370; 616030; 614837; 615267; 614880; 615266; 614897; 612702; 244200; 614858; 610628","Kallmann syndrome","Unknown","East Asian","30098700",0,2,0,2,0,0,0,0,0,1,1,0,0,0,0,3,3,0,2,1,1,0,1,1,0,1,"Complete coverage",0,0.666666666666667,0.333333333333333,0.333333333333333,0,0.333333333333333,0.333333333333333,0
"OLI870","614840; 615271; 615269; 615270; 147950; 308700; 618841; 614838; 612370; 616030; 614837; 615267; 614880; 615266; 614897; 612702; 244200; 614858; 610628","Kallmann syndrome","Unknown","East Asian","30098700",0,2,0,2,0,0,1,1,1,1,1,0,1,0,1,2,2,0,2,0,0,2,0,0,0,1,"Complete coverage",0,1,0,0,1,0,0,0
"OLI871","614840; 615271; 615269; 615270; 147950; 308700; 618841; 614838; 612370; 616030; 614837; 615267; 614880; 615266; 614897; 612702; 244200; 614858; 610628","Kallmann syndrome","Unknown","East Asian","30098700",0,1,0,1,0,0,1,1,1,1,1,0,1,0,0,2,2,0,2,0,0,2,0,0,0,1,"Complete coverage",0,1,0,0,1,0,0,0
"OLI872","614840; 615271; 615269; 615270; 147950; 308700; 618841; 614838; 612370; 616030; 614837; 615267; 614880; 615266; 614897; 612702; 244200; 614858; 610628","Kallmann syndrome","Unknown","East Asian","30098700",0,1,0,1,0,0,0,0,1,1,1,0,0,0,0,2,2,1,1,0,0,1,0,1,0,1,"Complete coverage",0.5,0.5,0,0,0.5,0,0.5,0
"OLI873","614840; 615271; 615269; 615270; 147950; 308700; 618841; 614838; 612370; 616030; 614837; 615267; 614880; 615266; 614897; 612702; 244200; 614858; 610628","Kallmann syndrome","Unknown","East Asian","30098700",0,1,0,1,0,0,1,1,1,1,1,0,1,0,0,2,2,0,2,0,0,2,0,0,0,1,"Complete coverage",0,1,0,0,1,0,0,0
"OLI874","614840; 615271; 615269; 615270; 147950; 308700; 618841; 614838; 612370; 616030; 614837; 615267; 614880; 615266; 614897; 612702; 244200; 614858; 610628","Kallmann syndrome","Unknown","East Asian","30098700",0,1,0,1,0,0,0,0,1,1,1,0,0,0,0,3,3,0,2,1,0,2,0,1,0,1,"Complete coverage",0,0.666666666666667,0.333333333333333,0,0.666666666666667,0,0.333333333333333,0
"OLI875","614840; 615271; 615269; 615270; 147950; 308700; 618841; 614838; 612370; 616030; 614837; 615267; 614880; 615266; 614897; 612702; 244200; 614858; 610628","Kallmann syndrome","Unknown","East Asian","30098700",0,1,0,1,0,0,0,0,1,1,1,0,0,0,0,2,2,1,1,0,0,1,0,1,0,1,"Complete coverage",0.5,0.5,0,0,0.5,0,0.5,0
"OLI876","614840; 615271; 615269; 615270; 147950; 308700; 618841; 614838; 612370; 616030; 614837; 615267; 614880; 615266; 614897; 612702; 244200; 614858; 610628","Kallmann syndrome","Unknown","East Asian","30098700",0,1,0,1,0,0,1,1,1,1,1,0,1,0,0,2,2,0,1,0,1,1,0,0,0,1,"Complete coverage",0,0.5,0,0.5,0.5,0,0,0
"OLI877","614840; 615271; 615269; 615270; 147950; 308700; 618841; 614838; 612370; 616030; 614837; 615267; 614880; 615266; 614897; 612702; 244200; 614858; 610628","Kallmann syndrome","Unknown","East Asian","30098700",0,1,0,1,0,0,0,0,1,1,1,0,0,0,0,3,3,0,3,0,0,3,0,0,0,1,"Complete coverage",0,1,0,0,1,0,0,0
"OLI878","614840; 615271; 615269; 615270; 147950; 308700; 618841; 614838; 612370; 616030; 614837; 615267; 614880; 615266; 614897; 612702; 244200; 614858; 610628","Kallmann syndrome","Unknown","East Asian","30098700",0,1,0,1,0,0,0,0,1,1,1,0,0,0,0,4,4,0,2,2,0,2,1,1,0,1,"Complete coverage",0,0.5,0.5,0,0.5,0.25,0.25,0
"OLI879","614840; 615271; 615269; 615270; 147950; 308700; 618841; 614838; 612370; 616030; 614837; 615267; 614880; 615266; 614897; 612702; 244200; 614858; 610628","Kallmann syndrome","Unknown","East Asian","30098700",0,1,0,1,0,0,1,1,1,1,1,0,1,0,0,2,2,0,2,0,0,1,0,1,0,1,"Complete coverage",0,1,0,0,0.5,0,0.5,0
"OLI880","614840; 615271; 615269; 615270; 147950; 308700; 618841; 614838; 612370; 616030; 614837; 615267; 614880; 615266; 614897; 612702; 244200; 614858; 610628","Kallmann syndrome","Unknown","East Asian","30098700",0,1,0,1,0,0,0,0,1,1,1,0,0,0,0,4,4,0,4,0,0,2,0,2,0,1,"Complete coverage",0,1,0,0,0.5,0,0.5,0
"OLI881","614840; 615271; 615269; 615270; 147950; 308700; 618841; 614838; 612370; 616030; 614837; 615267; 614880; 615266; 614897; 612702; 244200; 614858; 610628","Kallmann syndrome","Unknown","East Asian","30098700",0,1,0,1,0,0,0,0,1,1,1,0,0,0,0,2,2,1,1,0,0,0,0,2,0,1,"Complete coverage",0.5,0.5,0,0,0,0,1,0
"OLI882","614840; 615271; 615269; 615270; 147950; 308700; 618841; 614838; 612370; 616030; 614837; 615267; 614880; 615266; 614897; 612702; 244200; 614858; 610628","Kallmann syndrome","Unknown","East Asian","30098700",0,2,0,2,0,0,0,0,1,1,1,0,0,0,0,3,3,1,1,1,0,2,1,0,0,1,"Complete coverage",0.333333333333333,0.333333333333333,0.333333333333333,0,0.666666666666667,0.333333333333333,0,0
"OLI883","614840; 615271; 615269; 615270; 147950; 308700; 618841; 614838; 612370; 616030; 614837; 615267; 614880; 615266; 614897; 612702; 244200; 614858; 610628","Kallmann syndrome","Unknown","East Asian","30098700",0,1,0,1,0,0,0,0,1,1,1,0,0,0,0,2,2,1,1,0,0,1,0,1,0,1,"Complete coverage",0.5,0.5,0,0,0.5,0,0.5,0
"OLI884","614840; 615271; 615269; 615270; 147950; 308700; 618841; 614838; 612370; 616030; 614837; 615267; 614880; 615266; 614897; 612702; 244200; 614858; 610628","Kallmann syndrome","Unknown","East Asian","30098700",0,1,0,1,0,0,0,0,1,1,1,0,0,0,0,3,3,0,2,1,0,2,0,1,0,1,"Complete coverage",0,0.666666666666667,0.333333333333333,0,0.666666666666667,0,0.333333333333333,0
"OLI885","614840; 615271; 615269; 615270; 147950; 308700; 618841; 614838; 612370; 616030; 614837; 615267; 614880; 615266; 614897; 612702; 244200; 614858; 610628","Kallmann syndrome","Unknown","East Asian","30098700",0,1,0,1,0,0,0,0,0,1,1,0,0,0,0,3,3,0,2,1,1,0,1,1,0,1,"Complete coverage",0,0.666666666666667,0.333333333333333,0.333333333333333,0,0.333333333333333,0.333333333333333,0
"OLI886","614840; 615271; 615269; 615270; 147950; 308700; 618841; 614838; 612370; 616030; 614837; 615267; 614880; 615266; 614897; 612702; 244200; 614858; 610628","Kallmann syndrome","Unknown","East Asian","30098700",0,1,1,1,0,0,0,0,1,1,1,0,0,0,0,2,2,0,1,1,0,0,2,0,0,1,"Complete coverage",0,0.5,0.5,0,0,1,0,0
"OLI887","614840; 615271; 615269; 615270; 147950; 308700; 618841; 614838; 612370; 616030; 614837; 615267; 614880; 615266; 614897; 612702; 244200; 614858; 610628","Kallmann syndrome","Unknown","East Asian","30098700",0,1,0,1,0,0,1,1,0,1,1,0,1,0,0,4,4,0,3,0,0,0,0,4,0,1,"Complete coverage",0,0.75,0,0,0,0,1,0
"OLI888","614840; 615271; 615269; 615270; 147950; 308700; 618841; 614838; 612370; 616030; 614837; 615267; 614880; 615266; 614897; 612702; 244200; 614858; 610628","Kallmann syndrome","Unknown","East Asian","30098700",0,1,0,1,0,0,1,1,1,1,1,0,1,0,0,3,3,0,3,0,0,0,3,0,0,1,"Complete coverage",0,1,0,0,0,1,0,0
"OLI889","614840; 125851; 615269; 606394; 613370; 612225; 615270; 147950; 308700; 614838; 613375; 606392; 612370; 616329; 614837; 614842; 614839; 614880; 615266; 609812; 616511; 600496; 125850; 612702; 614841; 244200; 606391; 610508; 146110; 614858; 610628","Normosmic congenital hypogonadotropic hypogonadism","Unknown","East Asian","30098700",0,1,0,1,0,0,0,0,1,1,1,0,0,0,0,2,2,0,2,0,0,1,1,0,0,1,"Complete coverage",0,1,0,0,0.5,0.5,0,0
"OLI890","614840; 125851; 615269; 606394; 613370; 612225; 615270; 147950; 308700; 614838; 613375; 606392; 612370; 616329; 614837; 614842; 614839; 614880; 615266; 609812; 616511; 600496; 125850; 612702; 614841; 244200; 606391; 610508; 146110; 614858; 610628","Normosmic congenital hypogonadotropic hypogonadism","Unknown","East Asian","30098700",0,2,1,2,0,0,1,1,1,1,1,0,1,0,1,2,2,1,1,0,0,0,1,1,0,1,"Complete coverage",0.5,0.5,0,0,0,0.5,0.5,0
"OLI891","614840; 125851; 615269; 606394; 613370; 612225; 615270; 147950; 308700; 614838; 613375; 606392; 612370; 616329; 614837; 614842; 614839; 614880; 615266; 609812; 616511; 600496; 125850; 612702; 614841; 244200; 606391; 610508; 146110; 614858; 610628","Normosmic congenital hypogonadotropic hypogonadism","Unknown","East Asian","30098700",0,2,0,2,0,0,1,1,1,1,1,0,1,0,1,2,2,0,1,1,0,1,0,0,1,1,"Complete coverage",0,0.5,0.5,0,0.5,0,0,0.5
"OLI892","614840; 125851; 615269; 606394; 613370; 612225; 615270; 147950; 308700; 614838; 613375; 606392; 612370; 616329; 614837; 614842; 614839; 614880; 615266; 609812; 616511; 600496; 125850; 612702; 614841; 244200; 606391; 610508; 146110; 614858; 610628","Normosmic congenital hypogonadotropic hypogonadism","Unknown","East Asian","30098700",0,2,1,2,0,0,1,1,1,1,1,0,1,0,1,2,2,1,1,0,0,0,1,1,0,1,"Complete coverage",0.5,0.5,0,0,0,0.5,0.5,0
"OLI893","614840; 125851; 615269; 606394; 613370; 612225; 615270; 147950; 308700; 614838; 613375; 606392; 612370; 616329; 614837; 614842; 614839; 614880; 615266; 609812; 616511; 600496; 125850; 612702; 614841; 244200; 606391; 610508; 146110; 614858; 610628","Normosmic congenital hypogonadotropic hypogonadism","Unknown","East Asian","30098700",0,2,0,2,0,0,0,0,1,1,1,0,0,0,0,2,2,0,2,0,0,1,1,0,0,1,"Complete coverage",0,1,0,0,0.5,0.5,0,0
"OLI894","614840; 125851; 615269; 606394; 613370; 612225; 615270; 147950; 308700; 614838; 613375; 606392; 612370; 616329; 614837; 614842; 614839; 614880; 615266; 609812; 616511; 600496; 125850; 612702; 614841; 244200; 606391; 610508; 146110; 614858; 610628","Normosmic congenital hypogonadotropic hypogonadism","Unknown","East Asian","30098700",0,1,0,1,0,1,0,1,0,1,1,0,1,0,0,2,2,1,1,0,1,0,0,1,0,1,"Complete coverage",0.5,0.5,0,0.5,0,0,0.5,0
"OLI895","614840; 125851; 615269; 606394; 613370; 612225; 615270; 147950; 308700; 614838; 613375; 606392; 612370; 616329; 614837; 614842; 614839; 614880; 615266; 609812; 616511; 600496; 125850; 612702; 614841; 244200; 606391; 610508; 146110; 614858; 610628","Normosmic congenital hypogonadotropic hypogonadism","Unknown","East Asian","30098700",0,2,0,2,0,0,1,1,1,1,1,0,1,0,1,2,2,1,1,0,0,0,1,1,0,1,"Complete coverage",0.5,0.5,0,0,0,0.5,0.5,0
"OLI896","614840; 125851; 615269; 606394; 613370; 612225; 615270; 147950; 308700; 614838; 613375; 606392; 612370; 616329; 614837; 614842; 614839; 614880; 615266; 609812; 616511; 600496; 125850; 612702; 614841; 244200; 606391; 610508; 146110; 614858; 610628","Normosmic congenital hypogonadotropic hypogonadism","Unknown","East Asian","30098700",0,2,0,2,0,0,0,0,0,0,0,0,0,0,0,2,2,0,2,0,0,1,1,0,0,1,"Complete coverage",0,1,0,0,0.5,0.5,0,0
"OLI897","614840; 125851; 615269; 606394; 613370; 612225; 615270; 147950; 308700; 614838; 613375; 606392; 612370; 616329; 614837; 614842; 614839; 614880; 615266; 609812; 616511; 600496; 125850; 612702; 614841; 244200; 606391; 610508; 146110; 614858; 610628","Normosmic congenital hypogonadotropic hypogonadism","Unknown","East Asian","30098700",0,2,0,2,0,0,0,0,1,0,1,0,0,0,0,1,1,0,1,0,0,0,0,1,0,1,"Complete coverage",0,1,0,0,0,0,1,0
"OLI898","614840; 125851; 615269; 606394; 613370; 612225; 615270; 147950; 308700; 614838; 613375; 606392; 612370; 616329; 614837; 614842; 614839; 614880; 615266; 609812; 616511; 600496; 125850; 612702; 614841; 244200; 606391; 610508; 146110; 614858; 610628","Normosmic congenital hypogonadotropic hypogonadism","Unknown","East Asian","30098700",0,1,0,1,0,1,0,1,1,1,1,0,1,0,0,2,2,0,2,0,0,1,0,0,1,1,"Complete coverage",0,1,0,0,0.5,0,0,0.5
"OLI899","614840; 125851; 615269; 606394; 613370; 612225; 615270; 147950; 308700; 614838; 613375; 606392; 612370; 616329; 614837; 614842; 614839; 614880; 615266; 609812; 616511; 600496; 125850; 612702; 614841; 244200; 606391; 610508; 146110; 614858; 610628","Normosmic congenital hypogonadotropic hypogonadism","Unknown","East Asian","30098700",0,2,0,2,0,0,0,0,1,1,1,0,0,0,0,2,2,2,0,0,0,0,0,2,0,1,"Complete coverage",1,0,0,0,0,0,1,0
"OLI900","614840; 125851; 615269; 606394; 613370; 612225; 615270; 147950; 308700; 614838; 613375; 606392; 612370; 616329; 614837; 614842; 614839; 614880; 615266; 609812; 616511; 600496; 125850; 612702; 614841; 244200; 606391; 610508; 146110; 614858; 610628","Normosmic congenital hypogonadotropic hypogonadism","Unknown","East Asian","30098700",0,2,0,2,0,0,1,1,1,1,1,0,1,0,1,4,4,1,3,0,0,2,0,2,0,1,"Complete coverage",0.25,0.75,0,0,0.5,0,0.5,0
"OLI901","614840; 125851; 615269; 606394; 613370; 612225; 615270; 147950; 308700; 614838; 613375; 606392; 612370; 616329; 614837; 614842; 614839; 614880; 615266; 609812; 616511; 600496; 125850; 612702; 614841; 244200; 606391; 610508; 146110; 614858; 610628","Normosmic congenital hypogonadotropic hypogonadism","Unknown","East Asian","30098700",0,2,0,2,0,0,1,1,1,1,1,0,1,0,1,3,3,0,3,0,0,2,1,0,0,1,"Complete coverage",0,1,0,0,0.666666666666667,0.333333333333333,0,0
"OLI902","614840; 125851; 615269; 606394; 613370; 612225; 615270; 147950; 308700; 614838; 613375; 606392; 612370; 616329; 614837; 614842; 614839; 614880; 615266; 609812; 616511; 600496; 125850; 612702; 614841; 244200; 606391; 610508; 146110; 614858; 610628","Normosmic congenital hypogonadotropic hypogonadism","Unknown","East Asian","30098700",0,2,0,2,0,0,0,0,0,0,0,0,0,0,0,3,3,0,3,0,0,0,2,1,0,1,"Complete coverage",0,1,0,0,0,0.666666666666667,0.333333333333333,0
"OLI903","614840; 125851; 615269; 606394; 613370; 612225; 615270; 147950; 308700; 614838; 613375; 606392; 612370; 616329; 614837; 614842; 614839; 614880; 615266; 609812; 616511; 600496; 125850; 612702; 614841; 244200; 606391; 610508; 146110; 614858; 610628","Normosmic congenital hypogonadotropic hypogonadism","Unknown","East Asian","30098700",0,1,0,1,0,0,0,0,1,1,1,0,0,0,0,2,2,0,2,0,0,2,0,0,0,1,"Complete coverage",0,1,0,0,1,0,0,0
"OLI904","614840; 125851; 615269; 606394; 613370; 612225; 615270; 147950; 308700; 614838; 613375; 606392; 612370; 616329; 614837; 614842; 614839; 614880; 615266; 609812; 616511; 600496; 125850; 612702; 614841; 244200; 606391; 610508; 146110; 614858; 610628","Normosmic congenital hypogonadotropic hypogonadism","Unknown","East Asian","30098700",0,2,0,2,0,0,0,0,1,1,1,0,0,0,0,2,2,0,1,1,0,1,1,0,0,1,"Complete coverage",0,0.5,0.5,0,0.5,0.5,0,0
"OLI905","614840; 125851; 615269; 606394; 613370; 612225; 615270; 147950; 308700; 614838; 613375; 606392; 612370; 616329; 614837; 614842; 614839; 614880; 615266; 609812; 616511; 600496; 125850; 612702; 614841; 244200; 606391; 610508; 146110; 614858; 610628","Normosmic congenital hypogonadotropic hypogonadism","Unknown","East Asian","30098700",0,2,0,2,0,0,0,0,1,1,1,0,0,0,0,3,3,2,1,0,0,1,2,0,0,1,"Complete coverage",0.666666666666667,0.333333333333333,0,0,0.333333333333333,0.666666666666667,0,0
"OLI906","614840; 125851; 615269; 606394; 613370; 612225; 615270; 147950; 308700; 614838; 613375; 606392; 612370; 616329; 614837; 614842; 614839; 614880; 615266; 609812; 616511; 600496; 125850; 612702; 614841; 244200; 606391; 610508; 146110; 614858; 610628","Normosmic congenital hypogonadotropic hypogonadism","Unknown","East Asian","30098700",0,1,0,1,0,0,0,0,1,1,1,0,0,0,0,4,4,1,3,0,0,0,0,3,1,1,"Complete coverage",0.25,0.75,0,0,0,0,0.75,0.25
"OLI907","614840; 125851; 615269; 606394; 613370; 612225; 615270; 147950; 308700; 614838; 613375; 606392; 612370; 616329; 614837; 614842; 614839; 614880; 615266; 609812; 616511; 600496; 125850; 612702; 614841; 244200; 606391; 610508; 146110; 614858; 610628","Normosmic congenital hypogonadotropic hypogonadism","Unknown","East Asian","30098700",0,2,0,2,0,0,0,0,1,1,1,0,0,0,0,4,4,2,1,1,0,2,2,0,0,1,"Complete coverage",0.5,0.25,0.25,0,0.5,0.5,0,0
"OLI908","614840; 125851; 615269; 606394; 613370; 612225; 615270; 147950; 308700; 614838; 613375; 606392; 612370; 616329; 614837; 614842; 614839; 614880; 615266; 609812; 616511; 600496; 125850; 612702; 614841; 244200; 606391; 610508; 146110; 614858; 610628","Normosmic congenital hypogonadotropic hypogonadism","Unknown","East Asian","30098700",0,2,0,2,0,0,0,0,0,0,0,0,0,0,0,3,3,0,0,3,0,1,1,1,0,1,"Complete coverage",0,0,1,0,0.333333333333333,0.333333333333333,0.333333333333333,0
"OLI909","614840; 125851; 615269; 606394; 613370; 612225; 615270; 147950; 308700; 614838; 613375; 606392; 612370; 616329; 614837; 614842; 614839; 614880; 615266; 609812; 616511; 600496; 125850; 612702; 614841; 244200; 606391; 610508; 146110; 614858; 610628","Normosmic congenital hypogonadotropic hypogonadism","Unknown","East Asian","30098700",0,1,0,1,0,0,1,1,1,1,1,0,1,0,0,3,3,1,2,0,1,1,0,1,0,1,"Complete coverage",0.333333333333333,0.666666666666667,0,0.333333333333333,0.333333333333333,0,0.333333333333333,0
"OLI910","614840; 125851; 615269; 606394; 613370; 612225; 615270; 147950; 308700; 614838; 613375; 606392; 612370; 616329; 614837; 614842; 614839; 614880; 615266; 609812; 616511; 600496; 125850; 612702; 614841; 244200; 606391; 610508; 146110; 614858; 610628","Normosmic congenital hypogonadotropic hypogonadism","Unknown","East Asian","30098700",0,1,0,1,0,0,1,1,1,1,1,0,1,0,0,2,2,0,1,1,0,2,0,0,0,1,"Complete coverage",0,0.5,0.5,0,1,0,0,0
"OLI911","614840; 125851; 615269; 606394; 613370; 612225; 615270; 147950; 308700; 614838; 613375; 606392; 612370; 616329; 614837; 614842; 614839; 614880; 615266; 609812; 616511; 600496; 125850; 612702; 614841; 244200; 606391; 610508; 146110; 614858; 610628","Normosmic congenital hypogonadotropic hypogonadism","Unknown","East Asian","30098700",0,2,0,2,0,0,1,1,1,1,1,0,1,0,1,2,2,1,1,0,0,0,0,1,1,1,"Complete coverage",0.5,0.5,0,0,0,0,0.5,0.5
"OLI912","614840; 125851; 615269; 606394; 613370; 612225; 615270; 147950; 308700; 614838; 613375; 606392; 612370; 616329; 614837; 614842; 614839; 614880; 615266; 609812; 616511; 600496; 125850; 612702; 614841; 244200; 606391; 610508; 146110; 614858; 610628","Normosmic congenital hypogonadotropic hypogonadism","Unknown","East Asian","30098700",0,1,0,1,0,0,0,0,1,1,1,0,0,0,0,2,2,1,1,0,1,0,0,1,0,1,"Complete coverage",0.5,0.5,0,0.5,0,0,0.5,0
"OLI913","614840; 125851; 615269; 606394; 613370; 612225; 615270; 147950; 308700; 614838; 613375; 606392; 612370; 616329; 614837; 614842; 614839; 614880; 615266; 609812; 616511; 600496; 125850; 612702; 614841; 244200; 606391; 610508; 146110; 614858; 610628","Normosmic congenital hypogonadotropic hypogonadism","Unknown","East Asian","30098700",0,1,0,1,0,0,0,0,1,1,1,0,0,0,0,3,3,0,1,2,0,2,1,0,0,1,"Complete coverage",0,0.333333333333333,0.666666666666667,0,0.666666666666667,0.333333333333333,0,0
"OLI914","614840; 125851; 615269; 606394; 613370; 612225; 615270; 147950; 308700; 614838; 613375; 606392; 612370; 616329; 614837; 614842; 614839; 614880; 615266; 609812; 616511; 600496; 125850; 612702; 614841; 244200; 606391; 610508; 146110; 614858; 610628","Normosmic congenital hypogonadotropic hypogonadism","Unknown","East Asian","30098700",0,1,0,1,0,0,0,0,1,1,1,0,0,0,0,3,3,0,3,0,0,1,1,0,1,1,"Complete coverage",0,1,0,0,0.333333333333333,0.333333333333333,0,0.333333333333333
"OLI915","614840; 125851; 615269; 606394; 613370; 612225; 615270; 147950; 308700; 614838; 613375; 606392; 612370; 616329; 614837; 614842; 614839; 614880; 615266; 609812; 616511; 600496; 125850; 612702; 614841; 244200; 606391; 610508; 146110; 614858; 610628","Normosmic congenital hypogonadotropic hypogonadism","Unknown","East Asian","30098700",0,1,0,1,0,0,1,1,0,0,0,0,0,0,0,1,1,0,0,1,0,0,0,1,0,1,"Complete coverage",0,0,1,0,0,0,1,0
"OLI916","104200; 203780; 301050","Benign familial hematuria","Unknown","Cypriot","29764427",1,1,0,1,2,2,0,2,1,1,1,2,2,1,1,2,2,1,0,1,1,0,0,1,0,1,"Complete coverage",0.5,0,0.5,0.5,0,0,0.5,0
"OLI917","600193; 193510; 193500; 606662; 148820; 611584; 608890","Waardenburg syndrome","Unknown","Middle eastern","33571247",2,1,0,1,0,0,0,0,1,0,1,0,0,0,0,2,1,0,0,1,0,1,0,0,0,0.5,"Partial coverage",0,0,1,0,1,0,0,0
"OLI918","300755; 613501; 614204; 616106; 109650; 613502; 601495; 613500; 616941; 612692; 613506; 615214; 300310","Generalized pustular psoriasis; Isolated agammaglobulinemia","Dual Molecular Diagnosis","Egyptian","35063669",0,1,0,1,3,3,0,3,1,1,1,2,2,1,1,2,2,1,1,0,1,1,0,0,0,1,"Complete coverage",0.5,0.5,0,0.5,0.5,0,0,0
"OLI919","601634; 301410; 182940","Isolated spina bifida","Unknown","European/Caucasian","33855610",0,1,0,1,1,1,0,1,0,0,0,0,0,0,0,3,3,1,0,2,0,3,0,0,0,1,"Complete coverage",0.333333333333333,0,0.666666666666667,0,1,0,0,0
"OLI920","601634; 301410; 182940","Isolated spina bifida","Unknown","European/Caucasian","33855610",0,1,0,1,1,1,0,1,0,1,1,0,1,0,0,3,3,0,2,1,0,1,1,1,0,1,"Complete coverage",0,0.666666666666667,0.333333333333333,0,0.333333333333333,0.333333333333333,0.333333333333333,0
"OLI921","N.A.","Transposition of the great arteries","Unknown","European/Caucasian","34670123",0,1,0,1,1,1,0,1,1,1,1,1,1,0,0,2,2,0,1,0,1,0,1,0,0,1,"Complete coverage",0,0.5,0,0.5,0,0.5,0,0
"OLI922","N.A.","Transposition of the great arteries","Unknown","European/Caucasian","34670123",0,1,0,1,1,1,0,1,1,1,1,1,1,0,0,2,2,0,0,0,2,0,0,0,0,1,"Complete coverage",0,0,0,1,0,0,0,0
"OLI923","N.A.","Transposition of the great arteries","Unknown","European/Caucasian","34670123",0,1,1,1,0,0,0,0,1,0,1,0,0,0,0,2,2,1,0,0,1,1,0,0,0,1,"Complete coverage",0.5,0,0,0.5,0.5,0,0,0
"OLI924","N.A.","Transposition of the great arteries","Unknown","European/Caucasian","34670123",0,1,0,1,0,0,0,0,1,0,1,0,0,0,0,3,3,1,1,0,1,1,0,1,0,1,"Complete coverage",0.333333333333333,0.333333333333333,0,0.333333333333333,0.333333333333333,0,0.333333333333333,0
"OLI925","N.A.","Transposition of the great arteries","Unknown","European/Caucasian","34670123",0,1,0,1,0,0,0,0,1,1,1,0,0,0,0,2,2,2,0,0,1,0,0,1,0,1,"Complete coverage",1,0,0,0.5,0,0,0.5,0
"OLI926","N.A.","Transposition of the great arteries","Unknown","European/Caucasian","34670123",0,1,1,1,0,0,0,0,1,0,1,0,0,0,0,2,2,1,0,1,0,0,1,0,1,1,"Complete coverage",0.5,0,0.5,0,0,0.5,0,0.5
"OLI927","N.A.","Transposition of the great arteries","Unknown","East Asian","34670123",0,1,0,1,0,0,0,0,1,1,1,0,0,0,0,3,3,1,1,0,2,0,1,0,0,1,"Complete coverage",0.333333333333333,0.333333333333333,0,0.666666666666667,0,0.333333333333333,0,0
"OLI928","N.A.","Transposition of the great arteries","Unknown","East Asian","34670123",0,1,0,1,0,0,0,0,1,1,1,0,0,0,0,3,3,0,2,0,2,0,0,1,0,1,"Complete coverage",0,0.666666666666667,0,0.666666666666667,0,0,0.333333333333333,0
"OLI929","N.A.","Transposition of the great arteries","Unknown","East Asian","34670123",0,1,0,1,0,0,0,0,1,1,1,0,0,0,0,3,3,1,1,0,3,0,0,0,0,1,"Complete coverage",0.333333333333333,0.333333333333333,0,1,0,0,0,0
"OLI930","N.A.","Transposition of the great arteries","Unknown","East Asian","34670123",0,1,0,1,0,0,0,0,1,1,1,0,0,0,0,2,2,1,1,0,1,1,0,0,0,1,"Complete coverage",0.5,0.5,0,0.5,0.5,0,0,0
"OLI931","N.A.","Transposition of the great arteries","Unknown","East Asian","34670123",0,1,0,1,0,0,0,0,1,1,1,0,0,0,0,2,2,1,0,0,2,0,0,0,0,1,"Complete coverage",0.5,0,0,1,0,0,0,0
"OLI932","N.A.","Rare pervasive developmental disorder","Unknown","European/Caucasian","33679889",1,1,0,1,2,2,0,2,1,0,1,2,2,1,1,7,7,1,3,1,1,0,2,4,0,1,"Complete coverage",0.142857142857143,0.428571428571429,0.142857142857143,0.142857142857143,0,0.285714285714286,0.571428571428571,0
"OLI933","N.A.","Limb-girdle muscular dystrophy","True Digenic","East Asian","33746696",3,1,0,1,2,2,0,2,1,1,1,2,2,3,3,2,2,0,2,0,0,0,1,0,1,1,"Complete coverage",0,1,0,0,0,0.5,0,0.5
"OLI934","N.A.","Schizophrenia","Unknown","East Asian","34947986",0,1,0,1,1,1,0,1,1,1,1,1,1,0,0,2,2,1,1,0,0,2,0,0,0,1,"Complete coverage",0.5,0.5,0,0,1,0,0,0
"OLI935","N.A.","Schizophrenia","Unknown","East Asian","34947986",0,1,0,1,1,1,0,1,1,1,1,1,1,0,0,3,3,2,0,1,0,0,2,1,0,1,"Complete coverage",0.666666666666667,0,0.333333333333333,0,0,0.666666666666667,0.333333333333333,0
"OLI936","N.A.","Hypodontia","Unknown","East Asian","34834569",0,1,0,1,2,2,0,2,0,1,1,0,2,0,1,2,2,0,1,0,1,0,0,1,0,1,"Complete coverage",0,0.5,0,0.5,0,0,0.5,0
"OLI937","N.A.","Hypodontia","Unknown","East Asian","34834569",1,1,0,1,2,2,0,2,0,1,1,0,2,0,1,4,3,2,0,1,0,0,1,2,0,0.75,"Partial coverage",0.666666666666667,0,0.333333333333333,0,0,0.333333333333333,0.666666666666667,0
"OLI938","N.A.","Hypodontia","Unknown","East Asian","34834569",1,1,0,1,2,2,0,2,0,1,1,0,2,0,1,3,3,0,3,0,0,0,2,1,0,1,"Complete coverage",0,1,0,0,0,0.666666666666667,0.333333333333333,0
"OLI939","274600","Pendred syndrome","Unknown","Unknown","34560057",0,0,1,1,2,2,0,2,0,1,1,0,2,0,0,2,2,0,2,0,1,0,1,0,0,1,"Complete coverage",0,1,0,0.5,0,0.5,0,0
"OLI940","606640; 205250; 617892; 608627; 606070; 300857; 608030; 614696; 615515; 105400; 613954; 617839; 612069; 616208; 612577; 608031; 616437; 615426; 613435; 611895; 614808","Amyotrophic lateral sclerosis","Unknown","East Asian","34275688",0,0,0,0,0,0,0,0,0,1,1,0,0,0,0,2,2,1,1,0,1,0,0,1,0,1,"Complete coverage",0.5,0.5,0,0.5,0,0,0.5,0
"OLI941","606640; 205250; 617892; 608627; 606070; 300857; 608030; 614696; 615515; 105400; 613954; 617839; 612069; 616208; 612577; 608031; 616437; 615426; 613435; 611895; 614808","Amyotrophic lateral sclerosis","Unknown","East Asian","34275688",0,0,0,0,0,0,0,0,0,1,1,0,0,0,0,2,2,2,0,0,1,0,0,1,0,1,"Complete coverage",1,0,0,0.5,0,0,0.5,0
"OLI942","606640; 205250; 617892; 608627; 606070; 300857; 608030; 614696; 615515; 105400; 613954; 617839; 612069; 616208; 612577; 608031; 616437; 615426; 613435; 611895; 614808","Amyotrophic lateral sclerosis","Unknown","East Asian","34275688",0,0,0,0,0,0,0,0,0,1,1,0,0,0,0,1,1,1,0,0,1,0,0,0,0,1,"Complete coverage",1,0,0,1,0,0,0,0
"OLI943","606640; 205250; 617892; 608627; 606070; 300857; 608030; 614696; 615515; 105400; 613954; 617839; 612069; 616208; 612577; 608031; 616437; 615426; 613435; 611895; 614808","Amyotrophic lateral sclerosis","Unknown","East Asian","34275688",0,0,0,0,0,0,0,0,0,1,1,0,0,0,0,2,2,2,0,0,1,0,0,1,0,1,"Complete coverage",1,0,0,0.5,0,0,0.5,0
"OLI944","606640; 205250; 617892; 608627; 606070; 300857; 608030; 614696; 615515; 105400; 613954; 617839; 612069; 616208; 612577; 608031; 616437; 615426; 613435; 611895; 614808","Amyotrophic lateral sclerosis","Unknown","East Asian","34275688",0,0,0,0,0,0,0,0,0,1,1,0,0,0,0,3,3,0,3,0,0,1,0,2,0,1,"Complete coverage",0,1,0,0,0.333333333333333,0,0.666666666666667,0
"OLI945","606640; 205250; 617892; 608627; 606070; 300857; 608030; 614696; 615515; 105400; 613954; 617839; 612069; 616208; 612577; 608031; 616437; 615426; 613435; 611895; 614808","Amyotrophic lateral sclerosis","Unknown","East Asian","34275688",0,0,0,0,0,0,2,2,0,1,1,0,2,0,0,2,2,2,0,0,1,0,0,1,0,1,"Complete coverage",1,0,0,0.5,0,0,0.5,0
"OLI946","606640; 205250; 617892; 608627; 606070; 300857; 608030; 614696; 615515; 105400; 613954; 617839; 612069; 616208; 612577; 608031; 616437; 615426; 613435; 611895; 614808","Amyotrophic lateral sclerosis","Unknown","East Asian","34275688",0,1,0,1,0,0,0,0,1,1,1,0,0,0,0,2,2,0,2,0,0,1,0,0,1,1,"Complete coverage",0,1,0,0,0.5,0,0,0.5
"OLI947","606640; 205250; 617892; 608627; 606070; 300857; 608030; 614696; 615515; 105400; 613954; 617839; 612069; 616208; 612577; 608031; 616437; 615426; 613435; 611895; 614808","Amyotrophic lateral sclerosis","Unknown","East Asian","34275688",0,0,0,0,0,0,0,0,0,1,1,0,0,0,0,2,2,1,0,1,0,1,0,1,0,1,"Complete coverage",0.5,0,0.5,0,0.5,0,0.5,0
"OLI948","606640; 205250; 617892; 608627; 606070; 300857; 608030; 614696; 615515; 105400; 613954; 617839; 612069; 616208; 612577; 608031; 616437; 615426; 613435; 611895; 614808","Amyotrophic lateral sclerosis","Unknown","East Asian","34275688",0,1,0,1,0,0,0,0,1,1,1,0,0,0,0,2,2,2,0,0,1,0,0,1,0,1,"Complete coverage",1,0,0,0.5,0,0,0.5,0
"OLI949","606640; 205250; 617892; 608627; 606070; 300857; 608030; 614696; 615515; 105400; 613954; 617839; 612069; 616208; 612577; 608031; 616437; 615426; 613435; 611895; 614808","Amyotrophic lateral sclerosis","Unknown","East Asian","34275688",0,1,0,1,0,0,0,0,0,1,1,0,0,0,0,2,2,1,1,0,1,0,0,1,0,1,"Complete coverage",0.5,0.5,0,0.5,0,0,0.5,0
"OLI950","606640; 205250; 617892; 608627; 606070; 300857; 608030; 614696; 615515; 105400; 613954; 617839; 612069; 616208; 612577; 608031; 616437; 615426; 613435; 611895; 614808","Amyotrophic lateral sclerosis","Unknown","East Asian","34275688",0,1,0,1,0,0,0,0,1,1,1,0,0,0,0,2,2,1,1,0,0,0,0,2,0,1,"Complete coverage",0.5,0.5,0,0,0,0,1,0
"OLI951","606640; 205250; 617892; 608627; 606070; 300857; 608030; 614696; 615515; 105400; 613954; 617839; 612069; 616208; 612577; 608031; 616437; 615426; 613435; 611895; 614808","Amyotrophic lateral sclerosis","Unknown","East Asian","34275688",0,1,0,1,0,0,1,1,1,1,1,0,1,0,0,2,2,1,1,0,1,1,0,0,0,1,"Complete coverage",0.5,0.5,0,0.5,0.5,0,0,0
"OLI952","606640; 205250; 617892; 608627; 606070; 300857; 608030; 614696; 615515; 105400; 613954; 617839; 612069; 616208; 612577; 608031; 616437; 615426; 613435; 611895; 614808","Amyotrophic lateral sclerosis","Unknown","East Asian","34275688",0,1,0,1,0,0,0,0,1,1,1,0,0,0,0,2,2,1,1,0,0,0,0,2,0,1,"Complete coverage",0.5,0.5,0,0,0,0,1,0
"OLI953","606640; 205250; 617892; 608627; 606070; 300857; 608030; 614696; 615515; 105400; 613954; 617839; 612069; 616208; 612577; 608031; 616437; 615426; 613435; 611895; 614808","Amyotrophic lateral sclerosis","Unknown","East Asian","34275688",0,0,0,0,0,0,0,0,0,1,1,0,0,0,0,2,2,0,2,0,0,2,0,0,0,1,"Complete coverage",0,1,0,0,1,0,0,0
"OLI954","606640; 205250; 617892; 608627; 606070; 300857; 608030; 614696; 615515; 105400; 613954; 617839; 612069; 616208; 612577; 608031; 616437; 615426; 613435; 611895; 614808","Amyotrophic lateral sclerosis","Unknown","East Asian","34275688",0,1,0,1,0,0,0,0,0,1,1,0,0,0,0,2,2,1,0,1,0,1,1,0,0,1,"Complete coverage",0.5,0,0.5,0,0.5,0.5,0,0
"OLI955","606640; 205250; 617892; 608627; 606070; 300857; 608030; 614696; 615515; 105400; 613954; 617839; 612069; 616208; 612577; 608031; 616437; 615426; 613435; 611895; 614808","Amyotrophic lateral sclerosis","Unknown","East Asian","34275688",0,0,0,0,0,0,0,0,0,1,1,0,0,0,0,1,1,0,1,0,0,1,0,0,0,1,"Complete coverage",0,1,0,0,1,0,0,0
"OLI956","606640; 205250; 617892; 608627; 606070; 300857; 608030; 614696; 615515; 105400; 613954; 617839; 612069; 616208; 612577; 608031; 616437; 615426; 613435; 611895; 614808","Amyotrophic lateral sclerosis","Unknown","East Asian","34275688",0,0,1,1,0,0,0,0,0,1,1,0,0,0,0,1,1,1,0,0,1,0,0,0,0,1,"Complete coverage",1,0,0,1,0,0,0,0
"OLI957","606640; 205250; 617892; 608627; 606070; 300857; 608030; 614696; 615515; 105400; 613954; 617839; 612069; 616208; 612577; 608031; 616437; 615426; 613435; 611895; 614808","Amyotrophic lateral sclerosis","Unknown","East Asian","34275688",0,0,0,0,0,0,0,0,0,1,1,0,0,0,0,1,1,0,1,0,0,0,0,1,0,1,"Complete coverage",0,1,0,0,0,0,1,0
"OLI958","606640; 205250; 617892; 608627; 606070; 300857; 608030; 614696; 615515; 105400; 613954; 617839; 612069; 616208; 612577; 608031; 616437; 615426; 613435; 611895; 614808","Amyotrophic lateral sclerosis","Unknown","East Asian","34275688",0,0,0,0,0,0,0,0,0,1,1,0,0,0,0,1,1,1,0,0,0,0,0,1,0,1,"Complete coverage",1,0,0,0,0,0,1,0
"OLI959","606640; 205250; 617892; 608627; 606070; 300857; 608030; 614696; 615515; 105400; 613954; 617839; 612069; 616208; 612577; 608031; 616437; 615426; 613435; 611895; 614808","Amyotrophic lateral sclerosis","Unknown","East Asian","34275688",0,1,0,1,0,0,0,0,1,1,1,0,0,0,0,2,2,0,2,0,0,1,0,1,0,1,"Complete coverage",0,1,0,0,0.5,0,0.5,0
"OLI960","N.A.","Non-acquired combined pituitary hormone deficiency","Unknown","Unknown","34456972",1,1,0,1,1,1,0,1,1,1,1,1,1,1,1,3,3,1,1,0,1,1,0,1,0,1,"Complete coverage",0.333333333333333,0.333333333333333,0,0.333333333333333,0.333333333333333,0,0.333333333333333,0
"OLI961","N.A.","Non-acquired combined pituitary hormone deficiency","Unknown","Unknown","34456972",1,1,0,1,2,2,0,2,1,1,1,2,2,1,1,3,1,0,0,0,0,0,1,0,0,0.333333333333333,"Partial coverage",0,0,0,0,0,1,0,0
"OLI962","616329; 616511; 125851; 600496; 125850; 612225; 606394; 606391; 610508; 613375; 613370; 609812; 606392","MODY","Unknown","Unknown","34202200",1,0,0,0,1,1,0,1,0,1,1,0,1,0,0,2,1,0,0,0,1,0,0,0,0,0.5,"Partial coverage",0,0,0,1,0,0,0,0
"OLI963","263200; 617610","Autosomal recessive polycystic kidney disease","Monogenic+Modifier","East Asian","34032358",2,1,0,1,3,3,0,3,0,0,0,1,1,1,1,3,3,0,3,0,0,0,3,0,0,1,"Complete coverage",0,1,0,0,0,1,0,0
"OLI964","606640; 205250; 617892; 608627; 606070; 300857; 608030; 614696; 615515; 105400; 613954; 617839; 612069; 616208; 612577; 608031; 616437; 615426; 613435; 611895; 614808","Amyotrophic lateral sclerosis","Unknown","European/Caucasian","34946792",0,1,0,1,1,1,0,1,2,0,2,2,2,1,1,3,2,0,1,1,0,0,2,0,0,0.666666666666667,"Partial coverage",0,0.5,0.5,0,0,1,0,0
"OLI965","606640; 205250; 617892; 608627; 606070; 300857; 608030; 614696; 615515; 105400; 613954; 617839; 612069; 616208; 612577; 608031; 616437; 615426; 613435; 611895; 614808","Amyotrophic lateral sclerosis","Unknown","European/Caucasian","34946792",0,1,0,1,1,1,0,1,0,0,0,0,0,0,0,3,2,0,0,2,0,0,2,0,0,0.666666666666667,"Partial coverage",0,0,1,0,0,1,0,0
"OLI966","606640; 205250; 617892; 608627; 606070; 300857; 608030; 614696; 615515; 105400; 613954; 617839; 612069; 616208; 612577; 608031; 616437; 615426; 613435; 611895; 614808","Amyotrophic lateral sclerosis","Unknown","European/Caucasian","34946792",0,1,0,1,0,0,0,0,0,0,0,0,0,0,0,4,3,0,0,3,0,0,3,0,0,0.75,"Partial coverage",0,0,1,0,0,1,0,0
"OLI967","606640; 205250; 617892; 608627; 606070; 300857; 608030; 614696; 615515; 105400; 613954; 617839; 612069; 616208; 612577; 608031; 616437; 615426; 613435; 611895; 614808","Amyotrophic lateral sclerosis","Unknown","European/Caucasian","34946792",0,1,0,1,0,0,0,0,0,0,0,0,0,0,0,6,5,0,1,4,0,0,4,0,1,0.833333333333333,"Partial coverage",0,0.2,0.8,0,0,0.8,0,0.2
"OLI968","606640; 205250; 617892; 608627; 606070; 300857; 608030; 614696; 615515; 105400; 613954; 617839; 612069; 616208; 612577; 608031; 616437; 615426; 613435; 611895; 614808","Amyotrophic lateral sclerosis","Unknown","European/Caucasian","34946792",0,1,0,1,0,0,0,0,0,0,0,0,0,0,0,7,6,0,1,5,0,0,5,0,1,0.857142857142857,"Partial coverage",0,0.166666666666667,0.833333333333333,0,0,0.833333333333333,0,0.166666666666667
"OLI969","606640; 205250; 617892; 608627; 606070; 300857; 608030; 614696; 615515; 105400; 613954; 617839; 612069; 616208; 612577; 608031; 616437; 615426; 613435; 611895; 614808","Amyotrophic lateral sclerosis","Unknown","European/Caucasian","34946792",0,1,0,1,0,0,0,0,0,0,0,0,0,0,0,6,5,0,2,3,0,0,5,0,0,0.833333333333333,"Partial coverage",0,0.4,0.6,0,0,1,0,0
"OLI970","606640; 205250; 617892; 608627; 606070; 300857; 608030; 614696; 615515; 105400; 613954; 617839; 612069; 616208; 612577; 608031; 616437; 615426; 613435; 611895; 614808","Amyotrophic lateral sclerosis","Unknown","European/Caucasian","34946792",0,1,0,1,0,0,0,0,0,0,0,0,0,0,0,9,8,0,2,6,0,0,8,0,0,0.888888888888889,"Partial coverage",0,0.25,0.75,0,0,1,0,0
"OLI971","104200; 203780; 301050","Alport syndrome","Unknown","Unknown","33838161",0,1,0,1,2,2,0,2,0,0,0,0,0,0,0,2,1,0,0,1,1,0,0,0,0,0.5,"Partial coverage",0,0,1,1,0,0,0,0
"OLI972","104200; 203780; 301050","Alport syndrome","Unknown","Unknown","33838161",0,1,1,1,2,2,0,2,1,1,1,2,2,1,1,2,2,2,0,0,2,0,0,0,0,1,"Complete coverage",1,0,0,1,0,0,0,0
"OLI973","104200; 203780; 301050","Alport syndrome","Unknown","Unknown","33838161",0,1,0,1,2,2,0,2,0,1,1,0,2,0,1,2,1,1,0,0,1,0,0,0,0,0.5,"Partial coverage",1,0,0,1,0,0,0,0
"OLI974","104200; 203780; 301050","Alport syndrome","Unknown","Unknown","33838161",0,1,1,1,2,2,0,2,1,1,1,2,2,1,1,2,2,2,0,0,2,0,0,0,0,1,"Complete coverage",1,0,0,1,0,0,0,0
"OLI975","104200; 203780; 301050","Alport syndrome","Unknown","Unknown","33838161",0,1,0,1,2,2,0,2,0,1,1,0,2,0,1,2,2,1,0,0,2,0,0,0,0,1,"Complete coverage",0.5,0,0,1,0,0,0,0
"OLI976","615373; 601494; 300580; 601493; 609470; 615396; 617760; 604169; 615092; 255310; 613424; 611878; 613426","Left ventricular noncompaction","True Digenic","Unknown","34752814",2,0,0,0,1,1,0,1,1,1,1,1,1,1,1,2,2,1,1,0,1,0,1,0,0,1,"Complete coverage",0.5,0.5,0,0.5,0,0.5,0,0
"OLI977","615373; 601494; 300580; 601493; 609470; 615396; 617760; 604169; 615092; 255310; 613424; 611878; 613426","Left ventricular noncompaction","Unknown","Unknown","34752814",2,1,0,1,0,0,0,0,1,1,1,0,0,0,0,2,2,1,1,0,1,0,1,0,0,1,"Complete coverage",0.5,0.5,0,0.5,0,0.5,0,0
"OLI978","615373; 601494; 300580; 601493; 609470; 615396; 617760; 604169; 615092; 255310; 613424; 611878; 613426","Left ventricular noncompaction","Unknown","Unknown","34752814",1,0,0,0,0,0,0,0,1,1,1,0,0,0,0,2,2,0,2,0,0,0,1,1,0,1,"Complete coverage",0,1,0,0,0,0.5,0.5,0
"OLI979","615373; 601494; 300580; 601493; 609470; 615396; 617760; 604169; 615092; 255310; 613424; 611878; 613426","Left ventricular noncompaction","Unknown","Unknown","34752814",1,0,0,0,0,0,0,0,1,0,1,0,0,0,0,4,4,0,3,0,0,1,0,1,2,1,"Complete coverage",0,0.75,0,0,0.25,0,0.25,0.5
"OLI980","N.A.","Hemophagocytic syndrome","Unknown","East Asian","34339548",0,0,0,0,0,0,0,0,0,1,1,0,0,0,0,2,2,0,1,0,1,0,0,1,0,1,"Complete coverage",0,0.5,0,0.5,0,0,0.5,0
"OLI981","613600","Torsade-de-pointes syndrome with short coupling interval","Unknown","European/Caucasian","33664309",2,1,0,1,1,1,0,1,0,1,1,0,1,0,1,3,3,1,0,1,0,1,0,2,0,1,"Complete coverage",0.333333333333333,0,0.333333333333333,0,0.333333333333333,0,0.666666666666667,0
"OLI982","256300","Congenital nephrotic syndrome","Unknown","European/Caucasian","34565340",1,1,0,1,1,1,0,1,1,1,1,1,1,1,1,2,2,1,0,1,0,0,0,2,0,1,"Complete coverage",0.5,0,0.5,0,0,0,1,0
"OLI983","N.A.","Overgrowth or tall stature syndrome with skeletal involvement","Unknown","European/Caucasian","34194391",1,1,0,1,2,2,0,2,1,1,1,2,2,1,1,5,5,1,4,0,0,4,0,1,0,1,"Complete coverage",0.2,0.8,0,0,0.8,0,0.2,0
"OLI984","184260","Odontochondrodysplasia","Unknown","European Finnish","34149817",1,1,0,1,1,1,0,1,2,1,2,2,2,1,1,5,5,2,1,1,1,0,2,0,2,1,"Complete coverage",0.4,0.2,0.2,0.2,0,0.4,0,0.4
"OLI985","601005; 612347; 612955; 613688; 192500; 220400; 613695; 616247; 611819; 618447; 613693; 613485; 616249; 603830; 611818; 600919; 611820","Familial long QT syndrome","Unknown","East Asian","34755423",1,0,0,0,2,2,2,2,1,1,1,2,2,1,1,2,2,1,0,1,0,0,0,2,0,1,"Complete coverage",0.5,0,0.5,0,0,0,1,0
"OLI986","N.A.","Congenital hypothyroidism","Unknown","Unknown","34456971; 37390946",0,1,0,1,2,2,2,2,1,1,1,2,2,1,1,2,2,2,0,0,1,0,0,1,0,1,"Complete coverage",1,0,0,0.5,0,0,0.5,0
"OLI987","N.A.","Congenital hypothyroidism","Unknown","Unknown","34456971",0,1,0,1,2,2,2,2,0,1,1,0,2,0,1,2,1,0,0,0,0,0,0,1,0,0.5,"Partial coverage",0,0,0,0,0,0,1,0
"OLI988","N.A.","Congenital hypothyroidism","Unknown","Unknown","34456971; 37390946",0,1,0,1,2,2,2,2,0,1,1,0,2,0,1,2,2,1,0,0,1,1,0,0,0,1,"Complete coverage",0.5,0,0,0.5,0.5,0,0,0
"OLI989","N.A.","Congenital hypothyroidism","Unknown","Unknown","34456971; 37390946",0,1,0,1,2,2,0,2,0,1,1,0,2,0,1,2,1,1,0,0,1,0,0,0,0,0.5,"Partial coverage",1,0,0,1,0,0,0,0
"OLI990","N.A.","Congenital hypothyroidism","Unknown","Unknown","34456971",0,1,0,1,2,2,0,2,0,1,1,0,2,0,1,2,2,0,0,0,2,0,0,0,0,1,"Complete coverage",0,0,0,1,0,0,0,0
"OLI991","N.A.","Congenital hypothyroidism","Unknown","Unknown","34456971",0,1,0,1,2,2,0,2,1,1,1,2,2,1,1,2,1,0,1,0,0,0,0,0,1,0.5,"Partial coverage",0,1,0,0,0,0,0,1
"OLI992","N.A.","Congenital hypothyroidism","Unknown","Unknown","34456971",0,1,0,1,2,2,0,2,1,1,1,2,2,1,1,2,1,0,1,0,1,0,0,0,0,0.5,"Partial coverage",0,1,0,1,0,0,0,0
"OLI993","N.A.","Congenital hypothyroidism","Unknown","Unknown","34456971; 37390946",0,1,0,1,2,2,0,2,0,0,0,0,0,0,0,2,2,0,1,1,0,1,0,1,0,1,"Complete coverage",0,0.5,0.5,0,0.5,0,0.5,0
"OLI994","N.A.","Congenital hypothyroidism","Unknown","Unknown","34456971",0,1,0,1,2,2,0,2,1,1,1,2,2,1,1,2,1,0,1,0,0,1,0,0,0,0.5,"Partial coverage",0,1,0,0,1,0,0,0
"OLI995","N.A.","Congenital hypothyroidism","Unknown","Unknown","34456971",0,1,0,1,2,2,0,2,0,0,0,0,0,0,0,2,2,0,2,0,0,0,1,0,1,1,"Complete coverage",0,1,0,0,0,0.5,0,0.5
"OLI996","N.A.","Androgen insensitivity syndrome; 46,XY disorder of sex development","Unknown","East Asian","33750429",0,0,0,0,0,0,0,0,0,0,0,0,0,0,0,5,5,1,2,1,1,4,0,0,0,1,"Complete coverage",0.2,0.4,0.2,0.2,0.8,0,0,0
"OLI997","N.A.","Androgen insensitivity syndrome; 46,XY disorder of sex development","Unknown","East Asian","33750429",0,0,0,0,0,0,0,0,0,1,1,0,0,0,0,4,4,1,2,1,1,1,2,0,0,1,"Complete coverage",0.25,0.5,0.25,0.25,0.25,0.5,0,0
"OLI998","N.A.","Androgen insensitivity syndrome; 46,XY disorder of sex development","Unknown","East Asian","33750429",0,0,0,0,0,0,0,0,0,1,1,0,0,0,0,3,3,2,1,0,1,0,0,2,0,1,"Complete coverage",0.666666666666667,0.333333333333333,0,0.333333333333333,0,0,0.666666666666667,0
"OLI999","N.A.","Androgen insensitivity syndrome; 46,XY disorder of sex development","Unknown","East Asian","33750429",0,0,1,1,0,0,0,0,0,1,1,0,0,0,0,2,2,1,0,0,1,0,1,0,0,1,"Complete coverage",0.5,0,0,0.5,0,0.5,0,0
"OLI1000","N.A.","Androgen insensitivity syndrome; 46,XY disorder of sex development","Unknown","East Asian","33750429",0,0,0,0,0,0,0,0,0,1,1,0,0,0,0,2,2,1,0,1,1,1,0,0,0,1,"Complete coverage",0.5,0,0.5,0.5,0.5,0,0,0
"OLI1001","N.A.","Androgen insensitivity syndrome; 46,XY disorder of sex development","Unknown","East Asian","33750429",0,0,0,0,0,0,2,2,0,1,1,0,2,0,0,3,3,2,1,0,2,0,1,0,0,1,"Complete coverage",0.666666666666667,0.333333333333333,0,0.666666666666667,0,0.333333333333333,0,0
"OLI1002","N.A.","Androgen insensitivity syndrome; 46,XY disorder of sex development","Unknown","East Asian","33750429",0,0,0,0,0,0,0,0,0,1,1,0,0,0,0,3,3,1,2,0,0,2,1,0,0,1,"Complete coverage",0.333333333333333,0.666666666666667,0,0,0.666666666666667,0.333333333333333,0,0
"OLI1003","N.A.","Androgen insensitivity syndrome; 46,XY disorder of sex development","Unknown","East Asian","33750429",0,0,0,0,0,0,0,0,0,1,1,0,0,0,0,2,2,1,0,0,1,0,1,0,0,1,"Complete coverage",0.5,0,0,0.5,0,0.5,0,0
"OLI1004","N.A.","Androgen insensitivity syndrome; 46,XY disorder of sex development","Unknown","East Asian","33750429",0,0,0,0,0,0,0,0,0,1,1,0,0,0,0,2,2,0,2,0,1,0,0,1,0,1,"Complete coverage",0,1,0,0.5,0,0,0.5,0
"OLI1005","N.A.","Androgen insensitivity syndrome; 46,XY disorder of sex development","Unknown","East Asian","33750429",0,0,0,0,0,0,0,0,0,1,1,0,0,0,0,2,2,1,1,0,1,0,0,1,0,1,"Complete coverage",0.5,0.5,0,0.5,0,0,0.5,0
"OLI1006","N.A.","Androgen insensitivity syndrome; 46,XY disorder of sex development","Unknown","East Asian","33750429",0,0,0,0,0,0,0,0,0,1,1,0,0,0,0,1,1,0,1,0,0,0,1,0,0,1,"Complete coverage",0,1,0,0,0,1,0,0
"OLI1007","237450","Rotor syndrome","Unknown","Japanese","25546334",1,2,0,2,3,3,0,3,0,1,1,1,2,1,2,1,0,0,0,0,0,0,0,0,0,0,"No coverage",NA,NA,NA,NA,NA,NA,NA,NA
"OLI1008","606640; 205250; 617892; 608627; 606070; 300857; 608030; 614696; 615515; 105400; 613954; 617839; 612069; 616208; 612577; 608031; 616437; 615426; 613435; 611895; 614808","Amyotrophic lateral sclerosis","Unknown","European/Caucasian","33445179",0,0,0,0,0,0,1,1,0,0,0,0,0,0,0,2,2,1,0,1,1,0,1,0,0,1,"Complete coverage",0.5,0,0.5,0.5,0,0.5,0,0
"OLI1009","606640; 205250; 617892; 608627; 606070; 300857; 608030; 614696; 615515; 105400; 613954; 617839; 612069; 616208; 612577; 608031; 616437; 615426; 613435; 611895; 614808","Amyotrophic lateral sclerosis","Unknown","European/Caucasian","33445179",0,0,1,1,0,0,0,0,0,1,1,0,0,0,0,1,1,0,1,0,0,0,1,0,0,1,"Complete coverage",0,1,0,0,0,1,0,0
"OLI1010","606640; 205250; 617892; 608627; 606070; 300857; 608030; 614696; 615515; 105400; 613954; 617839; 612069; 616208; 612577; 608031; 616437; 615426; 613435; 611895; 614808","Amyotrophic lateral sclerosis","Unknown","European/Caucasian","33445179",0,0,0,0,0,0,0,0,0,0,0,0,0,0,0,2,2,1,1,0,0,1,0,1,0,1,"Complete coverage",0.5,0.5,0,0,0.5,0,0.5,0
"OLI1011","606640; 205250; 617892; 608627; 606070; 300857; 608030; 614696; 615515; 105400; 613954; 617839; 612069; 616208; 612577; 608031; 616437; 615426; 613435; 611895; 614808","Amyotrophic lateral sclerosis","Unknown","European/Caucasian","33445179",0,0,0,0,0,0,0,0,0,1,1,0,0,0,0,1,1,1,0,0,0,0,0,1,0,1,"Complete coverage",1,0,0,0,0,0,1,0
"OLI1012","606640; 205250; 617892; 608627; 606070; 300857; 608030; 614696; 615515; 105400; 613954; 617839; 612069; 616208; 612577; 608031; 616437; 615426; 613435; 611895; 614808","Amyotrophic lateral sclerosis","Unknown","European/Caucasian","33445179",0,0,0,0,0,0,0,0,0,1,1,0,0,0,0,1,1,0,1,0,0,0,0,1,0,1,"Complete coverage",0,1,0,0,0,0,1,0
"OLI1013","606640; 205250; 617892; 608627; 606070; 300857; 608030; 614696; 615515; 105400; 613954; 617839; 612069; 616208; 612577; 608031; 616437; 615426; 613435; 611895; 614808","Amyotrophic lateral sclerosis","Unknown","European/Caucasian","33445179",0,0,0,0,0,0,1,1,0,1,1,0,1,0,0,2,2,0,0,2,0,0,1,1,0,1,"Complete coverage",0,0,1,0,0,0.5,0.5,0
"OLI1014","606640; 205250; 617892; 608627; 606070; 300857; 608030; 614696; 615515; 105400; 613954; 617839; 612069; 616208; 612577; 608031; 616437; 615426; 613435; 611895; 614808","Amyotrophic lateral sclerosis","Unknown","European/Caucasian","33445179",0,0,0,0,0,0,0,0,0,1,1,0,0,0,0,1,1,0,0,1,0,0,0,1,0,1,"Complete coverage",0,0,1,0,0,0,1,0
"OLI1015","606640; 205250; 617892; 608627; 606070; 300857; 608030; 614696; 615515; 105400; 613954; 617839; 612069; 616208; 612577; 608031; 616437; 615426; 613435; 611895; 614808","Amyotrophic lateral sclerosis","Unknown","East Asian","34025336",0,1,0,1,1,1,0,1,0,1,1,0,1,0,0,2,2,0,0,0,2,0,0,0,0,1,"Complete coverage",0,0,0,1,0,0,0,0
"OLI1016","614840; 125851; 615269; 606394; 613370; 612225; 615270; 147950; 308700; 614838; 613375; 606392; 612370; 616329; 614837; 614842; 614839; 614880; 615266; 609812; 616511; 600496; 125850; 612702; 614841; 244200; 606391; 610508; 146110; 614858; 610628","Normosmic congenital hypogonadotropic hypogonadism","Unknown","East Asian","35090434",0,1,0,1,2,2,0,2,1,1,1,2,2,1,1,2,2,1,0,1,1,0,0,1,0,1,"Complete coverage",0.5,0,0.5,0.5,0,0,0.5,0
"OLI1017","237450","Rotor syndrome","Unknown","European/Caucasian","22232210",1,1,0,1,3,3,0,3,1,1,1,2,2,1,1,1,0,0,0,0,0,0,0,0,0,0,"No coverage",NA,NA,NA,NA,NA,NA,NA,NA
"OLI1018","237450","Rotor syndrome","Unknown","FIlipino","25546334; 22232210",1,1,1,1,3,3,0,3,1,1,1,2,2,1,1,2,2,1,0,0,2,0,0,0,0,1,"Complete coverage",0.5,0,0,1,0,0,0,0
"OLI1019","615135; 248600","Maple syrup urine disease","Unknown","European/Caucasian","33300147",0,0,0,0,0,0,0,0,0,0,0,0,0,0,0,2,2,0,1,1,0,1,1,0,0,1,"Complete coverage",0,0.5,0.5,0,0.5,0.5,0,0
"OLI1020","N.A.","Congenital hypothyroidism","Unknown","Mixed","34248839",0,1,0,1,1,1,2,2,1,1,1,1,2,0,1,2,2,0,2,0,0,1,0,1,0,1,"Complete coverage",0,1,0,0,0.5,0,0.5,0
"OLI1021","N.A.","Congenital hypothyroidism","Unknown","Mixed","34248839",0,1,0,1,1,2,0,2,1,1,1,1,2,0,1,2,2,1,1,0,0,0,1,1,0,1,"Complete coverage",0.5,0.5,0,0,0,0.5,0.5,0
"OLI1022","N.A.","Congenital hypothyroidism","Unknown","Mixed","34248839",0,1,1,1,1,2,0,2,1,1,1,1,2,0,1,2,2,0,2,0,1,0,1,0,0,1,"Complete coverage",0,1,0,0.5,0,0.5,0,0
"OLI1023","N.A.","Congenital hypothyroidism","Unknown","Mixed","34248839",0,1,0,1,1,2,0,2,1,1,1,1,2,0,1,2,2,1,1,0,1,1,0,0,0,1,"Complete coverage",0.5,0.5,0,0.5,0.5,0,0,0
"OLI1024","N.A.","Congenital hypothyroidism","Unknown","Mixed","34248839",0,1,1,1,1,2,0,2,1,0,1,1,2,0,1,2,2,0,1,1,0,0,2,0,0,1,"Complete coverage",0,0.5,0.5,0,0,1,0,0
"OLI1025","N.A.","Congenital hypothyroidism","Unknown","Mixed","34248839",0,1,0,1,1,2,0,2,1,1,1,1,2,0,1,2,2,1,1,0,0,0,1,1,0,1,"Complete coverage",0.5,0.5,0,0,0,0.5,0.5,0
"OLI1026","N.A.","Congenital hypothyroidism","Unknown","Mixed","34248839",0,1,0,1,1,2,0,2,1,1,1,1,2,0,1,2,2,1,1,0,0,0,1,1,0,1,"Complete coverage",0.5,0.5,0,0,0,0.5,0.5,0
"OLI1027","616329; 616511; 125851; 600496; 125850; 612225; 606394; 606391; 610508; 613375; 613370; 609812; 606392","MODY","Dual Molecular Diagnosis","European/Caucasian","34161864",1,0,0,0,2,2,0,2,2,1,2,2,2,1,1,1,1,0,0,0,1,0,0,0,0,1,"Complete coverage",0,0,0,1,0,0,0,0
"OLI1028","617157","Short stature-brachydactyly-obesity-global developmental delay syndrome","Dual Molecular Diagnosis","New Zealand","34244600",1,1,0,1,2,2,0,2,1,1,1,2,2,1,1,3,3,1,1,1,1,0,0,2,0,1,"Complete coverage",0.333333333333333,0.333333333333333,0.333333333333333,0.333333333333333,0,0,0.666666666666667,0
"OLI1029","615483; 213600; 616413; 615007; 618824","Bilateral striopallidodentate calcinosis","Monogenic+Modifier","East Asian","33793087",2,0,0,0,1,1,0,1,0,0,0,0,0,0,0,2,2,1,0,1,0,1,0,1,0,1,"Complete coverage",0.5,0,0.5,0,0.5,0,0.5,0
"OLI1030","607341","Isolated focal cortical dysplasia","Unknown","Unknown","34095804",2,1,0,1,0,0,0,0,1,1,1,0,0,0,0,2,2,2,0,0,0,0,0,2,0,1,"Complete coverage",1,0,0,0,0,0,1,0
"OLI1031","226700","Severe generalized junctional epidermolysis bullosa","Unknown","Iranian","34837689",2,1,1,1,2,2,2,2,0,0,0,0,0,0,0,2,2,0,1,1,0,0,2,0,0,1,"Complete coverage",0,0.5,0.5,0,0,1,0,0
"OLI1032","612925; 612924; 235400; 615008; 612926; 612922; 609814; 612923","Atypical hemolytic uremic syndrome","Unknown","European/Caucasian","34391192",0,2,1,2,1,1,0,1,1,1,1,1,1,1,1,2,2,1,1,0,1,0,0,0,1,1,"Complete coverage",0.5,0.5,0,0.5,0,0,0,0.5
"OLI1033","612925; 156000; 612924; 235400; 615008; 612926; 612922; 609814; 612923","Atypical hemolytic uremic syndrome; Meniere Disease","Unknown","European/Caucasian","34391192",0,0,1,1,3,3,2,3,1,1,1,2,2,0,0,2,2,1,1,0,0,0,2,0,0,1,"Complete coverage",0.5,0.5,0,0,0,1,0,0
"OLI1034","612925; 156000; 612924; 235400; 615008; 612926; 612922; 609814; 612923","Atypical hemolytic uremic syndrome; Meniere Disease","Unknown","European/Caucasian","34391192",0,1,1,1,2,2,1,2,1,1,1,2,2,1,1,2,2,0,1,1,0,1,1,0,0,1,"Complete coverage",0,0.5,0.5,0,0.5,0.5,0,0
"OLI1035","612925; 156000; 612924; 235400; 615008; 612926; 612922; 609814; 612923","Atypical hemolytic uremic syndrome; Meniere Disease","Unknown","European/Caucasian","34391192",0,2,1,2,2,2,1,2,1,1,1,2,2,2,2,2,2,1,1,0,0,1,1,0,0,1,"Complete coverage",0.5,0.5,0,0,0.5,0.5,0,0
"OLI1036","612925; 156000; 612924; 235400; 615008; 612926; 612922; 609814; 612923","Atypical hemolytic uremic syndrome; Meniere Disease","Unknown","European/Caucasian","34391192",0,2,1,2,3,3,2,3,1,1,1,2,2,2,2,2,2,0,0,1,1,0,0,1,0,1,"Complete coverage",0,0,0.5,0.5,0,0,0.5,0
"OLI1037","612925; 156000; 612924; 235400; 615008; 612926; 612922; 609814; 612923","Atypical hemolytic uremic syndrome; Meniere Disease","Unknown","European/Caucasian","34391192",0,2,1,2,2,2,2,2,1,1,1,2,2,2,2,2,2,0,2,0,0,1,0,0,1,1,"Complete coverage",0,1,0,0,0.5,0,0,0.5
"OLI1038","612925; 156000; 612924; 235400; 615008; 612926; 612922; 609814; 612923","Atypical hemolytic uremic syndrome; Meniere Disease","Unknown","European/Caucasian","34391192",0,2,1,2,3,3,0,3,0,0,0,1,1,1,1,2,2,0,1,1,0,0,0,2,0,1,"Complete coverage",0,0.5,0.5,0,0,0,1,0
"OLI1039","614324; 618723; 300510; 618078; 618117; 233300","Primary ovarian failure","Unknown","European/Caucasian","34803902",0,1,0,1,1,1,0,1,0,1,1,0,1,0,0,6,6,2,3,1,0,2,0,4,0,1,"Complete coverage",0.333333333333333,0.5,0.166666666666667,0,0.333333333333333,0,0.666666666666667,0
"OLI1040","614324; 618723; 300510; 618078; 618117; 233300","Primary ovarian failure","Unknown","European/Caucasian","34803902",0,1,0,1,1,1,0,1,0,1,1,0,1,0,0,5,5,1,4,0,1,2,0,2,0,1,"Complete coverage",0.2,0.8,0,0.2,0.4,0,0.4,0
"OLI1041","614324; 618723; 300510; 618078; 618117; 233300","Primary ovarian failure","Unknown","European/Caucasian","34803902",0,1,0,1,1,1,0,1,0,1,1,0,1,0,0,5,5,2,2,1,0,3,1,1,0,1,"Complete coverage",0.4,0.4,0.2,0,0.6,0.2,0.2,0
"OLI1042","614324; 618723; 300510; 618078; 618117; 233300","Primary ovarian failure","Unknown","European/Caucasian","34803902",0,1,0,1,1,1,0,1,0,1,1,0,1,0,0,5,5,3,1,1,0,1,0,4,0,1,"Complete coverage",0.6,0.2,0.2,0,0.2,0,0.8,0
"OLI1043","614324; 618723; 300510; 618078; 618117; 233300","Primary ovarian failure","Unknown","European/Caucasian","34803902",0,1,0,1,1,1,0,1,0,1,1,0,1,0,0,4,4,1,2,1,3,1,0,0,0,1,"Complete coverage",0.25,0.5,0.25,0.75,0.25,0,0,0
"OLI1044","614324; 618723; 300510; 618078; 618117; 233300","Primary ovarian failure","Unknown","European/Caucasian","34803902",0,1,0,1,1,1,0,1,0,1,1,0,1,0,0,4,4,3,1,0,2,0,0,2,0,1,"Complete coverage",0.75,0.25,0,0.5,0,0,0.5,0
"OLI1045","614324; 618723; 300510; 618078; 618117; 233300","Primary ovarian failure","Unknown","European/Caucasian","34803902",0,1,0,1,1,1,0,1,0,1,1,0,1,0,0,4,4,0,2,2,0,2,0,2,0,1,"Complete coverage",0,0.5,0.5,0,0.5,0,0.5,0
"OLI1046","614324; 618723; 300510; 618078; 618117; 233300","Primary ovarian failure","Unknown","European/Caucasian","34803902",0,1,0,1,1,1,0,1,0,0,0,0,0,0,0,4,3,1,2,0,0,0,1,2,0,0.75,"Partial coverage",0.333333333333333,0.666666666666667,0,0,0,0.333333333333333,0.666666666666667,0
"OLI1047","614324; 618723; 300510; 618078; 618117; 233300","Primary ovarian failure","Unknown","European/Caucasian","34803902",0,1,0,1,1,1,0,1,0,1,1,0,1,0,0,4,4,2,2,0,0,1,0,2,1,1,"Complete coverage",0.5,0.5,0,0,0.25,0,0.5,0.25
"OLI1048","614324; 618723; 300510; 618078; 618117; 233300","Primary ovarian failure","Unknown","European/Caucasian","34803902",0,1,0,1,1,1,0,1,0,1,1,0,1,0,0,4,4,2,2,0,0,2,1,1,0,1,"Complete coverage",0.5,0.5,0,0,0.5,0.25,0.25,0
"OLI1049","614324; 618723; 300510; 618078; 618117; 233300","Primary ovarian failure","Unknown","European/Caucasian","34803902",0,1,0,1,1,1,0,1,0,1,1,0,1,0,0,4,4,0,3,1,0,2,1,0,1,1,"Complete coverage",0,0.75,0.25,0,0.5,0.25,0,0.25
"OLI1050","614324; 618723; 300510; 618078; 618117; 233300","Primary ovarian failure","Unknown","European/Caucasian","34803902",0,1,0,1,1,1,0,1,0,1,1,0,1,0,0,4,4,2,1,1,2,2,0,0,0,1,"Complete coverage",0.5,0.25,0.25,0.5,0.5,0,0,0
"OLI1051","614324; 618723; 300510; 618078; 618117; 233300","Primary ovarian failure","Unknown","European/Caucasian","34803902",0,1,0,1,1,1,0,1,0,1,1,0,1,0,0,4,4,2,1,1,1,0,0,2,1,1,"Complete coverage",0.5,0.25,0.25,0.25,0,0,0.5,0.25
"OLI1052","614324; 618723; 300510; 618078; 618117; 233300","Primary ovarian failure","Unknown","European/Caucasian","34803902",0,1,0,1,1,1,0,1,0,1,1,0,1,0,0,3,3,1,0,1,1,1,0,1,0,1,"Complete coverage",0.333333333333333,0,0.333333333333333,0.333333333333333,0.333333333333333,0,0.333333333333333,0
"OLI1053","614324; 618723; 300510; 618078; 618117; 233300","Primary ovarian failure","Unknown","European/Caucasian","34803902",0,1,0,1,1,1,0,1,0,1,1,0,1,0,0,3,3,1,1,0,3,0,0,0,0,1,"Complete coverage",0.333333333333333,0.333333333333333,0,1,0,0,0,0
"OLI1054","614324; 618723; 300510; 618078; 618117; 233300","Primary ovarian failure","Unknown","European/Caucasian","34803902",0,1,0,1,1,1,0,1,0,1,1,0,1,0,0,3,3,2,0,1,1,0,0,2,0,1,"Complete coverage",0.666666666666667,0,0.333333333333333,0.333333333333333,0,0,0.666666666666667,0
"OLI1055","614324; 618723; 300510; 618078; 618117; 233300","Primary ovarian failure","Unknown","European/Caucasian","34803902",0,1,0,1,1,1,0,1,0,1,1,0,1,0,0,3,2,2,0,0,1,0,1,0,0,0.666666666666667,"Partial coverage",1,0,0,0.5,0,0.5,0,0
"OLI1056","614324; 618723; 300510; 618078; 618117; 233300","Primary ovarian failure","Unknown","European/Caucasian","34803902",0,1,0,1,2,2,0,2,0,1,1,0,2,0,1,3,3,0,3,0,0,0,0,1,2,1,"Complete coverage",0,1,0,0,0,0,0.333333333333333,0.666666666666667
"OLI1057","614324; 618723; 300510; 618078; 618117; 233300","Primary ovarian failure","Unknown","European/Caucasian","34803902",0,1,0,1,1,1,0,1,0,1,1,0,1,0,0,3,3,0,2,0,0,3,0,0,0,1,"Complete coverage",0,0.666666666666667,0,0,1,0,0,0
"OLI1058","614324; 618723; 300510; 618078; 618117; 233300","Primary ovarian failure","Unknown","European/Caucasian","34803902",0,1,0,1,1,1,0,1,0,1,1,0,1,0,0,3,3,0,2,1,0,0,0,2,1,1,"Complete coverage",0,0.666666666666667,0.333333333333333,0,0,0,0.666666666666667,0.333333333333333
"OLI1059","614324; 618723; 300510; 618078; 618117; 233300","Primary ovarian failure","Unknown","European/Caucasian","34803902",0,1,0,1,1,1,0,1,0,1,1,0,1,0,0,3,3,1,2,0,0,1,1,1,0,1,"Complete coverage",0.333333333333333,0.666666666666667,0,0,0.333333333333333,0.333333333333333,0.333333333333333,0
"OLI1060","614324; 618723; 300510; 618078; 618117; 233300","Primary ovarian failure","Unknown","European/Caucasian","34803902",0,1,0,1,2,2,2,2,0,1,1,0,2,0,1,3,3,1,2,0,0,2,0,1,0,1,"Complete coverage",0.333333333333333,0.666666666666667,0,0,0.666666666666667,0,0.333333333333333,0
"OLI1061","614324; 618723; 300510; 618078; 618117; 233300","Primary ovarian failure","Unknown","African","34803902",0,1,0,1,1,1,0,1,0,1,1,0,1,0,0,2,2,2,0,0,0,0,0,1,1,1,"Complete coverage",1,0,0,0,0,0,0.5,0.5
"OLI1062","614324; 618723; 300510; 618078; 618117; 233300","Primary ovarian failure","Unknown","African","34803902",0,1,0,1,1,1,0,1,0,1,1,0,1,0,0,2,2,0,1,1,0,0,2,0,0,1,"Complete coverage",0,0.5,0.5,0,0,1,0,0
"OLI1063","614324; 618723; 300510; 618078; 618117; 233300","Primary ovarian failure","Unknown","European/Caucasian","34803902",0,1,1,1,1,1,0,1,0,1,1,0,1,0,0,2,2,0,2,0,0,0,1,1,0,1,"Complete coverage",0,1,0,0,0,0.5,0.5,0
"OLI1064","614324; 618723; 300510; 618078; 618117; 233300","Primary ovarian failure","Unknown","European/Caucasian","34803902",0,1,0,1,2,2,0,2,0,1,1,0,2,0,1,2,2,0,1,0,1,0,0,1,0,1,"Complete coverage",0,0.5,0,0.5,0,0,0.5,0
"OLI1065","614324; 618723; 300510; 618078; 618117; 233300","Primary ovarian failure","Unknown","European/Caucasian","34803902",0,1,0,1,1,1,0,1,0,1,1,0,1,0,0,2,1,0,1,0,0,0,0,0,1,0.5,"Partial coverage",0,1,0,0,0,0,0,1
"OLI1066","614324; 618723; 300510; 618078; 618117; 233300","Primary ovarian failure","Unknown","European/Caucasian","34803902",0,1,0,1,1,1,0,1,0,1,1,0,1,0,0,2,2,0,1,1,0,0,1,1,0,1,"Complete coverage",0,0.5,0.5,0,0,0.5,0.5,0
"OLI1067","614324; 618723; 300510; 618078; 618117; 233300","Primary ovarian failure","Unknown","European/Caucasian","34803902",0,1,0,1,1,1,0,1,0,1,1,0,1,0,0,2,2,1,0,1,0,1,0,1,0,1,"Complete coverage",0.5,0,0.5,0,0.5,0,0.5,0
"OLI1068","614324; 618723; 300510; 618078; 618117; 233300","Primary ovarian failure","Unknown","European/Caucasian","34803902",0,1,0,1,2,2,0,2,0,1,1,0,2,0,1,2,2,0,1,1,0,1,0,1,0,1,"Complete coverage",0,0.5,0.5,0,0.5,0,0.5,0
"OLI1069","614324; 618723; 300510; 618078; 618117; 233300","Primary ovarian failure","Unknown","European/Caucasian","34803902",0,1,0,1,1,1,0,1,0,1,1,0,1,0,0,2,2,1,1,0,1,0,0,1,0,1,"Complete coverage",0.5,0.5,0,0.5,0,0,0.5,0
"OLI1070","614324; 618723; 300510; 618078; 618117; 233300","Primary ovarian failure","Unknown","European/Caucasian","34803902",0,1,1,1,1,1,0,1,0,1,1,0,1,0,0,2,2,0,2,0,0,0,1,0,1,1,"Complete coverage",0,1,0,0,0,0.5,0,0.5
"OLI1071","614324; 618723; 300510; 618078; 618117; 233300","Primary ovarian failure","Unknown","European/Caucasian","34803902",0,1,0,1,1,1,0,1,0,1,1,0,1,0,0,2,2,1,1,0,0,1,1,0,0,1,"Complete coverage",0.5,0.5,0,0,0.5,0.5,0,0
"OLI1072","231300; 617272; 613086; 600975; 613085","46,XY disorder of sex development; Rare congenital non-syndromic heart malformation","Unknown","Egyptian","33742552",1,1,0,1,0,0,0,0,1,1,1,0,0,0,0,2,2,1,1,0,0,1,0,1,0,1,"Complete coverage",0.5,0.5,0,0,0.5,0,0.5,0
"OLI1073","N.A.","Congenital hypothyroidism","Unknown","East Asian","34374102",2,1,0,1,0,0,2,2,1,1,1,0,2,0,2,2,0,0,0,0,0,0,0,0,0,0,"No coverage",NA,NA,NA,NA,NA,NA,NA,NA
"OLI1074","N.A.","Congenital hypothyroidism","Unknown","East Asian","34374102",2,1,0,1,0,2,2,2,1,1,1,0,2,0,2,2,1,1,0,0,1,0,0,0,0,0.5,"Partial coverage",1,0,0,1,0,0,0,0
"OLI1075","N.A.","Congenital hypothyroidism","Unknown","East Asian","34374102",2,1,0,1,0,0,0,0,1,1,1,0,0,0,0,2,1,1,0,0,1,0,0,0,0,0.5,"Partial coverage",1,0,0,1,0,0,0,0
"OLI1076","N.A.","Congenital hypothyroidism","Unknown","East Asian","34374102",2,1,0,1,0,2,2,2,1,1,1,0,2,0,2,2,2,1,1,0,1,0,0,1,0,1,"Complete coverage",0.5,0.5,0,0.5,0,0,0.5,0
"OLI1077","N.A.","Congenital hypothyroidism","Unknown","East Asian","34374102",1,1,0,1,0,0,0,0,1,0,1,0,0,0,0,3,3,1,1,1,1,1,0,0,1,1,"Complete coverage",0.333333333333333,0.333333333333333,0.333333333333333,0.333333333333333,0.333333333333333,0,0,0.333333333333333
"OLI1078","N.A.","Congenital hypothyroidism","Unknown","East Asian","34374102",1,1,0,1,0,0,0,0,0,0,0,0,0,0,0,3,3,1,2,0,1,0,1,0,1,1,"Complete coverage",0.333333333333333,0.666666666666667,0,0.333333333333333,0,0.333333333333333,0,0.333333333333333
"OLI1079","N.A.","Congenital hypothyroidism","Unknown","East Asian","34374102",2,1,0,1,0,0,0,0,0,1,1,0,0,0,0,2,2,0,1,1,0,0,1,1,0,1,"Complete coverage",0,0.5,0.5,0,0,0.5,0.5,0
"OLI1080","N.A.","Congenital hypothyroidism","Unknown","East Asian","34374102",2,1,0,1,0,0,0,0,1,1,1,0,0,0,0,2,2,1,0,1,1,1,0,0,0,1,"Complete coverage",0.5,0,0.5,0.5,0.5,0,0,0
"OLI1081","N.A.","Congenital hypothyroidism","Unknown","East Asian","34374102",1,1,0,1,0,0,0,0,0,1,1,0,0,0,0,3,2,0,0,2,0,0,2,0,0,0.666666666666667,"Partial coverage",0,0,1,0,0,1,0,0
"OLI1082","N.A.","Congenital hypothyroidism","Unknown","East Asian","34374102",2,1,0,1,0,0,0,0,0,0,0,0,0,0,0,2,1,0,0,1,0,0,1,0,0,0.5,"Partial coverage",0,0,1,0,0,1,0,0
"OLI1083","N.A.","Congenital hypothyroidism","Unknown","East Asian","34374102",2,1,0,1,0,0,0,0,0,1,1,0,0,0,0,3,2,1,1,0,0,0,0,2,0,0.666666666666667,"Partial coverage",0.5,0.5,0,0,0,0,1,0
"OLI1084","N.A.","Congenital hypothyroidism","Unknown","East Asian","34374102",1,1,0,1,0,0,0,0,0,0,0,0,0,0,0,3,2,0,1,1,0,0,2,0,0,0.666666666666667,"Partial coverage",0,0.5,0.5,0,0,1,0,0
"OLI1085","N.A.","Congenital hypothyroidism","Unknown","East Asian","34374102",1,1,0,1,0,0,0,0,0,0,0,0,0,0,0,3,2,1,1,0,1,0,1,0,0,0.666666666666667,"Partial coverage",0.5,0.5,0,0.5,0,0.5,0,0
"OLI1086","N.A.","Congenital hypothyroidism","Unknown","East Asian","34374102",1,1,0,1,0,0,0,0,0,0,0,0,0,0,0,3,3,1,1,1,1,1,1,0,0,1,"Complete coverage",0.333333333333333,0.333333333333333,0.333333333333333,0.333333333333333,0.333333333333333,0.333333333333333,0,0
"OLI1087","N.A.","Congenital hypothyroidism","Unknown","East Asian","34374102",2,1,0,1,0,0,1,1,0,0,0,0,0,0,0,2,2,0,1,1,0,1,0,1,0,1,"Complete coverage",0,0.5,0.5,0,0.5,0,0.5,0
"OLI1088","N.A.","Congenital hypothyroidism","Unknown","East Asian","34374102",2,1,0,1,0,0,1,1,0,1,1,0,1,0,1,1,1,0,0,0,1,0,0,0,0,1,"Complete coverage",0,0,0,1,0,0,0,0
"OLI1089","N.A.","Congenital hypothyroidism","Unknown","East Asian","34374102",2,1,0,1,0,0,0,0,0,1,1,0,0,0,0,2,2,1,1,0,0,0,0,1,1,1,"Complete coverage",0.5,0.5,0,0,0,0,0.5,0.5
"OLI1090","N.A.","Congenital hypothyroidism","Unknown","East Asian","34374102",2,1,0,1,0,0,0,0,1,1,1,0,0,0,0,2,2,0,2,0,0,1,0,0,1,1,"Complete coverage",0,1,0,0,0.5,0,0,0.5
"OLI1091","N.A.","Congenital hypothyroidism","Unknown","East Asian","34374102",1,1,0,1,0,0,1,1,0,1,1,0,1,0,1,3,2,1,0,1,0,1,0,1,0,0.666666666666667,"Partial coverage",0.5,0,0.5,0,0.5,0,0.5,0
"OLI1092","N.A.","Congenital hypothyroidism","Unknown","East Asian","34374102",2,1,0,1,0,0,0,0,0,0,0,0,0,0,0,1,0,0,0,0,0,0,0,0,0,0,"No coverage",NA,NA,NA,NA,NA,NA,NA,NA
"OLI1093","N.A.","Congenital hypothyroidism","Unknown","East Asian","34374102",1,1,0,1,0,0,0,0,0,0,0,0,0,0,0,3,3,1,2,0,0,1,0,1,1,1,"Complete coverage",0.333333333333333,0.666666666666667,0,0,0.333333333333333,0,0.333333333333333,0.333333333333333
"OLI1094","N.A.","Congenital hypothyroidism","Unknown","East Asian","34374102",1,1,0,1,0,0,0,0,0,0,0,0,0,0,0,3,3,0,3,0,0,1,1,0,1,1,"Complete coverage",0,1,0,0,0.333333333333333,0.333333333333333,0,0.333333333333333
"OLI1095","N.A.","Oculocutaneous albinism","Unknown","Pakistani","33800529",1,1,1,1,2,2,2,2,1,1,1,2,2,1,1,2,2,1,1,0,2,0,0,0,0,1,"Complete coverage",0.5,0.5,0,1,0,0,0,0
"OLI1096","N.A.","Oculocutaneous albinism","Unknown","Pakistani","33800529",0,1,1,1,2,2,2,2,1,1,1,2,2,1,1,2,2,1,1,0,2,0,0,0,0,1,"Complete coverage",0.5,0.5,0,1,0,0,0,0
"OLI1097","N.A.","Oculocutaneous albinism","Unknown","Pakistani","33800529",0,1,1,1,2,2,2,2,1,1,1,2,2,1,1,2,2,1,1,0,2,0,0,0,0,1,"Complete coverage",0.5,0.5,0,1,0,0,0,0
"OLI1098","N.A.","Oculocutaneous albinism","Unknown","Pakistani","33800529",0,1,1,1,2,2,2,2,1,1,1,2,2,1,1,2,2,1,1,0,1,0,1,0,0,1,"Complete coverage",0.5,0.5,0,0.5,0,0.5,0,0
"OLI1099","N.A.","Oculocutaneous albinism","Unknown","Pakistani","33800529",0,1,0,1,2,2,2,2,1,1,1,2,2,1,1,2,2,0,1,0,1,0,1,0,0,1,"Complete coverage",0,0.5,0,0.5,0,0.5,0,0
"OLI1100","N.A.","Rare genetic deafness","Unknown","Pakistani","34946889",0,1,0,1,0,0,0,0,1,1,1,0,0,0,0,5,5,2,1,1,2,0,0,2,1,1,"Complete coverage",0.4,0.2,0.2,0.4,0,0,0.4,0.2
"OLI1101","N.A.","Rare genetic deafness","Unknown","Pakistani","34946889",0,1,0,1,1,1,0,1,1,1,1,1,1,0,0,3,3,1,1,0,1,0,0,1,1,1,"Complete coverage",0.333333333333333,0.333333333333333,0,0.333333333333333,0,0,0.333333333333333,0.333333333333333
"OLI1102","N.A.","Rare genetic deafness","Unknown","Pakistani","34946889",0,1,0,1,0,0,0,0,1,1,1,0,0,0,0,3,3,1,1,1,1,0,0,1,1,1,"Complete coverage",0.333333333333333,0.333333333333333,0.333333333333333,0.333333333333333,0,0,0.333333333333333,0.333333333333333
"OLI1103","N.A.","Rare genetic deafness","Unknown","Pakistani","34946889",0,1,0,1,0,0,0,0,1,1,1,0,0,0,0,4,4,1,1,1,2,0,0,1,1,1,"Complete coverage",0.25,0.25,0.25,0.5,0,0,0.25,0.25
"OLI1104","N.A.","Rare genetic deafness","Unknown","Pakistani","34946889",0,1,0,1,0,0,0,0,1,1,1,0,0,0,0,3,3,0,1,1,1,0,0,1,1,1,"Complete coverage",0,0.333333333333333,0.333333333333333,0.333333333333333,0,0,0.333333333333333,0.333333333333333
"OLI1105","614840; 615271; 615269; 615270; 147950; 308700; 618841; 614838; 612370; 616030; 614837; 615267; 614880; 615266; 614897; 612702; 244200; 614858; 610628","Kallmann syndrome","Unknown","East Asian","34348883",0,1,0,1,1,1,0,1,0,1,1,0,1,0,0,2,1,0,1,0,0,0,1,0,0,0.5,"Partial coverage",0,1,0,0,0,1,0,0
"OLI1106","614840; 615271; 615269; 615270; 147950; 308700; 618841; 614838; 612370; 616030; 614837; 615267; 614880; 615266; 614897; 612702; 244200; 614858; 610628","Kallmann syndrome","Unknown","East Asian","34348883",0,1,0,1,1,1,2,2,0,1,1,0,2,0,1,2,2,1,0,1,1,0,0,1,0,1,"Complete coverage",0.5,0,0.5,0.5,0,0,0.5,0
"OLI1107","614840; 615271; 615269; 615270; 147950; 308700; 618841; 614838; 612370; 616030; 614837; 615267; 614880; 615266; 614897; 612702; 244200; 614858; 610628","Kallmann syndrome","Unknown","East Asian","34348883",0,1,0,1,2,2,0,2,0,1,1,0,2,0,1,2,2,0,1,1,1,0,0,1,0,1,"Complete coverage",0,0.5,0.5,0.5,0,0,0.5,0
"OLI1108","614840; 615271; 615269; 615270; 147950; 308700; 618841; 614838; 612370; 616030; 614837; 615267; 614880; 615266; 614897; 612702; 244200; 614858; 610628","Kallmann syndrome","Unknown","East Asian","34348883",0,1,0,1,0,1,0,1,0,1,1,0,1,0,0,2,2,0,1,1,1,0,0,1,0,1,"Complete coverage",0,0.5,0.5,0.5,0,0,0.5,0
"OLI1109","614840; 615271; 615269; 615270; 147950; 308700; 618841; 614838; 612370; 616030; 614837; 615267; 614880; 615266; 614897; 612702; 244200; 614858; 610628","Kallmann syndrome","Unknown","East Asian","34348883",0,1,0,1,0,0,0,0,0,1,1,0,0,0,0,2,2,0,2,0,1,0,0,1,0,1,"Complete coverage",0,1,0,0.5,0,0,0.5,0
"OLI1110","614840; 615271; 615269; 615270; 147950; 308700; 618841; 614838; 612370; 616030; 614837; 615267; 614880; 615266; 614897; 612702; 244200; 614858; 610628","Kallmann syndrome","Unknown","East Asian","34348883",0,1,0,1,1,1,1,1,0,1,1,0,1,0,0,2,1,0,1,0,0,0,1,0,0,0.5,"Partial coverage",0,1,0,0,0,1,0,0
"OLI1111","614840; 615271; 615269; 615270; 147950; 308700; 618841; 614838; 612370; 616030; 614837; 615267; 614880; 615266; 614897; 612702; 244200; 614858; 610628","Kallmann syndrome; CHARGE syndrome","Unknown","East Asian","34348883",0,1,0,1,1,1,0,1,0,1,1,0,1,0,0,2,2,1,1,0,1,1,0,0,0,1,"Complete coverage",0.5,0.5,0,0.5,0.5,0,0,0
"OLI1112","614840; 615271; 125851; 615269; 606394; 613370; 612225; 615270; 147950; 308700; 618841; 614838; 613375; 606392; 612370; 616329; 616030; 614837; 615267; 614842; 614839; 614880; 615266; 609812; 616511; 600496; 614897; 125850; 612702; 614841; 244200; 606391; 610508; 146110; 614858; 610628","CHARGE syndrome; Normosmic congenital hypogonadotropic hypogonadism","Unknown","East Asian","34348883",0,1,0,1,1,1,0,1,0,1,1,0,1,0,0,2,2,0,1,1,0,1,0,1,0,1,"Complete coverage",0,0.5,0.5,0,0.5,0,0.5,0
"OLI1113","614840; 615271; 615269; 615270; 147950; 308700; 618841; 614838; 612370; 616030; 614837; 615267; 614880; 615266; 614897; 612702; 244200; 614858; 610628","Kallmann syndrome; CHARGE syndrome","Unknown","East Asian","34348883",0,1,0,1,1,1,0,1,0,1,1,0,1,0,0,2,2,0,1,0,0,0,0,2,0,1,"Complete coverage",0,0.5,0,0,0,0,1,0
"OLI1114","614840; 615271; 615269; 615270; 147950; 308700; 618841; 614838; 612370; 616030; 614837; 615267; 614880; 615266; 614897; 612702; 244200; 614858; 610628","Kallmann syndrome","Unknown","East Asian","34348883",0,1,0,1,2,2,0,2,0,1,1,0,2,0,1,2,2,0,0,2,1,0,1,0,0,1,"Complete coverage",0,0,1,0.5,0,0.5,0,0
"OLI1115","614840; 615271; 615269; 615270; 147950; 308700; 618841; 614838; 612370; 616030; 614837; 615267; 614880; 615266; 614897; 612702; 244200; 614858; 610628","Kallmann syndrome","Unknown","East Asian","34348883",0,1,0,1,2,2,0,2,0,1,1,0,2,0,1,2,2,1,1,0,0,1,0,1,0,1,"Complete coverage",0.5,0.5,0,0,0.5,0,0.5,0
"OLI1116","617119; 615993; 615982; 615989; 605231; 615995; 600151; 615985; 615981; 615996; 615988; 615992; 615994; 615987; 209900; 615986; 615991; 615983; 617406; 615984; 615990","Bardet-Biedl syndrome","Unknown","European/Caucasian","21344540",0,0,0,0,2,2,2,2,0,1,1,0,2,0,0,3,2,0,0,2,1,0,1,0,0,0.666666666666667,"Partial coverage",0,0,1,0.5,0,0.5,0,0
"OLI1117","617119; 615993; 615982; 615989; 605231; 615995; 600151; 615985; 615981; 615996; 615988; 615992; 615994; 615987; 209900; 615986; 615991; 615983; 617406; 615984; 615990","Bardet-Biedl syndrome","Unknown","European/Caucasian","21344540",0,0,0,0,2,2,2,2,0,0,0,0,0,0,0,4,4,0,1,2,1,1,2,0,0,1,"Complete coverage",0,0.25,0.5,0.25,0.25,0.5,0,0
"OLI1118","617119; 615993; 615982; 615989; 605231; 615995; 600151; 615985; 615981; 615996; 615988; 615992; 615994; 615987; 209900; 615986; 615991; 615983; 617406; 615984; 615990","Bardet-Biedl syndrome","Unknown","European/Caucasian","21344540",0,0,0,0,2,2,2,2,0,1,1,0,2,0,0,2,1,0,0,1,0,0,1,0,0,0.5,"Partial coverage",0,0,1,0,0,1,0,0
"OLI1119","617119; 615993; 615982; 615989; 605231; 615995; 600151; 615985; 615981; 615996; 615988; 615992; 615994; 615987; 209900; 615986; 615991; 615983; 617406; 615984; 615990","Bardet-Biedl syndrome","Unknown","Pakistani","21344540",0,0,0,0,2,2,2,2,0,0,0,0,0,0,0,2,2,0,1,1,1,1,0,0,0,1,"Complete coverage",0,0.5,0.5,0.5,0.5,0,0,0
"OLI1120","617119; 615993; 615982; 615989; 605231; 615995; 600151; 615985; 615981; 615996; 615988; 615992; 615994; 615987; 209900; 615986; 615991; 615983; 617406; 615984; 615990","Bardet-Biedl syndrome","Unknown","European/Caucasian","21344540",0,0,0,0,2,2,0,2,0,1,1,0,2,0,0,2,1,1,0,0,0,0,1,0,0,0.5,"Partial coverage",1,0,0,0,0,1,0,0
"OLI1121","617119; 615993; 615982; 615989; 605231; 615995; 600151; 615985; 615981; 615996; 615988; 615992; 615994; 615987; 209900; 615986; 615991; 615983; 617406; 615984; 615990","Bardet-Biedl syndrome","Unknown","Native American","21344540",0,0,0,0,2,2,2,2,0,1,1,0,2,0,0,3,3,1,2,0,0,0,0,2,1,1,"Complete coverage",0.333333333333333,0.666666666666667,0,0,0,0,0.666666666666667,0.333333333333333
"OLI1122","617119; 615993; 615982; 615989; 605231; 615995; 600151; 615985; 615981; 615996; 615988; 615992; 615994; 615987; 209900; 615986; 615991; 615983; 617406; 615984; 615990","Bardet-Biedl syndrome","Unknown","Arabic","21344540",0,0,1,1,2,2,2,2,0,0,0,0,0,0,0,2,2,0,0,1,1,0,1,0,0,1,"Complete coverage",0,0,0.5,0.5,0,0.5,0,0
"OLI1123","617119; 615993; 615982; 615989; 605231; 615995; 600151; 615985; 615981; 615996; 615988; 615992; 615994; 615987; 209900; 615986; 615991; 615983; 617406; 615984; 615990","Bardet-Biedl syndrome","Unknown","Iraqi","21344540",0,0,0,0,2,2,2,2,0,0,0,0,0,0,0,2,2,1,0,1,1,0,1,0,0,1,"Complete coverage",0.5,0,0.5,0.5,0,0.5,0,0
"OLI1124","617119; 615993; 615982; 615989; 605231; 615995; 600151; 615985; 615981; 615996; 615988; 615992; 615994; 615987; 209900; 615986; 615991; 615983; 617406; 615984; 615990","Bardet-Biedl syndrome","Unknown","European/Caucasian","21344540",0,0,0,0,2,2,2,2,0,1,1,0,2,0,0,3,2,1,0,1,2,0,0,0,0,0.666666666666667,"Partial coverage",0.5,0,0.5,1,0,0,0,0
"OLI1125","617119; 615993; 615982; 615989; 605231; 615995; 600151; 615985; 615981; 615996; 615988; 615992; 615994; 615987; 209900; 615986; 615991; 615983; 617406; 615984; 615990","Bardet-Biedl syndrome","Unknown","European/Caucasian","21344540",0,0,1,1,2,2,0,2,0,1,1,0,2,0,0,2,2,1,1,0,1,0,1,0,0,1,"Complete coverage",0.5,0.5,0,0.5,0,0.5,0,0
"OLI1127","617119; 615993; 615982; 615989; 605231; 615995; 600151; 615985; 615981; 615996; 615988; 615992; 615994; 615987; 209900; 615986; 615991; 615983; 617406; 615984; 615990","Bardet-Biedl syndrome","Unknown","European/Caucasian","21344540",0,0,0,0,2,2,0,2,0,0,0,0,0,0,0,4,4,1,1,2,1,0,0,1,2,1,"Complete coverage",0.25,0.25,0.5,0.25,0,0,0.25,0.5
"OLI1128","617119; 615993; 615982; 615989; 605231; 615995; 600151; 615985; 615981; 615996; 615988; 615992; 615994; 615987; 209900; 615986; 615991; 615983; 617406; 615984; 615990","Bardet-Biedl syndrome","Unknown","Mixed","21344540",0,0,1,1,2,2,0,2,0,0,0,0,0,0,0,3,3,1,1,1,1,1,1,0,0,1,"Complete coverage",0.333333333333333,0.333333333333333,0.333333333333333,0.333333333333333,0.333333333333333,0.333333333333333,0,0
"OLI1129","617119; 615993; 615982; 615989; 605231; 615995; 600151; 615985; 615981; 615996; 615988; 615992; 615994; 615987; 209900; 615986; 615991; 615983; 617406; 615984; 615990","Bardet-Biedl syndrome","Unknown","Egyptian","21344540",0,0,0,0,2,2,0,2,0,1,1,0,2,0,0,3,3,1,1,0,0,0,0,3,0,1,"Complete coverage",0.333333333333333,0.333333333333333,0,0,0,0,1,0
"OLI1130","617119; 615993; 615982; 615989; 605231; 615995; 600151; 615985; 615981; 615996; 615988; 615992; 615994; 615987; 209900; 615986; 615991; 615983; 617406; 615984; 615990","Bardet-Biedl syndrome","Unknown","Pakistani","21344540",0,0,0,0,2,2,2,2,0,1,1,0,2,0,0,2,2,0,0,2,1,0,1,0,0,1,"Complete coverage",0,0,1,0.5,0,0.5,0,0
"OLI1131","617119; 615993; 615982; 615989; 605231; 615995; 600151; 615985; 615981; 615996; 615988; 615992; 615994; 615987; 209900; 615986; 615991; 615983; 617406; 615984; 615990","Bardet-Biedl syndrome","Unknown","African","21344540",0,0,0,0,2,2,0,2,0,0,0,0,0,0,0,5,5,1,2,2,2,0,3,0,0,1,"Complete coverage",0.2,0.4,0.4,0.4,0,0.6,0,0
"OLI1132","617119; 615993; 615982; 615989; 605231; 615995; 600151; 615985; 615981; 615996; 615988; 615992; 615994; 615987; 209900; 615986; 615991; 615983; 617406; 615984; 615990","Bardet-Biedl syndrome","Unknown","Native American","21344540",0,0,0,0,2,2,2,2,0,1,1,0,2,0,0,3,3,1,2,0,0,0,0,2,1,1,"Complete coverage",0.333333333333333,0.666666666666667,0,0,0,0,0.666666666666667,0.333333333333333
"OLI1133","617119; 615993; 615982; 615989; 605231; 615995; 600151; 615985; 615981; 615996; 615988; 615992; 615994; 615987; 209900; 615986; 615991; 615983; 617406; 615984; 615990","Bardet-Biedl syndrome","Unknown","Unknown","21344540",0,0,0,0,2,2,2,2,0,1,1,0,2,0,0,1,1,1,0,0,0,0,1,0,0,1,"Complete coverage",1,0,0,0,0,1,0,0
"OLI1134","617119; 615993; 615982; 615989; 605231; 615995; 600151; 615985; 615981; 615996; 615988; 615992; 615994; 615987; 209900; 615986; 615991; 615983; 617406; 615984; 615990","Bardet-Biedl syndrome","Unknown","Indian","21344540",0,0,0,0,2,2,0,2,0,1,1,0,2,0,0,2,2,0,2,0,0,0,1,1,0,1,"Complete coverage",0,1,0,0,0,0.5,0.5,0
"OLI1135","614337; 609310; 120435; 614331; 614385; 613244; 614350","Lynch syndrome","Unknown","Unknown","34967012",0,0,0,0,1,1,0,1,1,1,1,1,1,0,0,2,2,1,0,1,2,0,0,0,0,1,"Complete coverage",0.5,0,0.5,1,0,0,0,0
"OLI1136","601076; 277000","Mayer-Rokitansky-Küster-Hauser syndrome","Unknown","Unknown","33469725",0,1,0,1,1,1,0,1,1,1,1,1,1,0,0,2,2,0,2,0,0,1,1,0,0,1,"Complete coverage",0,1,0,0,0.5,0.5,0,0
"OLI1137","601076; 277000","Mayer-Rokitansky-Küster-Hauser syndrome","Unknown","Unknown","33469725",0,1,0,1,0,0,0,0,1,1,1,0,0,0,0,2,2,1,1,0,1,0,0,1,0,1,"Complete coverage",0.5,0.5,0,0.5,0,0,0.5,0
"OLI1138","601076; 277000","Mayer-Rokitansky-Küster-Hauser syndrome","Unknown","Unknown","33469725",0,1,0,1,0,0,0,0,1,1,1,0,0,0,0,2,2,0,2,0,0,1,0,1,0,1,"Complete coverage",0,1,0,0,0.5,0,0.5,0
"OLI1139","601076; 277000","Mayer-Rokitansky-Küster-Hauser syndrome","Unknown","Unknown","33469725",0,1,0,1,0,0,0,0,1,0,1,0,0,0,0,3,3,0,2,0,0,0,1,0,2,1,"Complete coverage",0,0.666666666666667,0,0,0,0.333333333333333,0,0.666666666666667
"OLI1140","601076; 277000","Mayer-Rokitansky-Küster-Hauser syndrome","Unknown","Unknown","33469725",0,1,0,1,1,1,0,1,1,1,1,1,1,0,0,2,2,0,1,1,0,1,0,1,0,1,"Complete coverage",0,0.5,0.5,0,0.5,0,0.5,0
"OLI1141","601076; 277000","Mayer-Rokitansky-Küster-Hauser syndrome","Unknown","Unknown","33469725",0,1,0,1,0,0,0,0,1,1,1,0,0,0,0,2,2,1,0,0,1,0,0,1,0,1,"Complete coverage",0.5,0,0,0.5,0,0,0.5,0
"OLI1142","601076; 277000","Mayer-Rokitansky-Küster-Hauser syndrome","Unknown","Unknown","33469725",0,1,0,1,0,0,0,0,1,1,1,0,0,0,0,3,3,0,1,2,0,3,0,0,0,1,"Complete coverage",0,0.333333333333333,0.666666666666667,0,1,0,0,0
"OLI1143","601076; 277000","Mayer-Rokitansky-Küster-Hauser syndrome","Unknown","Unknown","33469725",0,1,0,1,0,0,0,0,1,1,1,0,0,0,0,2,2,0,1,1,0,0,1,0,1,1,"Complete coverage",0,0.5,0.5,0,0,0.5,0,0.5
"OLI1144","601076; 277000","Mayer-Rokitansky-Küster-Hauser syndrome","Unknown","Unknown","33469725",0,1,0,1,1,1,0,1,1,1,1,1,1,0,0,2,2,0,2,0,0,2,0,0,0,1,"Complete coverage",0,1,0,0,1,0,0,0
"OLI1145","137215","Hereditary diffuse gastric cancer","Unknown","European/Caucasian","32066632",0,1,0,1,0,0,0,0,1,0,1,0,0,0,0,2,2,1,0,1,0,1,0,0,1,1,"Complete coverage",0.5,0,0.5,0,0.5,0,0,0.5
"OLI1146","617119; 615993; 615982; 615989; 605231; 615995; 600151; 615985; 615981; 615996; 615988; 615992; 615994; 615987; 209900; 615986; 615991; 615983; 617406; 615984; 615990","Bardet-Biedl syndrome","Unknown","Tunisian","34691137",1,0,0,0,2,2,0,2,2,1,2,2,2,1,1,5,5,1,2,2,0,0,2,2,1,1,"Complete coverage",0.2,0.4,0.4,0,0,0.4,0.4,0.2
"OLI1147","N.A.","Hereditary spastic paraplegia","Monogenic+Modifier","Unknown","33598982",1,1,0,1,2,2,0,2,1,1,1,2,2,1,1,2,2,2,0,0,2,0,0,0,0,1,"Complete coverage",1,0,0,1,0,0,0,0
"OLI1148","N.A.","Hereditary spastic paraplegia","Unknown","Unknown","33598982",0,2,0,2,2,2,0,2,1,1,1,2,2,2,2,2,2,1,0,0,2,0,0,0,0,1,"Complete coverage",0.5,0,0,1,0,0,0,0
"OLI1149","N.A.","Hereditary spastic paraplegia","Unknown","Unknown","33598982",0,0,0,0,2,2,0,2,0,1,1,0,2,0,0,1,1,0,1,0,0,0,0,1,0,1,"Complete coverage",0,1,0,0,0,0,1,0
"OLI1150","N.A.","Hereditary spastic paraplegia","Unknown","Unknown","33598982",0,0,0,0,1,1,0,1,1,1,1,1,1,0,0,3,3,2,0,0,1,0,0,2,0,1,"Complete coverage",0.666666666666667,0,0,0.333333333333333,0,0,0.666666666666667,0
"OLI1151","N.A.","Hereditary spastic paraplegia","Unknown","Unknown","33598982",0,0,0,0,3,3,0,3,1,1,1,2,2,0,0,2,2,2,0,0,1,0,0,1,0,1,"Complete coverage",1,0,0,0.5,0,0,0.5,0
"OLI1152","N.A.","Hereditary spastic paraplegia","Unknown","Unknown","33598982",0,1,0,1,2,2,0,2,1,1,1,2,2,1,1,2,2,2,0,0,2,0,0,0,0,1,"Complete coverage",1,0,0,1,0,0,0,0
"OLI1153","N.A.","Hereditary spastic paraplegia","Unknown","Unknown","33598982",0,0,0,0,1,1,0,1,0,0,0,0,0,0,0,2,2,0,2,0,0,0,0,2,0,1,"Complete coverage",0,1,0,0,0,0,1,0
"OLI1154","N.A.","Colorectal cancer","Unknown","European/Caucasian","34045552",0,1,0,1,1,1,0,1,1,1,1,1,1,0,0,2,2,1,0,1,0,0,0,2,0,1,"Complete coverage",0.5,0,0.5,0,0,0,1,0
"OLI1155","N.A.","Colorectal cancer","Unknown","European/Caucasian","34045552",0,1,0,1,1,1,0,1,1,1,1,1,1,0,0,2,2,0,1,0,0,0,1,1,0,1,"Complete coverage",0,0.5,0,0,0,0.5,0.5,0
"OLI1156","201470","Short chain acyl-CoA dehydrogenase deficiency","Unknown","Unknown","33973257",0,0,0,0,3,3,0,3,0,1,1,1,2,0,0,2,2,1,0,1,0,1,1,0,0,1,"Complete coverage",0.5,0,0.5,0,0.5,0.5,0,0
"OLI1157","201470","Short chain acyl-CoA dehydrogenase deficiency","Unknown","Unknown","33973257",0,1,0,1,3,3,0,3,0,1,1,1,2,0,1,2,2,1,0,0,1,0,1,0,0,1,"Complete coverage",0.5,0,0,0.5,0,0.5,0,0
"OLI1158","201470","Short chain acyl-CoA dehydrogenase deficiency","Unknown","Unknown","33973257",0,1,0,1,3,3,0,3,0,1,1,1,2,0,1,2,2,1,0,0,1,0,1,0,0,1,"Complete coverage",0.5,0,0,0.5,0,0.5,0,0
"OLI1159","614840; 615271; 615269; 615270; 147950; 308700; 618841; 614838; 612370; 616030; 614837; 615267; 614880; 615266; 614897; 612702; 244200; 614858; 610628","Kallmann syndrome","Unknown","European/Caucasian","34198905",0,1,0,1,1,1,0,1,0,1,1,0,1,0,0,2,1,0,1,0,0,0,1,0,0,0.5,"Partial coverage",0,1,0,0,0,1,0,0
"OLI1160","614840; 615271; 615269; 615270; 147950; 308700; 618841; 614838; 612370; 616030; 614837; 615267; 614880; 615266; 614897; 612702; 244200; 614858; 610628","Kallmann syndrome","Unknown","European/Caucasian","34198905",0,1,0,1,1,1,0,1,0,1,1,0,1,0,0,2,2,1,1,0,0,1,0,1,0,1,"Complete coverage",0.5,0.5,0,0,0.5,0,0.5,0
"OLI1161","614840; 615271; 615269; 615270; 147950; 308700; 618841; 614838; 612370; 616030; 614837; 615267; 614880; 615266; 614897; 612702; 244200; 614858; 610628","Kallmann syndrome","Unknown","European/Caucasian","34198905",0,1,0,1,1,1,0,1,0,1,1,0,1,0,0,2,1,1,0,0,1,0,0,0,0,0.5,"Partial coverage",1,0,0,1,0,0,0,0
"OLI1162","614840; 615271; 615269; 615270; 147950; 308700; 618841; 614838; 612370; 616030; 614837; 615267; 614880; 615266; 614897; 612702; 244200; 614858; 610628","Kallmann syndrome","Unknown","European/Caucasian","34198905",0,1,0,1,1,1,0,1,0,0,0,0,0,0,0,3,3,1,0,1,1,0,1,1,0,1,"Complete coverage",0.333333333333333,0,0.333333333333333,0.333333333333333,0,0.333333333333333,0.333333333333333,0
"OLI1163","614840; 615271; 615269; 615270; 147950; 308700; 618841; 614838; 612370; 616030; 614837; 615267; 614880; 615266; 614897; 612702; 244200; 614858; 610628","Kallmann syndrome","Unknown","European/Caucasian","34198905",0,1,0,1,1,1,0,1,0,0,0,0,0,0,0,2,2,0,0,2,1,0,1,0,0,1,"Complete coverage",0,0,1,0.5,0,0.5,0,0
"OLI1164","614840; 615271; 615269; 615270; 147950; 308700; 618841; 614838; 612370; 616030; 614837; 615267; 614880; 615266; 614897; 612702; 244200; 614858; 610628","Kallmann syndrome","Unknown","European/Caucasian","34198905",0,1,0,1,1,1,0,1,1,1,1,1,1,0,0,2,1,0,1,0,0,0,1,0,0,0.5,"Partial coverage",0,1,0,0,0,1,0,0
"OLI1165","614840; 615271; 615269; 615270; 147950; 308700; 618841; 614838; 612370; 616030; 614837; 615267; 614880; 615266; 614897; 612702; 244200; 614858; 610628","Kallmann syndrome","Unknown","European/Caucasian","34198905",0,1,0,1,1,1,0,1,0,0,0,0,0,0,0,3,3,0,2,1,1,1,1,0,0,1,"Complete coverage",0,0.666666666666667,0.333333333333333,0.333333333333333,0.333333333333333,0.333333333333333,0,0
"OLI1166","614840; 615271; 615269; 615270; 147950; 308700; 618841; 614838; 612370; 616030; 614837; 615267; 614880; 615266; 614897; 612702; 244200; 614858; 610628","Kallmann syndrome","Unknown","European/Caucasian","34198905",0,1,0,1,2,2,0,2,0,0,0,0,0,0,0,3,3,1,0,1,2,0,0,0,1,1,"Complete coverage",0.333333333333333,0,0.333333333333333,0.666666666666667,0,0,0,0.333333333333333
"OLI1167","614840; 615271; 615269; 615270; 147950; 308700; 618841; 614838; 612370; 616030; 614837; 615267; 614880; 615266; 614897; 612702; 244200; 614858; 610628","Kallmann syndrome","Unknown","European/Caucasian","34198905",0,1,0,1,1,1,0,1,0,0,0,0,0,0,0,3,3,1,0,0,2,0,1,0,0,1,"Complete coverage",0.333333333333333,0,0,0.666666666666667,0,0.333333333333333,0,0
"OLI1168","614840; 615271; 615269; 615270; 147950; 308700; 618841; 614838; 612370; 616030; 614837; 615267; 614880; 615266; 614897; 612702; 244200; 614858; 610628","Kallmann syndrome","Unknown","European/Caucasian","34198905",0,1,0,1,1,1,0,1,0,0,0,0,0,0,0,2,2,0,0,2,1,0,1,0,0,1,"Complete coverage",0,0,1,0.5,0,0.5,0,0
"OLI1169","614840; 615271; 615269; 615270; 147950; 308700; 618841; 614838; 612370; 616030; 614837; 615267; 614880; 615266; 614897; 612702; 244200; 614858; 610628","Kallmann syndrome","Unknown","European/Caucasian","34198905",0,1,0,1,1,1,0,1,0,1,1,0,1,0,0,2,2,0,2,0,0,2,0,0,0,1,"Complete coverage",0,1,0,0,1,0,0,0
"OLI1170","614840; 615271; 615269; 615270; 147950; 308700; 618841; 614838; 612370; 616030; 614837; 615267; 614880; 615266; 614897; 612702; 244200; 614858; 610628","Kallmann syndrome","Unknown","European/Caucasian","34198905",0,1,0,1,2,2,0,2,0,0,0,0,0,0,0,2,2,0,0,1,0,0,0,1,1,1,"Complete coverage",0,0,0.5,0,0,0,0.5,0.5
"OLI1171","614840; 615271; 615269; 615270; 147950; 308700; 618841; 614838; 612370; 616030; 614837; 615267; 614880; 615266; 614897; 612702; 244200; 614858; 610628","Kallmann syndrome","Unknown","European/Caucasian","34198905",0,1,0,1,1,1,0,1,0,0,0,0,0,0,0,2,2,0,1,1,0,1,1,0,0,1,"Complete coverage",0,0.5,0.5,0,0.5,0.5,0,0
"OLI1172","614840; 615271; 615269; 615270; 147950; 308700; 618841; 614838; 612370; 616030; 614837; 615267; 614880; 615266; 614897; 612702; 244200; 614858; 610628","Kallmann syndrome","Unknown","European/Caucasian","34198905",0,1,1,1,1,1,0,1,0,0,0,0,0,0,0,2,2,0,0,2,0,0,2,0,0,1,"Complete coverage",0,0,1,0,0,1,0,0
"OLI1173","N.A.","Congenital hypothyroidism","Unknown","East Asian","34539567",0,1,0,1,1,1,0,1,1,1,1,1,1,0,0,3,3,3,0,0,2,0,0,1,0,1,"Complete coverage",1,0,0,0.666666666666667,0,0,0.333333333333333,0
"OLI1174","N.A.","Congenital hypothyroidism","Unknown","East Asian","34539567",0,1,0,1,1,1,0,1,0,0,0,0,0,0,0,3,1,0,1,0,0,1,0,0,0,0.333333333333333,"Partial coverage",0,1,0,0,1,0,0,0
"OLI1175","N.A.","Congenital hypothyroidism","Unknown","East Asian","34539567",0,1,0,1,1,2,2,2,1,1,1,0,2,0,1,3,1,0,1,0,1,0,0,0,0,0.333333333333333,"Partial coverage",0,1,0,1,0,0,0,0
"OLI1176","607136","Spinocerebellar ataxia type 17","Unknown","European/Caucasian","34906452",0,2,0,2,2,2,0,2,1,1,1,2,2,2,2,1,1,0,1,0,0,0,0,1,0,1,"Complete coverage",0,1,0,0,0,0,1,0
"OLI1177","607136","Spinocerebellar ataxia type 17","Unknown","European/Caucasian","34906452",1,2,0,2,2,2,0,2,1,1,1,2,2,2,2,1,1,0,1,0,1,0,0,0,0,1,"Complete coverage",0,1,0,1,0,0,0,0
"OLI1178","607136","Spinocerebellar ataxia type 17","Unknown","European/Caucasian","34906452",0,2,0,2,2,2,0,2,1,1,1,2,2,2,2,1,1,0,1,0,1,0,0,0,0,1,"Complete coverage",0,1,0,1,0,0,0,0
"OLI1179","607136","Spinocerebellar ataxia type 17","Unknown","European/Caucasian","34906452",0,2,0,2,2,2,0,2,1,1,1,2,2,2,2,1,1,1,0,0,1,0,0,0,0,1,"Complete coverage",1,0,0,1,0,0,0,0
"OLI1180","607136","Spinocerebellar ataxia type 17","Unknown","European/Caucasian","34906452",0,2,1,2,2,2,0,2,1,1,1,2,2,2,2,1,1,0,0,0,1,0,0,0,0,1,"Complete coverage",0,0,0,1,0,0,0,0
"OLI1181","607136","Spinocerebellar ataxia type 17","True Digenic","European/Caucasian","34906452",2,2,0,2,2,2,0,2,1,0,1,2,2,3,3,1,1,0,0,0,0,0,0,0,1,1,"Complete coverage",0,0,0,0,0,0,0,1
"OLI1182","607136","Spinocerebellar ataxia type 17","Unknown","European/Caucasian","34906452",1,2,0,2,2,2,0,2,1,1,1,2,2,2,2,1,1,1,0,0,1,0,0,0,0,1,"Complete coverage",1,0,0,1,0,0,0,0
"OLI1183","607136","Spinocerebellar ataxia type 17","Unknown","European/Caucasian","34906452",0,2,0,2,2,2,0,2,1,1,1,2,2,2,2,1,1,1,0,0,1,0,0,0,0,1,"Complete coverage",1,0,0,1,0,0,0,0
"OLI1184","607136","Spinocerebellar ataxia type 17","Unknown","European/Caucasian","34906452",1,2,0,2,2,2,0,2,1,1,1,2,2,2,2,1,1,0,1,0,0,0,0,1,0,1,"Complete coverage",0,1,0,0,0,0,1,0
"OLI1185","607136","Spinocerebellar ataxia type 17","True Digenic","European/Caucasian","34906452",3,2,0,2,2,2,0,2,1,1,1,2,2,3,3,1,1,1,0,0,1,0,0,0,0,1,"Complete coverage",1,0,0,1,0,0,0,0
"OLI1186","607136","Spinocerebellar ataxia type 17","Unknown","European/Caucasian","34906452",0,2,0,2,2,2,0,2,1,1,1,2,2,2,2,1,1,0,0,0,1,0,0,0,0,1,"Complete coverage",0,0,0,1,0,0,0,0
"OLI1187","607136","Spinocerebellar ataxia type 17","Unknown","European/Caucasian","34906452",1,2,0,2,2,2,0,2,1,1,1,2,2,2,2,1,1,0,1,0,0,0,0,1,0,1,"Complete coverage",0,1,0,0,0,0,1,0
"OLI1188","607136","Spinocerebellar ataxia type 17","Unknown","European/Caucasian","34906452",0,2,0,2,2,2,0,2,0,1,1,0,2,0,2,1,1,0,0,1,0,0,0,1,0,1,"Complete coverage",0,0,1,0,0,0,1,0
"OLI1189","607136","Spinocerebellar ataxia type 17","Unknown","European/Caucasian","34906452",0,2,0,2,2,2,0,2,1,1,1,2,2,2,2,1,1,1,0,0,1,0,0,0,0,1,"Complete coverage",1,0,0,1,0,0,0,0
"OLI1190","607136","Spinocerebellar ataxia type 17","Unknown","European/Caucasian","34906452",0,2,1,2,2,2,0,2,1,1,1,2,2,2,2,1,1,0,0,0,1,0,0,0,0,1,"Complete coverage",0,0,0,1,0,0,0,0
"OLI1191","607136","Spinocerebellar ataxia type 17","Unknown","European/Caucasian","34906452",2,2,0,2,2,2,0,2,1,1,1,2,2,3,3,1,0,0,0,0,0,0,0,0,0,0,"No coverage",NA,NA,NA,NA,NA,NA,NA,NA
"OLI1192","607136","Spinocerebellar ataxia type 17","Unknown","European/Caucasian","34906452",1,2,0,2,2,2,0,2,1,1,1,2,2,2,2,1,1,0,1,0,1,0,0,0,0,1,"Complete coverage",0,1,0,1,0,0,0,0
"OLI1193","607136","Spinocerebellar ataxia type 17","Unknown","European/Caucasian","34906452",0,2,0,2,2,2,0,2,1,1,1,2,2,2,2,1,1,0,0,0,1,0,0,0,0,1,"Complete coverage",0,0,0,1,0,0,0,0
"OLI1194","607136","Spinocerebellar ataxia type 17","Unknown","European/Caucasian","34906452",0,2,0,2,2,2,0,2,1,1,1,2,2,2,2,1,1,0,1,0,1,0,0,0,0,1,"Complete coverage",0,1,0,1,0,0,0,0
"OLI1195","607136","Spinocerebellar ataxia type 17","Unknown","European/Caucasian","34906452",0,2,0,2,2,2,0,2,1,1,1,2,2,2,2,1,1,0,1,0,1,0,0,0,0,1,"Complete coverage",0,1,0,1,0,0,0,0
"OLI1196","607136","Spinocerebellar ataxia type 17","Unknown","European/Caucasian","34906452",0,2,1,2,2,2,0,2,1,1,1,2,2,2,2,1,1,0,0,1,1,0,0,0,0,1,"Complete coverage",0,0,1,1,0,0,0,0
"OLI1197","607136","Spinocerebellar ataxia type 17","True Digenic","European/Caucasian","34906452",2,2,0,2,2,2,0,2,1,1,1,2,2,3,3,1,1,1,0,0,1,0,0,0,0,1,"Complete coverage",1,0,0,1,0,0,0,0
"OLI1198","607136","Spinocerebellar ataxia type 17","Unknown","European/Caucasian","34906452",0,2,1,2,2,2,0,2,1,1,1,2,2,2,2,1,1,0,0,0,1,0,0,0,0,1,"Complete coverage",0,0,0,1,0,0,0,0
"OLI1199","607136","Spinocerebellar ataxia type 17","Unknown","European/Caucasian","34906452",1,2,0,2,2,2,0,2,0,1,1,0,2,0,2,1,1,0,0,1,0,0,0,1,0,1,"Complete coverage",0,0,1,0,0,0,1,0
"OLI1200","607136","Spinocerebellar ataxia type 17","True Digenic","European/Caucasian","34906452",2,2,0,2,2,2,0,2,1,1,1,2,2,3,3,1,1,0,0,1,1,0,0,0,0,1,"Complete coverage",0,0,1,1,0,0,0,0
"OLI1201","607136","Spinocerebellar ataxia type 17","True Digenic","European/Caucasian","34906452",3,2,0,2,2,2,0,2,1,1,1,2,2,3,3,1,1,1,0,0,0,0,0,1,0,1,"Complete coverage",1,0,0,0,0,0,1,0
"OLI1202","607136","Spinocerebellar ataxia type 17","Unknown","European/Caucasian","34906452",0,2,0,2,2,2,0,2,1,1,1,2,2,2,2,1,1,1,0,0,0,0,0,1,0,1,"Complete coverage",1,0,0,0,0,0,1,0
"OLI1203","607136","Spinocerebellar ataxia type 17","Unknown","European/Caucasian","34906452",1,2,0,2,2,2,0,2,1,1,1,2,2,2,2,1,1,1,0,0,0,0,0,1,0,1,"Complete coverage",1,0,0,0,0,0,1,0
"OLI1204","607136","Spinocerebellar ataxia type 17","Unknown","European/Caucasian","34906452",0,2,0,2,2,2,0,2,1,1,1,2,2,2,2,1,1,0,0,0,1,0,0,0,0,1,"Complete coverage",0,0,0,1,0,0,0,0
"OLI1205","607136","Spinocerebellar ataxia type 17","Unknown","European/Caucasian","34906452",0,1,0,1,2,2,0,2,0,1,1,0,2,0,1,1,1,0,1,0,0,0,0,1,0,1,"Complete coverage",0,1,0,0,0,0,1,0
"OLI1206","607136","Spinocerebellar ataxia type 17","Unknown","European/Caucasian","34906452",0,1,1,1,2,2,0,2,0,1,1,0,2,0,1,1,1,1,0,0,1,0,0,0,0,1,"Complete coverage",1,0,0,1,0,0,0,0
"OLI1207","607136","Spinocerebellar ataxia type 17","Unknown","European/Caucasian","34906452",0,1,0,1,2,2,0,2,0,1,1,0,2,0,1,1,1,0,0,0,1,0,0,0,0,1,"Complete coverage",0,0,0,1,0,0,0,0
"OLI1208","607136","Spinocerebellar ataxia type 17","Unknown","European/Caucasian","34906452",0,1,0,1,2,2,0,2,0,1,1,0,2,0,1,1,1,1,0,0,1,0,0,0,0,1,"Complete coverage",1,0,0,1,0,0,0,0
"OLI1209","607136","Spinocerebellar ataxia type 17","Unknown","European/Caucasian","34906452",0,1,0,1,2,2,0,2,0,1,1,0,2,0,1,1,1,0,0,0,1,0,0,0,0,1,"Complete coverage",0,0,0,1,0,0,0,0
"OLI1210","607136","Spinocerebellar ataxia type 17","Unknown","European/Caucasian","34906452",1,1,0,1,2,2,0,2,0,0,0,0,0,0,0,1,1,0,0,0,0,0,0,0,1,1,"Complete coverage",0,0,0,0,0,0,0,1
"OLI1211","607136","Spinocerebellar ataxia type 17","Unknown","European/Caucasian","34906452",2,1,0,1,2,2,0,2,0,1,1,0,2,0,2,1,1,0,0,1,0,1,0,0,0,1,"Complete coverage",0,0,1,0,1,0,0,0
"OLI1212","615373; 601494; 300580; 601493; 609470; 615396; 617760; 604169; 615092; 255310; 613424; 611878; 613426","Left ventricular noncompaction","Unknown","Japanese","34853230",0,0,0,0,1,1,2,2,1,1,1,1,2,0,0,2,2,2,0,0,2,0,0,0,0,1,"Complete coverage",1,0,0,1,0,0,0,0
"OLI1213","614840; 615271; 615269; 615270; 147950; 308700; 618841; 614838; 612370; 616030; 614837; 615267; 614880; 615266; 614897; 612702; 244200; 614858; 610628","Kallmann syndrome","Unknown","Tunisian","34539727",1,1,0,1,2,2,0,2,1,1,1,2,2,1,1,2,1,0,1,0,0,0,1,0,0,0.5,"Partial coverage",0,1,0,0,0,1,0,0
"OLI1214","614840; 125851; 615269; 606394; 613370; 612225; 615270; 147950; 308700; 614838; 613375; 606392; 612370; 616329; 614837; 614842; 614839; 614880; 615266; 609812; 616511; 600496; 125850; 612702; 614841; 244200; 606391; 610508; 146110; 614858; 610628","Normosmic congenital hypogonadotropic hypogonadism","Unknown","Tunisian","34539727",1,1,0,1,0,0,0,0,1,1,1,0,0,0,0,3,3,0,1,2,0,1,1,1,0,1,"Complete coverage",0,0.333333333333333,0.666666666666667,0,0.333333333333333,0.333333333333333,0.333333333333333,0
"OLI1215","N.A.","NON RARE IN EUROPE: Heterozygous familial hypercholesterolemia","Dual Molecular Diagnosis","Japanese","33642439",1,0,0,0,2,2,0,2,0,0,0,0,0,0,0,3,3,1,1,0,2,1,0,0,0,1,"Complete coverage",0.333333333333333,0.333333333333333,0,0.666666666666667,0.333333333333333,0,0,0
"OLI1216","601005; 612347; 612955; 613688; 192500; 220400; 613695; 616247; 611819; 618447; 613693; 613485; 616249; 603830; 611818; 600919; 611820","Familial long QT syndrome","Unknown","Unknown","15051636",0,0,1,1,1,1,2,2,0,1,1,0,2,0,0,2,2,1,1,0,1,1,0,0,0,1,"Complete coverage",0.5,0.5,0,0.5,0.5,0,0,0
"OLI1217","601005; 612347; 612955; 613688; 192500; 220400; 613695; 616247; 611819; 618447; 613693; 613485; 616249; 603830; 611818; 600919; 611820","Familial long QT syndrome","Monogenic+Modifier","Unknown","15051636",1,0,0,0,1,1,2,2,2,1,2,2,2,1,1,2,2,1,1,0,1,0,0,0,1,1,"Complete coverage",0.5,0.5,0,0.5,0,0,0,0.5
"OLI1218","601005; 612347; 612955; 613688; 192500; 220400; 613695; 616247; 611819; 618447; 613693; 613485; 616249; 603830; 611818; 600919; 611820","Familial long QT syndrome","Unknown","Unknown","15051636",0,0,1,1,1,1,2,2,2,1,2,2,2,0,0,2,2,1,1,0,1,0,0,0,1,1,"Complete coverage",0.5,0.5,0,0.5,0,0,0,0.5
"OLI1219","601005; 612347; 612955; 613688; 192500; 220400; 613695; 616247; 611819; 618447; 613693; 613485; 616249; 603830; 611818; 600919; 611820","Familial long QT syndrome","Unknown","Unknown","15051636",2,0,0,0,1,1,2,2,0,1,1,0,2,0,2,2,2,1,1,0,1,0,0,0,1,1,"Complete coverage",0.5,0.5,0,0.5,0,0,0,0.5
"OLI1220","601005; 612347; 612955; 613688; 192500; 220400; 613695; 616247; 611819; 618447; 613693; 613485; 616249; 603830; 611818; 600919; 611820","Familial long QT syndrome","Unknown","Unknown","15051636",2,0,1,1,1,1,2,2,2,1,2,1,2,1,2,2,2,2,0,0,1,0,0,1,0,1,"Complete coverage",1,0,0,0.5,0,0,0.5,0
"OLI1221","601005; 612347; 612955; 613688; 192500; 220400; 613695; 616247; 611819; 618447; 613693; 613485; 616249; 603830; 611818; 600919; 611820","Familial long QT syndrome","Unknown","Unknown","15051636",0,0,1,1,1,1,2,2,0,1,1,0,2,0,0,2,2,1,1,0,1,0,0,0,1,1,"Complete coverage",0.5,0.5,0,0.5,0,0,0,0.5
"OLI1222","601005; 612347; 612955; 613688; 192500; 220400; 613695; 616247; 611819; 618447; 613693; 613485; 616249; 603830; 611818; 600919; 611820","Familial long QT syndrome","Unknown","Unknown","15051636",1,0,1,1,1,1,2,2,0,1,1,0,2,0,1,2,2,1,1,0,1,0,0,0,1,1,"Complete coverage",0.5,0.5,0,0.5,0,0,0,0.5
"OLI1223","601005; 612347; 612955; 613688; 192500; 220400; 613695; 616247; 611819; 618447; 613693; 613485; 616249; 603830; 611818; 600919; 611820","Familial long QT syndrome","Unknown","Unknown","15051636",1,0,0,0,1,1,2,2,0,1,1,0,2,0,1,2,2,0,1,0,1,0,0,0,1,1,"Complete coverage",0,0.5,0,0.5,0,0,0,0.5
"OLI1224","601005; 612347; 612955; 613688; 192500; 220400; 613695; 616247; 611819; 618447; 613693; 613485; 616249; 603830; 611818; 600919; 611820","Familial long QT syndrome","Unknown","Unknown","15051636",1,0,1,1,1,1,2,2,0,1,1,0,2,0,1,2,2,1,1,0,1,0,0,0,1,1,"Complete coverage",0.5,0.5,0,0.5,0,0,0,0.5
"OLI1225","601005; 612347; 612955; 613688; 192500; 220400; 613695; 616247; 611819; 618447; 613693; 613485; 616249; 603830; 611818; 600919; 611820","Familial long QT syndrome","Unknown","Unknown","15051636",0,0,1,1,1,1,2,2,0,1,1,0,2,0,0,2,2,1,1,0,1,0,0,0,1,1,"Complete coverage",0.5,0.5,0,0.5,0,0,0,0.5
"OLI1226","601005; 612347; 612955; 613688; 192500; 220400; 613695; 616247; 611819; 618447; 613693; 613485; 616249; 603830; 611818; 600919; 611820","Familial long QT syndrome","Unknown","Unknown","15051636",1,0,1,1,1,1,2,2,0,1,1,0,2,0,1,2,2,1,1,0,0,0,0,1,1,1,"Complete coverage",0.5,0.5,0,0,0,0,0.5,0.5
"OLI1227","601005; 612347; 612955; 613688; 192500; 220400; 613695; 616247; 611819; 618447; 613693; 613485; 616249; 603830; 611818; 600919; 611820","Familial long QT syndrome","Unknown","Unknown","15051636",0,0,0,0,1,1,0,1,2,1,2,1,2,0,0,2,2,1,1,0,1,0,0,1,0,1,"Complete coverage",0.5,0.5,0,0.5,0,0,0.5,0
"OLI1228","601005; 612347; 612955; 613688; 192500; 220400; 613695; 616247; 611819; 618447; 613693; 613485; 616249; 603830; 611818; 600919; 611820","Familial long QT syndrome","Unknown","Unknown","15051636",1,0,0,0,1,1,0,1,2,1,2,1,2,0,1,2,1,0,1,0,0,0,0,0,1,0.5,"Partial coverage",0,1,0,0,0,0,0,1
"OLI1229","617119; 615993; 615982; 615989; 605231; 615995; 600151; 615985; 615981; 615996; 615988; 615992; 615994; 615987; 209900; 615986; 615991; 615983; 617406; 615984; 615990","Bardet-Biedl syndrome","Unknown","Kurdish","12016587",2,1,1,1,0,0,2,2,0,1,1,0,2,0,2,2,2,2,0,0,2,0,0,0,0,1,"Complete coverage",1,0,0,1,0,0,0,0
"OLI1230","N.A.","Rare inflammatory bowel disease","Unknown","Saudi Arabia","35692981",0,1,0,0,2,2,2,2,1,1,1,2,2,1,0,2,2,1,1,0,1,0,0,1,0,1,"Complete coverage",0.5,0.5,0,0.5,0,0,0.5,0
"OLI1231","614391; 614389; 614390","Recurrent Pregnancy Loss","Unknown","Turkish","36385415",0,1,0,1,1,1,0,1,1,1,1,1,1,0,0,3,3,1,2,0,0,1,0,1,1,1,"Complete coverage",0.333333333333333,0.666666666666667,0,0,0.333333333333333,0,0.333333333333333,0.333333333333333
"OLI1232","614391; 614389; 614390","Recurrent Pregnancy Loss","Unknown","Turkish","36385415",0,1,0,1,1,1,0,1,1,1,1,1,1,0,0,2,2,1,1,0,0,1,1,0,0,1,"Complete coverage",0.5,0.5,0,0,0.5,0.5,0,0
"OLI1233","614391; 614389; 614390","Recurrent Pregnancy Loss","Unknown","Turkish","36385415",0,1,0,1,0,0,0,0,1,1,1,0,0,0,0,2,2,1,0,0,0,0,0,2,0,1,"Complete coverage",0.5,0,0,0,0,0,1,0
"OLI1234","614391; 614389; 614390","Recurrent Pregnancy Loss,Recurrent implantation failure,Primary infertility","Unknown","Turkish","36385415",0,1,0,1,1,1,0,1,1,1,1,1,1,0,0,3,3,2,1,0,0,0,1,2,0,1,"Complete coverage",0.666666666666667,0.333333333333333,0,0,0,0.333333333333333,0.666666666666667,0
"OLI1235","614391; 614389; 614390","Recurrent Pregnancy Loss","Unknown","Turkish","36385415",0,1,0,1,0,0,0,0,1,1,1,0,0,0,0,2,2,0,0,0,1,0,0,1,0,1,"Complete coverage",0,0,0,0.5,0,0,0.5,0
"OLI1236","614391; 614389; 614390","Recurrent Pregnancy Loss,Recurrent implantation failure,Primary infertility","Unknown","Turkish","36385415",0,1,0,1,1,1,0,1,1,1,1,1,1,0,0,2,2,0,0,1,1,0,1,0,0,1,"Complete coverage",0,0,0.5,0.5,0,0.5,0,0
"OLI1237","614391; 614389; 614390","Recurrent implantation failure,Primary infertility","Unknown","Turkish","36385415",0,1,0,0,1,1,0,1,1,1,1,1,1,0,0,3,3,2,1,0,1,1,0,1,0,1,"Complete coverage",0.666666666666667,0.333333333333333,0,0.333333333333333,0.333333333333333,0,0.333333333333333,0
"OLI1238","614391; 614389; 614390","Recurrent implantation failure,Primary infertility","Unknown","Turkish","36385415",0,1,0,0,1,1,0,1,1,1,1,1,1,0,0,3,3,1,0,1,0,1,0,2,0,1,"Complete coverage",0.333333333333333,0,0.333333333333333,0,0.333333333333333,0,0.666666666666667,0
"OLI1239","614391; 614389; 614390","Recurrent Pregnancy Loss,Recurrent implantation failure,Primary infertility","Unknown","Turkish","36385415",0,1,0,1,1,1,0,1,1,1,1,1,1,0,0,3,3,0,2,1,1,1,0,1,0,1,"Complete coverage",0,0.666666666666667,0.333333333333333,0.333333333333333,0.333333333333333,0,0.333333333333333,0
"OLI1240","614391; 614389; 614390","Recurrent Pregnancy Loss","Unknown","Turkish","36385415",0,1,0,0,2,2,2,2,1,1,1,2,2,1,0,2,2,1,1,0,0,0,0,2,0,1,"Complete coverage",0.5,0.5,0,0,0,0,1,0
"OLI1241","607625; 257220","Niemann-Pick disease type C","Unknown","Unknown","35741735",0,1,0,0,1,1,0,1,1,1,1,1,1,0,0,2,1,0,1,0,0,0,0,0,1,0.5,"Partial coverage",0,1,0,0,0,0,0,1
"OLI1242","N.A.","Non-acquired combined pituitary hormone deficiency","Unknown","European","35951005",1,0,0,0,3,3,0,3,2,1,2,3,3,2,2,2,2,0,2,0,1,0,0,1,0,1,"Complete coverage",0,1,0,0.5,0,0,0.5,0
"OLI1243","N.A.","Hypodontia","Unknown","European","36294409",0,1,0,1,2,2,0,2,1,1,1,2,2,1,1,2,1,0,1,0,0,0,0,1,0,0.5,"Partial coverage",0,1,0,0,0,0,1,0
"OLI1244","N.A.","Hypodontia","Unknown","European","36294409",0,1,0,1,2,2,0,2,1,1,1,2,2,1,1,2,1,1,0,0,0,0,0,1,0,0.5,"Partial coverage",1,0,0,0,0,0,1,0
"OLI1245","N.A.","Hypodontia","Unknown","European","36294409",0,1,1,1,2,2,0,2,1,1,1,2,2,1,1,2,2,0,1,1,2,0,0,0,0,1,"Complete coverage",0,0.5,0.5,1,0,0,0,0
"OLI1246","600274; 607485; 172700","Corticobasal syndrome; Progressive non-fluent aphasia","Unknown","European/Caucasian","36553628",0,1,0,1,1,1,0,1,0,0,0,0,0,0,0,4,3,1,1,0,1,0,0,1,1,0.75,"Partial coverage",0.333333333333333,0.333333333333333,0,0.333333333333333,0,0,0.333333333333333,0.333333333333333
"OLI1247","N.A.","Thin Basement Membrane Nephropathy","Unknown","Japanese","36292665",0,0,1,1,2,2,0,2,1,1,1,2,2,0,1,2,2,2,0,0,1,0,0,1,0,1,"Complete coverage",1,0,0,0.5,0,0,0.5,0
"OLI1248","N.A.","Epidermolysis bullosa simplex","Unknown","Ethiopian","35960249",1,1,0,0,1,1,0,1,0,1,1,0,1,0,0,2,2,1,0,0,1,0,0,1,0,1,"Complete coverage",0.5,0,0,0.5,0,0,0.5,0
"OLI1249","133780; 613310; 305390; 617572; 601813; 605750; 616468","Familial exudative vitreoretinopathy","Unknown","Unknown","35328049",0,1,0,0,1,1,0,1,0,0,0,0,0,0,0,2,2,0,0,1,0,0,2,0,0,1,"Complete coverage",0,0,0.5,0,0,1,0,0
"OLI1250","133780; 613310; 305390; 617572; 601813; 605750; 616468","Familial exudative vitreoretinopathy","Unknown","Unknown","35328049",0,1,0,0,1,1,0,1,0,0,0,0,0,0,0,2,2,0,0,0,0,0,2,0,0,1,"Complete coverage",0,0,0,0,0,1,0,0
"OLI1251","133780; 613310; 305390; 617572; 601813; 605750; 616468","Familial exudative vitreoretinopathy","Unknown","Unknown","35328049",1,1,0,1,1,1,0,1,0,1,1,0,1,0,1,2,2,1,1,0,0,0,1,1,0,1,"Complete coverage",0.5,0.5,0,0,0,0.5,0.5,0
"OLI1252","133780; 613310; 305390; 617572; 601813; 605750; 616468","Familial exudative vitreoretinopathy","Unknown","Unknown","35328049",1,1,1,1,2,2,0,2,0,1,1,0,2,0,1,2,2,1,1,0,1,0,1,0,0,1,"Complete coverage",0.5,0.5,0,0.5,0,0.5,0,0
"OLI1253","133780; 613310; 305390; 617572; 601813; 605750; 616468","Familial exudative vitreoretinopathy","Unknown","Unknown","35328049",0,1,0,0,2,2,0,2,0,1,1,0,2,0,0,4,4,0,4,0,0,0,4,0,0,1,"Complete coverage",0,1,0,0,0,1,0,0
"OLI1254","133780; 613310; 305390; 617572; 601813; 605750; 616468","Familial exudative vitreoretinopathy","Unknown","Unknown","35328049",0,1,0,1,1,1,0,1,0,0,0,0,0,0,0,2,2,0,0,1,0,0,2,0,0,1,"Complete coverage",0,0,0.5,0,0,1,0,0
"OLI1255","133780; 613310; 305390; 617572; 601813; 605750; 616468","Familial exudative vitreoretinopathy","Unknown","Unknown","35328049",0,1,1,1,2,2,0,2,0,1,1,0,2,0,1,2,2,0,1,0,0,0,2,0,0,1,"Complete coverage",0,0.5,0,0,0,1,0,0
"OLI1256","133780; 613310; 305390; 617572; 601813; 605750; 616468","Familial exudative vitreoretinopathy","Unknown","Unknown","35328049",0,1,0,0,1,1,0,1,0,1,1,0,1,0,0,3,3,0,2,0,0,0,3,0,0,1,"Complete coverage",0,0.666666666666667,0,0,0,1,0,0
"OLI1257","133780; 613310; 305390; 617572; 601813; 605750; 616468","Familial exudative vitreoretinopathy","Unknown","Unknown","35328049",0,1,0,0,2,2,0,2,0,1,1,0,2,0,0,2,2,1,0,1,0,1,0,1,0,1,"Complete coverage",0.5,0,0.5,0,0.5,0,0.5,0
"OLI1258","133780; 613310; 305390; 617572; 601813; 605750; 616468","Familial exudative vitreoretinopathy","Unknown","Unknown","35328049",0,1,0,1,1,1,0,1,0,1,1,0,1,0,0,4,4,0,3,0,0,0,3,1,0,1,"Complete coverage",0,0.75,0,0,0,0.75,0.25,0
"OLI1259","133780; 613310; 305390; 617572; 601813; 605750; 616468","Familial exudative vitreoretinopathy","Unknown","Unknown","35328049",0,1,0,1,1,1,0,1,0,1,1,0,1,0,0,2,2,1,0,0,0,0,1,1,0,1,"Complete coverage",0.5,0,0,0,0,0.5,0.5,0
"OLI1260","614840; 125851; 615269; 606394; 613370; 612225; 615270; 147950; 308700; 614838; 613375; 606392; 612370; 616329; 614837; 614842; 614839; 614880; 615266; 609812; 616511; 600496; 125850; 612702; 614841; 244200; 606391; 610508; 146110; 614858; 610628","Normosmic congenital hypogonadotropic hypogonadism","Unknown","Unknown","36531499",0,1,0,1,1,1,0,1,0,1,1,0,1,0,0,2,2,0,1,1,0,0,1,1,0,1,"Complete coverage",0,0.5,0.5,0,0,0.5,0.5,0
"OLI1261","614840; 125851; 615269; 606394; 613370; 612225; 615270; 147950; 308700; 614838; 613375; 606392; 612370; 616329; 614837; 614842; 614839; 614880; 615266; 609812; 616511; 600496; 125850; 612702; 614841; 244200; 606391; 610508; 146110; 614858; 610628","Normosmic congenital hypogonadotropic hypogonadism","Unknown","Unknown","36531499",0,1,0,1,1,2,0,2,0,1,1,0,2,0,1,2,1,1,0,0,0,0,0,1,0,0.5,"Partial coverage",1,0,0,0,0,0,1,0
"OLI1262","614840; 125851; 615269; 606394; 613370; 612225; 615270; 147950; 308700; 614838; 613375; 606392; 612370; 616329; 614837; 614842; 614839; 614880; 615266; 609812; 616511; 600496; 125850; 612702; 614841; 244200; 606391; 610508; 146110; 614858; 610628","Normosmic congenital hypogonadotropic hypogonadism","Unknown","Unknown","36531499",0,1,0,1,1,2,0,2,0,1,1,0,2,0,1,2,0,0,0,0,0,0,0,0,0,0,"No coverage",NA,NA,NA,NA,NA,NA,NA,NA
"OLI1263","614840; 125851; 615269; 606394; 613370; 612225; 615270; 147950; 308700; 614838; 613375; 606392; 612370; 616329; 614837; 614842; 614839; 614880; 615266; 609812; 616511; 600496; 125850; 612702; 614841; 244200; 606391; 610508; 146110; 614858; 610628","Normosmic congenital hypogonadotropic hypogonadism","Unknown","Unknown","36531499",0,1,1,1,1,1,0,1,0,0,0,0,0,0,0,2,2,1,0,1,0,0,2,0,0,1,"Complete coverage",0.5,0,0.5,0,0,1,0,0
"OLI1264","614840; 125851; 615269; 606394; 613370; 612225; 615270; 147950; 308700; 614838; 613375; 606392; 612370; 616329; 614837; 614842; 614839; 614880; 615266; 609812; 616511; 600496; 125850; 612702; 614841; 244200; 606391; 610508; 146110; 614858; 610628","Normosmic congenital hypogonadotropic hypogonadism","Unknown","Unknown","36531499",0,1,0,0,1,1,0,1,0,1,1,0,1,0,0,2,2,0,1,1,1,0,0,1,0,1,"Complete coverage",0,0.5,0.5,0.5,0,0,0.5,0
"OLI1265","614840; 125851; 615269; 606394; 613370; 612225; 615270; 147950; 308700; 614838; 613375; 606392; 612370; 616329; 614837; 614842; 614839; 614880; 615266; 609812; 616511; 600496; 125850; 612702; 614841; 244200; 606391; 610508; 146110; 614858; 610628","Normosmic congenital hypogonadotropic hypogonadism","Unknown","Unknown","36531499",0,1,0,0,1,1,0,1,0,0,0,0,0,0,0,2,2,1,0,1,0,2,0,0,0,1,"Complete coverage",0.5,0,0.5,0,1,0,0,0
"OLI1266","614840; 125851; 615269; 606394; 613370; 612225; 615270; 147950; 308700; 614838; 613375; 606392; 612370; 616329; 614837; 614842; 614839; 614880; 615266; 609812; 616511; 600496; 125850; 612702; 614841; 244200; 606391; 610508; 146110; 614858; 610628","Normosmic congenital hypogonadotropic hypogonadism","Unknown","Unknown","36531499",0,1,0,1,0,0,1,1,0,1,1,0,1,0,0,2,2,1,1,0,0,0,1,1,0,1,"Complete coverage",0.5,0.5,0,0,0,0.5,0.5,0
"OLI1267","614840; 125851; 615269; 606394; 613370; 612225; 615270; 147950; 308700; 614838; 613375; 606392; 612370; 616329; 614837; 614842; 614839; 614880; 615266; 609812; 616511; 600496; 125850; 612702; 614841; 244200; 606391; 610508; 146110; 614858; 610628","Normosmic congenital hypogonadotropic hypogonadism","Unknown","Unknown","36531499",0,1,0,0,1,1,0,1,0,0,0,0,0,0,0,2,2,0,1,1,0,1,0,1,0,1,"Complete coverage",0,0.5,0.5,0,0.5,0,0.5,0
"OLI1268","614840; 125851; 615269; 606394; 613370; 612225; 615270; 147950; 308700; 614838; 613375; 606392; 612370; 616329; 614837; 614842; 614839; 614880; 615266; 609812; 616511; 600496; 125850; 612702; 614841; 244200; 606391; 610508; 146110; 614858; 610628","Normosmic congenital hypogonadotropic hypogonadism","Unknown","Unknown","36531499",0,1,0,1,1,1,0,1,0,0,0,0,0,0,0,3,3,1,1,1,1,1,1,0,0,1,"Complete coverage",0.333333333333333,0.333333333333333,0.333333333333333,0.333333333333333,0.333333333333333,0.333333333333333,0,0
"OLI1269","614840; 615271; 615269; 615270; 147950; 308700; 618841; 614838; 612370; 616030; 614837; 615267; 614880; 615266; 614897; 612702; 244200; 614858; 610628","Kallmann syndrome","Unknown","Unknown","36531499",0,1,0,0,1,2,0,2,0,1,1,0,2,0,0,2,0,0,0,0,0,0,0,0,0,0,"No coverage",NA,NA,NA,NA,NA,NA,NA,NA
"OLI1270","614840; 615271; 615269; 615270; 147950; 308700; 618841; 614838; 612370; 616030; 614837; 615267; 614880; 615266; 614897; 612702; 244200; 614858; 610628","Kallmann syndrome","Unknown","Unknown","36531499",0,1,0,1,1,1,0,1,0,1,1,0,1,0,0,3,2,0,1,1,0,1,1,0,0,0.666666666666667,"Partial coverage",0,0.5,0.5,0,0.5,0.5,0,0
"OLI1271","614840; 615271; 615269; 615270; 147950; 308700; 618841; 614838; 612370; 616030; 614837; 615267; 614880; 615266; 614897; 612702; 244200; 614858; 610628","Kallmann syndrome","Unknown","Unknown","36531499",0,1,0,0,1,2,0,2,0,1,1,0,2,0,0,2,2,1,1,0,1,0,0,1,0,1,"Complete coverage",0.5,0.5,0,0.5,0,0,0.5,0
"OLI1272","614840; 615271; 615269; 615270; 147950; 308700; 618841; 614838; 612370; 616030; 614837; 615267; 614880; 615266; 614897; 612702; 244200; 614858; 610628","Kallmann syndrome","Unknown","Unknown","36531499",0,1,0,1,1,2,0,2,0,1,1,0,2,0,1,2,0,0,0,0,0,0,0,0,0,0,"No coverage",NA,NA,NA,NA,NA,NA,NA,NA
"OLI1273","614840; 125851; 615269; 606394; 613370; 612225; 615270; 147950; 308700; 614838; 613375; 606392; 612370; 616329; 614837; 614842; 614839; 614880; 615266; 609812; 616511; 600496; 125850; 612702; 614841; 244200; 606391; 610508; 146110; 614858; 610628","Normosmic congenital hypogonadotropic hypogonadism","Unknown","Unknown","36531499",0,1,0,0,1,2,0,2,0,1,1,0,2,0,0,2,2,1,0,0,2,0,0,0,0,1,"Complete coverage",0.5,0,0,1,0,0,0,0
"OLI1274","614840; 125851; 615269; 606394; 613370; 612225; 615270; 147950; 308700; 614838; 613375; 606392; 612370; 616329; 614837; 614842; 614839; 614880; 615266; 609812; 616511; 600496; 125850; 612702; 614841; 244200; 606391; 610508; 146110; 614858; 610628","Normosmic congenital hypogonadotropic hypogonadism","Unknown","Unknown","36531499",0,1,0,0,1,1,0,1,0,0,0,0,0,0,0,3,3,0,1,1,1,2,0,0,0,1,"Complete coverage",0,0.333333333333333,0.333333333333333,0.333333333333333,0.666666666666667,0,0,0
"OLI1275","614840; 125851; 615269; 606394; 613370; 612225; 615270; 147950; 308700; 614838; 613375; 606392; 612370; 616329; 614837; 614842; 614839; 614880; 615266; 609812; 616511; 600496; 125850; 612702; 614841; 244200; 606391; 610508; 146110; 614858; 610628","Normosmic congenital hypogonadotropic hypogonadism","Unknown","Unknown","36531499",0,1,0,1,1,1,0,1,0,1,1,0,1,0,0,3,3,0,3,0,1,1,0,1,0,1,"Complete coverage",0,1,0,0.333333333333333,0.333333333333333,0,0.333333333333333,0
"OLI1276","614840; 125851; 615269; 606394; 613370; 612225; 615270; 147950; 308700; 614838; 613375; 606392; 612370; 616329; 614837; 614842; 614839; 614880; 615266; 609812; 616511; 600496; 125850; 612702; 614841; 244200; 606391; 610508; 146110; 614858; 610628","Normosmic congenital hypogonadotropic hypogonadism","Unknown","Unknown","36531499",0,1,0,0,1,2,0,2,0,1,1,0,2,0,0,2,2,2,0,0,0,0,0,2,0,1,"Complete coverage",1,0,0,0,0,0,1,0
"OLI1277","614840; 125851; 615269; 606394; 613370; 612225; 615270; 147950; 308700; 614838; 613375; 606392; 612370; 616329; 614837; 614842; 614839; 614880; 615266; 609812; 616511; 600496; 125850; 612702; 614841; 244200; 606391; 610508; 146110; 614858; 610628","Normosmic congenital hypogonadotropic hypogonadism","Unknown","Unknown","36531499",0,1,0,1,1,1,0,1,0,1,1,0,1,0,0,2,2,0,2,0,1,0,0,1,0,1,"Complete coverage",0,1,0,0.5,0,0,0.5,0
"OLI1278","614840; 125851; 615269; 606394; 613370; 612225; 615270; 147950; 308700; 614838; 613375; 606392; 612370; 616329; 614837; 614842; 614839; 614880; 615266; 609812; 616511; 600496; 125850; 612702; 614841; 244200; 606391; 610508; 146110; 614858; 610628","Normosmic congenital hypogonadotropic hypogonadism","Unknown","Unknown","36531499",0,1,0,0,1,1,0,1,0,1,1,0,1,0,0,2,2,1,1,0,0,1,0,1,0,1,"Complete coverage",0.5,0.5,0,0,0.5,0,0.5,0
"OLI1279","614840; 125851; 615269; 606394; 613370; 612225; 615270; 147950; 308700; 614838; 613375; 606392; 612370; 616329; 614837; 614842; 614839; 614880; 615266; 609812; 616511; 600496; 125850; 612702; 614841; 244200; 606391; 610508; 146110; 614858; 610628","Normosmic congenital hypogonadotropic hypogonadism","Unknown","Unknown","36531499",0,1,0,0,1,1,0,1,0,1,1,0,1,0,0,1,1,0,0,1,0,0,1,0,0,1,"Complete coverage",0,0,1,0,0,1,0,0
"OLI1280","614840; 125851; 615269; 606394; 613370; 612225; 615270; 147950; 308700; 614838; 613375; 606392; 612370; 616329; 614837; 614842; 614839; 614880; 615266; 609812; 616511; 600496; 125850; 612702; 614841; 244200; 606391; 610508; 146110; 614858; 610628","Normosmic congenital hypogonadotropic hypogonadism","Unknown","Unknown","36531499",0,1,0,0,1,1,0,1,0,1,1,0,1,0,0,3,2,0,1,1,1,1,0,0,0,0.666666666666667,"Partial coverage",0,0.5,0.5,0.5,0.5,0,0,0
"OLI1281","614840; 125851; 615269; 606394; 613370; 612225; 615270; 147950; 308700; 614838; 613375; 606392; 612370; 616329; 614837; 614842; 614839; 614880; 615266; 609812; 616511; 600496; 125850; 612702; 614841; 244200; 606391; 610508; 146110; 614858; 610628","Normosmic congenital hypogonadotropic hypogonadism","Unknown","Unknown","36531499",0,1,0,1,1,1,0,1,0,1,1,0,1,0,0,2,2,0,2,0,0,1,0,1,0,1,"Complete coverage",0,1,0,0,0.5,0,0.5,0
"OLI1282","614840; 125851; 615269; 606394; 613370; 612225; 615270; 147950; 308700; 614838; 613375; 606392; 612370; 616329; 614837; 614842; 614839; 614880; 615266; 609812; 616511; 600496; 125850; 612702; 614841; 244200; 606391; 610508; 146110; 614858; 610628","Normosmic congenital hypogonadotropic hypogonadism","Unknown","Unknown","36531499",0,1,0,1,1,1,0,1,0,1,1,0,1,0,0,2,2,1,0,1,0,0,1,1,0,1,"Complete coverage",0.5,0,0.5,0,0,0.5,0.5,0
"OLI1283","614840; 125851; 615269; 606394; 613370; 612225; 615270; 147950; 308700; 614838; 613375; 606392; 612370; 616329; 614837; 614842; 614839; 614880; 615266; 609812; 616511; 600496; 125850; 612702; 614841; 244200; 606391; 610508; 146110; 614858; 610628","Normosmic congenital hypogonadotropic hypogonadism","Unknown","Unknown","36531499",0,1,0,0,1,1,0,1,0,1,1,0,1,0,0,2,1,0,1,0,0,1,0,0,0,0.5,"Partial coverage",0,1,0,0,1,0,0,0
"OLI1284","614840; 125851; 615269; 606394; 613370; 612225; 615270; 147950; 308700; 614838; 613375; 606392; 612370; 616329; 614837; 614842; 614839; 614880; 615266; 609812; 616511; 600496; 125850; 612702; 614841; 244200; 606391; 610508; 146110; 614858; 610628","Normosmic congenital hypogonadotropic hypogonadism","Unknown","Unknown","36531499",0,1,0,0,1,1,0,1,0,1,1,0,1,0,0,2,2,0,0,1,1,0,0,1,0,1,"Complete coverage",0,0,0.5,0.5,0,0,0.5,0
"OLI1285","614840; 615271; 615269; 615270; 147950; 308700; 618841; 614838; 612370; 616030; 614837; 615267; 614880; 615266; 614897; 612702; 244200; 614858; 610628","Kallmann syndrome","Unknown","Unknown","36531499",0,1,0,1,1,1,0,1,0,1,1,0,1,0,0,2,2,0,1,1,0,0,1,1,0,1,"Complete coverage",0,0.5,0.5,0,0,0.5,0.5,0
"OLI1286","614840; 615271; 615269; 615270; 147950; 308700; 618841; 614838; 612370; 616030; 614837; 615267; 614880; 615266; 614897; 612702; 244200; 614858; 610628","Kallmann syndrome","Unknown","Unknown","36531499",0,1,1,1,1,1,0,1,0,1,1,0,1,0,0,2,2,0,0,2,0,0,1,1,0,1,"Complete coverage",0,0,1,0,0,0.5,0.5,0
"OLI1287","614840; 615271; 615269; 615270; 147950; 308700; 618841; 614838; 612370; 616030; 614837; 615267; 614880; 615266; 614897; 612702; 244200; 614858; 610628","Kallmann syndrome","Unknown","Unknown","36531499",0,1,0,0,1,1,0,1,0,0,0,0,0,0,0,2,2,0,0,2,0,2,0,0,0,1,"Complete coverage",0,0,1,0,1,0,0,0
"OLI1288","614840; 615271; 615269; 615270; 147950; 308700; 618841; 614838; 612370; 616030; 614837; 615267; 614880; 615266; 614897; 612702; 244200; 614858; 610628","Kallmann syndrome","Unknown","Unknown","36531499",0,1,0,1,1,2,0,2,0,1,1,0,2,0,1,2,1,0,1,0,1,0,0,0,0,0.5,"Partial coverage",0,1,0,1,0,0,0,0
"OLI1289","614840; 615271; 615269; 615270; 147950; 308700; 618841; 614838; 612370; 616030; 614837; 615267; 614880; 615266; 614897; 612702; 244200; 614858; 610628","Kallmann syndrome","Unknown","Unknown","36531499",0,1,0,1,1,1,0,1,0,1,1,0,1,0,0,2,0,0,0,0,0,0,0,0,0,0,"No coverage",NA,NA,NA,NA,NA,NA,NA,NA
"OLI1290","614840; 615271; 615269; 615270; 147950; 308700; 618841; 614838; 612370; 616030; 614837; 615267; 614880; 615266; 614897; 612702; 244200; 614858; 610628","Kallmann syndrome","Unknown","Unknown","36531499",0,1,0,0,1,2,0,2,0,0,0,0,0,0,0,2,2,1,0,1,0,0,0,2,0,1,"Complete coverage",0.5,0,0.5,0,0,0,1,0
"OLI1291","614840; 615271; 615269; 615270; 147950; 308700; 618841; 614838; 612370; 616030; 614837; 615267; 614880; 615266; 614897; 612702; 244200; 614858; 610628","Kallmann syndrome","Unknown","Unknown","36531499",0,1,0,0,1,1,0,1,0,1,1,0,1,0,0,2,2,1,1,0,0,0,0,2,0,1,"Complete coverage",0.5,0.5,0,0,0,0,1,0
"OLI1292","614840; 615271; 615269; 615270; 147950; 308700; 618841; 614838; 612370; 616030; 614837; 615267; 614880; 615266; 614897; 612702; 244200; 614858; 610628","Kallmann syndrome","Unknown","Unknown","36531499",0,1,0,1,0,0,0,0,0,1,1,0,0,0,0,2,1,1,0,0,0,0,0,1,0,0.5,"Partial coverage",1,0,0,0,0,0,1,0
"OLI1293","614840; 615271; 615269; 615270; 147950; 308700; 618841; 614838; 612370; 616030; 614837; 615267; 614880; 615266; 614897; 612702; 244200; 614858; 610628","Kallmann syndrome","Unknown","Unknown","36531499",0,1,0,1,1,1,0,1,0,1,1,0,1,0,0,2,1,0,0,1,0,1,0,0,0,0.5,"Partial coverage",0,0,1,0,1,0,0,0
"OLI1294","614840; 615271; 615269; 615270; 147950; 308700; 618841; 614838; 612370; 616030; 614837; 615267; 614880; 615266; 614897; 612702; 244200; 614858; 610628","Kallmann syndrome","Unknown","Unknown","36531499",0,1,0,1,1,2,0,2,0,1,1,0,2,0,1,2,2,0,0,2,0,1,1,0,0,1,"Complete coverage",0,0,1,0,0.5,0.5,0,0
"OLI1295","614840; 615271; 615269; 615270; 147950; 308700; 618841; 614838; 612370; 616030; 614837; 615267; 614880; 615266; 614897; 612702; 244200; 614858; 610628","Kallmann syndrome","Unknown","Unknown","36531499",0,1,0,1,1,1,0,1,0,1,1,0,1,0,0,3,2,0,2,0,0,1,1,0,0,0.666666666666667,"Partial coverage",0,1,0,0,0.5,0.5,0,0
"OLI1296","614840; 615271; 615269; 615270; 147950; 308700; 618841; 614838; 612370; 616030; 614837; 615267; 614880; 615266; 614897; 612702; 244200; 614858; 610628","Kallmann syndrome","Unknown","Unknown","36531499",0,1,0,1,1,1,0,1,0,1,1,0,1,0,0,3,3,1,1,1,1,0,1,1,0,1,"Complete coverage",0.333333333333333,0.333333333333333,0.333333333333333,0.333333333333333,0,0.333333333333333,0.333333333333333,0
"OLI1297","614840; 615271; 615269; 615270; 147950; 308700; 618841; 614838; 612370; 616030; 614837; 615267; 614880; 615266; 614897; 612702; 244200; 614858; 610628","Kallmann syndrome","Unknown","Unknown","36531499",0,1,0,1,1,1,0,1,0,1,1,0,1,0,0,3,1,1,0,0,1,0,0,0,0,0.333333333333333,"Partial coverage",1,0,0,1,0,0,0,0
"OLI1298","614840; 615271; 615269; 615270; 147950; 308700; 618841; 614838; 612370; 616030; 614837; 615267; 614880; 615266; 614897; 612702; 244200; 614858; 610628","Kallmann syndrome","Unknown","Unknown","36531499",0,1,0,0,1,1,0,1,0,1,1,0,1,0,0,2,1,0,0,0,1,0,0,0,0,0.5,"Partial coverage",0,0,0,1,0,0,0,0
"OLI1299","614840; 615271; 615269; 615270; 147950; 308700; 618841; 614838; 612370; 616030; 614837; 615267; 614880; 615266; 614897; 612702; 244200; 614858; 610628","Kallmann syndrome","Unknown","Unknown","36531499",0,1,0,0,1,1,0,1,0,1,1,0,1,0,0,2,2,0,2,0,0,1,0,1,0,1,"Complete coverage",0,1,0,0,0.5,0,0.5,0
"OLI1300","614840; 125851; 615269; 606394; 613370; 612225; 615270; 147950; 308700; 614838; 613375; 606392; 612370; 616329; 614837; 614842; 614839; 614880; 615266; 609812; 616511; 600496; 125850; 612702; 614841; 244200; 606391; 610508; 146110; 614858; 610628","Normosmic congenital hypogonadotropic hypogonadism","Unknown","Unknown","36531499",0,1,0,1,1,1,0,1,0,1,1,0,1,0,0,2,2,0,2,0,1,1,0,0,0,1,"Complete coverage",0,1,0,0.5,0.5,0,0,0
"OLI1301","614840; 615271; 615269; 615270; 147950; 308700; 618841; 614838; 612370; 616030; 614837; 615267; 614880; 615266; 614897; 612702; 244200; 614858; 610628","Kallmann syndrome","Unknown","Unknown","36531499",0,1,0,1,1,1,0,1,0,1,1,0,1,0,0,2,2,0,0,1,1,0,1,0,0,1,"Complete coverage",0,0,0.5,0.5,0,0.5,0,0
"OLI1302","614840; 615271; 615269; 615270; 147950; 308700; 618841; 614838; 612370; 616030; 614837; 615267; 614880; 615266; 614897; 612702; 244200; 614858; 610628","Kallmann syndrome","Unknown","Unknown","36531499",0,1,0,0,1,1,0,1,0,1,1,0,1,0,0,2,2,1,1,0,1,1,0,0,0,1,"Complete coverage",0.5,0.5,0,0.5,0.5,0,0,0
"OLI1303","614840; 615271; 615269; 615270; 147950; 308700; 618841; 614838; 612370; 616030; 614837; 615267; 614880; 615266; 614897; 612702; 244200; 614858; 610628","Kallmann syndrome","Unknown","Unknown","36531499",0,1,0,1,1,1,0,1,0,1,1,0,1,0,0,2,1,0,1,0,0,0,0,1,0,0.5,"Partial coverage",0,1,0,0,0,0,1,0
"OLI1304","N.A.","NON RARE IN EUROPE: Heterozygous familial hypercholesterolemia","Monogenic+Modifier","European","35323704",2,1,1,1,1,1,0,1,1,0,1,1,1,1,1,3,3,0,2,0,0,0,2,0,1,1,"Complete coverage",0,0.666666666666667,0,0,0,0.666666666666667,0,0.333333333333333
"OLI1305","N.A.","NON RARE IN EUROPE: Heterozygous familial hypercholesterolemia","Monogenic+Modifier","European","35323704",2,1,1,1,1,1,0,1,1,1,1,1,1,1,1,2,2,0,2,0,0,0,2,0,0,1,"Complete coverage",0,1,0,0,0,1,0,0
"OLI1306","205100; 602099; 614373","Juvenile amyotrophic lateral sclerosis","Unknown","Ashkenazi Jewish, African","35812163",0,0,0,0,0,0,0,0,0,1,1,0,0,0,0,9,9,4,5,0,1,2,3,2,1,1,"Complete coverage",0.444444444444444,0.555555555555556,0,0.111111111111111,0.222222222222222,0.333333333333333,0.222222222222222,0.111111111111111
"OLI1307","205100; 602099; 614373","Juvenile amyotrophic lateral sclerosis","Unknown","Ashkenazi Jewish, European","35812163",0,1,0,0,0,0,0,0,0,1,1,0,0,0,0,3,3,2,1,0,2,0,0,0,1,1,"Complete coverage",0.666666666666667,0.333333333333333,0,0.666666666666667,0,0,0,0.333333333333333
"OLI1308","604772; 614021; 615441; 611938; 614916","Catecholaminergic polymorphic ventricular tachycardia","Unknown","Unknown","35341025",1,1,0,1,1,1,2,2,1,1,1,1,2,1,1,2,2,0,2,0,0,1,1,0,0,1,"Complete coverage",0,1,0,0,0.5,0.5,0,0
"OLI1309","606640; 205250; 617892; 608627; 606070; 300857; 608030; 614696; 615515; 105400; 613954; 617839; 612069; 616208; 612577; 608031; 616437; 615426; 613435; 611895; 614808","Amyotrophic lateral sclerosis","Unknown","Tunisian","35793404",0,0,0,0,0,0,1,1,0,1,1,0,1,0,0,2,2,0,2,0,1,0,0,1,0,1,"Complete coverage",0,1,0,0.5,0,0,0.5,0
"OLI1310","N.A.","NON RARE IN EUROPE: Alzheimer disease","Unknown","Tunisian","35793404",0,0,0,0,0,0,2,2,0,1,1,0,2,0,0,3,3,0,3,0,1,1,0,1,0,1,"Complete coverage",0,1,0,0.333333333333333,0.333333333333333,0,0.333333333333333,0
"OLI1311","N.A.","NON RARE IN EUROPE: Alzheimer disease","Unknown","Tunisian","35793404",0,0,0,0,0,0,2,2,0,1,1,0,2,0,0,2,2,0,2,0,0,1,0,1,0,1,"Complete coverage",0,1,0,0,0.5,0,0.5,0
"OLI1312","600274; 607485; 172700; 600795","Frontotemporal dementia","Unknown","Tunisian","35793404",0,0,0,0,0,0,2,2,0,1,1,0,2,0,0,3,3,1,2,0,2,1,0,0,0,1,"Complete coverage",0.333333333333333,0.666666666666667,0,0.666666666666667,0.333333333333333,0,0,0
"OLI1313","N.A.","Rare genetic deafness","Unknown","East Asian","35114279",0,1,0,1,0,0,0,0,0,0,0,0,0,0,0,3,2,1,0,1,1,0,1,0,0,0.666666666666667,"Partial coverage",0.5,0,0.5,0.5,0,0.5,0,0
"OLI1314","N.A.","Rare genetic deafness","Unknown","East Asian","35114279",0,1,0,1,0,0,0,0,1,1,1,0,0,0,0,2,1,1,0,0,0,0,1,0,0,0.5,"Partial coverage",1,0,0,0,0,1,0,0
"OLI1315","N.A.","Rare genetic deafness","Unknown","East Asian","35114279",0,1,0,1,0,0,0,0,0,1,1,0,0,0,0,4,3,2,0,0,3,0,0,0,0,0.75,"Partial coverage",0.666666666666667,0,0,1,0,0,0,0
"OLI1316","N.A.","Rare genetic deafness","Unknown","East Asian","35114279",0,1,0,0,0,0,0,0,0,1,1,0,0,0,0,2,1,0,0,0,1,0,0,0,0,0.5,"Partial coverage",0,0,0,1,0,0,0,0
"OLI1317","N.A.","Rare genetic deafness","Unknown","East Asian","35114279",0,1,0,1,0,0,0,0,0,0,0,0,0,0,0,3,2,0,0,2,0,0,1,1,0,0.666666666666667,"Partial coverage",0,0,1,0,0,0.5,0.5,0
"OLI1318","N.A.","Rare genetic deafness","Unknown","East Asian","35114279",0,1,0,1,0,0,0,0,0,1,1,0,0,0,0,4,3,2,0,0,2,0,1,0,0,0.75,"Partial coverage",0.666666666666667,0,0,0.666666666666667,0,0.333333333333333,0,0
"OLI1319","N.A.","Rare genetic deafness","Unknown","East Asian","35106950",1,0,0,0,2,2,0,2,1,1,1,2,2,1,1,3,3,0,2,1,0,1,1,0,1,1,"Complete coverage",0,0.666666666666667,0.333333333333333,0,0.333333333333333,0.333333333333333,0,0.333333333333333
"OLI1320","614840; 615271; 615269; 615270; 147950; 308700; 618841; 614838; 612370; 616030; 614837; 615267; 614880; 615266; 614897; 612702; 244200; 614858; 610628","Kallmann syndrome","Unknown","South Asian","36138264",0,1,0,0,0,2,0,2,1,1,1,0,2,0,0,2,2,2,0,0,0,0,0,2,0,1,"Complete coverage",1,0,0,0,0,0,1,0
"OLI1321","614840; 615271; 615269; 615270; 147950; 308700; 618841; 614838; 612370; 616030; 614837; 615267; 614880; 615266; 614897; 612702; 244200; 614858; 610628","Kallmann syndrome","Unknown","South Asian","36138264",0,1,0,1,0,0,0,0,1,1,1,0,0,0,0,2,2,0,2,0,0,0,1,1,0,1,"Complete coverage",0,1,0,0,0,0.5,0.5,0
"OLI1322","614840; 615271; 615269; 615270; 147950; 308700; 618841; 614838; 612370; 616030; 614837; 615267; 614880; 615266; 614897; 612702; 244200; 614858; 610628","Kallmann syndrome","Unknown","South Asian","36138264",0,1,0,0,0,1,0,1,0,1,1,0,1,0,0,2,2,1,1,0,0,0,0,2,0,1,"Complete coverage",0.5,0.5,0,0,0,0,1,0
"OLI1323","614840; 615271; 615269; 615270; 147950; 308700; 618841; 614838; 612370; 616030; 614837; 615267; 614880; 615266; 614897; 612702; 244200; 614858; 610628","Kallmann syndrome","Unknown","South Asian","36138264",0,0,0,0,0,0,0,0,0,1,1,0,0,0,0,2,2,0,1,1,0,0,0,2,0,1,"Complete coverage",0,0.5,0.5,0,0,0,1,0
"OLI1324","N.A.","Non-acquired combined pituitary hormone deficiency","Unknown","European/Caucasian","35805171",1,1,0,0,1,1,0,1,1,0,1,1,1,1,0,3,3,0,0,3,0,2,1,0,0,1,"Complete coverage",0,0,1,0,0.666666666666667,0.333333333333333,0,0
"OLI1325","N.A.","Non-acquired combined pituitary hormone deficiency","Unknown","European/Caucasian","35805171",0,1,0,1,1,1,0,1,1,1,1,1,1,0,0,3,3,1,2,0,0,2,1,0,0,1,"Complete coverage",0.333333333333333,0.666666666666667,0,0,0.666666666666667,0.333333333333333,0,0
"OLI1326","N.A.","Dilated cardiomyopathy","Unknown","Unknown","36357925",0,0,0,0,0,0,0,0,0,1,1,0,0,0,0,2,2,1,1,0,1,0,1,0,0,1,"Complete coverage",0.5,0.5,0,0.5,0,0.5,0,0
"OLI1327","N.A.","NON RARE IN EUROPE: Familial isolated hypertrophic cardiomyopathy","Unknown","Unknown","36357925",0,0,0,0,0,0,0,0,0,1,1,0,0,0,0,3,3,1,1,0,1,1,1,0,0,1,"Complete coverage",0.333333333333333,0.333333333333333,0,0.333333333333333,0.333333333333333,0.333333333333333,0,0
"OLI1328","N.A.","Primary immunodeficiency","Unknown","Unknown","36338958",1,1,0,1,0,0,0,0,1,1,1,0,0,0,0,4,4,1,3,0,0,0,3,0,1,1,"Complete coverage",0.25,0.75,0,0,0,0.75,0,0.25
"OLI1329","N.A.","Primary immunodeficiency","Unknown","Unknown","36338958",0,1,0,1,0,0,0,0,1,0,1,0,0,0,0,5,5,1,1,3,0,0,1,1,3,1,"Complete coverage",0.2,0.2,0.6,0,0,0.2,0.2,0.6
"OLI1330","N.A.","Primary immunodeficiency","Unknown","Unknown","36338958",0,1,0,1,0,0,0,0,1,0,1,0,0,0,0,4,4,0,1,2,0,0,3,0,1,1,"Complete coverage",0,0.25,0.5,0,0,0.75,0,0.25
"OLI1331","N.A.","Primary immunodeficiency","Unknown","Unknown","36338958",1,1,0,1,0,0,0,0,0,1,1,0,0,0,0,4,4,0,2,2,0,0,3,0,1,1,"Complete coverage",0,0.5,0.5,0,0,0.75,0,0.25
"OLI1332","N.A.","Primary immunodeficiency","Unknown","Unknown","36338958",0,1,0,1,0,0,0,0,1,0,1,0,0,0,0,5,5,0,1,4,1,1,3,0,0,1,"Complete coverage",0,0.2,0.8,0.2,0.2,0.6,0,0
"OLI1333","N.A.","Primary immunodeficiency","Unknown","Unknown","36338958",0,1,0,1,0,0,0,0,1,0,1,0,0,0,0,8,8,0,4,4,0,1,4,2,1,1,"Complete coverage",0,0.5,0.5,0,0.125,0.5,0.25,0.125
"OLI1334","N.A.","Primary immunodeficiency","Unknown","Unknown","36338958",0,1,0,0,2,2,0,2,1,0,1,2,2,1,0,2,2,1,0,1,1,0,1,0,0,1,"Complete coverage",0.5,0,0.5,0.5,0,0.5,0,0
"OLI1335","614840; 615271; 615269; 615270; 147950; 308700; 618841; 614838; 612370; 616030; 614837; 615267; 614880; 615266; 614897; 612702; 244200; 614858; 610628","Kallmann syndrome","Unknown","East Asian","35669683",0,0,0,0,0,0,0,0,0,1,1,0,0,0,0,3,3,0,2,1,0,1,1,1,0,1,"Complete coverage",0,0.666666666666667,0.333333333333333,0,0.333333333333333,0.333333333333333,0.333333333333333,0
"OLI1336","614840; 615271; 615269; 615270; 147950; 308700; 618841; 614838; 612370; 616030; 614837; 615267; 614880; 615266; 614897; 612702; 244200; 614858; 610628","Kallmann syndrome","Unknown","East Asian","35669683",0,0,0,0,1,1,0,1,0,1,1,0,1,0,0,1,1,0,0,1,0,1,0,0,0,1,"Complete coverage",0,0,1,0,1,0,0,0
"OLI1337","614840; 125851; 615269; 606394; 613370; 612225; 615270; 147950; 308700; 614838; 613375; 606392; 612370; 616329; 614837; 614842; 614839; 614880; 615266; 609812; 616511; 600496; 125850; 612702; 614841; 244200; 606391; 610508; 146110; 614858; 610628","Normosmic congenital hypogonadotropic hypogonadism","Unknown","East Asian","35669683",0,0,0,0,1,1,0,1,0,0,0,0,0,0,0,4,4,1,0,0,0,0,1,1,2,1,"Complete coverage",0.25,0,0,0,0,0.25,0.25,0.5
"OLI1338","614840; 615271; 615269; 615270; 147950; 308700; 618841; 614838; 612370; 616030; 614837; 615267; 614880; 615266; 614897; 612702; 244200; 614858; 610628","Kallmann syndrome","Unknown","East Asian","35669683",0,0,0,0,1,2,0,2,0,0,0,0,0,0,0,3,2,1,0,1,0,0,0,2,0,0.666666666666667,"Partial coverage",0.5,0,0.5,0,0,0,1,0
"OLI1339","614840; 615271; 615269; 615270; 147950; 308700; 618841; 614838; 612370; 616030; 614837; 615267; 614880; 615266; 614897; 612702; 244200; 614858; 610628","Kallmann syndrome","Unknown","East Asian","35669683",0,0,0,0,2,2,2,2,0,0,0,0,0,0,0,2,2,0,1,1,1,0,1,0,0,1,"Complete coverage",0,0.5,0.5,0.5,0,0.5,0,0
"OLI1340","614840; 615271; 615269; 615270; 147950; 308700; 618841; 614838; 612370; 616030; 614837; 615267; 614880; 615266; 614897; 612702; 244200; 614858; 610628","Kallmann syndrome","Unknown","East Asian","35669683",0,0,0,0,1,1,0,1,0,1,1,0,1,0,0,2,2,1,1,0,1,0,1,0,0,1,"Complete coverage",0.5,0.5,0,0.5,0,0.5,0,0
"OLI1341","614840; 615271; 615269; 615270; 147950; 308700; 618841; 614838; 612370; 616030; 614837; 615267; 614880; 615266; 614897; 612702; 244200; 614858; 610628","Kallmann syndrome","Unknown","East Asian","35669683",0,0,0,0,1,1,0,1,0,1,1,0,1,0,0,2,2,0,2,0,1,0,1,0,0,1,"Complete coverage",0,1,0,0.5,0,0.5,0,0
"OLI1342","614840; 615271; 615269; 615270; 147950; 308700; 618841; 614838; 612370; 616030; 614837; 615267; 614880; 615266; 614897; 612702; 244200; 614858; 610628","Kallmann syndrome","Unknown","East Asian","35669683",0,0,0,0,2,2,0,2,0,0,0,0,0,0,0,3,3,0,2,1,0,0,1,1,1,1,"Complete coverage",0,0.666666666666667,0.333333333333333,0,0,0.333333333333333,0.333333333333333,0.333333333333333
"OLI1343","614840; 615271; 615269; 615270; 147950; 308700; 618841; 614838; 612370; 616030; 614837; 615267; 614880; 615266; 614897; 612702; 244200; 614858; 610628","Kallmann syndrome","Unknown","East Asian","35669683",0,0,0,0,1,1,0,1,0,0,0,0,0,0,0,2,2,0,1,1,0,0,0,2,0,1,"Complete coverage",0,0.5,0.5,0,0,0,1,0
"OLI1344","614840; 615271; 615269; 615270; 147950; 308700; 618841; 614838; 612370; 616030; 614837; 615267; 614880; 615266; 614897; 612702; 244200; 614858; 610628","Kallmann syndrome","Unknown","East Asian","35669683",0,0,0,0,1,1,0,1,0,1,1,0,1,0,0,3,3,1,2,0,1,1,0,1,0,1,"Complete coverage",0.333333333333333,0.666666666666667,0,0.333333333333333,0.333333333333333,0,0.333333333333333,0
"OLI1345","614840; 615271; 615269; 615270; 147950; 308700; 618841; 614838; 612370; 616030; 614837; 615267; 614880; 615266; 614897; 612702; 244200; 614858; 610628","Kallmann syndrome","Unknown","East Asian","35669683",0,0,0,0,1,1,0,1,0,1,1,0,1,0,0,2,2,0,0,2,0,2,0,0,0,1,"Complete coverage",0,0,1,0,1,0,0,0
"OLI1346","614840; 615271; 615269; 615270; 147950; 308700; 618841; 614838; 612370; 616030; 614837; 615267; 614880; 615266; 614897; 612702; 244200; 614858; 610628","Kallmann syndrome","Unknown","East Asian","35669683",0,0,0,0,1,1,0,1,0,1,1,0,1,0,0,3,3,1,2,0,1,1,1,0,0,1,"Complete coverage",0.333333333333333,0.666666666666667,0,0.333333333333333,0.333333333333333,0.333333333333333,0,0
"OLI1347","614840; 615271; 615269; 615270; 147950; 308700; 618841; 614838; 612370; 616030; 614837; 615267; 614880; 615266; 614897; 612702; 244200; 614858; 610628","Kallmann syndrome","Unknown","East Asian","35669683",0,0,0,0,1,1,0,1,0,1,1,0,1,0,0,2,2,0,1,1,0,1,0,1,0,1,"Complete coverage",0,0.5,0.5,0,0.5,0,0.5,0
"OLI1348","614840; 615271; 615269; 615270; 147950; 308700; 618841; 614838; 612370; 616030; 614837; 615267; 614880; 615266; 614897; 612702; 244200; 614858; 610628","Kallmann syndrome","Unknown","East Asian","35669683",0,0,0,0,1,1,0,1,0,1,1,0,1,0,0,2,2,1,1,0,0,0,0,2,0,1,"Complete coverage",0.5,0.5,0,0,0,0,1,0
"OLI1349","614840; 125851; 615269; 606394; 613370; 612225; 615270; 147950; 308700; 614838; 613375; 606392; 612370; 616329; 614837; 614842; 614839; 614880; 615266; 609812; 616511; 600496; 125850; 612702; 614841; 244200; 606391; 610508; 146110; 614858; 610628","Normosmic congenital hypogonadotropic hypogonadism","Unknown","East Asian","35669683",0,0,0,0,1,1,0,1,0,1,1,0,1,0,0,2,2,0,2,0,0,1,0,1,0,1,"Complete coverage",0,1,0,0,0.5,0,0.5,0
"OLI1350","614840; 125851; 615269; 606394; 613370; 612225; 615270; 147950; 308700; 614838; 613375; 606392; 612370; 616329; 614837; 614842; 614839; 614880; 615266; 609812; 616511; 600496; 125850; 612702; 614841; 244200; 606391; 610508; 146110; 614858; 610628","Normosmic congenital hypogonadotropic hypogonadism","Unknown","East Asian","35669683",0,0,0,0,1,1,0,1,0,1,1,0,1,0,0,2,2,1,0,1,1,0,1,0,0,1,"Complete coverage",0.5,0,0.5,0.5,0,0.5,0,0
"OLI1351","614840; 125851; 615269; 606394; 613370; 612225; 615270; 147950; 308700; 614838; 613375; 606392; 612370; 616329; 614837; 614842; 614839; 614880; 615266; 609812; 616511; 600496; 125850; 612702; 614841; 244200; 606391; 610508; 146110; 614858; 610628","Normosmic congenital hypogonadotropic hypogonadism","Unknown","East Asian","35669683",0,0,0,0,0,0,0,0,0,1,1,0,0,0,0,2,2,0,2,0,0,0,0,2,0,1,"Complete coverage",0,1,0,0,0,0,1,0
"OLI1352","614840; 125851; 615269; 606394; 613370; 612225; 615270; 147950; 308700; 614838; 613375; 606392; 612370; 616329; 614837; 614842; 614839; 614880; 615266; 609812; 616511; 600496; 125850; 612702; 614841; 244200; 606391; 610508; 146110; 614858; 610628","Normosmic congenital hypogonadotropic hypogonadism","Unknown","East Asian","35669683",0,0,0,0,1,1,0,1,0,1,1,0,1,0,0,2,2,1,0,0,1,0,0,1,0,1,"Complete coverage",0.5,0,0,0.5,0,0,0.5,0
"OLI1353","614840; 125851; 615269; 606394; 613370; 612225; 615270; 147950; 308700; 614838; 613375; 606392; 612370; 616329; 614837; 614842; 614839; 614880; 615266; 609812; 616511; 600496; 125850; 612702; 614841; 244200; 606391; 610508; 146110; 614858; 610628","Normosmic congenital hypogonadotropic hypogonadism","Unknown","East Asian","35669683",0,0,0,0,1,1,2,2,0,1,1,0,2,0,0,2,2,1,1,0,1,1,0,0,0,1,"Complete coverage",0.5,0.5,0,0.5,0.5,0,0,0
"OLI1354","614840; 125851; 615269; 606394; 613370; 612225; 615270; 147950; 308700; 614838; 613375; 606392; 612370; 616329; 614837; 614842; 614839; 614880; 615266; 609812; 616511; 600496; 125850; 612702; 614841; 244200; 606391; 610508; 146110; 614858; 610628","Normosmic congenital hypogonadotropic hypogonadism","Unknown","East Asian","35669683",0,0,0,0,1,2,0,2,0,0,0,0,0,0,0,2,2,0,1,1,0,1,1,0,0,1,"Complete coverage",0,0.5,0.5,0,0.5,0.5,0,0
"OLI1355","614840; 125851; 615269; 606394; 613370; 612225; 615270; 147950; 308700; 614838; 613375; 606392; 612370; 616329; 614837; 614842; 614839; 614880; 615266; 609812; 616511; 600496; 125850; 612702; 614841; 244200; 606391; 610508; 146110; 614858; 610628","Normosmic congenital hypogonadotropic hypogonadism","Unknown","East Asian","35669683",0,0,0,0,1,1,0,1,0,0,0,0,0,0,0,2,2,0,2,0,0,1,1,0,0,1,"Complete coverage",0,1,0,0,0.5,0.5,0,0
"OLI1356","614840; 125851; 615269; 606394; 613370; 612225; 615270; 147950; 308700; 614838; 613375; 606392; 612370; 616329; 614837; 614842; 614839; 614880; 615266; 609812; 616511; 600496; 125850; 612702; 614841; 244200; 606391; 610508; 146110; 614858; 610628","Normosmic congenital hypogonadotropic hypogonadism","Unknown","East Asian","35669683",0,0,0,0,1,2,0,2,0,0,0,0,0,0,0,3,3,1,0,2,0,0,1,1,1,1,"Complete coverage",0.333333333333333,0,0.666666666666667,0,0,0.333333333333333,0.333333333333333,0.333333333333333
"OLI1357","614840; 125851; 615269; 606394; 613370; 612225; 615270; 147950; 308700; 614838; 613375; 606392; 612370; 616329; 614837; 614842; 614839; 614880; 615266; 609812; 616511; 600496; 125850; 612702; 614841; 244200; 606391; 610508; 146110; 614858; 610628","Normosmic congenital hypogonadotropic hypogonadism","Unknown","East Asian","35669683",0,0,0,0,2,2,0,2,0,1,1,0,2,0,0,2,2,0,2,0,0,1,0,1,0,1,"Complete coverage",0,1,0,0,0.5,0,0.5,0
"OLI1358","N.A.","Non-syndromic metopic and sagittal craniosynostosis","True Digenic","European","27606499",2,2,0,0,2,2,0,2,0,0,0,0,0,1,0,2,2,0,0,0,1,0,1,0,0,1,"Complete coverage",0,0,0,0.5,0,0.5,0,0
"OLI1359","N.A.","Non-syndromic metopic and sagittal craniosynostosis","Unknown","European","27606499",1,2,0,0,2,2,0,2,0,0,0,0,0,0,0,2,2,0,0,1,1,0,1,0,0,1,"Complete coverage",0,0,0.5,0.5,0,0.5,0,0
"OLI1360","600775; 123100; 615529","Non-syndromic sagittal craniosynostosis","True Digenic","European","27606499",2,2,0,0,2,2,0,2,0,0,0,0,0,1,0,2,2,0,0,0,1,0,1,0,0,1,"Complete coverage",0,0,0,0.5,0,0.5,0,0
"OLI1361","600775; 123100; 615529","Non-syndromic sagittal craniosynostosis","True Digenic","European","27606499",2,2,0,0,2,2,0,2,0,0,0,0,0,1,0,2,2,0,0,1,1,0,1,0,0,1,"Complete coverage",0,0,0.5,0.5,0,0.5,0,0
"OLI1362","600775; 123100; 615529","Non-syndromic sagittal craniosynostosis","True Digenic","European","27606499",2,2,0,0,2,2,0,2,0,0,0,0,0,1,0,2,2,0,1,0,0,0,1,1,0,1,"Complete coverage",0,0.5,0,0,0,0.5,0.5,0
"OLI1363","600775; 123100; 615529","Non-syndromic sagittal craniosynostosis","Unknown","European","27606499",1,2,0,0,2,2,0,2,0,0,0,0,0,0,0,2,2,0,0,0,1,0,1,0,0,1,"Complete coverage",0,0,0,0.5,0,0.5,0,0
"OLI1364","614485; 190440","Non-syndromic metopic craniosynostosis","True Digenic","European","27606499",2,2,0,0,2,2,0,2,0,0,0,0,0,1,0,2,2,0,0,0,1,0,1,0,0,1,"Complete coverage",0,0,0,0.5,0,0.5,0,0
"OLI1365","614485; 190440","Non-syndromic metopic craniosynostosis","True Digenic","European","27606499",2,2,0,0,2,2,0,2,0,0,0,0,0,1,0,2,2,0,1,0,0,0,1,1,0,1,"Complete coverage",0,0.5,0,0,0,0.5,0.5,0
"OLI1366","614485; 190440","Non-syndromic metopic craniosynostosis","True Digenic","European","27606499",2,2,0,0,2,2,0,2,0,0,0,0,0,1,0,2,2,0,0,0,1,0,1,0,0,1,"Complete coverage",0,0,0,0.5,0,0.5,0,0
"OLI1367","614485; 190440","Non-syndromic metopic craniosynostosis","True Digenic","European","27606499",1,2,0,0,2,2,0,2,0,0,0,0,0,0,0,2,2,1,0,0,0,0,1,1,0,1,"Complete coverage",0.5,0,0,0,0,0.5,0.5,0
"OLI1368","N.A.","Non-syndromic metopic and sagittal craniosynostosis","True Digenic","European","27606499",2,2,0,0,2,2,0,2,0,0,0,0,0,1,0,2,2,1,0,0,0,0,1,1,0,1,"Complete coverage",0.5,0,0,0,0,0.5,0.5,0
"OLI1369","607136","Spinocerebellar ataxia type 17","Unknown","Japanese","36476347",0,0,0,0,0,0,0,0,2,1,2,1,1,0,0,1,1,0,1,0,1,0,0,0,0,1,"Complete coverage",0,1,0,1,0,0,0,0
"OLI1370","606943; 614504; 602083; 276900; 276904; 612632; 614869; 602097; 611383; 276902; 500004; 605472; 276901; 614990; 601067","Usher syndrome","Unknown","Unknown","35580552",0,0,0,0,0,3,0,3,0,1,1,0,2,0,0,2,2,0,2,0,0,0,1,1,0,1,"Complete coverage",0,1,0,0,0,0.5,0.5,0
"OLI1371","613885; 611134; 249000; 617562; 614209; 615397; 611561; 609345; 607361; 603194; 612284","Meckel syndrome","Unknown","Unknown","34821546",0,0,0,0,0,0,1,1,0,1,1,0,1,0,0,0,0,0,0,0,0,0,0,0,0,NA,"No analyzable allele ID",NA,NA,NA,NA,NA,NA,NA,NA
"OLI1372","N.A.","Primary adrenal insufficiency","Unknown","South Asian","35418949",1,1,0,1,1,1,2,2,1,1,1,1,2,1,1,3,3,2,0,1,2,0,0,1,0,1,"Complete coverage",0.666666666666667,0,0.333333333333333,0.666666666666667,0,0,0.333333333333333,0
"OLI1373","104200; 203780; 301050","Alport syndrome","Unknown","European/Caucasian","35419377",0,0,0,0,1,2,0,2,0,0,0,0,0,0,0,2,2,0,0,2,0,1,0,1,0,1,"Complete coverage",0,0,1,0,0.5,0,0.5,0
"OLI1374","104200; 203780; 301050","Alport syndrome","Unknown","European/Caucasian","35419377",0,0,0,0,1,2,0,2,0,1,1,0,2,0,0,2,2,0,1,0,1,0,0,1,0,1,"Complete coverage",0,0.5,0,0.5,0,0,0.5,0
"OLI1375","104200; 203780; 301050","Alport syndrome","Unknown","European/Caucasian","35419377",0,0,1,1,1,2,0,2,0,1,1,0,2,0,1,2,2,1,1,0,0,0,1,1,0,1,"Complete coverage",0.5,0.5,0,0,0,0.5,0.5,0
"OLI1376","228300","Hypogonadotropic hypogonadism with Fertile Eunuch phenotype","Unknown","Unknown","36407308",0,0,0,0,0,0,1,1,0,1,1,0,1,0,0,2,2,0,0,2,0,2,0,0,0,1,"Complete coverage",0,0,1,0,1,0,0,0
"OLI1377","228300","Hypogonadotropic hypogonadism with Fertile Eunuch phenotype","Unknown","Unknown","36407308",0,0,0,0,0,0,0,0,0,1,1,0,0,0,0,3,3,0,3,0,1,1,1,0,0,1,"Complete coverage",0,1,0,0.333333333333333,0.333333333333333,0.333333333333333,0,0
"OLI1378","228300","Hypogonadotropic hypogonadism with Fertile Eunuch phenotype","Unknown","Unknown","36407308",0,0,0,0,0,0,0,0,0,1,1,0,0,0,0,2,2,1,1,0,0,1,0,1,0,1,"Complete coverage",0.5,0.5,0,0,0.5,0,0.5,0
"OLI1379","228300","Hypogonadotropic hypogonadism with Fertile Eunuch phenotype","Unknown","Unknown","36407308",0,0,0,0,0,0,0,0,0,1,1,0,0,0,0,3,3,0,2,1,2,0,1,0,0,1,"Complete coverage",0,0.666666666666667,0.333333333333333,0.666666666666667,0,0.333333333333333,0,0
"OLI1380","228300","Hypogonadotropic hypogonadism with Fertile Eunuch phenotype","Unknown","Unknown","36407308",0,0,0,0,0,0,0,0,0,1,1,0,0,0,0,2,2,0,0,2,1,1,0,0,0,1,"Complete coverage",0,0,1,0.5,0.5,0,0,0
"OLI1381","228300","Hypogonadotropic hypogonadism with Fertile Eunuch phenotype","Unknown","Unknown","36407308",0,0,0,0,0,0,0,0,0,1,1,0,0,0,0,2,2,0,0,2,0,1,0,1,0,1,"Complete coverage",0,0,1,0,0.5,0,0.5,0
"OLI1382","228300","Hypogonadotropic hypogonadism with Fertile Eunuch phenotype","Unknown","Unknown","36407308",0,0,0,0,0,0,0,0,0,1,1,0,0,0,0,2,2,0,1,0,1,1,0,0,0,1,"Complete coverage",0,0.5,0,0.5,0.5,0,0,0
"OLI1383","228300","Hypogonadotropic hypogonadism with Fertile Eunuch phenotype","Unknown","Unknown","36407308",0,0,0,0,0,0,0,0,0,1,1,0,0,0,0,4,4,3,0,1,2,0,0,2,0,1,"Complete coverage",0.75,0,0.25,0.5,0,0,0.5,0
"OLI1384","228300","Hypogonadotropic hypogonadism with partial puberty phenotype","Unknown","Unknown","36407308",0,0,0,0,0,0,0,0,0,1,1,0,0,0,0,4,4,0,0,4,0,1,0,3,0,1,"Complete coverage",0,0,1,0,0.25,0,0.75,0
"OLI1385","228300","Hypogonadotropic hypogonadism with partial puberty phenotype","Unknown","Unknown","36407308",0,0,0,0,0,0,0,0,0,0,0,0,0,0,0,3,3,0,3,0,1,0,1,1,0,1,"Complete coverage",0,1,0,0.333333333333333,0,0.333333333333333,0.333333333333333,0
"OLI1386","228300","Hypogonadotropic hypogonadism with partial puberty phenotype","Unknown","Unknown","36407308",0,0,0,0,0,0,0,0,0,0,0,0,0,0,0,2,2,0,2,0,0,1,1,0,0,1,"Complete coverage",0,1,0,0,0.5,0.5,0,0
"OLI1387","228300","Hypogonadotropic hypogonadism with partial puberty phenotype","Unknown","Unknown","36407308",0,0,0,0,0,0,0,0,0,0,0,0,0,0,0,4,4,2,0,2,0,2,1,1,0,1,"Complete coverage",0.5,0,0.5,0,0.5,0.25,0.25,0
"OLI1388","228300","Hypogonadotropic hypogonadism with partial puberty phenotype","Unknown","Unknown","36407308",0,0,0,0,0,0,1,1,0,1,1,0,1,0,0,2,2,0,1,1,1,1,0,0,0,1,"Complete coverage",0,0.5,0.5,0.5,0.5,0,0,0
"OLI1389","228300","Hypogonadotropic hypogonadism with partial puberty phenotype","Unknown","Unknown","36407308",0,0,0,0,0,0,0,0,0,1,1,0,0,0,0,2,1,0,0,1,0,0,1,0,0,0.5,"Partial coverage",0,0,1,0,0,1,0,0
"OLI1390","228300","Hypogonadotropic hypogonadism with partial puberty phenotype","Unknown","Unknown","36407308",0,0,0,0,0,0,0,0,0,0,0,0,0,0,0,4,4,0,2,1,1,0,0,2,1,1,"Complete coverage",0,0.5,0.25,0.25,0,0,0.5,0.25
"OLI1391","228300","Hypogonadotropic hypogonadism with partial puberty phenotype","Unknown","Unknown","36407308",0,0,0,0,0,0,1,1,0,1,1,0,1,0,0,2,2,0,1,1,0,0,1,1,0,1,"Complete coverage",0,0.5,0.5,0,0,0.5,0.5,0
"OLI1392","228300","Hypogonadotropic hypogonadism with partial puberty phenotype","Unknown","Unknown","36407308",0,0,0,0,0,0,0,0,0,1,1,0,0,0,0,4,4,1,1,2,2,0,1,1,0,1,"Complete coverage",0.25,0.25,0.5,0.5,0,0.25,0.25,0
"OLI1393","228300","Hypogonadotropic hypogonadism with partial puberty phenotype","Unknown","Unknown","36407308",0,0,0,0,0,0,0,0,0,1,1,0,0,0,0,3,2,0,1,1,0,0,0,2,0,0.666666666666667,"Partial coverage",0,0.5,0.5,0,0,0,1,0
"OLI1394","228300","Hypogonadotropic hypogonadism with partial puberty phenotype","Unknown","Unknown","36407308",0,0,0,0,0,0,0,0,0,1,1,0,0,0,0,5,5,2,2,1,2,0,0,2,1,1,"Complete coverage",0.4,0.4,0.2,0.4,0,0,0.4,0.2
"OLI1395","228300","Hypogonadotropic hypogonadism with partial puberty phenotype","Unknown","Unknown","36407308",0,0,0,0,0,0,0,0,0,1,1,0,0,0,0,2,2,1,0,1,0,0,0,2,0,1,"Complete coverage",0.5,0,0.5,0,0,0,1,0
"OLI1396","228300","Hypogonadotropic hypogonadism with absent puberty phenotype","Unknown","Unknown","36407308",0,0,0,0,0,1,0,1,0,1,1,0,1,0,0,2,2,0,0,2,0,0,1,0,1,1,"Complete coverage",0,0,1,0,0,0.5,0,0.5
"OLI1397","228300","Hypogonadotropic hypogonadism with absent puberty phenotype","Unknown","Unknown","36407308",0,0,0,0,0,0,0,0,0,0,0,0,0,0,0,2,2,0,1,0,0,0,0,0,2,1,"Complete coverage",0,0.5,0,0,0,0,0,1
"OLI1398","228300","Hypogonadotropic hypogonadism with absent puberty phenotype","Unknown","Unknown","36407308",0,0,0,0,0,0,0,0,0,1,1,0,0,0,0,2,1,0,0,0,1,0,0,0,0,0.5,"Partial coverage",0,0,0,1,0,0,0,0
"OLI1399","228300","Hypogonadotropic hypogonadism with absent puberty phenotype","Unknown","Unknown","36407308",0,0,0,0,0,0,0,0,0,0,0,0,0,0,0,2,2,1,0,1,1,0,0,1,0,1,"Complete coverage",0.5,0,0.5,0.5,0,0,0.5,0
"OLI1400","228300","Hypogonadotropic hypogonadism with absent puberty phenotype","Unknown","Unknown","36407308",0,0,0,0,0,0,0,0,0,1,1,0,0,0,0,4,4,0,1,1,2,0,0,1,1,1,"Complete coverage",0,0.25,0.25,0.5,0,0,0.25,0.25
"OLI1401","228300","Hypogonadotropic hypogonadism with absent puberty phenotype","Unknown","Unknown","36407308",0,0,0,0,0,0,0,0,0,1,1,0,0,0,0,3,3,1,1,1,1,0,0,2,0,1,"Complete coverage",0.333333333333333,0.333333333333333,0.333333333333333,0.333333333333333,0,0,0.666666666666667,0
"OLI1402","228300","Hypogonadotropic hypogonadism with absent puberty phenotype","Unknown","Unknown","36407308",0,0,0,0,0,0,2,2,0,1,1,0,2,0,0,2,2,0,2,0,0,1,1,0,0,1,"Complete coverage",0,1,0,0,0.5,0.5,0,0
"OLI1403","228300","Hypogonadotropic hypogonadism with absent puberty phenotype","Unknown","Unknown","36407308",0,0,0,0,0,0,0,0,0,1,1,0,0,0,0,3,3,2,0,1,2,0,1,0,0,1,"Complete coverage",0.666666666666667,0,0.333333333333333,0.666666666666667,0,0.333333333333333,0,0
"OLI1404","228300","Hypogonadotropic hypogonadism with absent puberty phenotype","Unknown","Unknown","36407308",0,0,0,0,0,0,0,0,0,0,0,0,0,0,0,4,4,0,1,1,2,1,0,1,0,1,"Complete coverage",0,0.25,0.25,0.5,0.25,0,0.25,0
"OLI1405","228300","Hypogonadotropic hypogonadism with absent puberty phenotype","Unknown","Unknown","36407308",0,0,0,0,0,0,0,0,0,1,1,0,0,0,0,3,3,2,0,0,0,0,0,3,0,1,"Complete coverage",0.666666666666667,0,0,0,0,0,1,0
"OLI1406","228300","Hypogonadotropic hypogonadism with absent puberty phenotype","Unknown","Unknown","36407308",0,0,0,0,0,0,0,0,0,0,0,0,0,0,0,3,3,0,2,1,0,2,1,0,0,1,"Complete coverage",0,0.666666666666667,0.333333333333333,0,0.666666666666667,0.333333333333333,0,0
"OLI1407","228300","Hypogonadotropic hypogonadism with absent puberty phenotype","Unknown","Unknown","36407308",0,0,0,0,0,0,0,0,0,1,1,0,0,0,0,2,2,0,1,1,1,0,0,1,0,1,"Complete coverage",0,0.5,0.5,0.5,0,0,0.5,0
"OLI1408","228300","Hypogonadotropic hypogonadism with absent puberty phenotype","Unknown","Unknown","36407308",0,0,0,0,0,0,0,0,0,0,0,0,0,0,0,3,3,1,1,1,1,0,1,1,0,1,"Complete coverage",0.333333333333333,0.333333333333333,0.333333333333333,0.333333333333333,0,0.333333333333333,0.333333333333333,0
"OLI1409","228300","Hypogonadotropic hypogonadism with absent puberty phenotype","Unknown","Unknown","36407308",0,0,0,0,0,0,1,1,0,1,1,0,1,0,0,2,2,1,1,0,1,1,0,0,0,1,"Complete coverage",0.5,0.5,0,0.5,0.5,0,0,0
"OLI1410","228300","Hypogonadotropic hypogonadism with absent puberty phenotype","Unknown","Unknown","36407308",0,0,0,0,0,0,1,1,0,1,1,0,1,0,0,2,2,0,1,1,0,0,0,2,0,1,"Complete coverage",0,0.5,0.5,0,0,0,1,0
"OLI1411","228300","Hypogonadotropic hypogonadism with absent puberty phenotype","Unknown","Unknown","36407308",0,0,0,0,0,0,0,0,0,0,0,0,0,0,0,3,2,0,1,1,0,0,1,1,0,0.666666666666667,"Partial coverage",0,0.5,0.5,0,0,0.5,0.5,0
"OLI1412","228300","Hypogonadotropic hypogonadism with absent puberty phenotype","Unknown","Unknown","36407308",0,0,0,0,0,0,0,0,0,1,1,0,0,0,0,2,2,0,2,0,0,1,0,1,0,1,"Complete coverage",0,1,0,0,0.5,0,0.5,0
"OLI1413","228300","Hypogonadotropic hypogonadism with absent puberty phenotype","Unknown","Unknown","36407308",0,0,0,0,0,0,0,0,0,0,0,0,0,0,0,3,3,2,0,1,2,0,1,0,0,1,"Complete coverage",0.666666666666667,0,0.333333333333333,0.666666666666667,0,0.333333333333333,0,0
"OLI1414","228300","Hypogonadotropic hypogonadism with absent puberty phenotype","Unknown","Unknown","36407308",0,0,0,0,0,0,0,0,0,1,1,0,0,0,0,2,1,0,0,1,0,0,1,0,0,0.5,"Partial coverage",0,0,1,0,0,1,0,0
"OLI1415","228300","Hypogonadotropic hypogonadism with absent puberty phenotype","Unknown","Unknown","36407308",0,0,0,0,0,0,0,0,0,0,0,0,0,0,0,1,1,0,1,0,0,0,0,0,1,1,"Complete coverage",0,1,0,0,0,0,0,1
"OLI1416","228300","Hypogonadotropic hypogonadism with absent puberty phenotype","Unknown","Unknown","36407308",0,0,0,0,0,0,0,0,0,1,1,0,0,0,0,3,3,0,3,0,0,0,0,2,1,1,"Complete coverage",0,1,0,0,0,0,0.666666666666667,0.333333333333333
"OLI1417","228300","Hypogonadotropic hypogonadism with absent puberty phenotype","Unknown","Unknown","36407308",0,0,0,0,0,0,0,0,0,1,1,0,0,0,0,2,2,0,1,1,1,0,1,0,0,1,"Complete coverage",0,0.5,0.5,0.5,0,0.5,0,0
"OLI1418","228300","Hypogonadotropic hypogonadism with absent puberty phenotype","Unknown","Unknown","36407308",0,0,0,0,0,0,0,0,0,0,0,0,0,0,0,3,3,0,1,2,0,0,2,0,1,1,"Complete coverage",0,0.333333333333333,0.666666666666667,0,0,0.666666666666667,0,0.333333333333333
"OLI1419","228300","Hypogonadotropic hypogonadism with absent puberty phenotype","Unknown","Unknown","36407308",0,0,0,0,0,0,2,2,0,1,1,0,2,0,0,2,2,0,2,0,1,0,0,0,1,1,"Complete coverage",0,1,0,0.5,0,0,0,0.5
"OLI1420","228300","Hypogonadotropic hypogonadism with absent puberty phenotype","Unknown","Unknown","36407308",0,0,0,0,0,1,0,1,0,1,1,0,1,0,0,2,2,1,1,0,1,1,0,0,0,1,"Complete coverage",0.5,0.5,0,0.5,0.5,0,0,0
"OLI1421","228300","Hypogonadotropic hypogonadism with absent puberty phenotype","Unknown","Unknown","36407308",0,0,0,0,0,0,1,1,0,1,1,0,1,0,0,2,2,0,0,2,0,0,2,0,0,1,"Complete coverage",0,0,1,0,0,1,0,0
"OLI1422","228300","Hypogonadotropic hypogonadism with absent puberty phenotype","Unknown","Unknown","36407308",0,0,0,0,0,0,1,1,0,1,1,0,1,0,0,2,2,1,0,0,1,0,0,1,0,1,"Complete coverage",0.5,0,0,0.5,0,0,0.5,0
"OLI1423","228300","Hypogonadotropic hypogonadism with absent puberty phenotype","Unknown","Unknown","36407308",0,0,0,0,0,0,1,1,0,1,1,0,1,0,0,3,3,2,1,0,2,0,0,1,0,1,"Complete coverage",0.666666666666667,0.333333333333333,0,0.666666666666667,0,0,0.333333333333333,0
"OLI1424","228300","Hypogonadotropic hypogonadism with absent puberty phenotype","Unknown","Unknown","36407308",0,0,0,0,0,0,0,0,0,0,0,0,0,0,0,4,3,0,1,2,1,2,0,0,0,0.75,"Partial coverage",0,0.333333333333333,0.666666666666667,0.333333333333333,0.666666666666667,0,0,0
"OLI1425","228300","Hypogonadotropic hypogonadism with absent puberty phenotype","Unknown","Unknown","36407308",0,0,0,0,0,0,0,0,0,1,1,0,0,0,0,3,3,0,2,0,1,0,1,1,0,1,"Complete coverage",0,0.666666666666667,0,0.333333333333333,0,0.333333333333333,0.333333333333333,0
"OLI1426","228300","Hypogonadotropic hypogonadism with absent puberty phenotype","Unknown","Unknown","36407308",0,0,0,0,0,0,0,0,0,1,1,0,0,0,0,3,3,0,1,1,1,1,1,0,0,1,"Complete coverage",0,0.333333333333333,0.333333333333333,0.333333333333333,0.333333333333333,0.333333333333333,0,0
"OLI1427","228300","Hypogonadotropic hypogonadism with absent puberty phenotype","Unknown","Unknown","36407308",0,0,1,1,0,0,0,0,0,1,1,0,0,0,0,3,3,0,1,2,0,0,2,1,0,1,"Complete coverage",0,0.333333333333333,0.666666666666667,0,0,0.666666666666667,0.333333333333333,0
"OLI1428","228300","Hypogonadotropic hypogonadism with absent puberty phenotype","Unknown","Unknown","36407308",0,0,0,0,0,1,0,1,0,1,1,0,1,0,0,2,2,1,1,0,0,1,0,1,0,1,"Complete coverage",0.5,0.5,0,0,0.5,0,0.5,0
"OLI1429","228300","Hypogonadotropic hypogonadism with absent puberty phenotype","Unknown","Unknown","36407308",0,0,0,0,0,0,0,0,0,1,1,0,0,0,0,3,3,0,0,2,1,1,1,0,0,1,"Complete coverage",0,0,0.666666666666667,0.333333333333333,0.333333333333333,0.333333333333333,0,0
"OLI1430","228300","Hypogonadotropic hypogonadism with absent puberty phenotype","Unknown","Unknown","36407308",0,0,0,0,0,0,0,0,0,1,1,0,0,0,0,2,2,1,1,0,1,0,1,0,0,1,"Complete coverage",0.5,0.5,0,0.5,0,0.5,0,0
"OLI1431","228300","Hypogonadotropic hypogonadism with absent puberty phenotype","Unknown","Unknown","36407308",0,0,0,0,0,0,0,0,0,0,0,0,0,0,0,3,3,0,1,2,0,0,1,2,0,1,"Complete coverage",0,0.333333333333333,0.666666666666667,0,0,0.333333333333333,0.666666666666667,0
"OLI1432","234700","Congenital heart block","Unknown","European/Caucasian","35737725",0,1,0,0,1,1,0,1,1,1,1,1,1,0,0,2,2,0,1,0,0,1,0,1,0,1,"Complete coverage",0,0.5,0,0,0.5,0,0.5,0
"OLI1433","234700","Congenital heart block","True Digenic","European/Caucasian","35737725",2,1,0,0,1,1,0,1,2,1,2,2,2,2,2,2,2,0,2,0,0,0,2,0,0,1,"Complete coverage",0,1,0,0,0,1,0,0
"OLI1434","N.A.","NON RARE IN EUROPE: Hyperlipoproteinemia type 4","Monogenic+Modifier","East Asian","35368694",2,0,0,0,2,2,0,2,3,1,3,3,3,3,3,2,2,0,2,0,1,1,0,0,0,1,"Complete coverage",0,1,0,0.5,0.5,0,0,0
"OLI1435","617119; 615993; 615982; 615989; 605231; 615995; 600151; 615985; 615981; 615996; 615988; 615992; 615994; 615987; 209900; 615986; 615991; 615983; 617406; 615984; 615990","Bardet-Biedl syndrome","Unknown","European/Caucasian","35835773",0,1,0,1,1,1,2,2,1,1,1,1,2,0,1,2,1,1,0,0,0,0,1,0,0,0.5,"Partial coverage",1,0,0,0,0,1,0,0
"OLI1436","617119; 615993; 615982; 615989; 605231; 615995; 600151; 615985; 615981; 615996; 615988; 615992; 615994; 615987; 209900; 615986; 615991; 615983; 617406; 615984; 615990","Bardet-Biedl syndrome","Unknown","European/Caucasian","35835773",0,1,0,0,1,1,2,2,1,1,1,1,2,0,0,2,2,2,0,0,1,0,1,0,0,1,"Complete coverage",1,0,0,0.5,0,0.5,0,0
"OLI1437","617119; 615993; 615982; 615989; 605231; 615995; 600151; 615985; 615981; 615996; 615988; 615992; 615994; 615987; 209900; 615986; 615991; 615983; 617406; 615984; 615990","Bardet-Biedl syndrome","Unknown","European/Caucasian","35835773",0,1,0,1,1,1,2,2,1,1,1,1,2,0,1,3,2,1,0,1,1,0,1,0,0,0.666666666666667,"Partial coverage",0.5,0,0.5,0.5,0,0.5,0,0
"OLI1438","617119; 615993; 615982; 615989; 605231; 615995; 600151; 615985; 615981; 615996; 615988; 615992; 615994; 615987; 209900; 615986; 615991; 615983; 617406; 615984; 615990","Bardet-Biedl syndrome","Unknown","European/Caucasian","35835773",0,1,0,1,1,1,3,3,1,1,1,1,2,0,1,3,2,2,0,0,1,0,1,0,0,0.666666666666667,"Partial coverage",1,0,0,0.5,0,0.5,0,0
"OLI1439","617119; 615993; 615982; 615989; 605231; 615995; 600151; 615985; 615981; 615996; 615988; 615992; 615994; 615987; 209900; 615986; 615991; 615983; 617406; 615984; 615990","Bardet-Biedl syndrome","Unknown","European/Caucasian","35835773",0,1,0,1,0,0,0,0,1,1,1,0,0,0,0,2,1,0,0,1,0,0,1,0,0,0.5,"Partial coverage",0,0,1,0,0,1,0,0
"OLI1440","617119; 615993; 615982; 615989; 605231; 615995; 600151; 615985; 615981; 615996; 615988; 615992; 615994; 615987; 209900; 615986; 615991; 615983; 617406; 615984; 615990","Bardet-Biedl syndrome","Unknown","European/Caucasian","35835773",0,1,0,1,0,0,0,0,1,1,1,0,0,0,0,2,1,0,1,0,0,0,0,0,1,0.5,"Partial coverage",0,1,0,0,0,0,0,1
"OLI1441","617119; 615993; 615982; 615989; 605231; 615995; 600151; 615985; 615981; 615996; 615988; 615992; 615994; 615987; 209900; 615986; 615991; 615983; 617406; 615984; 615990","Bardet-Biedl syndrome","Unknown","European/Caucasian","35835773",0,1,0,1,1,1,2,2,1,1,1,1,2,0,1,2,1,1,0,0,0,0,1,0,0,0.5,"Partial coverage",1,0,0,0,0,1,0,0
"OLI1442","617119; 615993; 615982; 615989; 605231; 615995; 600151; 615985; 615981; 615996; 615988; 615992; 615994; 615987; 209900; 615986; 615991; 615983; 617406; 615984; 615990","Bardet-Biedl syndrome","Unknown","European/Caucasian","35835773",0,1,0,1,1,1,0,1,1,1,1,1,1,0,0,2,1,0,0,1,0,0,1,0,0,0.5,"Partial coverage",0,0,1,0,0,1,0,0
"OLI1443","617119; 615993; 615982; 615989; 605231; 615995; 600151; 615985; 615981; 615996; 615988; 615992; 615994; 615987; 209900; 615986; 615991; 615983; 617406; 615984; 615990","Bardet-Biedl syndrome","Unknown","European/Caucasian","35835773",0,1,0,1,1,1,2,2,1,1,1,1,2,0,1,2,1,0,1,0,0,0,0,1,0,0.5,"Partial coverage",0,1,0,0,0,0,1,0
"OLI1444","617119; 615993; 615982; 615989; 605231; 615995; 600151; 615985; 615981; 615996; 615988; 615992; 615994; 615987; 209900; 615986; 615991; 615983; 617406; 615984; 615990","Bardet-Biedl syndrome","Unknown","European/Caucasian","35835773",0,1,0,1,1,1,0,1,1,1,1,1,1,0,0,3,2,1,0,1,2,0,0,0,0,0.666666666666667,"Partial coverage",0.5,0,0.5,1,0,0,0,0
"OLI1445","617119; 615993; 615982; 615989; 605231; 615995; 600151; 615985; 615981; 615996; 615988; 615992; 615994; 615987; 209900; 615986; 615991; 615983; 617406; 615984; 615990","Bardet-Biedl syndrome","Unknown","European/Caucasian","35835773",0,1,0,1,0,0,2,2,1,1,1,0,2,0,1,2,1,0,1,0,0,1,0,0,0,0.5,"Partial coverage",0,1,0,0,1,0,0,0
"OLI1446","617119; 615993; 615982; 615989; 605231; 615995; 600151; 615985; 615981; 615996; 615988; 615992; 615994; 615987; 209900; 615986; 615991; 615983; 617406; 615984; 615990","Bardet-Biedl syndrome","Unknown","European/Caucasian","35835773",0,1,0,0,0,0,0,0,1,1,1,0,0,0,0,2,2,0,1,0,1,1,0,0,0,1,"Complete coverage",0,0.5,0,0.5,0.5,0,0,0
"OLI1447","617119; 615993; 615982; 615989; 605231; 615995; 600151; 615985; 615981; 615996; 615988; 615992; 615994; 615987; 209900; 615986; 615991; 615983; 617406; 615984; 615990","Bardet-Biedl syndrome","Unknown","European/Caucasian","35835773",0,1,0,0,1,1,2,2,1,1,1,1,2,0,0,2,2,0,1,0,1,0,0,1,0,1,"Complete coverage",0,0.5,0,0.5,0,0,0.5,0
"OLI1448","617119; 615993; 615982; 615989; 605231; 615995; 600151; 615985; 615981; 615996; 615988; 615992; 615994; 615987; 209900; 615986; 615991; 615983; 617406; 615984; 615990","Bardet-Biedl syndrome","Unknown","European/Caucasian","35835773",0,1,0,1,1,1,2,2,1,1,1,1,2,0,1,2,2,2,0,0,0,0,1,1,0,1,"Complete coverage",1,0,0,0,0,0.5,0.5,0
"OLI1449","617119; 615993; 615982; 615989; 605231; 615995; 600151; 615985; 615981; 615996; 615988; 615992; 615994; 615987; 209900; 615986; 615991; 615983; 617406; 615984; 615990","Bardet-Biedl syndrome","Unknown","European/Caucasian","35835773",0,1,0,0,0,0,2,2,0,0,0,0,0,0,0,2,2,0,0,1,1,0,1,0,0,1,"Complete coverage",0,0,0.5,0.5,0,0.5,0,0
"OLI1450","617119; 615993; 615982; 615989; 605231; 615995; 600151; 615985; 615981; 615996; 615988; 615992; 615994; 615987; 209900; 615986; 615991; 615983; 617406; 615984; 615990","Bardet-Biedl syndrome","Unknown","European/Caucasian","35835773",0,1,0,0,1,1,0,1,1,1,1,1,1,0,0,2,2,2,0,0,1,1,0,0,0,1,"Complete coverage",1,0,0,0.5,0.5,0,0,0
"OLI1451","617119; 615993; 615982; 615989; 605231; 615995; 600151; 615985; 615981; 615996; 615988; 615992; 615994; 615987; 209900; 615986; 615991; 615983; 617406; 615984; 615990","Bardet-Biedl syndrome","Unknown","European/Caucasian","35835773",0,1,0,0,1,1,2,2,1,1,1,1,2,0,0,3,3,1,1,1,2,1,0,0,0,1,"Complete coverage",0.333333333333333,0.333333333333333,0.333333333333333,0.666666666666667,0.333333333333333,0,0,0
"OLI1452","617119; 615993; 615982; 615989; 605231; 615995; 600151; 615985; 615981; 615996; 615988; 615992; 615994; 615987; 209900; 615986; 615991; 615983; 617406; 615984; 615990","Bardet-Biedl syndrome","Unknown","European/Caucasian","35835773",0,1,0,0,0,0,2,2,0,0,0,0,0,0,0,2,2,0,1,0,2,0,0,0,0,1,"Complete coverage",0,0.5,0,1,0,0,0,0
"OLI1453","617119; 615993; 615982; 615989; 605231; 615995; 600151; 615985; 615981; 615996; 615988; 615992; 615994; 615987; 209900; 615986; 615991; 615983; 617406; 615984; 615990","Bardet-Biedl syndrome","Unknown","European/Caucasian","35835773",0,1,0,0,1,1,0,1,1,1,1,1,1,0,0,2,2,2,0,0,0,0,0,2,0,1,"Complete coverage",1,0,0,0,0,0,1,0
"OLI1454","617119; 615993; 615982; 615989; 605231; 615995; 600151; 615985; 615981; 615996; 615988; 615992; 615994; 615987; 209900; 615986; 615991; 615983; 617406; 615984; 615990","Bardet-Biedl syndrome","Unknown","European/Caucasian","35835773",0,1,0,0,0,0,1,1,0,1,1,0,1,0,0,2,2,0,1,1,1,0,0,1,0,1,"Complete coverage",0,0.5,0.5,0.5,0,0,0.5,0
"OLI1455","617119; 615993; 615982; 615989; 605231; 615995; 600151; 615985; 615981; 615996; 615988; 615992; 615994; 615987; 209900; 615986; 615991; 615983; 617406; 615984; 615990","Bardet-Biedl syndrome","Unknown","European/Caucasian","35835773",0,1,0,0,0,0,2,2,1,0,1,0,2,0,0,2,2,1,0,1,1,1,0,0,0,1,"Complete coverage",0.5,0,0.5,0.5,0.5,0,0,0
"OLI1456","617119; 615993; 615982; 615989; 605231; 615995; 600151; 615985; 615981; 615996; 615988; 615992; 615994; 615987; 209900; 615986; 615991; 615983; 617406; 615984; 615990","Bardet-Biedl syndrome","Unknown","European/Caucasian","35835773",0,1,0,0,0,0,0,0,1,1,1,0,0,0,0,2,2,1,0,0,2,0,0,0,0,1,"Complete coverage",0.5,0,0,1,0,0,0,0
"OLI1457","N.A.","Colorectal cancer","Monogenic+Modifier","Unknown","36291559",2,0,0,0,1,1,2,2,1,0,1,1,2,1,2,0,0,0,0,0,0,0,0,0,0,NA,"No analyzable allele ID",NA,NA,NA,NA,NA,NA,NA,NA
"OLI1458","606640; 205250; 617892; 608627; 606070; 300857; 608030; 614696; 615515; 105400; 613954; 617839; 612069; 616208; 612577; 608031; 616437; 615426; 613435; 611895; 614808","Amyotrophic lateral sclerosis","Unknown","Tunisian","36028943",1,1,0,0,0,0,0,0,0,1,1,0,0,0,0,1,0,0,0,0,0,0,0,0,0,0,"No coverage",NA,NA,NA,NA,NA,NA,NA,NA
"OLI1459","606640; 205250; 617892; 608627; 606070; 300857; 608030; 614696; 615515; 105400; 613954; 617839; 612069; 616208; 612577; 608031; 616437; 615426; 613435; 611895; 614808","Amyotrophic lateral sclerosis","Unknown","Tunisian","36028943",0,1,1,1,0,0,2,2,1,1,1,0,2,0,1,2,1,0,1,0,0,1,0,0,0,0.5,"Partial coverage",0,1,0,0,1,0,0,0
"OLI1460","N.A.","Rare pervasive developmental disorder","Unknown","Brazilian","35668055",1,1,0,1,1,1,2,2,2,1,2,2,2,1,1,3,3,1,1,1,0,0,1,1,1,1,"Complete coverage",0.333333333333333,0.333333333333333,0.333333333333333,0,0,0.333333333333333,0.333333333333333,0.333333333333333
"OLI1461","N.A.","Rare pervasive developmental disorder","Unknown","Brazilian","35668055",1,1,0,1,1,1,0,1,1,1,1,1,1,1,1,3,3,2,0,1,0,0,2,1,0,1,"Complete coverage",0.666666666666667,0,0.333333333333333,0,0,0.666666666666667,0.333333333333333,0
"OLI1462","N.A.","Rare pervasive developmental disorder","Unknown","Brazilian","35668055",1,1,0,1,1,1,0,1,1,1,1,1,1,1,1,3,2,0,0,2,0,0,2,0,0,0.666666666666667,"Partial coverage",0,0,1,0,0,1,0,0
"OLI1463","N.A.","Rare pervasive developmental disorder","Unknown","Unknown","35668055",0,1,1,1,1,1,0,1,1,1,1,1,1,0,0,3,3,0,1,2,0,0,2,1,0,1,"Complete coverage",0,0.333333333333333,0.666666666666667,0,0,0.666666666666667,0.333333333333333,0
"OLI1464","N.A.","Rare pervasive developmental disorder","Unknown","Unknown","35668055",0,1,1,1,1,1,0,1,0,1,1,0,1,0,0,3,3,0,1,2,0,0,2,1,0,1,"Complete coverage",0,0.333333333333333,0.666666666666667,0,0,0.666666666666667,0.333333333333333,0
"OLI1465","N.A.","Rare pervasive developmental disorder","Unknown","Unknown","35668055",1,1,0,1,1,1,0,1,1,1,1,1,1,1,1,3,3,0,2,1,1,0,1,0,1,1,"Complete coverage",0,0.666666666666667,0.333333333333333,0.333333333333333,0,0.333333333333333,0,0.333333333333333
"OLI1466","N.A.","Rare pervasive developmental disorder","Unknown","Unknown","35668055",0,1,0,1,1,1,0,1,1,1,1,1,1,0,0,4,4,2,1,1,0,0,3,1,0,1,"Complete coverage",0.5,0.25,0.25,0,0,0.75,0.25,0
"OLI1467","N.A.","Rare pervasive developmental disorder","Unknown","Unknown","35668055",0,1,0,1,1,1,0,1,0,0,0,0,0,0,0,4,3,0,2,1,0,1,1,1,0,0.75,"Partial coverage",0,0.666666666666667,0.333333333333333,0,0.333333333333333,0.333333333333333,0.333333333333333,0
"OLI1468","N.A.","Rare pervasive developmental disorder","Unknown","Unknown","35668055",0,1,0,1,1,1,0,1,1,1,1,1,1,0,0,4,4,1,3,0,0,0,3,1,0,1,"Complete coverage",0.25,0.75,0,0,0,0.75,0.25,0
"OLI1469","N.A.","Rare pervasive developmental disorder","Unknown","Unknown","35668055",0,1,0,1,1,1,0,1,1,1,1,1,1,0,0,4,4,0,3,1,0,0,2,1,1,1,"Complete coverage",0,0.75,0.25,0,0,0.5,0.25,0.25
"OLI1470","N.A.","NON RARE IN EUROPE: Alzheimer disease","Unknown","Colombian","35905044",0,1,0,1,1,1,0,1,1,0,1,1,1,0,0,5,5,1,3,1,0,2,1,1,1,1,"Complete coverage",0.2,0.6,0.2,0,0.4,0.2,0.2,0.2
"OLI1471","N.A.","NON RARE IN EUROPE: Alzheimer disease","Unknown","Colombian","35905044",0,1,0,1,1,1,0,1,1,0,1,1,1,0,0,5,5,0,4,1,0,2,2,0,1,1,"Complete coverage",0,0.8,0.2,0,0.4,0.4,0,0.2
"OLI1472","109730; 614823","Familial bicuspid aortic valve","Unknown","European/Caucasian","35133174",0,1,0,1,0,0,0,0,1,1,1,0,0,0,0,2,2,2,0,0,0,0,0,2,0,1,"Complete coverage",1,0,0,0,0,0,1,0
"OLI1473","109730; 614823","Familial bicuspid aortic valve","Unknown","European/Caucasian","35133174",0,1,0,0,0,0,0,0,1,1,1,0,0,0,0,2,2,0,2,0,0,1,0,1,0,1,"Complete coverage",0,1,0,0,0.5,0,0.5,0
"OLI1474","614435; 241550","Hypoplastic left heart syndrome","Unknown","European/Caucasian","35133174",2,1,0,0,2,2,0,2,1,1,1,2,2,2,2,2,2,0,2,0,0,1,0,0,1,1,"Complete coverage",0,1,0,0,0.5,0,0,0.5
"OLI1475","614435; 241550","Hypoplastic left heart syndrome","Unknown","European/Caucasian","35133174",2,1,0,1,2,2,0,2,1,1,1,2,2,2,2,2,2,0,1,1,0,2,0,0,0,1,"Complete coverage",0,0.5,0.5,0,1,0,0,0
"OLI1476","614435; 241550","Hypoplastic left heart syndrome","Unknown","European/Caucasian","35133174",0,1,0,1,2,2,0,2,1,1,1,2,2,1,1,3,3,0,2,1,0,1,1,0,1,1,"Complete coverage",0,0.666666666666667,0.333333333333333,0,0.333333333333333,0.333333333333333,0,0.333333333333333
"OLI1477","614435; 241550","Hypoplastic left heart syndrome","Unknown","European/Caucasian","35133174",0,1,0,0,2,2,0,2,1,1,1,2,2,1,0,1,1,1,0,0,0,0,0,1,0,1,"Complete coverage",1,0,0,0,0,0,1,0
"OLI1478","614435; 241550","Hypoplastic left heart syndrome","Unknown","European/Caucasian","35133174",2,1,0,1,2,2,0,2,0,1,1,0,2,0,2,2,2,0,1,1,0,1,1,0,0,1,"Complete coverage",0,0.5,0.5,0,0.5,0.5,0,0
"OLI1479","237450","Rotor syndrome","Unknown","East Asian","35257483",0,0,0,0,2,3,0,3,0,1,1,0,2,0,0,1,0,0,0,0,0,0,0,0,0,0,"No coverage",NA,NA,NA,NA,NA,NA,NA,NA
"OLI1480","N.A.","Wilson disease;  Duchenne muscular dystrophy","Dual Molecular Diagnosis","East Asian","35257483",0,0,0,0,0,0,0,0,0,1,1,0,0,0,0,1,1,1,0,0,1,0,0,0,0,1,"Complete coverage",1,0,0,1,0,0,0,0
"OLI1481","N.A.","Congenital hypothyroidism","Unknown","East Asian","34374102",0,1,0,1,0,2,0,2,0,1,1,0,2,0,1,2,2,1,1,0,1,0,0,1,0,1,"Complete coverage",0.5,0.5,0,0.5,0,0,0.5,0
"OLI1482","N.A.","Congenital hypothyroidism","Unknown","East Asian","34374102",0,1,0,1,0,2,0,2,0,0,0,0,0,0,0,2,1,0,0,1,0,0,1,0,0,0.5,"Partial coverage",0,0,1,0,0,1,0,0
"OLI1483","N.A.","Congenital hypothyroidism","Unknown","East Asian","34374102",0,1,0,1,0,2,0,2,1,0,1,0,2,0,1,2,2,1,0,1,1,1,0,0,0,1,"Complete coverage",0.5,0,0.5,0.5,0.5,0,0,0
"OLI1484","N.A.","Congenital hypothyroidism","Unknown","East Asian","34374102",0,1,0,1,0,0,0,0,0,1,1,0,0,0,0,3,2,1,1,0,1,1,0,0,0,0.666666666666667,"Partial coverage",0.5,0.5,0,0.5,0.5,0,0,0
"OLI1485","N.A.","Congenital hypothyroidism","Unknown","East Asian","34374102",0,1,1,1,0,2,0,2,0,1,1,0,2,0,1,2,2,0,2,0,1,1,0,0,0,1,"Complete coverage",0,1,0,0.5,0.5,0,0,0
"OLI1486","N.A.","Congenital hypothyroidism","Unknown","East Asian","34374102",0,1,0,1,0,0,0,0,0,1,1,0,0,0,0,4,4,0,3,1,0,1,1,2,0,1,"Complete coverage",0,0.75,0.25,0,0.25,0.25,0.5,0
"OLI1487","N.A.","Congenital hypothyroidism","Unknown","East Asian","34374102",0,1,0,0,0,0,1,1,0,0,0,0,0,0,0,2,2,0,1,0,1,0,1,0,0,1,"Complete coverage",0,0.5,0,0.5,0,0.5,0,0
"OLI1488","N.A.","Congenital hypothyroidism","Unknown","East Asian","34374102",0,1,0,0,0,0,0,0,0,1,1,0,0,0,0,2,2,1,1,0,1,1,0,0,0,1,"Complete coverage",0.5,0.5,0,0.5,0.5,0,0,0
"OLI1489","N.A.","Congenital hypothyroidism","Unknown","East Asian","34374102",0,1,0,0,0,0,0,0,0,0,0,0,0,0,0,2,2,0,1,1,0,2,0,0,0,1,"Complete coverage",0,0.5,0.5,0,1,0,0,0
"OLI1490","N.A.","Congenital hypothyroidism","Unknown","East Asian","34374102",0,1,0,1,0,0,0,0,0,1,1,0,0,0,0,2,2,0,2,0,0,0,1,0,1,1,"Complete coverage",0,1,0,0,0,0.5,0,0.5
"OLI1491","N.A.","Congenital hypothyroidism","Unknown","East Asian","34374102",0,1,0,1,0,0,0,0,0,1,1,0,0,0,0,2,2,0,1,0,1,1,0,0,0,1,"Complete coverage",0,0.5,0,0.5,0.5,0,0,0
"OLI1492","N.A.","Congenital hypothyroidism","Unknown","East Asian","34374102",0,1,0,0,0,0,0,0,0,0,0,0,0,0,0,2,2,0,0,1,1,1,0,0,0,1,"Complete coverage",0,0,0.5,0.5,0.5,0,0,0
"OLI1493","N.A.","Congenital hypothyroidism","Unknown","East Asian","34374102",2,1,0,0,0,0,2,2,1,1,1,0,2,0,2,2,2,0,2,0,1,1,0,0,0,1,"Complete coverage",0,1,0,0.5,0.5,0,0,0
"OLI1494","N.A.","Congenital hypothyroidism","Unknown","East Asian","34374102",2,1,0,0,0,2,0,2,1,1,1,0,2,0,2,2,1,1,0,0,0,1,0,0,0,0.5,"Partial coverage",1,0,0,0,1,0,0,0
"OLI1495","N.A.","Congenital hypothyroidism","Unknown","East Asian","34374102",2,1,1,1,0,0,0,0,1,1,1,0,0,0,0,2,1,1,0,0,1,0,0,0,0,0.5,"Partial coverage",1,0,0,1,0,0,0,0
"OLI1496","N.A.","Congenital hypothyroidism","Unknown","East Asian","34374102",1,1,0,1,0,0,0,0,0,0,0,0,0,0,0,3,1,1,0,0,1,0,0,0,0,0.333333333333333,"Partial coverage",1,0,0,1,0,0,0,0
"OLI1497","N.A.","Congenital hypothyroidism","Unknown","East Asian","34374102",1,1,0,1,0,0,0,0,0,0,0,0,0,0,0,3,2,1,1,0,1,0,1,0,0,0.666666666666667,"Partial coverage",0.5,0.5,0,0.5,0,0.5,0,0
"OLI1498","N.A.","Congenital hypothyroidism","Unknown","East Asian","34374102",2,1,0,1,0,0,0,0,0,1,1,0,0,0,0,2,1,0,0,1,0,0,1,0,0,0.5,"Partial coverage",0,0,1,0,0,1,0,0
"OLI1499","N.A.","Congenital hypothyroidism","Unknown","East Asian","34374102",1,1,0,1,0,0,0,0,0,1,1,0,0,0,0,3,3,0,1,2,0,0,3,0,0,1,"Complete coverage",0,0.333333333333333,0.666666666666667,0,0,1,0,0
"OLI1500","N.A.","Congenital hypothyroidism","Unknown","East Asian","34374102",2,1,1,1,0,0,0,0,0,0,0,0,0,0,0,2,2,0,1,1,0,0,2,0,0,1,"Complete coverage",0,0.5,0.5,0,0,1,0,0
"OLI1501","N.A.","Congenital hypothyroidism","Unknown","East Asian","34374102",1,1,0,1,0,0,0,0,0,1,1,0,0,0,0,3,3,1,2,0,0,0,1,2,0,1,"Complete coverage",0.333333333333333,0.666666666666667,0,0,0,0.333333333333333,0.666666666666667,0
"OLI1502","N.A.","Congenital hypothyroidism","Unknown","East Asian","34374102",1,1,1,1,0,0,0,0,0,1,1,0,0,0,0,3,3,0,2,1,0,0,3,0,0,1,"Complete coverage",0,0.666666666666667,0.333333333333333,0,0,1,0,0
"OLI1503","N.A.","Congenital hypothyroidism","Unknown","East Asian","34374102",2,1,0,1,0,0,0,0,0,0,0,0,0,0,0,3,2,1,1,0,1,0,1,0,0,0.666666666666667,"Partial coverage",0.5,0.5,0,0.5,0,0.5,0,0
"OLI1504","N.A.","Congenital hypothyroidism","Unknown","East Asian","34374102",2,1,0,0,0,0,1,1,0,0,0,0,0,0,0,2,2,0,0,0,1,0,0,0,1,1,"Complete coverage",0,0,0,0.5,0,0,0,0.5
"OLI1505","N.A.","Congenital hypothyroidism","Unknown","East Asian","34374102",1,1,0,0,0,0,1,1,0,1,1,0,1,0,0,3,1,1,0,0,0,0,0,1,0,0.333333333333333,"Partial coverage",1,0,0,0,0,0,1,0
"OLI1506","N.A.","Congenital hypothyroidism","Unknown","East Asian","34374102",2,1,1,1,0,0,0,0,0,1,1,0,0,0,0,2,2,0,1,0,0,0,2,0,0,1,"Complete coverage",0,0.5,0,0,0,1,0,0
"OLI1507","N.A.","Congenital hypothyroidism","Unknown","East Asian","34374102",1,1,0,1,0,0,0,0,0,0,0,0,0,0,0,3,2,1,1,0,0,0,0,1,1,0.666666666666667,"Partial coverage",0.5,0.5,0,0,0,0,0.5,0.5
"OLI1508","N.A.","46,XY disorder of sex development","Unknown","Algerian","36110220",0,1,0,0,0,0,0,0,0,0,0,0,0,0,0,2,1,0,1,0,0,0,0,1,0,0.5,"Partial coverage",0,1,0,0,0,0,1,0
"OLI1509","N.A.","46,XY disorder of sex development","Unknown","Algerian","36110220",0,1,1,1,0,0,0,0,0,1,1,0,0,0,0,2,2,0,2,0,0,0,1,1,0,1,"Complete coverage",0,1,0,0,0,0.5,0.5,0
"OLI1510","N.A.","46,XY disorder of sex development","Unknown","Algerian","36110220",0,1,0,0,0,0,0,0,1,1,1,0,0,0,0,3,3,1,2,0,1,1,0,1,0,1,"Complete coverage",0.333333333333333,0.666666666666667,0,0.333333333333333,0.333333333333333,0,0.333333333333333,0
"OLI1511","N.A.","46,XY disorder of sex development","Unknown","Algerian","36110220",0,1,0,0,0,0,0,0,0,1,1,0,0,0,0,3,3,0,1,2,1,0,1,1,0,1,"Complete coverage",0,0.333333333333333,0.666666666666667,0.333333333333333,0,0.333333333333333,0.333333333333333,0
"OLI1512","N.A.","46,XY disorder of sex development","Unknown","Algerian","36110220",0,1,0,1,0,0,0,0,0,1,1,0,0,0,0,3,2,0,0,2,0,0,1,1,0,0.666666666666667,"Partial coverage",0,0,1,0,0,0.5,0.5,0
"OLI1513","N.A.","46,XY disorder of sex development","Unknown","Algerian","36110220",0,1,0,0,0,0,0,0,1,1,1,0,0,0,0,3,3,1,1,1,2,0,0,1,0,1,"Complete coverage",0.333333333333333,0.333333333333333,0.333333333333333,0.666666666666667,0,0,0.333333333333333,0
"OLI1514","N.A.","46,XY disorder of sex development","Unknown","Algerian","36110220",0,1,0,0,0,0,0,0,1,1,1,0,0,0,0,2,2,0,1,1,0,0,0,2,0,1,"Complete coverage",0,0.5,0.5,0,0,0,1,0
"OLI1515","N.A.","46,XY disorder of sex development","Unknown","Algerian","36110220",0,1,0,1,0,0,0,0,0,1,1,0,0,0,0,2,2,0,1,1,0,0,1,1,0,1,"Complete coverage",0,0.5,0.5,0,0,0.5,0.5,0
"OLI1516","N.A.","46,XY disorder of sex development","Unknown","Algerian","36110220",0,1,0,1,0,0,0,0,0,0,0,0,0,0,0,7,6,0,2,3,0,1,3,2,0,0.857142857142857,"Partial coverage",0,0.333333333333333,0.5,0,0.166666666666667,0.5,0.333333333333333,0
"OLI1517","N.A.","46,XY disorder of sex development","Unknown","Algerian","36110220",0,1,0,1,0,0,0,0,0,0,0,0,0,0,0,2,2,1,0,1,0,0,1,1,0,1,"Complete coverage",0.5,0,0.5,0,0,0.5,0.5,0
"OLI1518","N.A.","46,XY disorder of sex development","Unknown","Algerian","36110220",0,1,0,1,0,0,0,0,1,1,1,0,0,0,0,3,3,1,1,0,0,1,1,1,0,1,"Complete coverage",0.333333333333333,0.333333333333333,0,0,0.333333333333333,0.333333333333333,0.333333333333333,0
"OLI1519","N.A.","46,XY disorder of sex development","Unknown","Algerian","36110220",0,1,0,0,0,0,0,0,0,1,1,0,0,0,0,2,2,1,1,0,0,0,0,2,0,1,"Complete coverage",0.5,0.5,0,0,0,0,1,0
"OLI1520","N.A.","46,XY disorder of sex development","Unknown","Algerian","36110220",0,1,0,1,0,0,0,0,0,1,1,0,0,0,0,4,4,1,2,1,0,0,2,2,0,1,"Complete coverage",0.25,0.5,0.25,0,0,0.5,0.5,0
"OLI1521","N.A.","46,XY disorder of sex development","Unknown","Algerian","36110220",0,1,0,0,0,0,0,0,0,1,1,0,0,0,0,2,2,0,2,0,0,1,0,1,0,1,"Complete coverage",0,1,0,0,0.5,0,0.5,0
"OLI1522","N.A.","46,XY disorder of sex development","Unknown","Algerian","36110220",0,1,0,1,0,0,0,0,0,1,1,0,0,0,0,4,4,1,1,2,0,0,1,2,1,1,"Complete coverage",0.25,0.25,0.5,0,0,0.25,0.5,0.25
"OLI1523","N.A.","46,XY disorder of sex development","Unknown","Algerian","36110220",0,1,0,1,1,1,0,1,0,1,1,0,1,0,0,2,2,1,0,1,0,0,2,0,0,1,"Complete coverage",0.5,0,0.5,0,0,1,0,0
"OLI1524","N.A.","46,XY disorder of sex development","Unknown","Algerian","36110220",0,1,1,1,0,0,0,0,0,1,1,0,0,0,0,3,3,0,2,1,0,0,3,0,0,1,"Complete coverage",0,0.666666666666667,0.333333333333333,0,0,1,0,0
"OLI1525","N.A.","46,XY disorder of sex development","Unknown","Algerian","36110220",0,1,0,1,0,0,0,0,0,0,0,0,0,0,0,3,2,1,0,1,0,0,1,1,0,0.666666666666667,"Partial coverage",0.5,0,0.5,0,0,0.5,0.5,0
"OLI1526","N.A.","46,XY disorder of sex development","Unknown","Algerian","36110220",0,1,0,1,0,0,0,0,0,0,0,0,0,0,0,3,3,1,1,1,0,0,0,2,1,1,"Complete coverage",0.333333333333333,0.333333333333333,0.333333333333333,0,0,0,0.666666666666667,0.333333333333333
"OLI1527","N.A.","46,XY disorder of sex development","Unknown","Algerian","36110220",0,1,0,0,0,0,0,0,0,1,1,0,0,0,0,2,2,0,0,1,0,0,0,2,0,1,"Complete coverage",0,0,0.5,0,0,0,1,0
"OLI1528","N.A.","46,XY disorder of sex development","Unknown","Algerian","36110220",0,1,0,1,0,0,0,0,0,1,1,0,0,0,0,2,2,2,0,0,0,0,0,2,0,1,"Complete coverage",1,0,0,0,0,0,1,0
"OLI1529","N.A.","46,XY disorder of sex development","Unknown","Algerian","36110220",0,1,0,1,0,0,1,1,1,1,1,0,1,0,0,2,2,1,1,0,0,0,1,0,1,1,"Complete coverage",0.5,0.5,0,0,0,0.5,0,0.5
"OLI1530","N.A.","46,XY disorder of sex development","Unknown","Algerian","36110220",0,1,0,1,0,0,0,0,0,1,1,0,0,0,0,3,3,1,1,1,1,0,1,1,0,1,"Complete coverage",0.333333333333333,0.333333333333333,0.333333333333333,0.333333333333333,0,0.333333333333333,0.333333333333333,0
"OLI1531","N.A.","46,XY disorder of sex development","Unknown","Algerian","36110220",0,1,0,1,0,0,0,0,0,0,0,0,0,0,0,3,3,0,1,2,1,0,0,2,0,1,"Complete coverage",0,0.333333333333333,0.666666666666667,0.333333333333333,0,0,0.666666666666667,0
"OLI1532","N.A.","46,XY disorder of sex development","Unknown","Algerian","36110220",0,1,0,1,0,0,0,0,0,1,1,0,0,0,0,5,5,0,5,0,1,2,1,0,1,1,"Complete coverage",0,1,0,0.2,0.4,0.2,0,0.2
"OLI1533","N.A.","46,XY disorder of sex development","Unknown","Algerian","36110220",0,1,0,0,0,0,0,0,1,1,1,0,0,0,0,2,2,0,1,0,1,1,0,0,0,1,"Complete coverage",0,0.5,0,0.5,0.5,0,0,0
"OLI1534","N.A.","46,XY disorder of sex development","Unknown","Algerian","36110220",0,1,0,1,0,0,0,0,0,1,1,0,0,0,0,2,2,0,1,1,0,1,1,0,0,1,"Complete coverage",0,0.5,0.5,0,0.5,0.5,0,0
"OLI1535","N.A.","46,XY disorder of sex development","Unknown","Algerian","36110220",0,1,0,1,0,0,0,0,0,1,1,0,0,0,0,4,4,0,4,0,0,3,0,1,0,1,"Complete coverage",0,1,0,0,0.75,0,0.25,0
"OLI1536","N.A.","46,XY disorder of sex development","Unknown","Algerian","36110220",0,1,0,1,0,0,0,0,0,1,1,0,0,0,0,3,2,0,0,2,0,0,2,0,0,0.666666666666667,"Partial coverage",0,0,1,0,0,1,0,0
"OLI1537","N.A.","46,XY disorder of sex development","Unknown","Algerian","36110220",0,1,0,1,0,0,2,2,0,1,1,0,2,0,1,2,2,0,2,0,0,1,1,0,0,1,"Complete coverage",0,1,0,0,0.5,0.5,0,0
"OLI1538","N.A.","46,XY disorder of sex development","Unknown","Algerian","36110220",0,1,0,1,0,0,0,0,0,1,1,0,0,0,0,5,5,2,2,1,0,1,1,3,0,1,"Complete coverage",0.4,0.4,0.2,0,0.2,0.2,0.6,0
"OLI1539","N.A.","46,XY disorder of sex development","Unknown","Algerian","36110220",0,1,0,0,0,0,0,0,0,0,0,0,0,0,0,2,2,0,1,1,0,1,0,1,0,1,"Complete coverage",0,0.5,0.5,0,0.5,0,0.5,0
"OLI1540","N.A.","46,XY disorder of sex development","Unknown","Algerian","36110220",0,1,0,0,0,0,0,0,0,1,1,0,0,0,0,2,1,0,0,0,0,0,0,1,0,0.5,"Partial coverage",0,0,0,0,0,0,1,0
"OLI1541","N.A.","46,XY disorder of sex development","Unknown","Algerian","36110220",0,1,0,1,0,0,0,0,0,1,1,0,0,0,0,4,4,0,3,0,1,1,1,1,0,1,"Complete coverage",0,0.75,0,0.25,0.25,0.25,0.25,0
"OLI1542","N.A.","46,XY disorder of sex development","Unknown","Algerian","36110220",0,1,0,0,0,0,0,0,1,1,1,0,0,0,0,2,2,1,1,0,0,0,1,1,0,1,"Complete coverage",0.5,0.5,0,0,0,0.5,0.5,0
"OLI1543","N.A.","46,XY disorder of sex development","Unknown","Algerian","36110220",0,1,0,1,0,0,0,0,0,0,0,0,0,0,0,5,5,0,0,4,0,3,2,0,0,1,"Complete coverage",0,0,0.8,0,0.6,0.4,0,0
"OLI1544","N.A.","46,XY disorder of sex development","Unknown","Algerian","36110220",0,1,0,1,0,0,0,0,1,1,1,0,0,0,0,4,3,1,1,1,0,0,2,1,0,0.75,"Partial coverage",0.333333333333333,0.333333333333333,0.333333333333333,0,0,0.666666666666667,0.333333333333333,0
"OLI1545","N.A.","46,XY disorder of sex development","Unknown","Algerian","36110220",0,1,0,0,0,0,0,0,1,1,1,0,0,0,0,2,2,1,1,0,1,0,0,1,0,1,"Complete coverage",0.5,0.5,0,0.5,0,0,0.5,0
"OLI1546","N.A.","46,XY disorder of sex development","Unknown","Algerian","36110220",0,1,0,0,0,0,0,0,0,1,1,0,0,0,0,2,2,0,0,1,0,1,0,1,0,1,"Complete coverage",0,0,0.5,0,0.5,0,0.5,0
"OLI1547","N.A.","46,XY disorder of sex development","Unknown","Algerian","36110220",0,1,0,1,0,0,0,0,0,0,0,0,0,0,0,4,3,0,2,1,0,0,0,1,2,0.75,"Partial coverage",0,0.666666666666667,0.333333333333333,0,0,0,0.333333333333333,0.666666666666667
"OLI1548","N.A.","46,XY disorder of sex development","Unknown","Algerian","36110220",0,1,0,1,0,0,0,0,0,0,0,0,0,0,0,3,2,0,2,0,0,0,0,0,2,0.666666666666667,"Partial coverage",0,1,0,0,0,0,0,1
"OLI1549","N.A.","46,XY disorder of sex development","Unknown","Algerian","36110220",0,1,0,0,0,0,0,0,0,1,1,0,0,0,0,2,2,0,1,1,0,1,0,1,0,1,"Complete coverage",0,0.5,0.5,0,0.5,0,0.5,0
"OLI1550","N.A.","46,XY disorder of sex development","Unknown","Algerian","36110220",0,1,0,1,0,0,1,1,0,1,1,0,1,0,0,2,2,1,1,0,1,0,0,0,1,1,"Complete coverage",0.5,0.5,0,0.5,0,0,0,0.5
"OLI1551","N.A.","46,XY disorder of sex development","Unknown","Algerian","36110220",0,1,0,0,0,0,1,1,0,1,1,0,1,0,0,2,2,0,0,2,0,1,1,0,0,1,"Complete coverage",0,0,1,0,0.5,0.5,0,0
"OLI1552","N.A.","46,XY disorder of sex development","Unknown","Algerian","36110220",0,1,0,0,0,0,0,0,0,0,0,0,0,0,0,2,2,1,0,0,1,0,0,1,0,1,"Complete coverage",0.5,0,0,0.5,0,0,0.5,0
"OLI1553","N.A.","46,XY disorder of sex development","Unknown","Algerian","36110220",0,1,1,1,0,0,0,0,0,1,1,0,0,0,0,2,2,0,1,1,0,0,2,0,0,1,"Complete coverage",0,0.5,0.5,0,0,1,0,0
"OLI1554","N.A.","46,XY disorder of sex development","Unknown","Algerian","36110220",0,1,0,1,0,0,0,0,0,1,1,0,0,0,0,4,3,0,3,0,0,1,0,0,2,0.75,"Partial coverage",0,1,0,0,0.333333333333333,0,0,0.666666666666667
"OLI1555","N.A.","46,XY disorder of sex development","Unknown","Algerian","36110220",0,1,0,1,0,0,0,0,0,0,0,0,0,0,0,2,2,0,1,1,0,1,1,0,0,1,"Complete coverage",0,0.5,0.5,0,0.5,0.5,0,0
"OLI1556","N.A.","46,XY disorder of sex development","Unknown","Algerian","36110220",0,1,0,0,0,0,0,0,0,0,0,0,0,0,0,2,2,0,0,2,0,1,1,0,0,1,"Complete coverage",0,0,1,0,0.5,0.5,0,0
"OLI1557","N.A.","Syndrome with 46,XY disorder of sex development","Unknown","Algerian","36110220",0,1,0,1,0,0,0,0,0,1,1,0,0,0,0,4,4,3,1,0,0,1,0,3,0,1,"Complete coverage",0.75,0.25,0,0,0.25,0,0.75,0
"OLI1558","N.A.","Syndrome with 46,XY disorder of sex development","Unknown","Algerian","36110220",0,1,0,1,0,0,0,0,0,0,0,0,0,0,0,6,5,1,3,1,1,0,2,1,1,0.833333333333333,"Partial coverage",0.2,0.6,0.2,0.2,0,0.4,0.2,0.2
"OLI1559","N.A.","Syndrome with 46,XY disorder of sex development","Unknown","Algerian","36110220",0,1,0,1,0,0,0,0,1,1,1,0,0,0,0,3,3,1,2,0,1,1,1,0,0,1,"Complete coverage",0.333333333333333,0.666666666666667,0,0.333333333333333,0.333333333333333,0.333333333333333,0,0
"OLI1560","N.A.","Syndrome with 46,XY disorder of sex development","Unknown","Algerian","36110220",0,1,0,1,0,0,0,0,1,1,1,0,0,0,0,2,2,2,0,0,1,0,1,0,0,1,"Complete coverage",1,0,0,0.5,0,0.5,0,0
"OLI1561","N.A.","Syndrome with 46,XY disorder of sex development","Unknown","Algerian","36110220",0,1,0,0,0,0,0,0,0,0,0,0,0,0,0,2,1,0,1,0,0,0,0,0,1,0.5,"Partial coverage",0,1,0,0,0,0,0,1
"OLI1562","N.A.","Syndrome with 46,XY disorder of sex development","Unknown","Algerian","36110220",0,1,0,1,0,0,0,0,0,1,1,0,0,0,0,5,5,0,4,1,0,0,2,3,0,1,"Complete coverage",0,0.8,0.2,0,0,0.4,0.6,0
"OLI1563","N.A.","Syndrome with 46,XY disorder of sex development","Unknown","Algerian","36110220",0,1,0,1,0,0,0,0,0,0,0,0,0,0,0,5,5,2,2,1,0,1,1,1,2,1,"Complete coverage",0.4,0.4,0.2,0,0.2,0.2,0.2,0.4
"OLI1564","N.A.","Syndrome with 46,XY disorder of sex development","Unknown","Algerian","36110220",0,1,0,0,0,0,0,0,1,1,1,0,0,0,0,2,2,1,1,0,1,0,0,1,0,1,"Complete coverage",0.5,0.5,0,0.5,0,0,0.5,0
"OLI1565","N.A.","Syndrome with 46,XY disorder of sex development","Unknown","Algerian","36110220",0,1,0,1,0,0,0,0,0,0,0,0,0,0,0,6,6,0,3,3,0,3,3,0,0,1,"Complete coverage",0,0.5,0.5,0,0.5,0.5,0,0
"OLI1566","N.A.","Syndrome with 46,XY disorder of sex development","Unknown","Algerian","36110220",0,1,0,1,0,0,0,0,0,1,1,0,0,0,0,3,3,1,1,1,0,1,1,1,0,1,"Complete coverage",0.333333333333333,0.333333333333333,0.333333333333333,0,0.333333333333333,0.333333333333333,0.333333333333333,0
"OLI1567","N.A.","Syndrome with 46,XY disorder of sex development","Unknown","Algerian","36110220",0,0,0,0,0,0,0,0,0,0,0,0,0,0,0,3,1,0,0,1,1,0,0,0,0,0.333333333333333,"Partial coverage",0,0,1,1,0,0,0,0
"OLI1568","N.A.","Syndrome with 46,XY disorder of sex development","Unknown","Algerian","36110220",0,1,0,1,0,0,0,0,1,1,1,0,0,0,0,3,3,2,1,0,0,1,1,1,0,1,"Complete coverage",0.666666666666667,0.333333333333333,0,0,0.333333333333333,0.333333333333333,0.333333333333333,0
"OLI1569","N.A.","Syndrome with 46,XY disorder of sex development","Unknown","Algerian","36110220",0,1,0,1,0,0,0,0,0,0,0,0,0,0,0,4,4,0,1,2,1,0,2,1,0,1,"Complete coverage",0,0.25,0.5,0.25,0,0.5,0.25,0
"OLI1570","N.A.","Syndrome with 46,XY disorder of sex development","Unknown","Algerian","36110220",0,1,0,1,0,0,0,0,1,1,1,0,0,0,0,4,4,1,3,0,1,0,2,1,0,1,"Complete coverage",0.25,0.75,0,0.25,0,0.5,0.25,0
"OLI1571","N.A.","Syndrome with 46,XY disorder of sex development","Unknown","Algerian","36110220",0,1,0,1,0,0,0,0,0,1,1,0,0,0,0,2,2,0,1,1,0,0,2,0,0,1,"Complete coverage",0,0.5,0.5,0,0,1,0,0
"OLI1572","N.A.","Syndrome with 46,XY disorder of sex development","Unknown","Algerian","36110220",0,1,0,1,0,0,0,0,0,0,0,0,0,0,0,6,5,1,3,1,0,2,2,1,0,0.833333333333333,"Partial coverage",0.2,0.6,0.2,0,0.4,0.4,0.2,0
"OLI1573","N.A.","Syndrome with 46,XY disorder of sex development","Unknown","Algerian","36110220",0,1,1,1,0,0,0,0,1,1,1,0,0,0,0,2,2,0,2,0,0,1,0,0,1,1,"Complete coverage",0,1,0,0,0.5,0,0,0.5
"OLI1574","N.A.","Syndrome with 46,XY disorder of sex development","Unknown","Algerian","36110220",0,1,0,1,0,0,0,0,0,1,1,0,0,0,0,2,2,0,1,1,0,1,1,0,0,1,"Complete coverage",0,0.5,0.5,0,0.5,0.5,0,0
"OLI1575","N.A.","Syndrome with 46,XY disorder of sex development","Unknown","Algerian","36110220",0,1,0,1,0,0,0,0,0,0,0,0,0,0,0,2,2,0,0,2,0,0,1,1,0,1,"Complete coverage",0,0,1,0,0,0.5,0.5,0
"OLI1576","N.A.","Syndrome with 46,XY disorder of sex development","Unknown","Algerian","36110220",0,1,0,1,0,0,0,0,1,1,1,0,0,0,0,2,2,0,2,0,0,0,2,0,0,1,"Complete coverage",0,1,0,0,0,1,0,0
"OLI1577","N.A.","Syndrome with 46,XY disorder of sex development","Unknown","Algerian","36110220",0,1,0,1,0,0,0,0,0,0,0,0,0,0,0,2,2,0,1,1,0,0,1,1,0,1,"Complete coverage",0,0.5,0.5,0,0,0.5,0.5,0
"OLI1578","N.A.","Syndrome with 46,XY disorder of sex development","Unknown","Algerian","36110220",0,1,0,1,0,0,0,0,0,1,1,0,0,0,0,4,4,2,2,0,1,0,0,1,2,1,"Complete coverage",0.5,0.5,0,0.25,0,0,0.25,0.5
"OLI1579","N.A.","Syndrome with 46,XY disorder of sex development","Unknown","Algerian","36110220",0,1,0,0,0,0,0,0,0,1,1,0,0,0,0,2,2,0,2,0,0,1,0,1,0,1,"Complete coverage",0,1,0,0,0.5,0,0.5,0
"OLI1580","N.A.","Syndrome with 46,XY disorder of sex development","Unknown","Algerian","36110220",0,1,0,0,0,0,0,0,0,1,1,0,0,0,0,3,3,0,3,0,0,1,0,1,1,1,"Complete coverage",0,1,0,0,0.333333333333333,0,0.333333333333333,0.333333333333333
"OLI1581","N.A.","Syndrome with 46,XY disorder of sex development","Unknown","Algerian","36110220",0,1,1,1,0,0,0,0,0,0,0,0,0,0,0,2,2,0,1,1,0,0,2,0,0,1,"Complete coverage",0,0.5,0.5,0,0,1,0,0
"OLI1582","613988; 305000; 620040; 615190; 613990; 127550; 613989; 616353; 224230; 613987","Dyskeratosis congenita","Unknown","European/Caucasian","35931051",1,0,0,0,2,2,0,2,0,0,0,0,0,0,0,5,3,0,0,3,0,0,2,0,1,0.6,"Partial coverage",0,0,1,0,0,0.666666666666667,0,0.333333333333333
"OLI1583","613988; 305000; 620040; 615190; 613990; 127550; 613989; 616353; 224230; 613987","Dyskeratosis congenita","Unknown","European/Caucasian","35931051",1,0,0,0,2,2,0,2,0,0,0,0,0,0,0,6,4,0,0,4,0,0,3,0,1,0.666666666666667,"Partial coverage",0,0,1,0,0,0.75,0,0.25
"OLI1584","613988; 305000; 620040; 615190; 613990; 127550; 613989; 616353; 224230; 613987","Dyskeratosis congenita","Unknown","European/Caucasian","35931051",1,0,0,0,2,2,0,2,0,0,0,0,0,0,0,7,6,0,0,5,1,0,4,0,1,0.857142857142857,"Partial coverage",0,0,0.833333333333333,0.166666666666667,0,0.666666666666667,0,0.166666666666667
"OLI1585","613988; 305000; 620040; 615190; 613990; 127550; 613989; 616353; 224230; 613987","Dyskeratosis congenita","Unknown","European/Caucasian","35931051",1,0,0,0,2,0,0,2,0,0,0,0,0,0,0,6,5,0,0,3,0,1,2,0,2,0.833333333333333,"Partial coverage",0,0,0.6,0,0.2,0.4,0,0.4
"OLI1586","613988; 305000; 620040; 615190; 613990; 127550; 613989; 616353; 224230; 613987","Dyskeratosis congenita","Unknown","European/Caucasian","35931051",1,0,0,0,2,2,0,2,0,0,0,0,0,0,0,7,6,1,0,5,1,0,3,0,2,0.857142857142857,"Partial coverage",0.166666666666667,0,0.833333333333333,0.166666666666667,0,0.5,0,0.333333333333333
"OLI1587","613988; 305000; 620040; 615190; 613990; 127550; 613989; 616353; 224230; 613987","Dyskeratosis congenita","Unknown","East Asian","35931051",0,0,0,0,2,2,0,2,0,0,0,0,0,0,0,2,2,1,0,1,0,0,0,1,1,1,"Complete coverage",0.5,0,0.5,0,0,0,0.5,0.5
"OLI1588","606640; 205250; 617892; 608627; 606070; 300857; 608030; 614696; 615515; 105400; 613954; 617839; 612069; 616208; 612577; 608031; 616437; 615426; 613435; 611895; 614808","Amyotrophic lateral sclerosis","Unknown","Unknown","35426263",1,1,0,0,1,1,0,1,0,1,1,0,1,0,0,4,3,0,2,0,1,2,0,0,0,0.75,"Partial coverage",0,0.666666666666667,0,0.333333333333333,0.666666666666667,0,0,0
"OLI1589","256000","Leigh syndrome","Unknown","European/Caucasian","35861300",0,1,0,1,1,1,0,1,0,1,1,0,1,0,0,3,2,2,0,0,1,0,0,1,0,0.666666666666667,"Partial coverage",1,0,0,0.5,0,0,0.5,0
"OLI1590","614840; 125851; 615269; 606394; 613370; 612225; 615270; 147950; 308700; 614838; 613375; 606392; 612370; 616329; 614837; 614842; 614839; 614880; 615266; 609812; 616511; 600496; 125850; 612702; 614841; 244200; 606391; 610508; 146110; 614858; 610628","Normosmic congenital hypogonadotropic hypogonadism","Unknown","European/Caucasian","29419413",0,1,1,1,1,1,0,1,1,1,1,1,1,0,0,2,2,1,0,1,1,0,1,0,0,1,"Complete coverage",0.5,0,0.5,0.5,0,0.5,0,0
"OLI1591","614840; 615271; 615269; 615270; 147950; 308700; 618841; 614838; 612370; 616030; 614837; 615267; 614880; 615266; 614897; 612702; 244200; 614858; 610628","Kallmann syndrome","Unknown","European/Caucasian","29419413",0,1,0,0,1,1,0,1,1,1,1,1,1,0,0,2,2,1,1,0,0,1,0,1,0,1,"Complete coverage",0.5,0.5,0,0,0.5,0,0.5,0
"OLI1592","614840; 615271; 615269; 615270; 147950; 308700; 618841; 614838; 612370; 616030; 614837; 615267; 614880; 615266; 614897; 612702; 244200; 614858; 610628","Kallmann syndrome","Unknown","European/Caucasian","29419413",0,1,0,1,1,2,2,2,1,1,1,1,2,0,1,2,2,1,0,1,1,1,0,0,0,1,"Complete coverage",0.5,0,0.5,0.5,0.5,0,0,0
"OLI1593","614840; 615271; 615269; 615270; 147950; 308700; 618841; 614838; 612370; 616030; 614837; 615267; 614880; 615266; 614897; 612702; 244200; 614858; 610628","Kallmann syndrome","Unknown","European/Caucasian","29419413",0,1,0,0,1,1,0,1,1,1,1,1,1,0,0,2,1,0,0,1,0,0,1,0,0,0.5,"Partial coverage",0,0,1,0,0,1,0,0
"OLI1594","614840; 615271; 615269; 615270; 147950; 308700; 618841; 614838; 612370; 616030; 614837; 615267; 614880; 615266; 614897; 612702; 244200; 614858; 610628","Kallmann syndrome","Unknown","European/Caucasian","29419413",1,1,0,0,1,2,2,2,1,1,1,1,2,1,1,2,1,0,1,0,0,1,0,0,0,0.5,"Partial coverage",0,1,0,0,1,0,0,0
"OLI1595","614840; 125851; 615269; 606394; 613370; 612225; 615270; 147950; 308700; 614838; 613375; 606392; 612370; 616329; 614837; 614842; 614839; 614880; 615266; 609812; 616511; 600496; 125850; 612702; 614841; 244200; 606391; 610508; 146110; 614858; 610628","Normosmic congenital hypogonadotropic hypogonadism","Unknown","European/Caucasian","29419413",0,1,0,1,1,1,0,1,1,1,1,1,1,0,0,3,3,0,2,1,2,0,0,1,0,1,"Complete coverage",0,0.666666666666667,0.333333333333333,0.666666666666667,0,0,0.333333333333333,0
"OLI1596","614840; 125851; 615269; 606394; 613370; 612225; 615270; 147950; 308700; 614838; 613375; 606392; 612370; 616329; 614837; 614842; 614839; 614880; 615266; 609812; 616511; 600496; 125850; 612702; 614841; 244200; 606391; 610508; 146110; 614858; 610628","Normosmic congenital hypogonadotropic hypogonadism","Unknown","European/Caucasian","29419413",0,1,0,0,1,1,0,1,1,1,1,1,1,0,0,2,2,2,0,0,1,0,0,1,0,1,"Complete coverage",1,0,0,0.5,0,0,0.5,0
"OLI1597","614840; 125851; 615269; 606394; 613370; 612225; 615270; 147950; 308700; 614838; 613375; 606392; 612370; 616329; 614837; 614842; 614839; 614880; 615266; 609812; 616511; 600496; 125850; 612702; 614841; 244200; 606391; 610508; 146110; 614858; 610628","Normosmic congenital hypogonadotropic hypogonadism","Unknown","European/Caucasian","29419413",0,1,0,1,1,1,0,1,1,1,1,1,1,0,0,4,4,1,2,0,2,0,1,1,0,1,"Complete coverage",0.25,0.5,0,0.5,0,0.25,0.25,0
"OLI1598","614840; 615271; 615269; 615270; 147950; 308700; 618841; 614838; 612370; 616030; 614837; 615267; 614880; 615266; 614897; 612702; 244200; 614858; 610628","Kallmann syndrome","Unknown","European/Caucasian","29419413",0,1,0,0,1,1,0,1,1,1,1,1,1,0,0,2,1,0,1,0,0,0,0,1,0,0.5,"Partial coverage",0,1,0,0,0,0,1,0
"OLI1599","614840; 615271; 615269; 615270; 147950; 308700; 618841; 614838; 612370; 616030; 614837; 615267; 614880; 615266; 614897; 612702; 244200; 614858; 610628","Kallmann syndrome","Unknown","European/Caucasian","29419413",0,1,1,1,1,1,0,1,1,1,1,1,1,0,0,2,2,0,1,0,1,0,1,0,0,1,"Complete coverage",0,0.5,0,0.5,0,0.5,0,0
"OLI1600","614840; 125851; 615269; 606394; 613370; 612225; 615270; 147950; 308700; 614838; 613375; 606392; 612370; 616329; 614837; 614842; 614839; 614880; 615266; 609812; 616511; 600496; 125850; 612702; 614841; 244200; 606391; 610508; 146110; 614858; 610628","Normosmic congenital hypogonadotropic hypogonadism","Unknown","European/Caucasian","29419413",0,1,1,1,1,1,0,1,0,0,0,0,0,0,0,2,2,1,0,1,0,0,2,0,0,1,"Complete coverage",0.5,0,0.5,0,0,1,0,0
"OLI1601","614840; 125851; 615269; 606394; 613370; 612225; 615270; 147950; 308700; 614838; 613375; 606392; 612370; 616329; 614837; 614842; 614839; 614880; 615266; 609812; 616511; 600496; 125850; 612702; 614841; 244200; 606391; 610508; 146110; 614858; 610628","Normosmic congenital hypogonadotropic hypogonadism","Unknown","European/Caucasian","29419413",0,1,0,1,1,1,0,1,0,1,1,0,1,0,0,2,2,2,0,0,1,0,0,0,1,1,"Complete coverage",1,0,0,0.5,0,0,0,0.5
"OLI1602","614840; 125851; 615269; 606394; 613370; 612225; 615270; 147950; 308700; 614838; 613375; 606392; 612370; 616329; 614837; 614842; 614839; 614880; 615266; 609812; 616511; 600496; 125850; 612702; 614841; 244200; 606391; 610508; 146110; 614858; 610628","Normosmic congenital hypogonadotropic hypogonadism","Unknown","European/Caucasian","29419413",0,1,0,0,1,1,2,2,1,1,1,1,2,0,0,2,1,0,1,0,0,1,0,0,0,0.5,"Partial coverage",0,1,0,0,1,0,0,0
"OLI1603","614840; 615271; 615269; 615270; 147950; 308700; 618841; 614838; 612370; 616030; 614837; 615267; 614880; 615266; 614897; 612702; 244200; 614858; 610628","Kallmann syndrome","Unknown","European/Caucasian","29419413",0,1,0,0,1,1,0,1,1,1,1,1,1,0,0,2,2,0,1,0,1,0,0,0,1,1,"Complete coverage",0,0.5,0,0.5,0,0,0,0.5
"OLI1604","614840; 125851; 615269; 606394; 613370; 612225; 615270; 147950; 308700; 614838; 613375; 606392; 612370; 616329; 614837; 614842; 614839; 614880; 615266; 609812; 616511; 600496; 125850; 612702; 614841; 244200; 606391; 610508; 146110; 614858; 610628","Normosmic congenital hypogonadotropic hypogonadism","Unknown","European/Caucasian","29419413",0,1,0,1,1,1,0,1,1,1,1,1,1,0,0,3,3,1,2,0,2,1,0,0,0,1,"Complete coverage",0.333333333333333,0.666666666666667,0,0.666666666666667,0.333333333333333,0,0,0
"OLI1605","614840; 615271; 615269; 615270; 147950; 308700; 618841; 614838; 612370; 616030; 614837; 615267; 614880; 615266; 614897; 612702; 244200; 614858; 610628","Kallmann syndrome","Unknown","European/Caucasian","29419413",0,1,0,1,1,1,0,1,1,1,1,1,1,0,0,2,2,2,0,0,0,0,1,1,0,1,"Complete coverage",1,0,0,0,0,0.5,0.5,0
"OLI1606","614840; 125851; 615269; 606394; 613370; 612225; 615270; 147950; 308700; 614838; 613375; 606392; 612370; 616329; 614837; 614842; 614839; 614880; 615266; 609812; 616511; 600496; 125850; 612702; 614841; 244200; 606391; 610508; 146110; 614858; 610628","Normosmic congenital hypogonadotropic hypogonadism","Unknown","European/Caucasian","29419413",0,1,0,1,1,1,0,1,0,1,1,0,1,0,0,2,2,1,0,0,1,0,0,1,0,1,"Complete coverage",0.5,0,0,0.5,0,0,0.5,0
"OLI1607","N.A.","Congenital hypothyroidism","Unknown","European/Caucasian","35272499",0,1,0,1,0,0,1,1,1,1,1,0,1,0,0,2,2,1,1,0,1,1,0,0,0,1,"Complete coverage",0.5,0.5,0,0.5,0.5,0,0,0
"OLI1608","N.A.","Congenital hypothyroidism","Unknown","European/Caucasian","35272499",1,1,0,1,0,0,0,0,1,1,1,0,0,0,0,4,4,0,4,0,0,0,2,1,1,1,"Complete coverage",0,1,0,0,0,0.5,0.25,0.25
"OLI1609","N.A.","Congenital hypothyroidism","Unknown","European/Caucasian","35272499",0,1,0,1,0,0,0,0,1,1,1,0,0,0,0,3,3,1,2,0,0,0,1,1,1,1,"Complete coverage",0.333333333333333,0.666666666666667,0,0,0,0.333333333333333,0.333333333333333,0.333333333333333
"OLI1610","153200","Meige disease","Monogenic+Modifier","European/Caucasian","34656527",3,0,0,0,2,2,0,2,1,1,1,2,2,3,3,3,3,2,0,0,1,0,1,1,0,1,"Complete coverage",0.666666666666667,0,0,0.333333333333333,0,0.333333333333333,0.333333333333333,0
"OLI1611","153200","Meige disease","Unknown","European/Caucasian","34656527",2,0,1,1,2,2,0,2,1,1,1,2,2,2,2,2,2,2,0,0,0,0,1,1,0,1,"Complete coverage",1,0,0,0,0,0.5,0.5,0
"OLI1612","300554; 300009; 300555; 308990; 310468","Dent disease","Unknown","East Asian","37306718",0,0,1,1,0,0,0,0,1,1,1,0,0,0,0,2,2,1,1,0,1,0,1,0,0,1,"Complete coverage",0.5,0.5,0,0.5,0,0.5,0,0
"OLI1613","300554; 300009; 300555; 308990; 310468","Dent disease","Unknown","East Asian","37306718",0,0,1,1,0,0,1,1,1,1,1,0,1,0,0,2,2,0,1,1,0,0,1,0,1,1,"Complete coverage",0,0.5,0.5,0,0,0.5,0,0.5
"OLI1614","300554; 300009; 300555; 308990; 310468","Dent disease","Unknown","East Asian","37306718",0,0,1,1,0,0,0,0,1,1,1,0,0,0,0,2,2,2,0,0,1,0,1,0,0,1,"Complete coverage",1,0,0,0.5,0,0.5,0,0
"OLI1615","300554; 300009; 300555; 308990; 310468","Dent disease","Unknown","East Asian","37306718",0,0,1,1,0,0,0,0,1,0,1,0,0,0,0,2,2,0,0,2,1,1,0,0,0,1,"Complete coverage",0,0,1,0.5,0.5,0,0,0
"OLI1616","300554; 300009; 300555; 308990; 310468","Dent disease","Unknown","East Asian","37306718",0,0,0,0,0,0,0,0,1,1,1,0,0,0,0,3,3,1,2,0,2,1,0,0,0,1,"Complete coverage",0.333333333333333,0.666666666666667,0,0.666666666666667,0.333333333333333,0,0,0
"OLI1617","N.A.","46,XY disorder of sex development","True Digenic","European/Caucasian","37240737",2,1,0,1,2,2,0,2,1,1,1,2,2,2,2,2,2,0,1,0,1,0,0,1,0,1,"Complete coverage",0,0.5,0,0.5,0,0,0.5,0
"OLI1618","N.A.","46,XY disorder of sex development","Unknown","European/Caucasian","37240737",1,1,0,1,2,2,0,2,1,1,1,2,2,1,1,2,2,0,1,0,1,0,1,0,0,1,"Complete coverage",0,0.5,0,0.5,0,0.5,0,0
"OLI1619","606640; 205250; 617892; 608627; 606070; 300857; 608030; 614696; 615515; 105400; 613954; 617839; 612069; 616208; 612577; 608031; 616437; 615426; 613435; 611895; 614808","Amyotrophic lateral sclerosis","Unknown","European/Caucasian","37223130",0,1,0,1,1,1,0,1,1,1,1,1,1,0,0,2,2,0,1,1,0,1,0,1,0,1,"Complete coverage",0,0.5,0.5,0,0.5,0,0.5,0
"OLI1620","606640; 205250; 617892; 608627; 606070; 300857; 608030; 614696; 615515; 105400; 613954; 617839; 612069; 616208; 612577; 608031; 616437; 615426; 613435; 611895; 614808","Amyotrophic lateral sclerosis","Unknown","European/Caucasian","37223130",0,1,0,1,1,1,0,1,1,1,1,1,1,0,0,2,1,0,1,0,0,1,0,0,0,0.5,"Partial coverage",0,1,0,0,1,0,0,0
"OLI1621","606640; 205250; 617892; 608627; 606070; 300857; 608030; 614696; 615515; 105400; 613954; 617839; 612069; 616208; 612577; 608031; 616437; 615426; 613435; 611895; 614808","Amyotrophic lateral sclerosis","Unknown","European/Caucasian","37223130",0,1,0,0,1,1,2,2,1,1,1,1,2,0,0,1,0,0,0,0,0,0,0,0,0,0,"No coverage",NA,NA,NA,NA,NA,NA,NA,NA
"OLI1622","606640; 205250; 617892; 608627; 606070; 300857; 608030; 614696; 615515; 105400; 613954; 617839; 612069; 616208; 612577; 608031; 616437; 615426; 613435; 611895; 614808","Amyotrophic lateral sclerosis","Unknown","European/Caucasian","37223130",0,1,0,1,1,1,2,2,1,1,1,1,2,0,1,1,1,0,0,1,0,1,0,0,0,1,"Complete coverage",0,0,1,0,1,0,0,0
"OLI1623","606640; 205250; 617892; 608627; 606070; 300857; 608030; 614696; 615515; 105400; 613954; 617839; 612069; 616208; 612577; 608031; 616437; 615426; 613435; 611895; 614808","Amyotrophic lateral sclerosis","Unknown","European/Caucasian","37223130",0,1,0,0,1,1,2,2,1,1,1,1,2,0,0,1,0,0,0,0,0,0,0,0,0,0,"No coverage",NA,NA,NA,NA,NA,NA,NA,NA
"OLI1624","606640; 205250; 617892; 608627; 606070; 300857; 608030; 614696; 615515; 105400; 613954; 617839; 612069; 616208; 612577; 608031; 616437; 615426; 613435; 611895; 614808","Amyotrophic lateral sclerosis","Unknown","European/Caucasian","37223130",0,1,1,1,1,1,2,2,1,1,1,1,2,0,1,1,1,0,0,0,1,0,0,0,0,1,"Complete coverage",0,0,0,1,0,0,0,0
"OLI1625","606640; 205250; 617892; 608627; 606070; 300857; 608030; 614696; 615515; 105400; 613954; 617839; 612069; 616208; 612577; 608031; 616437; 615426; 613435; 611895; 614808","Amyotrophic lateral sclerosis","Unknown","European/Caucasian","37223130",0,1,0,1,1,1,0,1,1,1,1,1,1,0,0,1,1,1,0,0,0,0,0,1,0,1,"Complete coverage",1,0,0,0,0,0,1,0
"OLI1626","606640; 205250; 617892; 608627; 606070; 300857; 608030; 614696; 615515; 105400; 613954; 617839; 612069; 616208; 612577; 608031; 616437; 615426; 613435; 611895; 614808","Amyotrophic lateral sclerosis","Unknown","European/Caucasian","37223130",0,1,0,1,1,1,2,2,1,1,1,1,2,0,1,1,1,0,0,0,0,0,0,1,0,1,"Complete coverage",0,0,0,0,0,0,1,0
"OLI1627","606640; 205250; 617892; 608627; 606070; 300857; 608030; 614696; 615515; 105400; 613954; 617839; 612069; 616208; 612577; 608031; 616437; 615426; 613435; 611895; 614808","Amyotrophic lateral sclerosis","Unknown","European/Caucasian","37223130",0,1,0,1,1,1,0,1,1,1,1,1,1,0,0,2,2,1,1,0,0,0,0,2,0,1,"Complete coverage",0.5,0.5,0,0,0,0,1,0
"OLI1628","606640; 205250; 617892; 608627; 606070; 300857; 608030; 614696; 615515; 105400; 613954; 617839; 612069; 616208; 612577; 608031; 616437; 615426; 613435; 611895; 614808","Amyotrophic lateral sclerosis","Unknown","European/Caucasian","37223130",0,1,0,1,1,1,0,1,1,1,1,1,1,0,0,2,1,0,1,0,0,0,0,1,0,0.5,"Partial coverage",0,1,0,0,0,0,1,0
"OLI1629","606640; 205250; 617892; 608627; 606070; 300857; 608030; 614696; 615515; 105400; 613954; 617839; 612069; 616208; 612577; 608031; 616437; 615426; 613435; 611895; 614808","Amyotrophic lateral sclerosis","Unknown","European/Caucasian","37223130",0,1,0,1,1,1,0,1,1,1,1,1,1,0,0,2,2,1,0,1,0,1,0,1,0,1,"Complete coverage",0.5,0,0.5,0,0.5,0,0.5,0
"OLI1630","606640; 205250; 617892; 608627; 606070; 300857; 608030; 614696; 615515; 105400; 613954; 617839; 612069; 616208; 612577; 608031; 616437; 615426; 613435; 611895; 614808","Amyotrophic lateral sclerosis","Unknown","European/Caucasian","37223130",0,1,0,1,1,1,0,1,1,0,1,1,1,0,0,2,2,0,0,1,1,0,1,0,0,1,"Complete coverage",0,0,0.5,0.5,0,0.5,0,0
"OLI1631","606640; 205250; 617892; 608627; 606070; 300857; 608030; 614696; 615515; 105400; 613954; 617839; 612069; 616208; 612577; 608031; 616437; 615426; 613435; 611895; 614808","Amyotrophic lateral sclerosis","Unknown","European/Caucasian","37223130",0,1,0,1,1,1,2,2,1,0,1,1,2,0,1,2,2,1,1,0,1,0,0,1,0,1,"Complete coverage",0.5,0.5,0,0.5,0,0,0.5,0
"OLI1632","606640; 205250; 617892; 608627; 606070; 300857; 608030; 614696; 615515; 105400; 613954; 617839; 612069; 616208; 612577; 608031; 616437; 615426; 613435; 611895; 614808","Amyotrophic lateral sclerosis","Unknown","European/Caucasian","37223130",0,1,0,1,1,1,2,2,1,1,1,1,2,0,1,2,1,0,1,0,0,0,0,1,0,0.5,"Partial coverage",0,1,0,0,0,0,1,0
"OLI1633","606640; 205250; 617892; 608627; 606070; 300857; 608030; 614696; 615515; 105400; 613954; 617839; 612069; 616208; 612577; 608031; 616437; 615426; 613435; 611895; 614808","Amyotrophic lateral sclerosis","Unknown","European/Caucasian","37223130",0,1,1,1,1,1,2,2,1,0,1,1,2,0,1,2,2,0,1,1,1,1,0,0,0,1,"Complete coverage",0,0.5,0.5,0.5,0.5,0,0,0
"OLI1634","606640; 205250; 617892; 608627; 606070; 300857; 608030; 614696; 615515; 105400; 613954; 617839; 612069; 616208; 612577; 608031; 616437; 615426; 613435; 611895; 614808","Amyotrophic lateral sclerosis","Unknown","European/Caucasian","37223130",0,1,0,1,1,1,0,1,1,1,1,1,1,0,0,2,2,0,0,1,0,1,0,1,0,1,"Complete coverage",0,0,0.5,0,0.5,0,0.5,0
"OLI1635","606640; 205250; 617892; 608627; 606070; 300857; 608030; 614696; 615515; 105400; 613954; 617839; 612069; 616208; 612577; 608031; 616437; 615426; 613435; 611895; 614808","Amyotrophic lateral sclerosis","Unknown","European/Caucasian","37223130",0,1,1,1,1,1,2,2,1,1,1,1,2,0,1,2,1,0,0,1,0,0,0,1,0,0.5,"Partial coverage",0,0,1,0,0,0,1,0
"OLI1636","606640; 205250; 617892; 608627; 606070; 300857; 608030; 614696; 615515; 105400; 613954; 617839; 612069; 616208; 612577; 608031; 616437; 615426; 613435; 611895; 614808","Amyotrophic lateral sclerosis","Unknown","European/Caucasian","37223130",0,1,1,1,1,1,2,2,1,1,1,1,2,0,1,2,1,0,1,0,0,0,0,1,0,0.5,"Partial coverage",0,1,0,0,0,0,1,0
"OLI1637","606640; 205250; 617892; 608627; 606070; 300857; 608030; 614696; 615515; 105400; 613954; 617839; 612069; 616208; 612577; 608031; 616437; 615426; 613435; 611895; 614808","Amyotrophic lateral sclerosis","Unknown","European/Caucasian","37223130",0,1,0,1,1,1,2,2,1,1,1,1,2,0,1,2,2,1,1,0,0,0,0,1,1,1,"Complete coverage",0.5,0.5,0,0,0,0,0.5,0.5
"OLI1638","606640; 205250; 617892; 608627; 606070; 300857; 608030; 614696; 615515; 105400; 613954; 617839; 612069; 616208; 612577; 608031; 616437; 615426; 613435; 611895; 614808","Amyotrophic lateral sclerosis","Unknown","European/Caucasian","37223130",0,1,0,1,1,1,2,2,1,0,1,1,2,0,1,2,2,0,1,0,0,0,0,2,0,1,"Complete coverage",0,0.5,0,0,0,0,1,0
"OLI1639","606640; 205250; 617892; 608627; 606070; 300857; 608030; 614696; 615515; 105400; 613954; 617839; 612069; 616208; 612577; 608031; 616437; 615426; 613435; 611895; 614808","Amyotrophic lateral sclerosis","Unknown","European/Caucasian","37223130",0,1,0,1,1,1,2,2,1,1,1,1,2,0,1,2,2,1,1,0,1,1,0,0,0,1,"Complete coverage",0.5,0.5,0,0.5,0.5,0,0,0
"OLI1640","606640; 205250; 617892; 608627; 606070; 300857; 608030; 614696; 615515; 105400; 613954; 617839; 612069; 616208; 612577; 608031; 616437; 615426; 613435; 611895; 614808","Amyotrophic lateral sclerosis","Unknown","European/Caucasian","37223130",0,1,0,1,1,1,2,2,1,1,1,1,2,0,1,2,2,0,1,0,0,0,0,2,0,1,"Complete coverage",0,0.5,0,0,0,0,1,0
"OLI1641","104510; 104530; 301200; 104500; 616221; 613211; 204700; 130900; 614832; 617217; 301201; 204650; 615887; 612529; 616270","Amelogenesis imperfecta","Dual Molecular Diagnosis","East Asian","37937686",2,0,0,0,1,1,0,1,0,1,1,0,1,0,1,1,1,0,0,1,1,0,0,0,0,1,"Complete coverage",0,0,1,1,0,0,0,0
"OLI1642","104510; 104530; 301200; 104500; 616221; 613211; 204700; 130900; 614832; 617217; 301201; 204650; 615887; 612529; 616270","Amelogenesis imperfecta","Unknown","East Asian","37937686",1,1,0,1,1,1,0,1,1,1,1,1,1,1,1,3,3,3,0,0,3,0,0,0,0,1,"Complete coverage",1,0,0,1,0,0,0,0
"OLI1643","N.A.","Congenital heart disease","True Digenic","East Asian","37180804",2,1,0,1,2,2,0,2,2,1,2,2,2,2,2,2,2,1,1,0,0,0,1,1,0,1,"Complete coverage",0.5,0.5,0,0,0,0.5,0.5,0
"OLI1644","104200; 203780; 301050","Alport syndrome","Unknown","East Asian","37097554",0,0,0,0,2,2,0,2,0,1,1,0,2,0,0,2,2,1,0,1,2,0,0,0,0,1,"Complete coverage",0.5,0,0.5,1,0,0,0,0
"OLI1645","104200; 203780; 301050","Alport syndrome","Unknown","East Asian","37097554",0,0,1,1,2,2,0,2,0,0,0,0,0,0,0,2,2,1,0,1,1,0,1,0,0,1,"Complete coverage",0.5,0,0.5,0.5,0,0.5,0,0
"OLI1646","104200; 203780; 301050","Alport syndrome","Unknown","East Asian","37097554",0,0,0,0,2,2,0,2,0,1,1,0,2,0,0,2,2,2,0,0,1,0,0,0,1,1,"Complete coverage",1,0,0,0.5,0,0,0,0.5
"OLI1647","104200; 203780; 301050","Alport syndrome","Unknown","East Asian","37097554",0,0,0,0,2,2,0,2,0,1,1,0,2,0,0,2,2,2,0,0,2,0,0,0,0,1,"Complete coverage",1,0,0,1,0,0,0,0
"OLI1648","104200; 203780; 301050","Alport syndrome","Unknown","East Asian","37097554",0,0,0,0,2,2,0,2,0,0,0,0,0,0,0,2,2,1,0,1,1,1,0,0,0,1,"Complete coverage",0.5,0,0.5,0.5,0.5,0,0,0
"OLI1649","N.A.","Non-syndromic genetic deafness","Unknown","Unknown","37893031",0,1,0,1,2,2,0,2,1,1,1,2,2,1,1,2,2,0,0,1,1,0,0,1,0,1,"Complete coverage",0,0,0.5,0.5,0,0,0.5,0
"OLI1650","614840; 615271; 615269; 615270; 147950; 308700; 618841; 614838; 612370; 616030; 614837; 615267; 614880; 615266; 614897; 612702; 244200; 614858; 610628","Kallmann syndrome","Unknown","European/Caucasian","37108593",0,1,0,1,2,2,0,2,0,1,1,0,2,0,1,2,2,0,2,0,0,2,0,0,0,1,"Complete coverage",0,1,0,0,1,0,0,0
"OLI1651","N.A.","Congenital hypogonadotropic hypogonadism","Unknown","European/Caucasian","37108593",0,1,0,1,1,1,0,1,0,1,1,0,1,0,0,2,2,0,0,1,2,0,0,0,0,1,"Complete coverage",0,0,0.5,1,0,0,0,0
"OLI1652","614840; 615271; 615269; 615270; 147950; 308700; 618841; 614838; 612370; 616030; 614837; 615267; 614880; 615266; 614897; 612702; 244200; 614858; 610628","Kallmann syndrome","Unknown","European/Caucasian","37108593",0,1,0,1,0,0,0,0,0,1,1,0,0,0,0,2,2,1,0,1,0,1,0,1,0,1,"Complete coverage",0.5,0,0.5,0,0.5,0,0.5,0
"OLI1653","614840; 615271; 615269; 615270; 147950; 308700; 618841; 614838; 612370; 616030; 614837; 615267; 614880; 615266; 614897; 612702; 244200; 614858; 610628","Kallmann syndrome","Unknown","European/Caucasian","37108593",0,1,1,1,0,0,0,0,0,1,1,0,0,0,0,2,2,0,1,0,2,0,0,0,0,1,"Complete coverage",0,0.5,0,1,0,0,0,0
"OLI1654","617119; 615993; 615982; 615989; 605231; 615995; 600151; 615985; 615981; 615996; 615988; 615992; 615994; 615987; 209900; 615986; 615991; 615983; 617406; 615984; 615990","Bardet-Biedl syndrome","Unknown","South Asian","37431782",0,0,1,1,0,0,2,2,1,1,1,0,2,0,1,2,2,0,2,0,0,0,1,1,0,1,"Complete coverage",0,1,0,0,0,0.5,0.5,0
"OLI1655","617119; 615993; 615982; 615989; 605231; 615995; 600151; 615985; 615981; 615996; 615988; 615992; 615994; 615987; 209900; 615986; 615991; 615983; 617406; 615984; 615990","Bardet-Biedl syndrome","Unknown","South Asian","37431782",0,0,1,1,0,0,0,0,1,1,1,0,0,0,0,2,2,0,2,0,1,0,1,0,0,1,"Complete coverage",0,1,0,0.5,0,0.5,0,0
"OLI1656","617119; 615993; 615982; 615989; 605231; 615995; 600151; 615985; 615981; 615996; 615988; 615992; 615994; 615987; 209900; 615986; 615991; 615983; 617406; 615984; 615990","Bardet-Biedl syndrome","Unknown","South Asian","37431782",0,0,1,1,0,0,0,0,1,1,1,0,0,0,0,2,2,1,0,1,0,0,2,0,0,1,"Complete coverage",0.5,0,0.5,0,0,1,0,0
"OLI1657","617119; 615993; 615982; 615989; 605231; 615995; 600151; 615985; 615981; 615996; 615988; 615992; 615994; 615987; 209900; 615986; 615991; 615983; 617406; 615984; 615990","Bardet-Biedl syndrome","Unknown","South Asian","37431782",0,0,1,1,0,0,0,0,0,0,0,0,0,0,0,2,2,0,1,1,0,0,1,1,0,1,"Complete coverage",0,0.5,0.5,0,0,0.5,0.5,0
"OLI1658","617119; 615993; 615982; 615989; 605231; 615995; 600151; 615985; 615981; 615996; 615988; 615992; 615994; 615987; 209900; 615986; 615991; 615983; 617406; 615984; 615990","Bardet-Biedl syndrome","Unknown","South Asian","37431782",0,0,1,1,0,0,2,2,1,1,1,0,2,0,1,2,2,1,1,0,1,0,1,0,0,1,"Complete coverage",0.5,0.5,0,0.5,0,0.5,0,0
"OLI1659","617119; 615993; 615982; 615989; 605231; 615995; 600151; 615985; 615981; 615996; 615988; 615992; 615994; 615987; 209900; 615986; 615991; 615983; 617406; 615984; 615990","Bardet-Biedl syndrome","Unknown","South Asian","37431782",0,0,1,1,0,0,0,0,1,0,1,0,0,0,0,2,2,0,0,2,1,0,1,0,0,1,"Complete coverage",0,0,1,0.5,0,0.5,0,0
"OLI1660","617119; 615993; 615982; 615989; 605231; 615995; 600151; 615985; 615981; 615996; 615988; 615992; 615994; 615987; 209900; 615986; 615991; 615983; 617406; 615984; 615990","Bardet-Biedl syndrome","Unknown","South Asian","37431782",0,0,0,0,0,0,0,0,1,1,1,0,0,0,0,2,2,0,2,0,0,0,2,0,0,1,"Complete coverage",0,1,0,0,0,1,0,0
"OLI1661","617119; 615993; 615982; 615989; 605231; 615995; 600151; 615985; 615981; 615996; 615988; 615992; 615994; 615987; 209900; 615986; 615991; 615983; 617406; 615984; 615990","Bardet-Biedl syndrome","Unknown","South Asian","37431782",0,0,1,1,0,0,2,2,1,1,1,0,2,0,1,2,2,0,1,1,1,0,0,1,0,1,"Complete coverage",0,0.5,0.5,0.5,0,0,0.5,0
"OLI1662","617119; 615993; 615982; 615989; 605231; 615995; 600151; 615985; 615981; 615996; 615988; 615992; 615994; 615987; 209900; 615986; 615991; 615983; 617406; 615984; 615990","Bardet-Biedl syndrome","Unknown","South Asian","37431782",0,0,1,1,0,3,0,3,1,1,1,0,2,0,1,2,2,2,0,0,0,1,0,1,0,1,"Complete coverage",1,0,0,0,0.5,0,0.5,0
"OLI1663","617119; 615993; 615982; 615989; 605231; 615995; 600151; 615985; 615981; 615996; 615988; 615992; 615994; 615987; 209900; 615986; 615991; 615983; 617406; 615984; 615990","Bardet-Biedl syndrome","Unknown","South Asian","37431782",0,0,1,1,0,0,0,0,1,1,1,0,0,0,0,2,2,0,2,0,0,0,1,1,0,1,"Complete coverage",0,1,0,0,0,0.5,0.5,0
"OLI1664","617119; 615993; 615982; 615989; 605231; 615995; 600151; 615985; 615981; 615996; 615988; 615992; 615994; 615987; 209900; 615986; 615991; 615983; 617406; 615984; 615990","Bardet-Biedl syndrome","Unknown","South Asian","37431782",0,0,0,0,0,0,2,2,1,1,1,0,2,0,0,2,2,0,2,0,1,1,0,0,0,1,"Complete coverage",0,1,0,0.5,0.5,0,0,0
"OLI1665","617119; 615993; 615982; 615989; 605231; 615995; 600151; 615985; 615981; 615996; 615988; 615992; 615994; 615987; 209900; 615986; 615991; 615983; 617406; 615984; 615990","Bardet-Biedl syndrome","Unknown","South Asian","37431782",0,0,1,1,0,0,0,0,1,1,1,0,0,0,0,2,2,0,2,0,0,0,0,2,0,1,"Complete coverage",0,1,0,0,0,0,1,0
"OLI1666","617119; 615993; 615982; 615989; 605231; 615995; 600151; 615985; 615981; 615996; 615988; 615992; 615994; 615987; 209900; 615986; 615991; 615983; 617406; 615984; 615990","Bardet-Biedl syndrome","Unknown","South Asian","37431782",0,0,0,0,0,0,2,2,1,0,1,0,2,0,0,2,2,0,2,0,0,0,1,0,1,1,"Complete coverage",0,1,0,0,0,0.5,0,0.5
"OLI1667","617119; 615993; 615982; 615989; 605231; 615995; 600151; 615985; 615981; 615996; 615988; 615992; 615994; 615987; 209900; 615986; 615991; 615983; 617406; 615984; 615990","Bardet-Biedl syndrome","Unknown","South Asian","37431782",0,0,1,1,0,0,0,0,1,1,1,0,0,0,0,3,3,0,1,2,1,0,1,0,1,1,"Complete coverage",0,0.333333333333333,0.666666666666667,0.333333333333333,0,0.333333333333333,0,0.333333333333333
"OLI1668","617119; 615993; 615982; 615989; 605231; 615995; 600151; 615985; 615981; 615996; 615988; 615992; 615994; 615987; 209900; 615986; 615991; 615983; 617406; 615984; 615990","Bardet-Biedl syndrome","Unknown","South Asian","37431782",0,0,0,0,0,0,0,0,1,1,1,0,0,0,0,3,3,1,1,1,1,0,1,1,0,1,"Complete coverage",0.333333333333333,0.333333333333333,0.333333333333333,0.333333333333333,0,0.333333333333333,0.333333333333333,0
"OLI1669","617119; 615993; 615982; 615989; 605231; 615995; 600151; 615985; 615981; 615996; 615988; 615992; 615994; 615987; 209900; 615986; 615991; 615983; 617406; 615984; 615990","Bardet-Biedl syndrome","Unknown","South Asian","37431782",0,0,0,0,0,0,0,0,1,1,1,0,0,0,0,3,3,1,1,1,1,1,0,0,1,1,"Complete coverage",0.333333333333333,0.333333333333333,0.333333333333333,0.333333333333333,0.333333333333333,0,0,0.333333333333333
"OLI1670","617119; 615993; 615982; 615989; 605231; 615995; 600151; 615985; 615981; 615996; 615988; 615992; 615994; 615987; 209900; 615986; 615991; 615983; 617406; 615984; 615990","Bardet-Biedl syndrome","Unknown","South Asian","37431782",0,0,1,1,0,0,0,0,1,1,1,0,0,0,0,2,2,2,0,0,1,0,0,1,0,1,"Complete coverage",1,0,0,0.5,0,0,0.5,0
"OLI1671","617119; 615993; 615982; 615989; 605231; 615995; 600151; 615985; 615981; 615996; 615988; 615992; 615994; 615987; 209900; 615986; 615991; 615983; 617406; 615984; 615990","Bardet-Biedl syndrome","Unknown","South Asian","37431782",0,0,0,0,0,0,0,0,1,1,1,0,0,0,0,3,3,1,0,1,2,0,0,0,1,1,"Complete coverage",0.333333333333333,0,0.333333333333333,0.666666666666667,0,0,0,0.333333333333333
"OLI1672","617928; 148300","Non-Syndromic genetic keratoconus","Unknown","European/Caucasian","37895187",0,0,0,0,1,1,0,1,0,1,1,0,1,0,0,3,3,1,1,1,1,1,0,1,0,1,"Complete coverage",0.333333333333333,0.333333333333333,0.333333333333333,0.333333333333333,0.333333333333333,0,0.333333333333333,0
"OLI1673","617928; 148300","Non-Syndromic genetic keratoconus","Unknown","European/Caucasian","37895187",0,0,0,0,1,1,2,2,0,1,1,0,2,0,0,4,3,1,2,0,0,2,0,1,0,0.75,"Partial coverage",0.333333333333333,0.666666666666667,0,0,0.666666666666667,0,0.333333333333333,0
"OLI1674","617928; 148300","Non-Syndromic genetic keratoconus","Unknown","European/Caucasian","37895187",0,0,0,0,1,1,0,1,1,1,1,1,1,0,0,2,2,1,1,0,0,1,0,1,0,1,"Complete coverage",0.5,0.5,0,0,0.5,0,0.5,0
"OLI1675","617928; 148300","Non-Syndromic genetic keratoconus","Unknown","European/Caucasian","37895187",0,1,0,1,1,1,0,1,0,1,1,0,1,0,0,2,2,0,0,2,0,0,0,2,0,1,"Complete coverage",0,0,1,0,0,0,1,0
"OLI1676","N.A.","Syndromic genetic keratoconus","Unknown","South American","37895187",1,0,0,0,1,1,0,1,0,1,1,0,1,0,0,3,3,0,2,1,0,1,1,0,1,1,"Complete coverage",0,0.666666666666667,0.333333333333333,0,0.333333333333333,0.333333333333333,0,0.333333333333333
"OLI1677","617928; 148300","Non-Syndromic genetic keratoconus","Unknown","European/Caucasian","37895187",2,1,0,1,1,1,0,1,0,1,1,0,1,0,1,2,2,0,2,0,0,1,0,1,0,1,"Complete coverage",0,1,0,0,0.5,0,0.5,0
"OLI1678","617928; 148300","Non-Syndromic genetic keratoconus","Unknown","European/Caucasian","37895187",1,0,0,0,1,1,0,1,0,1,1,0,1,0,0,5,4,2,2,0,0,0,2,1,1,0.8,"Partial coverage",0.5,0.5,0,0,0,0.5,0.25,0.25
"OLI1679","617928; 148300","Non-Syndromic genetic keratoconus","Unknown","South American","37895187",1,0,0,0,1,1,0,1,0,0,0,0,0,0,0,5,5,1,3,1,1,2,0,2,0,1,"Complete coverage",0.2,0.6,0.2,0.2,0.4,0,0.4,0
"OLI1680","617928; 148300","Non-Syndromic genetic keratoconus","Unknown","South American","37895187",1,0,0,0,1,1,0,1,0,1,1,0,1,0,0,5,5,0,4,1,0,1,1,3,0,1,"Complete coverage",0,0.8,0.2,0,0.2,0.2,0.6,0
"OLI1681","617928; 148300","Non-Syndromic genetic keratoconus","Unknown","European/Caucasian","37895187",0,0,0,0,1,1,0,1,0,1,1,0,1,0,0,4,4,1,1,2,0,2,0,2,0,1,"Complete coverage",0.25,0.25,0.5,0,0.5,0,0.5,0
"OLI1682","617928; 148300","Non-Syndromic genetic keratoconus","Unknown","South American","37895187",0,0,0,0,1,1,0,1,0,1,1,0,1,0,0,4,4,0,3,1,0,2,0,2,0,1,"Complete coverage",0,0.75,0.25,0,0.5,0,0.5,0
"OLI1683","617928; 148300","Non-Syndromic genetic keratoconus","Unknown","South American","37895187",1,0,0,0,1,1,0,1,0,1,1,0,1,0,0,3,3,0,1,2,1,0,0,2,0,1,"Complete coverage",0,0.333333333333333,0.666666666666667,0.333333333333333,0,0,0.666666666666667,0
"OLI1684","617928; 148300","Non-Syndromic genetic keratoconus","Unknown","European/Caucasian","37895187",2,0,0,0,2,2,0,2,0,1,1,0,2,0,2,2,2,1,1,0,0,1,0,1,0,1,"Complete coverage",0.5,0.5,0,0,0.5,0,0.5,0
"OLI1685","617928; 148300","Non-Syndromic genetic keratoconus","Unknown","South American","37895187",0,0,0,0,1,1,0,1,0,1,1,0,1,0,0,3,3,0,2,1,0,1,0,2,0,1,"Complete coverage",0,0.666666666666667,0.333333333333333,0,0.333333333333333,0,0.666666666666667,0
"OLI1686","617928; 148300","Non-Syndromic genetic keratoconus","Unknown","European/Caucasian","37895187",0,0,0,0,2,2,0,2,0,0,0,0,0,0,0,2,2,0,1,1,0,2,0,0,0,1,"Complete coverage",0,0.5,0.5,0,1,0,0,0
"OLI1687","617928; 148300","Non-Syndromic genetic keratoconus","Unknown","European/Caucasian","37895187",0,0,0,0,1,1,0,1,0,0,0,0,0,0,0,2,2,0,1,0,0,1,0,1,0,1,"Complete coverage",0,0.5,0,0,0.5,0,0.5,0
"OLI1688","617928; 148300","Non-Syndromic genetic keratoconus","Unknown","South American","37895187",0,0,0,0,1,1,0,1,0,1,1,0,1,0,0,3,3,1,1,1,0,1,1,1,0,1,"Complete coverage",0.333333333333333,0.333333333333333,0.333333333333333,0,0.333333333333333,0.333333333333333,0.333333333333333,0
"OLI1689","617928; 148300","Non-Syndromic genetic keratoconus","Unknown","European/Caucasian","37895187",1,0,0,0,1,1,0,1,0,1,1,0,1,0,0,3,3,1,1,1,0,0,1,1,1,1,"Complete coverage",0.333333333333333,0.333333333333333,0.333333333333333,0,0,0.333333333333333,0.333333333333333,0.333333333333333
"OLI1690","617928; 148300","Non-Syndromic genetic keratoconus","Unknown","South American","37895187",0,0,0,0,1,1,0,1,0,0,0,0,0,0,0,5,5,2,1,2,0,2,0,3,0,1,"Complete coverage",0.4,0.2,0.4,0,0.4,0,0.6,0
"OLI1691","617928; 148300","Non-Syndromic genetic keratoconus","Unknown","European/Caucasian","37895187",0,0,0,0,1,1,0,1,0,1,1,0,1,0,0,3,3,1,1,1,0,2,0,1,0,1,"Complete coverage",0.333333333333333,0.333333333333333,0.333333333333333,0,0.666666666666667,0,0.333333333333333,0
"OLI1692","617928; 148300","Non-Syndromic genetic keratoconus","Unknown","European/Caucasian","37895187",0,0,0,0,1,1,0,1,0,1,1,0,1,0,0,3,3,0,3,0,0,1,0,1,1,1,"Complete coverage",0,1,0,0,0.333333333333333,0,0.333333333333333,0.333333333333333
"OLI1693","617928; 148300","Non-Syndromic genetic keratoconus","Unknown","European/Caucasian","37895187",0,0,0,0,2,2,0,2,0,1,1,0,2,0,0,2,2,1,1,0,0,1,0,1,0,1,"Complete coverage",0.5,0.5,0,0,0.5,0,0.5,0
"OLI1694","617928; 148300","Non-Syndromic genetic keratoconus","Unknown","European/Caucasian, Mexican","37895187",1,0,0,0,1,1,0,1,0,1,1,0,1,0,0,4,4,1,1,2,0,3,0,1,0,1,"Complete coverage",0.25,0.25,0.5,0,0.75,0,0.25,0
"OLI1695","617928; 148300","Non-Syndromic genetic keratoconus","Unknown","European/Caucasian","37895187",0,0,0,0,1,1,0,1,0,0,0,0,0,0,0,3,3,0,2,1,0,1,0,2,0,1,"Complete coverage",0,0.666666666666667,0.333333333333333,0,0.333333333333333,0,0.666666666666667,0
"OLI1696","N.A.","Colorectal cancer","Unknown","Unknown","38063999",1,0,0,0,0,0,1,1,0,1,1,0,1,0,0,2,2,0,0,1,2,0,0,0,0,1,"Complete coverage",0,0,0.5,1,0,0,0,0
"OLI1697","N.A.","Schizophrenia","Unknown","East Asian","37511534",1,2,0,2,0,0,0,0,1,1,1,0,0,0,0,4,4,0,3,0,0,2,0,1,1,1,"Complete coverage",0,0.75,0,0,0.5,0,0.25,0.25
"OLI1698","N.A.","Major depressive disorder","Unknown","East Asian","37511534",0,2,0,2,0,0,0,0,1,1,1,0,0,0,0,3,3,2,1,0,0,1,1,1,0,1,"Complete coverage",0.666666666666667,0.333333333333333,0,0,0.333333333333333,0.333333333333333,0.333333333333333,0
"OLI1699","606640; 205250; 617892; 608627; 606070; 300857; 608030; 614696; 615515; 105400; 613954; 617839; 612069; 616208; 612577; 608031; 616437; 615426; 613435; 611895; 614808","Amyotrophic lateral sclerosis","Unknown","East Asian","37197644",0,1,0,1,0,0,2,2,1,1,1,0,2,0,1,3,3,2,1,0,1,0,0,2,0,1,"Complete coverage",0.666666666666667,0.333333333333333,0,0.333333333333333,0,0,0.666666666666667,0
"OLI1700","606640; 205250; 617892; 608627; 606070; 300857; 608030; 614696; 615515; 105400; 613954; 617839; 612069; 616208; 612577; 608031; 616437; 615426; 613435; 611895; 614808","Amyotrophic lateral sclerosis","Unknown","East Asian","37197644",0,1,0,1,0,1,2,2,1,1,1,0,2,0,1,2,2,1,1,0,1,1,0,0,0,1,"Complete coverage",0.5,0.5,0,0.5,0.5,0,0,0
"OLI1701","606640; 205250; 617892; 608627; 606070; 300857; 608030; 614696; 615515; 105400; 613954; 617839; 612069; 616208; 612577; 608031; 616437; 615426; 613435; 611895; 614808","Amyotrophic lateral sclerosis","Unknown","East Asian","37197644",0,1,0,1,0,0,2,2,1,1,1,0,2,0,1,2,2,1,1,0,1,1,0,0,0,1,"Complete coverage",0.5,0.5,0,0.5,0.5,0,0,0
"OLI1702","606640; 205250; 617892; 608627; 606070; 300857; 608030; 614696; 615515; 105400; 613954; 617839; 612069; 616208; 612577; 608031; 616437; 615426; 613435; 611895; 614808","Amyotrophic lateral sclerosis","Unknown","East Asian","37197644",0,1,0,1,0,0,2,2,1,1,1,0,2,0,1,2,2,0,2,0,1,1,0,0,0,1,"Complete coverage",0,1,0,0.5,0.5,0,0,0
"OLI1703","606640; 205250; 617892; 608627; 606070; 300857; 608030; 614696; 615515; 105400; 613954; 617839; 612069; 616208; 612577; 608031; 616437; 615426; 613435; 611895; 614808","Amyotrophic lateral sclerosis","Unknown","East Asian","37197644",0,1,0,1,0,0,0,0,1,0,1,0,0,0,0,2,2,0,1,1,0,0,1,1,0,1,"Complete coverage",0,0.5,0.5,0,0,0.5,0.5,0
"OLI1704","606640; 205250; 617892; 608627; 606070; 300857; 608030; 614696; 615515; 105400; 613954; 617839; 612069; 616208; 612577; 608031; 616437; 615426; 613435; 611895; 614808","Amyotrophic lateral sclerosis","Unknown","East Asian","37197644",0,1,0,1,0,0,2,2,1,1,1,0,2,0,1,3,3,2,0,1,0,0,1,2,0,1,"Complete coverage",0.666666666666667,0,0.333333333333333,0,0,0.333333333333333,0.666666666666667,0
"OLI1705","173900; 613095; 600666","Autosomal dominant polycystic kidney disease","Unknown","European/Caucasian","37628640",1,0,0,0,2,2,2,2,0,0,0,0,0,0,0,2,2,0,0,1,1,0,0,0,1,1,"Complete coverage",0,0,0.5,0.5,0,0,0,0.5
"OLI1706","N.A.","Rare pervasive developmental disorder","Unknown","Tunisian","38025430",0,1,0,1,1,1,0,1,1,1,1,1,1,0,0,2,2,0,2,0,1,1,0,0,0,1,"Complete coverage",0,1,0,0.5,0.5,0,0,0
"OLI1707","N.A.","Rare pervasive developmental disorder","Unknown","Qatari","38025430",0,1,0,1,0,0,0,0,1,1,1,0,0,0,0,2,2,0,1,1,1,1,0,0,0,1,"Complete coverage",0,0.5,0.5,0.5,0.5,0,0,0
"OLI1708","N.A.","Autism Spectrum Disorder,Lung disease,Global developmental delay","Unknown","Qatari","38025430",0,1,0,1,0,0,0,0,1,1,1,0,0,0,0,2,2,1,0,1,1,1,0,0,0,1,"Complete coverage",0.5,0,0.5,0.5,0.5,0,0,0
"OLI1709","N.A.","Rare pervasive developmental disorder","Unknown","Qatari","38025430",0,1,0,1,0,0,0,0,1,1,1,0,0,0,0,2,2,0,2,0,0,1,0,1,0,1,"Complete coverage",0,1,0,0,0.5,0,0.5,0
"OLI1710","N.A.","Rare pervasive developmental disorder","Unknown","Sudanese","38025430",0,1,0,1,0,0,0,0,1,1,1,0,0,0,0,4,4,1,2,0,1,2,0,0,1,1,"Complete coverage",0.25,0.5,0,0.25,0.5,0,0,0.25
"OLI1711","240500; 615577; 613493; 607594; 613496; 614699; 146830; 616576; 613495; 613494","Common variable immunodeficiency","Unknown","East Asian","38028622",2,1,0,1,0,0,2,2,1,0,1,0,2,0,2,2,2,0,2,0,0,2,0,0,0,1,"Complete coverage",0,1,0,0,1,0,0,0
"OLI1712","240500; 615577; 613493; 607594; 613496; 614699; 146830; 616576; 613495; 613494","Common variable immunodeficiency","Unknown","East Asian","38028622",0,1,0,1,0,0,2,2,1,1,1,0,2,0,1,3,3,1,2,0,1,1,0,1,0,1,"Complete coverage",0.333333333333333,0.666666666666667,0,0.333333333333333,0.333333333333333,0,0.333333333333333,0
"OLI1713","240500; 615577; 613493; 607594; 613496; 614699; 146830; 616576; 613495; 613494","Common variable immunodeficiency","Unknown","East Asian","38028622",1,1,0,1,0,0,0,0,1,1,1,0,0,0,0,3,3,0,3,0,0,0,2,0,1,1,"Complete coverage",0,1,0,0,0,0.666666666666667,0,0.333333333333333
"OLI1714","240500; 615577; 613493; 607594; 613496; 614699; 146830; 616576; 613495; 613494","Common variable immunodeficiency","Unknown","East Asian","38028622",2,1,0,1,0,0,0,0,1,1,1,0,0,0,0,2,2,0,1,1,0,0,2,0,0,1,"Complete coverage",0,0.5,0.5,0,0,1,0,0
"OLI1715","240500; 615577; 613493; 607594; 613496; 614699; 146830; 616576; 613495; 613494","Common variable immunodeficiency","Unknown","East Asian","38028622",2,1,0,1,0,0,2,2,1,1,1,0,2,0,2,2,2,0,0,0,0,0,0,0,2,1,"Complete coverage",0,0,0,0,0,0,0,1
"OLI1716","240500; 615577; 613493; 607594; 613496; 614699; 146830; 616576; 613495; 613494","Common variable immunodeficiency","Unknown","East Asian","38028622",0,1,0,1,0,0,2,2,1,1,1,0,2,0,1,3,3,1,2,0,0,0,0,1,2,1,"Complete coverage",0.333333333333333,0.666666666666667,0,0,0,0,0.333333333333333,0.666666666666667
"OLI1717","240500; 615577; 613493; 607594; 613496; 614699; 146830; 616576; 613495; 613494","Common variable immunodeficiency","Unknown","East Asian","38028622",2,1,0,1,0,0,2,2,1,1,1,0,2,0,2,2,2,0,1,1,0,0,2,0,0,1,"Complete coverage",0,0.5,0.5,0,0,1,0,0
"OLI1718","240500; 615577; 613493; 607594; 613496; 614699; 146830; 616576; 613495; 613494","Common variable immunodeficiency","Unknown","East Asian","38028622",2,1,0,1,0,0,0,0,1,1,1,0,0,0,0,2,2,0,0,2,0,1,1,0,0,1,"Complete coverage",0,0,1,0,0.5,0.5,0,0
"OLI1719","240500; 615577; 613493; 607594; 613496; 614699; 146830; 616576; 613495; 613494","Common variable immunodeficiency","Unknown","East Asian","38028622",1,1,0,1,0,0,0,0,1,1,1,0,0,0,0,3,3,0,3,0,0,0,2,0,1,1,"Complete coverage",0,1,0,0,0,0.666666666666667,0,0.333333333333333
"OLI1720","240500; 615577; 613493; 607594; 613496; 614699; 146830; 616576; 613495; 613494","Common variable immunodeficiency","Unknown","East Asian","38028622",0,1,0,1,0,0,0,0,1,0,1,0,0,0,0,5,5,1,2,1,2,0,1,2,0,1,"Complete coverage",0.2,0.4,0.2,0.4,0,0.2,0.4,0
"OLI1721","616329; 616511; 125851; 600496; 125850; 612225; 606394; 606391; 610508; 613375; 613370; 609812; 606392","MODY","Unknown","European/Caucasian","37730861",0,0,0,0,0,1,0,1,0,1,1,0,1,0,0,2,1,0,1,0,0,0,0,1,0,0.5,"Partial coverage",0,1,0,0,0,0,1,0
"OLI1722","614324; 618723; 300510; 618078; 618117; 233300","Primary ovarian failure","Unknown","East Asian","36793102",0,1,0,1,1,1,0,1,0,1,1,0,1,0,0,3,3,1,2,0,2,0,0,1,0,1,"Complete coverage",0.333333333333333,0.666666666666667,0,0.666666666666667,0,0,0.333333333333333,0
"OLI1723","614324; 618723; 300510; 618078; 618117; 233300","Primary ovarian failure","Unknown","East Asian","36793102",0,1,0,1,2,2,2,2,0,1,1,0,2,0,1,2,2,1,1,0,1,0,0,1,0,1,"Complete coverage",0.5,0.5,0,0.5,0,0,0.5,0
"OLI1724","614324; 618723; 300510; 618078; 618117; 233300","Primary ovarian failure","Unknown","East Asian","36793102",0,1,0,1,1,1,0,1,0,1,1,0,1,0,0,3,3,2,0,1,2,0,0,1,0,1,"Complete coverage",0.666666666666667,0,0.333333333333333,0.666666666666667,0,0,0.333333333333333,0
"OLI1725","614324; 618723; 300510; 618078; 618117; 233300","Primary ovarian failure","Unknown","East Asian","36793102",0,1,0,1,1,1,0,1,0,1,1,0,1,0,0,2,2,1,1,0,2,0,0,0,0,1,"Complete coverage",0.5,0.5,0,1,0,0,0,0
"OLI1726","614324; 618723; 300510; 618078; 618117; 233300","Primary ovarian failure","Unknown","East Asian","36793102",0,1,0,1,1,1,0,1,0,1,1,0,1,0,0,2,2,2,0,0,2,0,0,0,0,1,"Complete coverage",1,0,0,1,0,0,0,0
"OLI1727","614324; 618723; 300510; 618078; 618117; 233300","Primary ovarian failure","Unknown","East Asian","36793102",0,1,0,1,1,1,0,1,0,1,1,0,1,0,0,2,2,1,0,1,2,0,0,0,0,1,"Complete coverage",0.5,0,0.5,1,0,0,0,0
"OLI1728","614324; 618723; 300510; 618078; 618117; 233300","Primary ovarian failure","Unknown","East Asian","36793102",0,1,0,1,1,1,0,1,0,1,1,0,1,0,0,2,2,2,0,0,1,0,1,0,0,1,"Complete coverage",1,0,0,0.5,0,0.5,0,0
"OLI1729","614324; 618723; 300510; 618078; 618117; 233300","Primary ovarian failure","Unknown","East Asian","36793102",0,1,0,1,1,1,0,1,0,1,1,0,1,0,0,2,2,1,1,0,1,1,0,0,0,1,"Complete coverage",0.5,0.5,0,0.5,0.5,0,0,0
"OLI1730","614324; 618723; 300510; 618078; 618117; 233300","Primary ovarian failure","Unknown","East Asian","36793102",0,1,0,1,1,1,0,1,0,1,1,0,1,0,0,4,4,1,3,0,2,1,1,0,0,1,"Complete coverage",0.25,0.75,0,0.5,0.25,0.25,0,0
"OLI1731","N.A.","Leukodystrophy","Unknown","Unknown","37171481",0,0,0,0,2,2,2,2,0,1,1,0,2,0,0,2,2,2,0,0,0,0,0,2,0,1,"Complete coverage",1,0,0,0,0,0,1,0
"OLI1732","N.A.","Distal myopathy","Unknown","European","38016875",0,1,1,1,2,2,0,2,3,1,3,3,3,1,1,2,1,0,0,1,0,0,1,0,0,0.5,"Partial coverage",0,0,1,0,0,1,0,0
"OLI1733","104510; 104530; 301200; 104500; 616221; 613211; 204700; 130900; 614832; 617217; 301201; 204650; 615887; 612529; 616270","Amelogenesis imperfecta","Unknown","Unknown","37228816",0,1,0,1,1,1,0,1,0,0,0,0,0,0,0,2,1,1,0,0,1,0,0,0,0,0.5,"Partial coverage",1,0,0,1,0,0,0,0
"OLI1734","104510; 104530; 301200; 104500; 616221; 613211; 204700; 130900; 614832; 617217; 301201; 204650; 615887; 612529; 616270","Amelogenesis imperfecta","Unknown","Unknown","37228816",0,1,0,1,1,1,0,1,0,1,1,0,1,0,0,2,1,1,0,0,1,0,0,0,0,0.5,"Partial coverage",1,0,0,1,0,0,0,0
"OLI1735","104510; 104530; 301200; 104500; 616221; 613211; 204700; 130900; 614832; 617217; 301201; 204650; 615887; 612529; 616270","Amelogenesis imperfecta","Unknown","Unknown","37228816",0,1,0,1,1,1,0,1,0,1,1,0,1,0,0,3,2,0,1,1,0,0,0,2,0,0.666666666666667,"Partial coverage",0,0.5,0.5,0,0,0,1,0
"OLI1736","104510; 104530; 301200; 104500; 616221; 613211; 204700; 130900; 614832; 617217; 301201; 204650; 615887; 612529; 616270","Amelogenesis imperfecta","Unknown","Unknown","37228816",0,1,1,1,1,1,0,1,0,1,1,0,1,0,0,2,2,0,1,1,0,0,0,2,0,1,"Complete coverage",0,0.5,0.5,0,0,0,1,0
"OLI1737","104510; 104530; 301200; 104500; 616221; 613211; 204700; 130900; 614832; 617217; 301201; 204650; 615887; 612529; 616270","Amelogenesis imperfecta","Unknown","Unknown","37228816",0,1,0,1,1,1,0,1,0,1,1,0,1,0,0,2,1,1,0,0,0,0,0,1,0,0.5,"Partial coverage",1,0,0,0,0,0,1,0
"OLI1738","212065","Isolated constitutional thrombocytopenia,PMM2-CDG","Unknown","Unknown","37577973",0,0,0,0,1,1,0,1,0,0,0,0,0,0,0,3,3,2,0,1,2,0,1,0,0,1,"Complete coverage",0.666666666666667,0,0.333333333333333,0.666666666666667,0,0.333333333333333,0,0
"OLI1739","615909; 618312; 610629; 105650; 300946; 620072; 606129; 612561; 612562; 617408; 613308; 618313; 612527; 612563; 613309; 606164; 612528; 614900; 617409; 615550; 618310","Diamond-Blackfan anemia","True Digenic","Unknown","37897121",2,0,0,0,2,2,2,2,2,0,2,2,2,2,2,2,2,0,0,1,0,0,1,0,1,1,"Complete coverage",0,0,0.5,0,0,0.5,0,0.5
"OLI1740","N.A.","Sudden infant death syndrome","True Digenic","Mixed","37482595",2,1,0,1,1,1,1,1,1,1,1,1,1,1,1,2,2,0,2,0,0,0,0,1,1,1,"Complete coverage",0,1,0,0,0,0,0.5,0.5
"OLI1741","615219; 236600","Congenital hydrocephalus","Unknown","Moroccan","36859317",0,2,0,2,2,2,0,2,2,1,2,2,2,2,2,2,2,1,1,0,0,1,1,0,0,1,"Complete coverage",0.5,0.5,0,0,0.5,0.5,0,0
"OLI1742","109730; 614823","Familial bicuspid aortic valve","Unknown","Unknown","36855159",0,0,0,0,2,2,0,2,1,1,1,2,2,0,0,2,2,0,1,1,0,0,1,1,0,1,"Complete coverage",0,0.5,0.5,0,0,0.5,0.5,0
"OLI1743","109730; 614823","Familial bicuspid aortic valve","Unknown","Unknown","36855159",0,0,0,0,2,2,0,2,1,0,1,2,2,0,0,2,2,0,1,1,0,2,0,0,0,1,"Complete coverage",0,0.5,0.5,0,1,0,0,0
"OLI1744","109730; 614823","Familial bicuspid aortic valve","Unknown","Unknown","36855159",0,0,0,0,1,1,2,2,1,1,1,1,2,0,0,2,2,0,2,0,0,2,0,0,0,1,"Complete coverage",0,1,0,0,1,0,0,0
"OLI1745","N.A.","46,XY disorder of sex development","Unknown","European/Caucasian","37432935",0,1,0,1,1,1,0,1,0,1,1,0,1,0,0,3,0,0,0,0,0,0,0,0,0,0,"No coverage",NA,NA,NA,NA,NA,NA,NA,NA
"OLI1746","N.A.","46,XY disorder of sex development","Unknown","African","37432935",0,1,0,1,1,1,0,1,1,1,1,1,1,0,0,4,4,2,2,0,0,0,3,1,0,1,"Complete coverage",0.5,0.5,0,0,0,0.75,0.25,0
"OLI1747","N.A.","46,XY disorder of sex development","Unknown","African","37432935",0,1,0,1,1,1,0,1,0,1,1,0,1,0,0,2,2,1,0,0,0,0,1,1,0,1,"Complete coverage",0.5,0,0,0,0,0.5,0.5,0
"OLI1748","N.A.","46,XY disorder of sex development","Unknown","Asian","37432935",0,1,0,1,0,0,0,0,0,0,0,0,0,0,0,4,4,0,0,3,0,1,0,0,3,1,"Complete coverage",0,0,0.75,0,0.25,0,0,0.75
"OLI1749","N.A.","46,XY disorder of sex development","Unknown","European/Caucasian","37432935",0,1,0,1,1,1,0,1,2,0,2,2,2,1,1,2,2,0,0,1,0,0,0,0,2,1,"Complete coverage",0,0,0.5,0,0,0,0,1
"OLI1750","N.A.","Autoinflammatory syndrome","Unknown","European/Caucasian","37928541",0,2,0,2,2,2,0,2,0,0,0,0,0,0,0,2,2,0,1,1,0,0,1,1,0,1,"Complete coverage",0,0.5,0.5,0,0,0.5,0.5,0
"OLI1751","N.A.","Autoinflammatory syndrome","Unknown","European/Caucasian","37928541",0,2,0,2,2,2,0,2,0,0,0,0,0,0,0,3,2,1,0,1,0,1,1,0,0,0.666666666666667,"Partial coverage",0.5,0,0.5,0,0.5,0.5,0,0
"OLI1752","N.A.","Autoinflammatory syndrome","Unknown","European/Caucasian","37928541",0,2,1,2,2,2,0,2,0,0,0,0,0,0,0,2,2,0,1,1,0,0,1,1,0,1,"Complete coverage",0,0.5,0.5,0,0,0.5,0.5,0
"OLI1753","N.A.","Autoinflammatory syndrome","Unknown","European/Caucasian","37928541",0,2,0,2,2,2,0,2,0,0,0,0,0,0,0,2,2,0,1,1,0,1,1,0,0,1,"Complete coverage",0,0.5,0.5,0,0.5,0.5,0,0
"OLI1754","N.A.","Autoinflammatory syndrome","Unknown","European/Caucasian","37928541",0,2,0,2,2,2,0,2,0,0,0,0,0,0,0,4,4,0,2,2,0,2,1,1,0,1,"Complete coverage",0,0.5,0.5,0,0.5,0.25,0.25,0
"OLI1755","N.A.","Autoinflammatory syndrome","Unknown","European/Caucasian","37928541",0,2,0,2,2,2,0,2,0,0,0,0,0,0,0,3,2,0,1,1,1,0,1,0,0,0.666666666666667,"Partial coverage",0,0.5,0.5,0.5,0,0.5,0,0
"OLI1756","N.A.","Autoinflammatory syndrome","Unknown","European/Caucasian","37928541",0,2,0,2,2,2,0,2,0,0,0,0,0,0,0,3,3,0,1,2,0,0,2,1,0,1,"Complete coverage",0,0.333333333333333,0.666666666666667,0,0,0.666666666666667,0.333333333333333,0
"OLI1757","N.A.","Autoinflammatory syndrome","Unknown","European/Caucasian","37928541",0,2,0,2,2,2,0,2,0,0,0,0,0,0,0,4,4,0,1,3,0,0,4,0,0,1,"Complete coverage",0,0.25,0.75,0,0,1,0,0
"OLI1758","N.A.","Autoinflammatory syndrome","Unknown","European/Caucasian","37928541",0,2,0,2,2,2,0,2,0,1,1,0,2,0,2,3,3,0,2,1,1,0,2,0,0,1,"Complete coverage",0,0.666666666666667,0.333333333333333,0.333333333333333,0,0.666666666666667,0,0
"OLI1759","N.A.","Autoinflammatory syndrome","Unknown","European/Caucasian","37928541",0,2,0,2,2,2,0,2,0,1,1,0,2,0,2,3,2,0,1,1,0,2,0,0,0,0.666666666666667,"Partial coverage",0,0.5,0.5,0,1,0,0,0
"OLI1760","N.A.","Autoinflammatory syndrome","Unknown","European/Caucasian","37928541",0,2,0,2,2,2,0,2,0,1,1,0,2,0,2,2,1,0,0,0,1,0,0,0,0,0.5,"Partial coverage",0,0,0,1,0,0,0,0
"OLI1761","N.A.","Autoinflammatory syndrome","Unknown","European/Caucasian","37928541",0,2,1,2,2,2,0,2,0,1,1,0,2,0,2,2,2,0,2,0,0,0,2,0,0,1,"Complete coverage",0,1,0,0,0,1,0,0
"OLI1762","N.A.","Autoinflammatory syndrome","Unknown","European/Caucasian","37928541",0,2,0,2,2,2,0,2,0,0,0,0,0,0,0,3,3,0,2,1,0,0,3,0,0,1,"Complete coverage",0,0.666666666666667,0.333333333333333,0,0,1,0,0
"OLI1763","N.A.","Autoinflammatory syndrome","Unknown","European/Caucasian","37928541",0,2,0,2,2,2,0,2,0,0,0,0,0,0,0,2,2,0,1,1,0,0,2,0,0,1,"Complete coverage",0,0.5,0.5,0,0,1,0,0
"OLI1764","N.A.","Autoinflammatory syndrome","Unknown","European/Caucasian","37928541",0,2,0,2,2,2,0,2,0,0,0,0,0,0,0,2,2,0,1,1,0,0,1,0,1,1,"Complete coverage",0,0.5,0.5,0,0,0.5,0,0.5
"OLI1765","N.A.","Autoinflammatory syndrome","Unknown","European/Caucasian","37928541",0,2,0,2,2,2,0,2,0,0,0,0,0,0,0,3,3,0,2,1,0,0,2,1,0,1,"Complete coverage",0,0.666666666666667,0.333333333333333,0,0,0.666666666666667,0.333333333333333,0
"OLI1766","N.A.","Autoinflammatory syndrome","Unknown","European/Caucasian","37928541",0,2,1,2,2,2,0,2,0,1,1,0,2,0,2,2,2,0,2,0,0,0,1,1,0,1,"Complete coverage",0,1,0,0,0,0.5,0.5,0
"OLI1767","N.A.","Autoinflammatory syndrome","Unknown","European/Caucasian","37928541",0,2,0,2,2,2,0,2,0,0,0,0,0,0,0,3,2,0,1,1,0,0,2,0,0,0.666666666666667,"Partial coverage",0,0.5,0.5,0,0,1,0,0
"OLI1768","N.A.","Autoinflammatory syndrome","Unknown","European/Caucasian","37928541",0,2,0,2,2,2,0,2,0,0,0,0,0,0,0,3,2,0,1,1,0,0,2,0,0,0.666666666666667,"Partial coverage",0,0.5,0.5,0,0,1,0,0
"OLI1769","N.A.","Autoinflammatory syndrome","Unknown","European/Caucasian","37928541",0,2,0,2,2,2,0,2,2,0,2,2,2,2,2,2,2,0,1,1,0,0,2,0,0,1,"Complete coverage",0,0.5,0.5,0,0,1,0,0
"OLI1770","N.A.","Autoinflammatory syndrome","Unknown","European/Caucasian","37928541",0,2,0,2,2,2,0,2,0,0,0,0,0,0,0,3,3,0,2,1,0,0,3,0,0,1,"Complete coverage",0,0.666666666666667,0.333333333333333,0,0,1,0,0
"OLI1771","N.A.","Autoinflammatory syndrome","Unknown","European/Caucasian","37928541",0,2,0,0,2,2,0,2,0,0,0,0,0,0,0,2,1,0,0,1,0,0,1,0,0,0.5,"Partial coverage",0,0,1,0,0,1,0,0
"OLI1772","N.A.","Autoinflammatory syndrome","Unknown","European/Caucasian","37928541",0,2,0,0,2,2,0,2,0,0,0,0,0,0,0,3,3,0,2,1,0,0,3,0,0,1,"Complete coverage",0,0.666666666666667,0.333333333333333,0,0,1,0,0
"OLI1773","N.A.","Autoinflammatory syndrome","Unknown","European/Caucasian","37928541",0,2,0,2,2,2,0,2,0,0,0,0,0,0,0,3,2,0,1,1,0,0,1,0,1,0.666666666666667,"Partial coverage",0,0.5,0.5,0,0,0.5,0,0.5
"OLI1774","N.A.","Autoinflammatory syndrome","Unknown","European/Caucasian","37928541",0,2,0,2,2,2,0,2,0,0,0,0,0,0,0,3,3,0,2,1,0,0,2,0,1,1,"Complete coverage",0,0.666666666666667,0.333333333333333,0,0,0.666666666666667,0,0.333333333333333
"OLI1775","N.A.","Autoinflammatory syndrome","Unknown","European/Caucasian","37928541",0,2,1,2,2,2,0,2,0,1,1,0,2,0,2,3,3,0,2,1,0,0,2,0,1,1,"Complete coverage",0,0.666666666666667,0.333333333333333,0,0,0.666666666666667,0,0.333333333333333
"OLI1776","N.A.","Autoinflammatory syndrome","Unknown","European/Caucasian","37928541",0,2,0,2,2,2,0,2,0,0,0,0,0,0,0,5,5,0,3,2,0,2,2,1,0,1,"Complete coverage",0,0.6,0.4,0,0.4,0.4,0.2,0
"OLI1777","N.A.","Autoinflammatory syndrome","Unknown","European/Caucasian","37928541",0,2,0,2,2,2,0,2,0,0,0,0,0,0,0,3,3,0,2,1,0,1,2,0,0,1,"Complete coverage",0,0.666666666666667,0.333333333333333,0,0.333333333333333,0.666666666666667,0,0
"OLI1778","N.A.","Autoinflammatory syndrome","Unknown","European/Caucasian","37928541",0,2,0,2,2,2,0,2,0,0,0,0,0,0,0,4,4,0,2,2,0,0,4,0,0,1,"Complete coverage",0,0.5,0.5,0,0,1,0,0
"OLI1779","N.A.","Autoinflammatory syndrome","Unknown","European/Caucasian","37928541",0,2,0,0,2,2,0,2,0,0,0,0,0,0,0,4,4,0,3,1,0,0,4,0,0,1,"Complete coverage",0,0.75,0.25,0,0,1,0,0
"OLI1780","N.A.","Autoinflammatory syndrome","Unknown","European/Caucasian","37928541",0,2,0,2,2,2,0,2,0,0,0,0,0,0,0,4,4,0,3,1,0,0,3,1,0,1,"Complete coverage",0,0.75,0.25,0,0,0.75,0.25,0
"OLI1781","N.A.","Autoinflammatory syndrome","Unknown","European/Caucasian","37928541",0,2,0,2,2,2,0,2,0,0,0,0,0,0,0,3,3,1,1,1,0,1,2,0,0,1,"Complete coverage",0.333333333333333,0.333333333333333,0.333333333333333,0,0.333333333333333,0.666666666666667,0,0
"OLI1782","N.A.","Autoinflammatory syndrome","Unknown","European/Caucasian","37928541",0,2,0,2,2,2,0,2,0,0,0,0,0,0,0,3,3,0,2,1,0,0,3,0,0,1,"Complete coverage",0,0.666666666666667,0.333333333333333,0,0,1,0,0
"OLI1783","N.A.","Autoinflammatory syndrome","Unknown","European/Caucasian","37928541",0,2,0,2,2,2,0,2,0,1,1,0,2,0,2,3,3,0,3,0,1,0,1,0,1,1,"Complete coverage",0,1,0,0.333333333333333,0,0.333333333333333,0,0.333333333333333
"OLI1784","N.A.","Autoinflammatory syndrome","Unknown","European/Caucasian","37928541",0,2,0,2,2,2,0,2,0,1,1,0,2,0,2,3,3,0,2,1,0,1,1,0,1,1,"Complete coverage",0,0.666666666666667,0.333333333333333,0,0.333333333333333,0.333333333333333,0,0.333333333333333
"OLI1785","N.A.","Autoinflammatory syndrome","Unknown","European/Caucasian","37928541",0,2,0,2,2,2,0,2,0,0,0,0,0,0,0,3,3,0,2,1,0,0,2,0,1,1,"Complete coverage",0,0.666666666666667,0.333333333333333,0,0,0.666666666666667,0,0.333333333333333
"OLI1786","N.A.","Autoinflammatory syndrome","Unknown","European/Caucasian","37928541",0,2,0,2,2,2,0,2,0,0,0,0,0,0,0,4,4,0,3,1,1,0,3,0,0,1,"Complete coverage",0,0.75,0.25,0.25,0,0.75,0,0
"OLI1787","N.A.","Autoinflammatory syndrome","Unknown","European/Caucasian","37928541",0,2,0,2,2,2,0,2,0,0,0,0,0,0,0,3,3,0,2,1,1,0,2,0,0,1,"Complete coverage",0,0.666666666666667,0.333333333333333,0.333333333333333,0,0.666666666666667,0,0
"OLI1788","N.A.","Autoinflammatory syndrome","Unknown","European/Caucasian","37928541",0,2,1,2,2,2,0,2,0,0,0,0,0,0,0,4,3,0,2,1,0,0,2,0,1,0.75,"Partial coverage",0,0.666666666666667,0.333333333333333,0,0,0.666666666666667,0,0.333333333333333
"OLI1789","N.A.","Autoinflammatory syndrome","Unknown","European/Caucasian","37928541",0,2,0,2,2,2,0,2,0,0,0,0,0,0,0,6,5,0,3,2,0,2,2,1,0,0.833333333333333,"Partial coverage",0,0.6,0.4,0,0.4,0.4,0.2,0
"OLI1790","300554; 300009; 300555; 308990; 310468","Dent disease","Unknown","Unknown","37432176",0,1,0,1,3,3,0,3,3,0,3,3,3,1,1,2,2,1,0,0,1,0,0,0,1,1,"Complete coverage",0.5,0,0,0.5,0,0,0,0.5
"OLI1791","300554; 300009; 300555; 308990; 310468","Dent disease","Unknown","Unknown","37432176",0,1,0,1,3,3,0,3,3,0,3,3,3,1,1,2,2,1,0,0,1,0,0,0,1,1,"Complete coverage",0.5,0,0,0.5,0,0,0,0.5
"OLI1792","300554; 300009; 300555; 308990; 310468","Dent disease","Unknown","Unknown","37432176",0,1,0,1,3,3,0,3,3,1,3,3,3,1,1,2,2,1,1,0,1,0,1,0,0,1,"Complete coverage",0.5,0.5,0,0.5,0,0.5,0,0
"OLI1793","N.A.","Severe congenital neutropenia","Unknown","Unknown","37193639",0,0,0,0,0,0,0,0,0,1,1,0,0,0,0,2,2,0,1,1,1,0,0,1,0,1,"Complete coverage",0,0.5,0.5,0.5,0,0,0.5,0
"OLI1794","N.A.","NON RARE IN EUROPE: Familial isolated hypertrophic cardiomyopathy","Monogenic+Modifier","South Asian","25607779",0,1,0,1,1,1,2,2,1,1,1,1,2,0,1,3,3,2,0,0,3,0,0,0,0,1,"Complete coverage",0.666666666666667,0,0,1,0,0,0,0
"OLI1795","164210","Goldenhar syndrome","True Digenic","East Asian","37507637",2,1,0,1,2,2,0,2,1,1,1,2,2,2,2,2,2,1,1,0,0,0,0,2,0,1,"Complete coverage",0.5,0.5,0,0,0,0,1,0
"OLI1796","608696; 231300; 608695; 137750; 611274; 610535","Juvenile glaucoma","Unknown","Indian","37090837",1,0,1,1,2,2,0,2,1,0,1,2,2,1,1,2,2,1,0,1,1,0,1,0,0,1,"Complete coverage",0.5,0,0.5,0.5,0,0.5,0,0
"OLI1797","N.A.","Dilated cardiomyopathy","Unknown","European/Caucasian","36971006",1,0,0,0,1,1,0,1,0,1,1,0,1,0,0,2,2,1,0,1,2,0,0,0,0,1,"Complete coverage",0.5,0,0.5,1,0,0,0,0
"OLI1798","N.A.","Dilated cardiomyopathy","Unknown","European/Caucasian","36971006",0,0,0,0,1,1,0,1,0,1,1,0,1,0,0,2,2,1,0,1,2,0,0,0,0,1,"Complete coverage",0.5,0,0.5,1,0,0,0,0
"OLI1799","N.A.","Dilated cardiomyopathy","Unknown","European/Caucasian","36971006",0,0,0,0,1,1,0,1,0,1,1,0,1,0,0,2,2,1,1,0,0,1,0,1,0,1,"Complete coverage",0.5,0.5,0,0,0.5,0,0.5,0
"OLI1800","N.A.","Dilated cardiomyopathy","Unknown","European/Caucasian","36971006",0,0,1,1,0,0,0,0,0,1,1,0,0,0,0,2,2,1,0,1,1,0,0,1,0,1,"Complete coverage",0.5,0,0.5,0.5,0,0,0.5,0
"OLI1801","N.A.","Congenital hypogonadotropic hypogonadism","Monogenic+Modifier","Unknown","37372384",2,0,0,0,2,2,0,2,2,1,2,2,2,2,2,2,1,0,0,0,1,0,0,0,0,0.5,"Partial coverage",0,0,0,1,0,0,0,0
"OLI1802","614435; 241550","Hypoplastic left heart syndrome","Unknown","Unknown","36580305",2,1,0,1,2,2,2,2,1,1,1,2,2,2,2,2,2,1,1,0,0,1,0,1,0,1,"Complete coverage",0.5,0.5,0,0,0.5,0,0.5,0
"OLI1803","614435; 241550","Hypoplastic left heart syndrome","Unknown","Unknown","36580305",1,1,0,1,2,2,2,2,1,1,1,2,2,1,1,2,2,1,0,0,1,0,0,1,0,1,"Complete coverage",0.5,0,0,0.5,0,0,0.5,0
"OLI1804","N.A.","Congenital hypothyroidism","Unknown","East Asian","37390946",0,0,1,1,0,2,2,2,0,1,1,0,2,0,1,2,2,1,0,0,2,0,0,0,0,1,"Complete coverage",0.5,0,0,1,0,0,0,0
"OLI1805","N.A.","Congenital hypothyroidism","Unknown","East Asian","37390946",0,0,0,0,0,1,2,2,0,1,1,0,2,0,0,3,3,1,0,2,3,0,0,0,0,1,"Complete coverage",0.333333333333333,0,0.666666666666667,1,0,0,0,0
"OLI1806","N.A.","Congenital hypothyroidism","Unknown","East Asian","37390946",0,0,0,0,0,2,2,2,0,1,1,0,2,0,0,1,0,0,0,0,0,0,0,0,0,0,"No coverage",NA,NA,NA,NA,NA,NA,NA,NA
"OLI1807","N.A.","Congenital hypothyroidism","Unknown","East Asian","37390946",0,0,0,0,0,2,2,2,0,1,1,0,2,0,0,4,4,1,3,0,1,2,0,1,0,1,"Complete coverage",0.25,0.75,0,0.25,0.5,0,0.25,0
"OLI1808","N.A.","Congenital hypothyroidism","Unknown","East Asian","37390946",0,0,0,0,0,2,2,2,0,1,1,0,2,0,0,2,2,1,1,0,0,1,0,0,1,1,"Complete coverage",0.5,0.5,0,0,0.5,0,0,0.5
"OLI1809","N.A.","Congenital hypothyroidism","Unknown","East Asian","37390946",0,0,0,0,0,0,0,0,0,0,0,0,0,0,0,2,2,0,0,2,0,0,0,2,0,1,"Complete coverage",0,0,1,0,0,0,1,0
