"Allele_ID","OLIDA_ID","Oligogenic_Effect","Disease","n_olida_variant_ids","has_franklin_match","has_sensitivity_franklin_match","Franklin_match_method","Gene_concordant","Aggregated_Prediction","Genoox_Classification","Franklin_simple"
"10:100786944:T:TG","OLI239","Monogenic+Modifier","Renal hypoplasia",1,TRUE,TRUE,"unique_exact_genomic_allele",TRUE,"Benign","LIKELY_PATHOGENIC","P/LP"
"10:100989211:G:A","OLI131","Unknown","Progressive external ophthalmoplegia",1,TRUE,TRUE,"unique_exact_genomic_allele",TRUE,"Deleterious","PATHOGENIC","P/LP"
"10:100989352:T:C","OLI114","Unknown","Progressive external ophthalmoplegia",1,TRUE,TRUE,"unique_exact_genomic_allele",TRUE,"Deleterious","PATHOGENIC","P/LP"
"10:101010685:GGGGGTGTGCA:G","OLI122","Unknown","Usher syndrome type 2",1,TRUE,TRUE,"unique_exact_genomic_allele",TRUE,"","PATHOGENIC","P/LP"
"10:101012260:T:C","OLI121","Unknown","Usher syndrome type 2",1,TRUE,TRUE,"unique_exact_genomic_allele",TRUE,"Deleterious","PATHOGENIC","P/LP"
"10:101016407:G:A","OLI552","Unknown","Retinitis pigmentosa",1,TRUE,TRUE,"unique_exact_genomic_allele",TRUE,"","PATHOGENIC","P/LP"
"10:101030053:C:CG","OLI120","Monogenic+Modifier","Usher syndrome type 2",1,TRUE,TRUE,"unique_exact_genomic_allele",TRUE,"Benign","PATHOGENIC","P/LP"
"10:101030142:GGA:G","OLI254","True Digenic","Non-syndromic genetic deafness",1,TRUE,TRUE,"unique_exact_genomic_allele",TRUE,"Benign","LIKELY_PATHOGENIC","P/LP"
"10:101770613:C:T","OLI779","Unknown","Kallmann syndrome",1,TRUE,TRUE,"unique_exact_genomic_allele",TRUE,"Deleterious","POSSIBLY_PATHOGENIC_MODERATE","Possibly pathogenic"
"10:101771521:C:T","OLI1303","Unknown","Kallmann syndrome",1,TRUE,TRUE,"unique_exact_genomic_allele",TRUE,"Uncertain","POSSIBLY_PATHOGENIC_MODERATE","Possibly pathogenic"
"10:101774771:T:C","OLI197","Unknown","Normosmic congenital hypogonadotropic hypogonadism",1,TRUE,TRUE,"unique_exact_genomic_allele",TRUE,"Deleterious","LIKELY_PATHOGENIC","P/LP"
"10:101774912:ACAGTTAC:AC","OLI1424","Unknown","Hypogonadotropic hypogonadism with absent puberty phenotype",1,FALSE,FALSE,NA,NA,NA,NA,NA
"10:101775168:A:G","OLI397","Unknown","Normosmic congenital hypogonadotropic hypogonadism",1,TRUE,TRUE,"unique_exact_genomic_allele",TRUE,"Uncertain","POSSIBLY_PATHOGENIC_MODERATE","Possibly pathogenic"
"10:101775168:A:G","OLI409","Unknown","Kallmann syndrome",1,TRUE,TRUE,"unique_exact_genomic_allele",TRUE,"Uncertain","POSSIBLY_PATHOGENIC_MODERATE","Possibly pathogenic"
"10:101775188:C:A","OLI1286","Unknown","Kallmann syndrome",1,TRUE,TRUE,"unique_exact_genomic_allele",TRUE,"Benign","POSSIBLY_PATHOGENIC_MODERATE","Possibly pathogenic"
"10:101775209:G:A","OLI1599","Unknown","Kallmann syndrome",1,TRUE,TRUE,"unique_exact_genomic_allele",TRUE,"Uncertain","LIKELY_BENIGN","B/LB"
"10:101775741:T:A","OLI410","Unknown","Kallmann syndrome",1,TRUE,TRUE,"unique_exact_genomic_allele",TRUE,"Deleterious","POSSIBLY_PATHOGENIC_MODERATE","Possibly pathogenic"
"10:101775972:T:C","OLI1337","Unknown","Normosmic congenital hypogonadotropic hypogonadism",1,TRUE,TRUE,"unique_exact_genomic_allele",TRUE,"","BENIGN","B/LB"
"10:102615350:G:A","OLI336","Unknown","Isolated Klippel-Feil syndrome",1,TRUE,TRUE,"unique_exact_genomic_allele",TRUE,"Uncertain","POSSIBLY_BENIGN","Possibly benign"
"10:102615408:C:T","OLI337","Unknown","Isolated Klippel-Feil syndrome",1,TRUE,TRUE,"unique_exact_genomic_allele",TRUE,"Benign","LIKELY_BENIGN","B/LB"
"10:102830742:C:T","OLI1237","Unknown","Recurrent implantation failure,Primary infertility",1,TRUE,TRUE,"unique_exact_genomic_allele",TRUE,"Deleterious","LIKELY_PATHOGENIC","P/LP"
"10:104033942:T:TA","OLI1642","Unknown","Amelogenesis imperfecta",1,TRUE,TRUE,"unique_exact_genomic_allele",TRUE,"Deleterious","LIKELY_PATHOGENIC","P/LP"
"10:104034711:G:A","OLI126","True Digenic","Junctional epidermolysis bullosa",1,TRUE,TRUE,"unique_exact_genomic_allele",TRUE,"","PATHOGENIC","P/LP"
"10:104037042:C:G","OLI577","Unknown","Hypodontia",1,TRUE,TRUE,"unique_exact_genomic_allele",TRUE,"Deleterious","UNCERTAIN_SIGNIFICANCE","VUS"
"10:104041526:A:C","OLI126","True Digenic","Junctional epidermolysis bullosa",1,TRUE,TRUE,"unique_exact_genomic_allele",TRUE,"","PATHOGENIC","P/LP"
"10:104060118:C:T","OLI1733","Unknown","Amelogenesis imperfecta",1,TRUE,TRUE,"unique_exact_genomic_allele",TRUE,"Deleterious","LIKELY_PATHOGENIC","P/LP"
"10:104077421:CT:C","OLI443","Dual Molecular Diagnosis","Junctional epidermolysis bullosa; Epidermolysis bullosa simplex",1,TRUE,TRUE,"unique_exact_genomic_allele",TRUE,"Deleterious","LIKELY_PATHOGENIC","P/LP"
"10:110133472:G:C","OLI007","Dual Molecular Diagnosis","Microcephaly-cardiomyopathy syndrome; Genetic steroid-resistant nephrotic syndrome",1,TRUE,TRUE,"unique_exact_genomic_allele",TRUE,"Uncertain","POSSIBLY_PATHOGENIC_LOW","Possibly pathogenic"
"10:110784367:C:T","OLI647","Unknown","Sudden infant death syndrome",1,TRUE,TRUE,"unique_exact_genomic_allele",TRUE,"Uncertain","BENIGN","B/LB"
"10:110812459:C:T","OLI235","Unknown","Dilated cardiomyopathy",1,TRUE,TRUE,"unique_exact_genomic_allele",TRUE,"","PATHOGENIC","P/LP"
"10:117545622:C:T","OLI604","Unknown","Disorder of sex development",1,TRUE,TRUE,"unique_exact_genomic_allele",TRUE,"Benign","UNCERTAIN_SIGNIFICANCE","VUS"
"10:120852592:A:G","OLI854","Unknown","Kallmann syndrome",1,TRUE,TRUE,"unique_exact_genomic_allele",TRUE,"Uncertain","UNCERTAIN_SIGNIFICANCE","VUS"
"10:120860142:G:A","OLI1357","Unknown","Normosmic congenital hypogonadotropic hypogonadism",1,TRUE,TRUE,"unique_exact_genomic_allele",TRUE,"Uncertain","UNCERTAIN_SIGNIFICANCE","VUS"
"10:120866580:G:T","OLI357","Unknown","Kallmann syndrome",1,TRUE,TRUE,"unique_exact_genomic_allele",TRUE,"Benign","UNCERTAIN_SIGNIFICANCE","VUS"
"10:120866749:G:A","OLI1399","Unknown","Hypogonadotropic hypogonadism with absent puberty phenotype",1,TRUE,TRUE,"unique_exact_genomic_allele",TRUE,"Benign","POSSIBLY_PATHOGENIC_LOW","Possibly pathogenic"
"10:120871181:A:G","OLI014","Unknown","Pituitary stalk interruption syndrome",1,TRUE,TRUE,"unique_exact_genomic_allele",TRUE,"Uncertain","BENIGN","B/LB"
"10:120871217:C:T","OLI1595","Unknown","Normosmic congenital hypogonadotropic hypogonadism",1,TRUE,TRUE,"unique_exact_genomic_allele",TRUE,"Uncertain","POSSIBLY_PATHOGENIC_MODERATE","Possibly pathogenic"
"10:120871300:G:A","OLI1168","Unknown","Kallmann syndrome",1,TRUE,TRUE,"unique_exact_genomic_allele",TRUE,"Benign","BENIGN","B/LB"
"10:120878388:C:G","OLI603","Unknown","Disorder of sex development",1,TRUE,TRUE,"unique_exact_genomic_allele",TRUE,"Deleterious","POSSIBLY_PATHOGENIC_MODERATE","Possibly pathogenic"
"10:120878445:T:C","OLI1299","Unknown","Kallmann syndrome",1,TRUE,TRUE,"unique_exact_genomic_allele",TRUE,"Uncertain","POSSIBLY_PATHOGENIC_LOW","Possibly pathogenic"
"10:120889102:A:G","OLI1165","Unknown","Kallmann syndrome",1,TRUE,TRUE,"unique_exact_genomic_allele",TRUE,"Uncertain","UNCERTAIN_SIGNIFICANCE","VUS"
"10:120889971:A:G","OLI1164","Unknown","Kallmann syndrome",1,TRUE,TRUE,"unique_exact_genomic_allele",TRUE,"Uncertain","LIKELY_BENIGN","B/LB"
"10:120904077:G:A","OLI1263","Unknown","Normosmic congenital hypogonadotropic hypogonadism",1,TRUE,TRUE,"unique_exact_genomic_allele",TRUE,"Deleterious","BENIGN","B/LB"
"10:120905367:G:A","OLI854","Unknown","Kallmann syndrome",1,TRUE,TRUE,"unique_exact_genomic_allele",TRUE,"Deleterious","POSSIBLY_BENIGN","Possibly benign"
"10:120905903:G:A","OLI1270","Unknown","Kallmann syndrome",1,TRUE,TRUE,"unique_exact_genomic_allele",TRUE,"Uncertain","UNCERTAIN_SIGNIFICANCE","VUS"
"10:120906787:T:C","OLI1115","Unknown","Kallmann syndrome",1,TRUE,TRUE,"unique_exact_genomic_allele",TRUE,"Deleterious","POSSIBLY_PATHOGENIC_MODERATE","Possibly pathogenic"
"10:120908609:G:A","OLI602","Unknown","Disorder of sex development",1,TRUE,TRUE,"unique_exact_genomic_allele",TRUE,"Deleterious","UNCERTAIN_SIGNIFICANCE","VUS"
"10:121515272:T:C","OLI1514","Unknown","46,XY disorder of sex development",1,TRUE,TRUE,"unique_exact_genomic_allele",TRUE,"Uncertain","POSSIBLY_PATHOGENIC_MODERATE","Possibly pathogenic"
"10:121593784:C:T","OLI1520","Unknown","46,XY disorder of sex development",1,TRUE,TRUE,"unique_exact_genomic_allele",TRUE,"Uncertain","BENIGN","B/LB"
"10:124402930:G:C","OLI812","Unknown","Recurrent exertional rhabdomyolysis",1,TRUE,TRUE,"unique_exact_genomic_allele",TRUE,"","PATHOGENIC","P/LP"
"10:13110400:T:A","OLI629","Unknown","Amyotrophic lateral sclerosis",1,TRUE,TRUE,"unique_exact_genomic_allele",TRUE,"Uncertain","BENIGN","B/LB"
"10:13110400:T:A","OLI631","Unknown","Amyotrophic lateral sclerosis",1,TRUE,TRUE,"unique_exact_genomic_allele",TRUE,"Uncertain","BENIGN","B/LB"
"10:13112559:G:T","OLI630","Unknown","Amyotrophic lateral sclerosis",1,TRUE,TRUE,"unique_exact_genomic_allele",TRUE,"Uncertain","UNCERTAIN_SIGNIFICANCE","VUS"
"10:13116341:G:T","OLI774","Unknown","Amyotrophic lateral sclerosis",1,TRUE,TRUE,"unique_exact_genomic_allele",TRUE,"Deleterious","LIKELY_PATHOGENIC","P/LP"
"10:13122417:G:A","OLI776","Unknown","Amyotrophic lateral sclerosis",1,TRUE,TRUE,"unique_exact_genomic_allele",TRUE,"Uncertain","POSSIBLY_BENIGN","Possibly benign"
"10:13122422:G:T","OLI1015","Unknown","Amyotrophic lateral sclerosis",1,TRUE,TRUE,"unique_exact_genomic_allele",TRUE,"","LIKELY_PATHOGENIC","P/LP"
"10:13124053:A:T","OLI644","Unknown","Amyotrophic lateral sclerosis",1,TRUE,TRUE,"unique_exact_genomic_allele",TRUE,"Deleterious","POSSIBLY_PATHOGENIC_MODERATE","Possibly pathogenic"
"10:13124076:A:G","OLI561","Unknown","Amyotrophic lateral sclerosis",1,TRUE,TRUE,"unique_exact_genomic_allele",TRUE,"Benign","POSSIBLY_BENIGN","Possibly benign"
"10:13126020:A:C","OLI641","Unknown","Amyotrophic lateral sclerosis; Frontotemporal dementia",1,TRUE,TRUE,"unique_exact_genomic_allele",TRUE,"Uncertain","UNCERTAIN_SIGNIFICANCE","VUS"
"10:13127800:C:T","OLI1699","Unknown","Amyotrophic lateral sclerosis",1,TRUE,TRUE,"unique_exact_genomic_allele",TRUE,"Uncertain","POSSIBLY_PATHOGENIC_LOW","Possibly pathogenic"
"10:13132068:T:G","OLI578","Monogenic+Modifier","Amyotrophic lateral sclerosis; Frontotemporal dementia",1,TRUE,TRUE,"unique_exact_genomic_allele",TRUE,"Uncertain","POSSIBLY_PATHOGENIC_MODERATE","Possibly pathogenic"
"10:13132068:T:G","OLI579","Monogenic+Modifier","Amyotrophic lateral sclerosis; Frontotemporal dementia",1,TRUE,TRUE,"unique_exact_genomic_allele",TRUE,"Uncertain","POSSIBLY_PATHOGENIC_MODERATE","Possibly pathogenic"
"10:13133557:C:A","OLI662","Unknown","Amyotrophic lateral sclerosis",1,TRUE,TRUE,"unique_exact_genomic_allele",TRUE,"Uncertain","POSSIBLY_PATHOGENIC_LOW","Possibly pathogenic"
"10:13136766:G:A","OLI435","Unknown","Amyotrophic lateral sclerosis",1,TRUE,TRUE,"unique_exact_genomic_allele",TRUE,"Uncertain","BENIGN","B/LB"
"10:13136766:G:A","OLI436","Unknown","Amyotrophic lateral sclerosis",1,TRUE,TRUE,"unique_exact_genomic_allele",TRUE,"Uncertain","BENIGN","B/LB"
"10:13136766:G:A","OLI437","Unknown","Amyotrophic lateral sclerosis",1,TRUE,TRUE,"unique_exact_genomic_allele",TRUE,"Uncertain","BENIGN","B/LB"
"10:13136766:G:A","OLI439","Unknown","Amyotrophic lateral sclerosis",1,TRUE,TRUE,"unique_exact_genomic_allele",TRUE,"Uncertain","BENIGN","B/LB"
"10:13136766:G:A","OLI442","Unknown","Amyotrophic lateral sclerosis",1,TRUE,TRUE,"unique_exact_genomic_allele",TRUE,"Uncertain","BENIGN","B/LB"
"10:13136831:A:G","OLI431","Unknown","Amyotrophic lateral sclerosis",1,TRUE,TRUE,"unique_exact_genomic_allele",TRUE,"Deleterious","POSSIBLY_PATHOGENIC_LOW","Possibly pathogenic"
"10:16869750:C:T","OLI758","Unknown","Isolated anencephaly",1,TRUE,TRUE,"unique_exact_genomic_allele",TRUE,"Uncertain","BENIGN","B/LB"
"10:16900756:A:G","OLI714","Unknown","Isolated anencephaly",1,TRUE,TRUE,"unique_exact_genomic_allele",TRUE,"Uncertain","BENIGN","B/LB"
"10:16901451:C:T","OLI729","Unknown","Isolated anencephaly",1,TRUE,TRUE,"unique_exact_genomic_allele",TRUE,"Uncertain","POSSIBLY_BENIGN","Possibly benign"
"10:16907567:G:A","OLI726","Unknown","Isolated anencephaly",1,TRUE,TRUE,"unique_exact_genomic_allele",TRUE,"Uncertain","POSSIBLY_PATHOGENIC_LOW","Possibly pathogenic"
"10:16913938:G:A","OLI700","Unknown","Isolated anencephaly",1,TRUE,TRUE,"unique_exact_genomic_allele",TRUE,"Uncertain","POSSIBLY_PATHOGENIC_LOW","Possibly pathogenic"
"10:17046068:A:G","OLI698","Unknown","Isolated anencephaly",1,TRUE,TRUE,"unique_exact_genomic_allele",TRUE,"Uncertain","LIKELY_BENIGN","B/LB"
"10:17159210:C:T","OLI737","Unknown","Isolated anencephaly",1,TRUE,TRUE,"unique_exact_genomic_allele",TRUE,"Deleterious","POSSIBLY_PATHOGENIC_LOW","Possibly pathogenic"
"10:18539716:C:T","OLI1469","Unknown","Rare pervasive developmental disorder",1,TRUE,TRUE,"unique_exact_genomic_allele",TRUE,"Uncertain","LIKELY_BENIGN","B/LB"
"10:27981536:G:C","OLI931","Unknown","Transposition of the great arteries",1,TRUE,TRUE,"unique_exact_genomic_allele",FALSE,"","LIKELY_PATHOGENIC","P/LP"
"10:31521519:A:C","OLI1681","Unknown","Non-Syndromic genetic keratoconus",1,TRUE,TRUE,"unique_exact_genomic_allele",TRUE,"Benign","POSSIBLY_PATHOGENIC_LOW","Possibly pathogenic"
"10:33180344:C:T","OLI602","Unknown","Disorder of sex development",1,TRUE,TRUE,"unique_exact_genomic_allele",TRUE,"Uncertain","UNCERTAIN_SIGNIFICANCE","VUS"
"10:33186329:C:T","OLI652","Unknown","Congenital hypogonadotropic hypogonadism",1,TRUE,TRUE,"unique_exact_genomic_allele",TRUE,"Benign","POSSIBLY_PATHOGENIC_LOW","Possibly pathogenic"
"10:33270687:T:G","OLI857","Unknown","Kallmann syndrome",1,TRUE,TRUE,"unique_exact_genomic_allele",TRUE,"Benign","LIKELY_BENIGN","B/LB"
"10:33270687:T:G","OLI913","Unknown","Normosmic congenital hypogonadotropic hypogonadism",1,TRUE,TRUE,"unique_exact_genomic_allele",TRUE,"Benign","LIKELY_BENIGN","B/LB"
"10:415871:G:A","OLI932","Unknown","Rare pervasive developmental disorder",1,TRUE,TRUE,"unique_exact_genomic_allele",TRUE,"Uncertain","POSSIBLY_PATHOGENIC_LOW","Possibly pathogenic"
"10:43111408:G:A","OLI347","Unknown","46,XY disorder of sex development",1,TRUE,TRUE,"unique_exact_genomic_allele",TRUE,"Uncertain","BENIGN","B/LB"
"10:43111409:A:G","OLI184","Unknown","Hirschsprung disease",1,TRUE,TRUE,"unique_exact_genomic_allele",TRUE,"Uncertain","UNCERTAIN_SIGNIFICANCE","VUS"
"10:43114507:C:T","OLI597","Unknown","Disorder of sex development",1,TRUE,TRUE,"unique_exact_genomic_allele",TRUE,"Deleterious","POSSIBLY_PATHOGENIC_MODERATE","Possibly pathogenic"
"10:43114541:C:A","OLI035","True Digenic","Hirschsprung disease",1,TRUE,TRUE,"unique_exact_genomic_allele",TRUE,"Deleterious","UNCERTAIN_SIGNIFICANCE","VUS"
"10:43118465:GC:G","OLI021","Monogenic+Modifier","Hirschsprung disease",1,TRUE,TRUE,"unique_exact_genomic_allele",TRUE,"Benign","LIKELY_PATHOGENIC","P/LP"
"10:43126655:G:C","OLI343","Unknown","46,XY disorder of sex development",1,TRUE,TRUE,"unique_exact_genomic_allele",TRUE,"Benign","POSSIBLY_BENIGN","Possibly benign"
"10:48913739:TG:CA","OLI1710","Unknown","Rare pervasive developmental disorder",1,TRUE,TRUE,"unique_exact_genomic_allele",FALSE,"","POSSIBLY_BENIGN","Possibly benign"
"10:49616535:C:G","OLI335","Unknown","Amyotrophic lateral sclerosis",1,TRUE,TRUE,"unique_exact_genomic_allele",TRUE,"Benign","UNCERTAIN_SIGNIFICANCE","VUS"
"10:5048847:T:G","OLI1543","Unknown","46,XY disorder of sex development",1,TRUE,TRUE,"unique_exact_genomic_allele",TRUE,"","UNCERTAIN_SIGNIFICANCE","VUS"
"10:5099427:A:G","OLI573","Unknown","Disorder of sex development",1,TRUE,TRUE,"unique_exact_genomic_allele",TRUE,"Uncertain","POSSIBLY_BENIGN","Possibly benign"
"10:5099427:A:T","OLI1532","Unknown","46,XY disorder of sex development",1,TRUE,TRUE,"unique_exact_genomic_allele",TRUE,"Uncertain","POSSIBLY_BENIGN","Possibly benign"
"10:5200323:G:C","OLI1563","Unknown","Syndrome with 46,XY disorder of sex development",1,TRUE,TRUE,"unique_exact_genomic_allele",TRUE,"Deleterious","LIKELY_BENIGN","B/LB"
"10:5212634:C:T","OLI1543","Unknown","46,XY disorder of sex development",1,TRUE,TRUE,"unique_exact_genomic_allele",TRUE,"Benign","UNCERTAIN_SIGNIFICANCE","VUS"
"10:5213139:C:T","OLI1535","Unknown","46,XY disorder of sex development",1,TRUE,TRUE,"unique_exact_genomic_allele",TRUE,"Uncertain","POSSIBLY_PATHOGENIC_LOW","Possibly pathogenic"
"10:52316550:G:T","OLI577","Unknown","Hypodontia",1,TRUE,TRUE,"unique_exact_genomic_allele",TRUE,"Benign","LIKELY_BENIGN","B/LB"
"10:53822122:CGTT:C","OLI265","True Digenic","Usher syndrome type 1",1,TRUE,TRUE,"unique_exact_genomic_allele",TRUE,"Benign","BENIGN","B/LB"
"10:53822122:CGTT:C","OLI267","Unknown","Usher syndrome type 1",1,TRUE,TRUE,"unique_exact_genomic_allele",TRUE,"Benign","BENIGN","B/LB"
"10:53822490:G:T","OLI1038","Unknown","Atypical hemolytic uremic syndrome; Meniere Disease",1,TRUE,TRUE,"unique_exact_genomic_allele",TRUE,"Benign","POSSIBLY_PATHOGENIC_LOW","Possibly pathogenic"
"10:53840486:G:T","OLI1370","Unknown","Usher syndrome",1,TRUE,TRUE,"unique_exact_genomic_allele",TRUE,"Uncertain","LIKELY_BENIGN","B/LB"
"10:53938851:C:A","OLI260","Unknown","Usher syndrome type 1",1,TRUE,TRUE,"unique_exact_genomic_allele",TRUE,"","LIKELY_PATHOGENIC","P/LP"
"10:53959753:C:T","OLI454","Unknown","Non-syndromic genetic deafness",1,TRUE,TRUE,"unique_exact_genomic_allele",TRUE,"Uncertain","POSSIBLY_PATHOGENIC_LOW","Possibly pathogenic"
"10:54378943:C:T","OLI259","True Digenic","Usher syndrome type 1",1,TRUE,TRUE,"unique_exact_genomic_allele",TRUE,"Deleterious","PATHOGENIC","P/LP"
"10:54664246:TA:T","OLI266","Unknown","Usher syndrome type 1",1,TRUE,TRUE,"unique_exact_genomic_allele",TRUE,"Benign","PATHOGENIC","P/LP"
"10:70432959:C:A","OLI1643","True Digenic","Congenital heart disease",1,TRUE,TRUE,"unique_exact_genomic_allele",TRUE,"Deleterious","POSSIBLY_PATHOGENIC_MODERATE","Possibly pathogenic"
"10:70598411:G:A","OLI522","Unknown","Familial hemophagocytic lymphohistiocytosis",1,TRUE,TRUE,"unique_exact_genomic_allele",TRUE,"Uncertain","LIKELY_PATHOGENIC","P/LP"
"10:70598492:C:T","OLI528","Unknown","Familial hemophagocytic lymphohistiocytosis",1,TRUE,TRUE,"unique_exact_genomic_allele",TRUE,"Uncertain","BENIGN","B/LB"
"10:70598729:G:A","OLI524","Unknown","Familial hemophagocytic lymphohistiocytosis",1,TRUE,TRUE,"unique_exact_genomic_allele",TRUE,"Uncertain","POSSIBLY_PATHOGENIC_MODERATE","Possibly pathogenic"
"10:70598865:GCTT:G","OLI052","Unknown","Primary hemophagocytic lymphohistiocytosis",1,TRUE,TRUE,"unique_exact_genomic_allele",TRUE,"Benign","PATHOGENIC","P/LP"
"10:70599047:C:T","OLI055","Unknown","Primary hemophagocytic lymphohistiocytosis",1,TRUE,TRUE,"unique_exact_genomic_allele",TRUE,"Uncertain","LIKELY_PATHOGENIC","P/LP"
"10:70599066:A:T","OLI536","Unknown","Familial hemophagocytic lymphohistiocytosis",1,TRUE,TRUE,"unique_exact_genomic_allele",TRUE,"Uncertain","POSSIBLY_PATHOGENIC_MODERATE","Possibly pathogenic"
"10:70600400:C:T","OLI052","Unknown","Primary hemophagocytic lymphohistiocytosis",1,TRUE,TRUE,"unique_exact_genomic_allele",TRUE,"Uncertain","LIKELY_PATHOGENIC","P/LP"
"10:70600400:C:T","OLI057","Unknown","Primary hemophagocytic lymphohistiocytosis",1,TRUE,TRUE,"unique_exact_genomic_allele",TRUE,"Uncertain","LIKELY_PATHOGENIC","P/LP"
"10:70600458:C:T","OLI533","Unknown","Familial hemophagocytic lymphohistiocytosis",1,TRUE,TRUE,"unique_exact_genomic_allele",TRUE,"Deleterious","PATHOGENIC","P/LP"
"10:70600598:C:A","OLI058","Unknown","Primary hemophagocytic lymphohistiocytosis",1,TRUE,TRUE,"unique_exact_genomic_allele",TRUE,"Deleterious","POSSIBLY_PATHOGENIC_MODERATE","Possibly pathogenic"
"10:70600631:G:A","OLI523","Unknown","Familial hemophagocytic lymphohistiocytosis",1,TRUE,TRUE,"unique_exact_genomic_allele",TRUE,"Uncertain","UNCERTAIN_SIGNIFICANCE","VUS"
"10:70600631:G:A","OLI525","Unknown","Familial hemophagocytic lymphohistiocytosis",1,TRUE,TRUE,"unique_exact_genomic_allele",TRUE,"Uncertain","UNCERTAIN_SIGNIFICANCE","VUS"
"10:70600631:G:A","OLI526","Unknown","Familial hemophagocytic lymphohistiocytosis",1,TRUE,TRUE,"unique_exact_genomic_allele",TRUE,"Uncertain","UNCERTAIN_SIGNIFICANCE","VUS"
"10:70600631:G:A","OLI527","Unknown","Familial hemophagocytic lymphohistiocytosis",1,TRUE,TRUE,"unique_exact_genomic_allele",TRUE,"Uncertain","UNCERTAIN_SIGNIFICANCE","VUS"
"10:70600631:G:A","OLI529","Unknown","Familial hemophagocytic lymphohistiocytosis",1,TRUE,TRUE,"unique_exact_genomic_allele",TRUE,"Uncertain","UNCERTAIN_SIGNIFICANCE","VUS"
"10:70600631:G:A","OLI531","Unknown","Familial hemophagocytic lymphohistiocytosis",1,TRUE,TRUE,"unique_exact_genomic_allele",TRUE,"Uncertain","UNCERTAIN_SIGNIFICANCE","VUS"
"10:70600631:G:A","OLI534","Unknown","Familial hemophagocytic lymphohistiocytosis",1,TRUE,TRUE,"unique_exact_genomic_allele",TRUE,"Uncertain","UNCERTAIN_SIGNIFICANCE","VUS"
"10:70600631:G:A","OLI535","Unknown","Familial hemophagocytic lymphohistiocytosis",1,TRUE,TRUE,"unique_exact_genomic_allele",TRUE,"Uncertain","UNCERTAIN_SIGNIFICANCE","VUS"
"10:70600631:G:A","OLI537","Unknown","Familial hemophagocytic lymphohistiocytosis",1,TRUE,TRUE,"unique_exact_genomic_allele",TRUE,"Uncertain","UNCERTAIN_SIGNIFICANCE","VUS"
"10:70600631:G:A","OLI539","Unknown","Familial hemophagocytic lymphohistiocytosis",1,TRUE,TRUE,"unique_exact_genomic_allele",TRUE,"Uncertain","UNCERTAIN_SIGNIFICANCE","VUS"
"10:70600852:CA:C","OLI532","Unknown","Familial hemophagocytic lymphohistiocytosis",1,TRUE,TRUE,"unique_exact_genomic_allele",TRUE,"Benign","PATHOGENIC","P/LP"
"10:70600852:CA:C","OLI538","Unknown","Familial hemophagocytic lymphohistiocytosis",1,TRUE,TRUE,"unique_exact_genomic_allele",TRUE,"Benign","PATHOGENIC","P/LP"
"10:70600893:G:A","OLI530","Unknown","Familial hemophagocytic lymphohistiocytosis",1,TRUE,TRUE,"unique_exact_genomic_allele",TRUE,"Uncertain","BENIGN","B/LB"
"10:71344233:G:A","OLI1516","Unknown","46,XY disorder of sex development",1,TRUE,TRUE,"unique_exact_genomic_allele",TRUE,"Benign","BENIGN","B/LB"
"10:71356177:C:T","OLI1563","Unknown","Syndrome with 46,XY disorder of sex development",1,TRUE,TRUE,"unique_exact_genomic_allele",TRUE,"Uncertain","POSSIBLY_BENIGN","Possibly benign"
"10:71356177:C:T","OLI1573","Unknown","Syndrome with 46,XY disorder of sex development",1,TRUE,TRUE,"unique_exact_genomic_allele",TRUE,"Uncertain","POSSIBLY_BENIGN","Possibly benign"
"10:71362151:C:T","OLI1513","Unknown","46,XY disorder of sex development",1,TRUE,TRUE,"unique_exact_genomic_allele",TRUE,"Deleterious","LIKELY_PATHOGENIC","P/LP"
"10:71362181:A:G","OLI1577","Unknown","Syndrome with 46,XY disorder of sex development",1,TRUE,TRUE,"unique_exact_genomic_allele",TRUE,"Benign","BENIGN","B/LB"
"10:71362268:G:A","OLI1560","Unknown","Syndrome with 46,XY disorder of sex development",1,TRUE,TRUE,"unique_exact_genomic_allele",TRUE,"Deleterious","PATHOGENIC","P/LP"
"10:71510124:AC:A","OLI265","True Digenic","Usher syndrome type 1",1,TRUE,TRUE,"unique_exact_genomic_allele",TRUE,"Benign","PATHOGENIC","P/LP"
"10:71570884:C:T","OLI261","Unknown","Usher syndrome type 1",1,TRUE,TRUE,"unique_exact_genomic_allele",TRUE,"Uncertain","PATHOGENIC","P/LP"
"10:71645972:G:A","OLI350","Unknown","46,XY disorder of sex development",1,TRUE,TRUE,"unique_exact_genomic_allele",TRUE,"Benign","LIKELY_BENIGN","B/LB"
"10:71702192:C:G","OLI262","Unknown","Usher syndrome type 1",1,TRUE,TRUE,"unique_exact_genomic_allele",TRUE,"Uncertain","BENIGN","B/LB"
"10:71704966:C:T","OLI1100","Unknown","Rare genetic deafness",1,TRUE,TRUE,"unique_exact_genomic_allele",TRUE,"Benign","POSSIBLY_PATHOGENIC_LOW","Possibly pathogenic"
"10:71704966:C:T","OLI1102","Unknown","Rare genetic deafness",1,TRUE,TRUE,"unique_exact_genomic_allele",TRUE,"Benign","POSSIBLY_PATHOGENIC_LOW","Possibly pathogenic"
"10:71704966:C:T","OLI1103","Unknown","Rare genetic deafness",1,TRUE,TRUE,"unique_exact_genomic_allele",TRUE,"Benign","POSSIBLY_PATHOGENIC_LOW","Possibly pathogenic"
"10:71704966:C:T","OLI1104","Unknown","Rare genetic deafness",1,TRUE,TRUE,"unique_exact_genomic_allele",TRUE,"Benign","POSSIBLY_PATHOGENIC_LOW","Possibly pathogenic"
"10:71709169:C:T","OLI100","Unknown","Usher syndrome type 1",1,FALSE,FALSE,NA,NA,NA,NA,NA
"10:71709169:C:T","OLI1370","Unknown","Usher syndrome",1,TRUE,TRUE,"resolved_by_exact_cdna_within_allele",TRUE,"Uncertain","POSSIBLY_PATHOGENIC_MODERATE","Possibly pathogenic"
"10:71712745:A:G","OLI330","Unknown","Amyotrophic lateral sclerosis",1,TRUE,TRUE,"unique_exact_genomic_allele",TRUE,"Uncertain","POSSIBLY_PATHOGENIC_LOW","Possibly pathogenic"
"10:71725506:C:T","OLI107","Unknown","Usher syndrome type 2",1,TRUE,TRUE,"unique_exact_genomic_allele",TRUE,"Uncertain","POSSIBLY_PATHOGENIC_LOW","Possibly pathogenic"
"10:71730514:A:G","OLI267","Unknown","Usher syndrome type 1",1,TRUE,TRUE,"unique_exact_genomic_allele",TRUE,"Uncertain","BENIGN","B/LB"
"10:71732116:A:G","OLI1033","Unknown","Atypical hemolytic uremic syndrome; Meniere Disease",1,TRUE,TRUE,"unique_exact_genomic_allele",TRUE,"Uncertain","BENIGN","B/LB"
"10:71738482:C:A","OLI352","Unknown","46,XY disorder of sex development",1,TRUE,TRUE,"unique_exact_genomic_allele",TRUE,"Benign","LIKELY_BENIGN","B/LB"
"10:71785051:T:C","OLI497","Monogenic+Modifier","Non-syndromic genetic deafness",1,TRUE,TRUE,"unique_exact_genomic_allele",TRUE,"Deleterious","LIKELY_PATHOGENIC","P/LP"
"10:71793247:C:T","OLI263","Unknown","Usher syndrome type 1",1,TRUE,TRUE,"unique_exact_genomic_allele",TRUE,"","PATHOGENIC","P/LP"
"10:71793440:G:A","OLI1036","Unknown","Atypical hemolytic uremic syndrome; Meniere Disease",1,TRUE,TRUE,"unique_exact_genomic_allele",TRUE,"Benign","POSSIBLY_PATHOGENIC_MODERATE","Possibly pathogenic"
"10:71793677:C:T","OLI343","Unknown","46,XY disorder of sex development",1,TRUE,TRUE,"unique_exact_genomic_allele",TRUE,"Benign","POSSIBLY_BENIGN","Possibly benign"
"10:71799277:C:A","OLI600","Unknown","Disorder of sex development",1,TRUE,TRUE,"unique_exact_genomic_allele",TRUE,"","PATHOGENIC","P/LP"
"10:71799618:A:G","OLI1682","Unknown","Non-Syndromic genetic keratoconus",1,TRUE,TRUE,"unique_exact_genomic_allele",TRUE,"Benign","UNCERTAIN_SIGNIFICANCE","VUS"
"10:71803382:G:T","OLI1680","Unknown","Non-Syndromic genetic keratoconus",1,TRUE,TRUE,"unique_exact_genomic_allele",TRUE,"Benign","POSSIBLY_PATHOGENIC_LOW","Possibly pathogenic"
"10:71810576:C:T","OLI351","Unknown","46,XY disorder of sex development",1,TRUE,TRUE,"unique_exact_genomic_allele",TRUE,"Benign","BENIGN","B/LB"
"10:71810576:C:T","OLI352","Unknown","46,XY disorder of sex development",1,TRUE,TRUE,"unique_exact_genomic_allele",TRUE,"Benign","BENIGN","B/LB"
"10:71811364:C:T","OLI104","Unknown","Usher syndrome type 1",1,TRUE,TRUE,"unique_exact_genomic_allele",TRUE,"Uncertain","POSSIBLY_PATHOGENIC_MODERATE","Possibly pathogenic"
"10:71812822:C:T","OLI266","Unknown","Usher syndrome type 1",1,TRUE,TRUE,"unique_exact_genomic_allele",TRUE,"Deleterious","POSSIBLY_PATHOGENIC_MODERATE","Possibly pathogenic"
"10:74103843:A:T","OLI647","Unknown","Sudden infant death syndrome",1,TRUE,TRUE,"unique_exact_genomic_allele",TRUE,"Uncertain","POSSIBLY_BENIGN","Possibly benign"
"10:74976091:C:T","OLI1565","Unknown","Syndrome with 46,XY disorder of sex development",1,TRUE,TRUE,"unique_exact_genomic_allele",TRUE,"Benign","LIKELY_BENIGN","B/LB"
"10:75030195:A:G","OLI1561","Unknown","Syndrome with 46,XY disorder of sex development",1,TRUE,TRUE,"unique_exact_genomic_allele",TRUE,"Uncertain","POSSIBLY_BENIGN","Possibly benign"
"10:77982179:C:T","OLI1396","Unknown","Hypogonadotropic hypogonadism with absent puberty phenotype",1,TRUE,TRUE,"unique_exact_genomic_allele",TRUE,"Benign","LIKELY_BENIGN","B/LB"
"10:77982179:C:T","OLI813","Unknown","Kallmann syndrome",1,TRUE,TRUE,"unique_exact_genomic_allele",TRUE,"Benign","LIKELY_BENIGN","B/LB"
"10:77984012:T:C","OLI1378","Unknown","Hypogonadotropic hypogonadism with Fertile Eunuch phenotype",1,TRUE,TRUE,"unique_exact_genomic_allele",TRUE,"Uncertain","POSSIBLY_PATHOGENIC_LOW","Possibly pathogenic"
"10:77993298:C:T","OLI848","Unknown","Normosmic congenital hypogonadotropic hypogonadism",1,TRUE,TRUE,"unique_exact_genomic_allele",TRUE,"Uncertain","POSSIBLY_PATHOGENIC_MODERATE","Possibly pathogenic"
"10:78009659:G:A","OLI1326","Unknown","Dilated cardiomyopathy",1,TRUE,TRUE,"unique_exact_genomic_allele",TRUE,"Deleterious","LIKELY_PATHOGENIC","P/LP"
"10:78009953:G:C","OLI019","Unknown","Congenital hypogonadotropic hypogonadism",1,TRUE,TRUE,"unique_exact_genomic_allele",TRUE,"Deleterious","LIKELY_PATHOGENIC","P/LP"
"10:78025064:C:T","OLI653","Unknown","Congenital hypogonadotropic hypogonadism",1,TRUE,TRUE,"unique_exact_genomic_allele",TRUE,"Benign","LIKELY_BENIGN","B/LB"
"10:80166175:G:A","OLI959","Unknown","Amyotrophic lateral sclerosis",1,TRUE,TRUE,"unique_exact_genomic_allele",TRUE,"Uncertain","POSSIBLY_PATHOGENIC_LOW","Possibly pathogenic"
"10:8058644:T:G","OLI029","Unknown","Müllerian aplasia",1,TRUE,TRUE,"unique_exact_genomic_allele",TRUE,"Deleterious","POSSIBLY_PATHOGENIC_MODERATE","Possibly pathogenic"
"10:84205895:C:A","OLI1682","Unknown","Non-Syndromic genetic keratoconus",1,TRUE,TRUE,"unique_exact_genomic_allele",TRUE,"Uncertain","POSSIBLY_PATHOGENIC_LOW","Possibly pathogenic"
"10:84208343:G:A","OLI1680","Unknown","Non-Syndromic genetic keratoconus",1,TRUE,TRUE,"unique_exact_genomic_allele",TRUE,"Uncertain","BENIGN","B/LB"
"10:84211077:A:G","OLI1691","Unknown","Non-Syndromic genetic keratoconus",1,TRUE,TRUE,"unique_exact_genomic_allele",TRUE,"Deleterious","POSSIBLY_PATHOGENIC_MODERATE","Possibly pathogenic"
"10:86206385:T:C","OLI597","Unknown","Disorder of sex development",1,TRUE,TRUE,"unique_exact_genomic_allele",TRUE,"Benign","POSSIBLY_PATHOGENIC_LOW","Possibly pathogenic"
"10:90915565:G:A","OLI976","True Digenic","Left ventricular noncompaction",1,TRUE,TRUE,"unique_exact_genomic_allele",TRUE,"Uncertain","BENIGN","B/LB"
"10:92607236:A:C","OLI1251","Unknown","Familial exudative vitreoretinopathy",1,TRUE,TRUE,"unique_exact_genomic_allele",TRUE,"Deleterious","POSSIBLY_PATHOGENIC_MODERATE","Possibly pathogenic"
"10:92632569:C:A","OLI1255","Unknown","Familial exudative vitreoretinopathy",1,TRUE,TRUE,"unique_exact_genomic_allele",TRUE,"Uncertain","BENIGN","B/LB"
"10:95680527:T:C","OLI687","Unknown","Holoprosencephaly",1,TRUE,TRUE,"unique_exact_genomic_allele",TRUE,"Uncertain","POSSIBLY_BENIGN","Possibly benign"
"10:97002838:T:G","OLI1743","Unknown","Familial bicuspid aortic valve",1,TRUE,TRUE,"unique_exact_genomic_allele",TRUE,"Uncertain","UNCERTAIN_SIGNIFICANCE","VUS"
"10:97066054:G:A","OLI1744","Unknown","Familial bicuspid aortic valve",1,TRUE,TRUE,"unique_exact_genomic_allele",TRUE,"Uncertain","UNCERTAIN_SIGNIFICANCE","VUS"
"10:97601968:G:A","OLI1616","Unknown","Dent disease",1,TRUE,TRUE,"unique_exact_genomic_allele",TRUE,"Deleterious","PATHOGENIC","P/LP"
"10:97601990:G:A","OLI1612","Unknown","Dent disease",1,TRUE,TRUE,"unique_exact_genomic_allele",TRUE,"Deleterious","PATHOGENIC","P/LP"
"10:97601990:G:A","OLI1614","Unknown","Dent disease",1,TRUE,TRUE,"unique_exact_genomic_allele",TRUE,"Deleterious","PATHOGENIC","P/LP"
"10:97611520:G:A","OLI1616","Unknown","Dent disease",1,TRUE,TRUE,"unique_exact_genomic_allele",TRUE,"Uncertain","LIKELY_PATHOGENIC","P/LP"
"10:97771527:C:T","OLI708","Unknown","Isolated anencephaly",1,TRUE,TRUE,"unique_exact_genomic_allele",TRUE,"Uncertain","LIKELY_BENIGN","B/LB"
"10:98253701:TCTC:T","OLI982","Unknown","Congenital nephrotic syndrome",1,TRUE,TRUE,"unique_exact_genomic_allele",TRUE,"Benign","POSSIBLY_PATHOGENIC_LOW","Possibly pathogenic"
"11:102778751:T:C","OLI1232","Unknown","Recurrent Pregnancy Loss",1,TRUE,TRUE,"unique_exact_genomic_allele",TRUE,"Deleterious","BENIGN","B/LB"
"11:102778751:T:C","OLI1234","Unknown","Recurrent Pregnancy Loss,Recurrent implantation failure,Primary infertility",1,TRUE,TRUE,"unique_exact_genomic_allele",TRUE,"Deleterious","BENIGN","B/LB"
"11:102790521:C:A","OLI1673","Unknown","Non-Syndromic genetic keratoconus",1,TRUE,TRUE,"unique_exact_genomic_allele",TRUE,"Deleterious","POSSIBLY_PATHOGENIC_LOW","Possibly pathogenic"
"11:103321029:G:A","OLI458","True Digenic","Short rib-polydactyly syndrome",1,TRUE,TRUE,"unique_exact_genomic_allele",TRUE,"Deleterious","POSSIBLY_PATHOGENIC_MODERATE","Possibly pathogenic"
"11:108235756:G:C","OLI1040","Unknown","Primary ovarian failure",1,TRUE,TRUE,"unique_exact_genomic_allele",TRUE,"Uncertain","UNCERTAIN_SIGNIFICANCE","VUS"
"11:108294979:G:C","OLI1057","Unknown","Primary ovarian failure",1,TRUE,TRUE,"unique_exact_genomic_allele",TRUE,"Uncertain","UNCERTAIN_SIGNIFICANCE","VUS"
"11:108330281:C:T","OLI1050","Unknown","Primary ovarian failure",1,TRUE,TRUE,"unique_exact_genomic_allele",TRUE,"Deleterious","UNCERTAIN_SIGNIFICANCE","VUS"
"11:108510085:G:A","OLI443","Dual Molecular Diagnosis","Junctional epidermolysis bullosa; Epidermolysis bullosa simplex",1,TRUE,TRUE,"unique_exact_genomic_allele",TRUE,"","LIKELY_PATHOGENIC","P/LP"
"11:108514354:G:A","OLI1248","Unknown","Epidermolysis bullosa simplex",1,TRUE,TRUE,"unique_exact_genomic_allele",TRUE,"","LIKELY_PATHOGENIC","P/LP"
"11:110272595:C:A","OLI328","Unknown","Amyotrophic lateral sclerosis",1,TRUE,TRUE,"unique_exact_genomic_allele",TRUE,"Deleterious","POSSIBLY_PATHOGENIC_LOW","Possibly pathogenic"
"11:114156438:G:C","OLI597","Unknown","Disorder of sex development",1,TRUE,TRUE,"unique_exact_genomic_allele",TRUE,"Benign","UNCERTAIN_SIGNIFICANCE","VUS"
"11:117988403:C:T","OLI1717","Unknown","Common variable immunodeficiency",1,TRUE,TRUE,"unique_exact_genomic_allele",TRUE,"Benign","LIKELY_BENIGN","B/LB"
"11:117993348:A:G","OLI130","Unknown","Immune dysregulation-inflammatory bowel disease-arthritis-recurrent infections syndrome",1,TRUE,TRUE,"unique_exact_genomic_allele",TRUE,"Benign","BENIGN","B/LB"
"11:117995597:G:A","OLI1719","Unknown","Common variable immunodeficiency",1,TRUE,TRUE,"unique_exact_genomic_allele",TRUE,"Uncertain","BENIGN","B/LB"
"11:117998955:A:G","OLI130","Unknown","Immune dysregulation-inflammatory bowel disease-arthritis-recurrent infections syndrome",1,TRUE,TRUE,"unique_exact_genomic_allele",TRUE,"Benign","BENIGN","B/LB"
"11:118638958:G:A","OLI1656","Unknown","Bardet-Biedl syndrome",1,TRUE,TRUE,"unique_exact_genomic_allele",TRUE,"Benign","BENIGN","B/LB"
"11:119090068:G:T","OLI167","Dual Molecular Diagnosis","Porphyria",1,TRUE,TRUE,"unique_exact_genomic_allele",TRUE,"Deleterious","LIKELY_PATHOGENIC","P/LP"
"11:119091437:C:T","OLI807","Unknown","Recurrent exertional rhabdomyolysis",1,TRUE,TRUE,"unique_exact_genomic_allele",TRUE,"Deleterious","LIKELY_PATHOGENIC","P/LP"
"11:119092426:G:A","OLI809","Unknown","Recurrent exertional rhabdomyolysis",1,TRUE,TRUE,"unique_exact_genomic_allele",TRUE,"Deleterious","LIKELY_PATHOGENIC","P/LP"
"11:121470073:G:A","OLI1246","Unknown","Corticobasal syndrome; Progressive non-fluent aphasia",1,TRUE,TRUE,"unique_exact_genomic_allele",TRUE,"Uncertain","POSSIBLY_PATHOGENIC_LOW","Possibly pathogenic"
"11:121558637:C:T","OLI1470","Unknown","NON RARE IN EUROPE: Alzheimer disease",1,TRUE,TRUE,"unique_exact_genomic_allele",TRUE,"Deleterious","POSSIBLY_PATHOGENIC_MODERATE","Possibly pathogenic"
"11:124875145:G:A","OLI900","Unknown","Normosmic congenital hypogonadotropic hypogonadism",1,TRUE,TRUE,"unique_exact_genomic_allele",TRUE,"Uncertain","POSSIBLY_PATHOGENIC_LOW","Possibly pathogenic"
"11:124875208:C:A","OLI900","Unknown","Normosmic congenital hypogonadotropic hypogonadism",1,TRUE,TRUE,"unique_exact_genomic_allele",TRUE,"Uncertain","UNCERTAIN_SIGNIFICANCE","VUS"
"11:124876444:G:C","OLI888","Unknown","Kallmann syndrome",1,TRUE,TRUE,"unique_exact_genomic_allele",TRUE,"Uncertain","BENIGN","B/LB"
"11:124876444:G:C","OLI892","Unknown","Normosmic congenital hypogonadotropic hypogonadism",1,TRUE,TRUE,"unique_exact_genomic_allele",TRUE,"Uncertain","BENIGN","B/LB"
"11:124879521:C:T","OLI862","Unknown","Kallmann syndrome",1,TRUE,TRUE,"unique_exact_genomic_allele",TRUE,"","LIKELY_PATHOGENIC","P/LP"
"11:124886535:C:T","OLI1742","Unknown","Familial bicuspid aortic valve",1,TRUE,TRUE,"unique_exact_genomic_allele",TRUE,"Benign","POSSIBLY_PATHOGENIC_LOW","Possibly pathogenic"
"11:124895585:G:T","OLI1743","Unknown","Familial bicuspid aortic valve",1,TRUE,TRUE,"unique_exact_genomic_allele",TRUE,"Benign","UNCERTAIN_SIGNIFICANCE","VUS"
"11:125481544:G:A","OLI880","Unknown","Kallmann syndrome",1,TRUE,TRUE,"unique_exact_genomic_allele",TRUE,"Uncertain","UNCERTAIN_SIGNIFICANCE","VUS"
"11:125983962:C:T","OLI850","Unknown","Kallmann syndrome",1,TRUE,TRUE,"unique_exact_genomic_allele",TRUE,"Uncertain","UNCERTAIN_SIGNIFICANCE","VUS"
"11:125989747:C:T","OLI960","Unknown","Non-acquired combined pituitary hormone deficiency",1,TRUE,TRUE,"unique_exact_genomic_allele",TRUE,"","LIKELY_PATHOGENIC","P/LP"
"11:126292695:G:A","OLI1717","Unknown","Common variable immunodeficiency",1,TRUE,TRUE,"unique_exact_genomic_allele",TRUE,"Uncertain","BENIGN","B/LB"
"11:126292803:G:A","OLI1716","Unknown","Common variable immunodeficiency",1,TRUE,TRUE,"unique_exact_genomic_allele",TRUE,"Uncertain","POSSIBLY_BENIGN","Possibly benign"
"11:130189806:G:A","OLI760","Unknown","Isolated anencephaly",1,TRUE,TRUE,"unique_exact_genomic_allele",TRUE,"Uncertain","BENIGN","B/LB"
"11:130427580:C:T","OLI1693","Unknown","Non-Syndromic genetic keratoconus",1,TRUE,TRUE,"unique_exact_genomic_allele",TRUE,"Deleterious","POSSIBLY_PATHOGENIC_LOW","Possibly pathogenic"
"11:17397205:C:T","OLI004","Unknown","Idiopathic pulmonary arterial hypertension",1,TRUE,TRUE,"unique_exact_genomic_allele",TRUE,"Deleterious","POSSIBLY_PATHOGENIC_MODERATE","Possibly pathogenic"
"11:17405499:C:T","OLI005","Unknown","Pulmonary arterial hypertension associated with congenital heart disease",1,TRUE,TRUE,"unique_exact_genomic_allele",TRUE,"Deleterious","LIKELY_PATHOGENIC","P/LP"
"11:17498215:A:C","OLI263","Unknown","Usher syndrome type 1",1,TRUE,TRUE,"unique_exact_genomic_allele",TRUE,"Benign","POSSIBLY_PATHOGENIC_LOW","Possibly pathogenic"
"11:17509546:G:C","OLI1037","Unknown","Atypical hemolytic uremic syndrome; Meniere Disease",1,TRUE,TRUE,"unique_exact_genomic_allele",TRUE,"Uncertain","UNCERTAIN_SIGNIFICANCE","VUS"
"11:17531408:C:CG","OLI104","Unknown","Usher syndrome type 1",1,TRUE,TRUE,"unique_exact_genomic_allele",TRUE,"Benign","PATHOGENIC","P/LP"
"11:17720246:G:T","OLI842","Unknown","Congenital scoliosis",1,TRUE,TRUE,"unique_exact_genomic_allele",TRUE,"Deleterious","POSSIBLY_PATHOGENIC_LOW","Possibly pathogenic"
"11:17720412:G:C","OLI841","Unknown","Congenital scoliosis",1,TRUE,TRUE,"unique_exact_genomic_allele",TRUE,"Deleterious","POSSIBLY_PATHOGENIC_LOW","Possibly pathogenic"
"11:2140200:G:A","OLI1236","Unknown","Recurrent Pregnancy Loss,Recurrent implantation failure,Primary infertility",1,TRUE,TRUE,"unique_exact_genomic_allele",TRUE,"","BENIGN","B/LB"
"11:22221101:A:AA","OLI016","Monogenic+Modifier","Limb-girdle muscular dystrophy",1,FALSE,FALSE,NA,NA,NA,NA,NA
"11:22272895:C:G","OLI016","Monogenic+Modifier","Limb-girdle muscular dystrophy",1,TRUE,TRUE,"unique_exact_genomic_allele",TRUE,"Uncertain","POSSIBLY_BENIGN","Possibly benign"
"11:22274608:C:T","OLI017","Unknown","Limb-girdle muscular dystrophy",1,TRUE,TRUE,"unique_exact_genomic_allele",TRUE,"Benign","LIKELY_BENIGN","B/LB"
"11:2570652:G:C","OLI1217","Monogenic+Modifier","Familial long QT syndrome",1,TRUE,TRUE,"unique_exact_genomic_allele",TRUE,"Deleterious","PATHOGENIC","P/LP"
"11:2570711:CT:C","OLI361","Unknown","Familial long QT syndrome",1,TRUE,TRUE,"unique_exact_genomic_allele",TRUE,"Benign","PATHOGENIC","P/LP"
"11:2570719:G:A","OLI1219","Unknown","Familial long QT syndrome",1,TRUE,TRUE,"unique_exact_genomic_allele",TRUE,"Deleterious","PATHOGENIC","P/LP"
"11:2572057:G:C","OLI362","Unknown","Familial long QT syndrome",1,TRUE,TRUE,"unique_exact_genomic_allele",TRUE,"Deleterious","LIKELY_PATHOGENIC","P/LP"
"11:2572089:G:A","OLI202","Monogenic+Modifier","Romano-Ward syndrome",1,TRUE,TRUE,"unique_exact_genomic_allele",TRUE,"Deleterious","PATHOGENIC","P/LP"
"11:2583448:C:T","OLI1218","Unknown","Familial long QT syndrome",1,TRUE,TRUE,"unique_exact_genomic_allele",TRUE,"Deleterious","PATHOGENIC","P/LP"
"11:2583535:C:A","OLI096","Monogenic+Modifier","Familial long QT syndrome",1,TRUE,TRUE,"unique_exact_genomic_allele",TRUE,"Deleterious","PATHOGENIC","P/LP"
"11:2583535:C:T","OLI1216","Unknown","Familial long QT syndrome",1,TRUE,TRUE,"unique_exact_genomic_allele",TRUE,"Deleterious","PATHOGENIC","P/LP"
"11:27368192:T:C","OLI1051","Unknown","Primary ovarian failure",1,TRUE,TRUE,"unique_exact_genomic_allele",TRUE,"Uncertain","POSSIBLY_BENIGN","Possibly benign"
"11:2768881:C:T","OLI445","Monogenic+Modifier","Familial long QT syndrome",1,TRUE,TRUE,"unique_exact_genomic_allele",TRUE,"","PATHOGENIC","P/LP"
"11:2777991:G:A","OLI549","Unknown","Familial long QT syndrome",1,TRUE,TRUE,"unique_exact_genomic_allele",TRUE,"Deleterious","PATHOGENIC","P/LP"
"11:2777991:G:A","OLI550","Unknown","Familial long QT syndrome",1,TRUE,TRUE,"unique_exact_genomic_allele",TRUE,"Deleterious","PATHOGENIC","P/LP"
"11:31790769:G:T","OLI885","Unknown","Kallmann syndrome",1,TRUE,TRUE,"unique_exact_genomic_allele",TRUE,"Uncertain","BENIGN","B/LB"
"11:31790770:G:T","OLI879","Unknown","Kallmann syndrome",1,TRUE,TRUE,"unique_exact_genomic_allele",TRUE,"Uncertain","POSSIBLY_PATHOGENIC_MODERATE","Possibly pathogenic"
"11:31790770:G:T","OLI880","Unknown","Kallmann syndrome",1,TRUE,TRUE,"unique_exact_genomic_allele",TRUE,"Uncertain","POSSIBLY_PATHOGENIC_MODERATE","Possibly pathogenic"
"11:31800691:CTTGCGTAGG:C","OLI887","Unknown","Kallmann syndrome",1,TRUE,TRUE,"unique_exact_genomic_allele",TRUE,"","POSSIBLY_PATHOGENIC_MODERATE","Possibly pathogenic"
"11:32435062:G:C","OLI1509","Unknown","46,XY disorder of sex development",1,TRUE,TRUE,"unique_exact_genomic_allele",TRUE,"Uncertain","POSSIBLY_PATHOGENIC_LOW","Possibly pathogenic"
"11:34456129:G:C","OLI745","Unknown","Isolated anencephaly",1,TRUE,TRUE,"unique_exact_genomic_allele",TRUE,"Deleterious","POSSIBLY_PATHOGENIC_LOW","Possibly pathogenic"
"11:34464144:C:T","OLI701","Unknown","Isolated anencephaly",1,TRUE,TRUE,"unique_exact_genomic_allele",TRUE,"Deleterious","POSSIBLY_PATHOGENIC_LOW","Possibly pathogenic"
"11:46542503:C:T","OLI761","Unknown","Craniorachischisis",1,TRUE,TRUE,"unique_exact_genomic_allele",TRUE,"Uncertain","POSSIBLY_BENIGN","Possibly benign"
"11:46703166:CAGTGGTGACAGA:C","OLI1250","Unknown","Familial exudative vitreoretinopathy",1,TRUE,TRUE,"unique_exact_genomic_allele",TRUE,"","BENIGN","B/LB"
"11:46703166:CAGTGGTGACAGA:C","OLI1254","Unknown","Familial exudative vitreoretinopathy",1,TRUE,TRUE,"unique_exact_genomic_allele",TRUE,"","BENIGN","B/LB"
"11:46703166:CAGTGGTGACAGA:C","OLI1255","Unknown","Familial exudative vitreoretinopathy",1,TRUE,TRUE,"unique_exact_genomic_allele",TRUE,"","BENIGN","B/LB"
"11:46703166:CAGTGGTGACAGA:C","OLI1256","Unknown","Familial exudative vitreoretinopathy",1,TRUE,TRUE,"unique_exact_genomic_allele",TRUE,"","BENIGN","B/LB"
"11:46703166:CAGTGGTGACAGA:C","OLI1258","Unknown","Familial exudative vitreoretinopathy",1,TRUE,TRUE,"unique_exact_genomic_allele",TRUE,"","BENIGN","B/LB"
"11:46703166:CAGTGGTGACAGA:C","OLI1259","Unknown","Familial exudative vitreoretinopathy",1,TRUE,TRUE,"unique_exact_genomic_allele",TRUE,"","BENIGN","B/LB"
"11:46704592:G:A","OLI312","True Digenic","Familial exudative vitreoretinopathy",1,TRUE,TRUE,"unique_exact_genomic_allele",TRUE,"Benign","BENIGN","B/LB"
"11:46704710:G:C","OLI1249","Unknown","Familial exudative vitreoretinopathy",1,TRUE,TRUE,"unique_exact_genomic_allele",TRUE,"Benign","BENIGN","B/LB"
"11:46705686:CAGAG:C","OLI314","Monogenic+Modifier","Familial exudative vitreoretinopathy",1,TRUE,TRUE,"unique_exact_genomic_allele",TRUE,"","LIKELY_PATHOGENIC","P/LP"
"11:46705688:G:C","OLI313","Monogenic+Modifier","Familial exudative vitreoretinopathy",1,TRUE,TRUE,"unique_exact_genomic_allele",TRUE,"Benign","LIKELY_BENIGN","B/LB"
"11:46859041:G:C","OLI670","Unknown","46,XY disorder of sex development",1,TRUE,TRUE,"unique_exact_genomic_allele",TRUE,"Uncertain","LIKELY_BENIGN","B/LB"
"11:61771607:C:T","OLI1520","Unknown","46,XY disorder of sex development",1,TRUE,TRUE,"unique_exact_genomic_allele",TRUE,"Benign","LIKELY_BENIGN","B/LB"
"11:61774073:A:G","OLI1512","Unknown","46,XY disorder of sex development",1,TRUE,TRUE,"unique_exact_genomic_allele",TRUE,"Benign","LIKELY_BENIGN","B/LB"
"11:61774073:A:G","OLI1515","Unknown","46,XY disorder of sex development",1,TRUE,TRUE,"unique_exact_genomic_allele",TRUE,"Benign","LIKELY_BENIGN","B/LB"
"11:61774073:A:G","OLI1536","Unknown","46,XY disorder of sex development",1,TRUE,TRUE,"unique_exact_genomic_allele",TRUE,"Benign","LIKELY_BENIGN","B/LB"
"11:61779550:C:T","OLI1569","Unknown","Syndrome with 46,XY disorder of sex development",1,TRUE,TRUE,"unique_exact_genomic_allele",TRUE,"Benign","LIKELY_BENIGN","B/LB"
"11:62518069:G:A","OLI333","Unknown","Amyotrophic lateral sclerosis",1,TRUE,TRUE,"unique_exact_genomic_allele",TRUE,"Uncertain","LIKELY_BENIGN","B/LB"
"11:62521036:T:C","OLI333","Unknown","Amyotrophic lateral sclerosis",1,TRUE,TRUE,"unique_exact_genomic_allele",TRUE,"Uncertain","LIKELY_BENIGN","B/LB"
"11:62613517:T:TG","OLI222","True Digenic","Retinitis pigmentosa",1,TRUE,TRUE,"unique_exact_genomic_allele",TRUE,"Benign","LIKELY_PATHOGENIC","P/LP"
"11:62613611:T:TG","OLI223","True Digenic","Retinitis pigmentosa",1,TRUE,TRUE,"unique_exact_genomic_allele",TRUE,"Benign","POSSIBLY_PATHOGENIC_LOW","Possibly pathogenic"
"11:62702493:G:A","OLI1147","Monogenic+Modifier","Hereditary spastic paraplegia",1,TRUE,TRUE,"unique_exact_genomic_allele",TRUE,"Deleterious","PATHOGENIC","P/LP"
"11:6271446:G:A","OLI1345","Unknown","Kallmann syndrome",1,TRUE,TRUE,"unique_exact_genomic_allele",TRUE,"Benign","UNCERTAIN_SIGNIFICANCE","VUS"
"11:64117451:C:T","OLI646","Unknown","Schizophrenia",1,TRUE,TRUE,"unique_exact_genomic_allele",TRUE,"Uncertain","LIKELY_BENIGN","B/LB"
"11:64234841:C:T","OLI1549","Unknown","46,XY disorder of sex development",1,TRUE,TRUE,"unique_exact_genomic_allele",TRUE,"Uncertain","UNCERTAIN_SIGNIFICANCE","VUS"
"11:64648841:C:T","OLI023","Monogenic+Modifier","Early infantile epileptic encephalopathy",1,TRUE,TRUE,"unique_exact_genomic_allele",TRUE,"Uncertain","POSSIBLY_PATHOGENIC_MODERATE","Possibly pathogenic"
"11:64753959:G:A","OLI806","Unknown","Recurrent exertional rhabdomyolysis",1,TRUE,TRUE,"unique_exact_genomic_allele",TRUE,"Deleterious","POSSIBLY_PATHOGENIC_MODERATE","Possibly pathogenic"
"11:64759753:GG:TA","OLI461","Unknown","Glycogen storage disease due to muscle glycogen phosphorylase deficiency",1,TRUE,TRUE,"unique_exact_genomic_allele",TRUE,"","LIKELY_PATHOGENIC","P/LP"
"11:64807982:G:A","OLI704","Unknown","Craniorachischisis",1,TRUE,TRUE,"unique_exact_genomic_allele",TRUE,"Deleterious","POSSIBLY_PATHOGENIC_MODERATE","Possibly pathogenic"
"11:64900544:C:G","OLI1048","Unknown","Primary ovarian failure",1,TRUE,TRUE,"unique_exact_genomic_allele",TRUE,"Uncertain","UNCERTAIN_SIGNIFICANCE","VUS"
"11:65188618:C:T","OLI335","Unknown","Amyotrophic lateral sclerosis",1,TRUE,TRUE,"unique_exact_genomic_allele",TRUE,"Uncertain","POSSIBLY_BENIGN","Possibly benign"
"11:6617040:G:A","OLI462","Unknown","Mitochondrial membrane protein-associated neurodegeneration",1,TRUE,TRUE,"unique_exact_genomic_allele",TRUE,"","PATHOGENIC","P/LP"
"11:6619387:G:T","OLI329","Unknown","Amyotrophic lateral sclerosis",1,TRUE,TRUE,"unique_exact_genomic_allele",TRUE,"Uncertain","LIKELY_BENIGN","B/LB"
"11:6624292:G:A","OLI707","Unknown","Isolated anencephaly",1,TRUE,TRUE,"unique_exact_genomic_allele",TRUE,"Uncertain","POSSIBLY_BENIGN","Possibly benign"
"11:6627173:G:A","OLI701","Unknown","Isolated anencephaly",1,TRUE,TRUE,"unique_exact_genomic_allele",TRUE,"Uncertain","UNCERTAIN_SIGNIFICANCE","VUS"
"11:6629809:T:C","OLI740","Unknown","Isolated anencephaly",1,TRUE,TRUE,"unique_exact_genomic_allele",TRUE,"Uncertain","POSSIBLY_PATHOGENIC_LOW","Possibly pathogenic"
"11:6630722:C:T","OLI697","Unknown","Craniorachischisis",1,TRUE,TRUE,"unique_exact_genomic_allele",TRUE,"Uncertain","BENIGN","B/LB"
"11:6632354:C:G","OLI692","Unknown","Isolated anencephaly",1,TRUE,TRUE,"unique_exact_genomic_allele",TRUE,"Uncertain","BENIGN","B/LB"
"11:66347191:G:T","OLI909","Unknown","Normosmic congenital hypogonadotropic hypogonadism",1,TRUE,TRUE,"unique_exact_genomic_allele",TRUE,"Uncertain","POSSIBLY_PATHOGENIC_LOW","Possibly pathogenic"
"11:66347394:G:A","OLI861","Unknown","Kallmann syndrome",1,TRUE,TRUE,"unique_exact_genomic_allele",TRUE,"Benign","LIKELY_BENIGN","B/LB"
"11:66347394:G:A","OLI904","Unknown","Normosmic congenital hypogonadotropic hypogonadism",1,TRUE,TRUE,"unique_exact_genomic_allele",TRUE,"Benign","LIKELY_BENIGN","B/LB"
"11:66347394:G:A","OLI908","Unknown","Normosmic congenital hypogonadotropic hypogonadism",1,TRUE,TRUE,"unique_exact_genomic_allele",TRUE,"Benign","LIKELY_BENIGN","B/LB"
"11:66510683:T:C","OLI1117","Unknown","Bardet-Biedl syndrome",1,TRUE,TRUE,"unique_exact_genomic_allele",TRUE,"Benign","BENIGN","B/LB"
"11:66510705:A:T","OLI324","Monogenic+Modifier","Bardet-Biedl syndrome",1,TRUE,TRUE,"unique_exact_genomic_allele",TRUE,"Deleterious","LIKELY_PATHOGENIC","P/LP"
"11:66511034:G:GT","OLI1667","Unknown","Bardet-Biedl syndrome",1,TRUE,TRUE,"unique_exact_genomic_allele",TRUE,"Benign","PATHOGENIC","P/LP"
"11:66511082:CT:C","OLI1437","Unknown","Bardet-Biedl syndrome",1,TRUE,TRUE,"unique_exact_genomic_allele",TRUE,"Benign","PATHOGENIC","P/LP"
"11:66514585:T:G","OLI037","Unknown","Retinitis pigmentosa",1,TRUE,TRUE,"unique_exact_genomic_allele",TRUE,"","LIKELY_PATHOGENIC","P/LP"
"11:66519725:G:A","OLI061","Unknown","Bardet-Biedl syndrome",1,TRUE,TRUE,"unique_exact_genomic_allele",TRUE,"Uncertain","BENIGN","B/LB"
"11:66521280:C:T","OLI1146","Unknown","Bardet-Biedl syndrome",1,TRUE,TRUE,"unique_exact_genomic_allele",TRUE,"Uncertain","POSSIBLY_PATHOGENIC_LOW","Possibly pathogenic"
"11:66523460:TC:T","OLI1444","Unknown","Bardet-Biedl syndrome",1,TRUE,TRUE,"unique_exact_genomic_allele",TRUE,"Benign","LIKELY_PATHOGENIC","P/LP"
"11:66523496:C:T","OLI063","Unknown","Bardet-Biedl syndrome",1,TRUE,TRUE,"unique_exact_genomic_allele",TRUE,"","PATHOGENIC","P/LP"
"11:66523511:AT:A","OLI089","Unknown","Bardet-Biedl syndrome",1,TRUE,TRUE,"unique_exact_genomic_allele",TRUE,"Benign","PATHOGENIC","P/LP"
"11:66523511:AT:A","OLI1119","Unknown","Bardet-Biedl syndrome",1,TRUE,TRUE,"unique_exact_genomic_allele",TRUE,"Benign","PATHOGENIC","P/LP"
"11:66523634:C:T","OLI1438","Unknown","Bardet-Biedl syndrome",1,TRUE,TRUE,"unique_exact_genomic_allele",TRUE,"Deleterious","LIKELY_PATHOGENIC","P/LP"
"11:66523761:T:C","OLI1117","Unknown","Bardet-Biedl syndrome",1,TRUE,TRUE,"unique_exact_genomic_allele",TRUE,"Uncertain","UNCERTAIN_SIGNIFICANCE","VUS"
"11:66523788:A:T","OLI323","Monogenic+Modifier","Bardet-Biedl syndrome",1,TRUE,TRUE,"unique_exact_genomic_allele",TRUE,"Benign","POSSIBLY_PATHOGENIC_LOW","Possibly pathogenic"
"11:66523869:T:A","OLI1436","Unknown","Bardet-Biedl syndrome",1,TRUE,TRUE,"unique_exact_genomic_allele",TRUE,"Deleterious","LIKELY_PATHOGENIC","P/LP"
"11:66526179:C:A","OLI079","Unknown","Bardet-Biedl syndrome",1,TRUE,TRUE,"unique_exact_genomic_allele",TRUE,"Benign","POSSIBLY_BENIGN","Possibly benign"
"11:66526179:C:A","OLI1127","Unknown","Bardet-Biedl syndrome",1,TRUE,TRUE,"unique_exact_genomic_allele",TRUE,"Benign","POSSIBLY_BENIGN","Possibly benign"
"11:66526181:T:G","OLI037","Unknown","Retinitis pigmentosa",1,FALSE,TRUE,"exact_allele_multiple_variant_ids",NA,NA,NA,NA
"11:66526181:T:G","OLI038","Monogenic+Modifier","Hirschsprung disease; Retinitis pigmentosa",1,FALSE,TRUE,"exact_allele_multiple_variant_ids",NA,NA,NA,NA
"11:66526181:T:G","OLI039","True Digenic","Bardet-Biedl syndrome",1,FALSE,TRUE,"exact_allele_multiple_variant_ids",NA,NA,NA,NA
"11:66526181:T:G","OLI062","Unknown","Bardet-Biedl syndrome",1,FALSE,TRUE,"exact_allele_multiple_variant_ids",NA,NA,NA,NA
"11:66526181:T:G","OLI063","Unknown","Bardet-Biedl syndrome",1,FALSE,TRUE,"exact_allele_multiple_variant_ids",NA,NA,NA,NA
"11:66526181:T:G","OLI064","Unknown","Bardet-Biedl syndrome",1,FALSE,TRUE,"exact_allele_multiple_variant_ids",NA,NA,NA,NA
"11:66526181:T:G","OLI065","Monogenic+Modifier","Bardet-Biedl syndrome",1,FALSE,TRUE,"exact_allele_multiple_variant_ids",NA,NA,NA,NA
"11:66526181:T:G","OLI066","Monogenic+Modifier","Bardet-Biedl syndrome",1,FALSE,TRUE,"exact_allele_multiple_variant_ids",NA,NA,NA,NA
"11:66526181:T:G","OLI088","Unknown","Bardet-Biedl syndrome",1,FALSE,TRUE,"exact_allele_multiple_variant_ids",NA,NA,NA,NA
"11:66526181:T:G","OLI1116","Unknown","Bardet-Biedl syndrome",1,FALSE,TRUE,"exact_allele_multiple_variant_ids",NA,NA,NA,NA
"11:66526181:T:G","OLI1118","Unknown","Bardet-Biedl syndrome",1,FALSE,TRUE,"exact_allele_multiple_variant_ids",NA,NA,NA,NA
"11:66526181:T:G","OLI1120","Unknown","Bardet-Biedl syndrome",1,FALSE,TRUE,"exact_allele_multiple_variant_ids",NA,NA,NA,NA
"11:66526181:T:G","OLI141","Unknown","Bardet-Biedl syndrome",1,FALSE,TRUE,"exact_allele_multiple_variant_ids",NA,NA,NA,NA
"11:66526181:T:G","OLI1435","Unknown","Bardet-Biedl syndrome",1,FALSE,TRUE,"exact_allele_multiple_variant_ids",NA,NA,NA,NA
"11:66526181:T:G","OLI1438","Unknown","Bardet-Biedl syndrome",1,FALSE,TRUE,"exact_allele_multiple_variant_ids",NA,NA,NA,NA
"11:66526181:T:G","OLI1439","Unknown","Bardet-Biedl syndrome",1,FALSE,TRUE,"exact_allele_multiple_variant_ids",NA,NA,NA,NA
"11:66526181:T:G","OLI1440","Unknown","Bardet-Biedl syndrome",1,FALSE,TRUE,"exact_allele_multiple_variant_ids",NA,NA,NA,NA
"11:66526181:T:G","OLI1441","Unknown","Bardet-Biedl syndrome",1,FALSE,TRUE,"exact_allele_multiple_variant_ids",NA,NA,NA,NA
"11:66526181:T:G","OLI1442","Unknown","Bardet-Biedl syndrome",1,FALSE,TRUE,"exact_allele_multiple_variant_ids",NA,NA,NA,NA
"11:66526181:T:G","OLI1443","Unknown","Bardet-Biedl syndrome",1,FALSE,TRUE,"exact_allele_multiple_variant_ids",NA,NA,NA,NA
"11:66526181:T:G","OLI1444","Unknown","Bardet-Biedl syndrome",1,FALSE,TRUE,"exact_allele_multiple_variant_ids",NA,NA,NA,NA
"11:66526181:T:G","OLI1445","Unknown","Bardet-Biedl syndrome",1,FALSE,TRUE,"exact_allele_multiple_variant_ids",NA,NA,NA,NA
"11:66526181:T:G","OLI417","Unknown","Bardet-Biedl syndrome",1,FALSE,TRUE,"exact_allele_multiple_variant_ids",NA,NA,NA,NA
"11:66526181:T:G","OLI618","Unknown","Bardet-Biedl syndrome",1,FALSE,TRUE,"exact_allele_multiple_variant_ids",NA,NA,NA,NA
"11:66526181:T:G","OLI619","Unknown","Bardet-Biedl syndrome",1,FALSE,TRUE,"exact_allele_multiple_variant_ids",NA,NA,NA,NA
"11:66526752:C:CC","OLI324","Monogenic+Modifier","Bardet-Biedl syndrome",1,FALSE,FALSE,NA,NA,NA,NA,NA
"11:66526806:C:T","OLI1122","Unknown","Bardet-Biedl syndrome",1,TRUE,TRUE,"unique_exact_genomic_allele",TRUE,"Benign","LIKELY_BENIGN","B/LB"
"11:66529926:C:T","OLI1117","Unknown","Bardet-Biedl syndrome",1,TRUE,TRUE,"unique_exact_genomic_allele",TRUE,"","PATHOGENIC","P/LP"
"11:66529956:A:G","OLI140","Unknown","Bardet-Biedl syndrome",1,TRUE,TRUE,"unique_exact_genomic_allele",TRUE,"Deleterious","LIKELY_PATHOGENIC","P/LP"
"11:66530955:G:A","OLI147","Unknown","Bardet-Biedl syndrome",1,TRUE,TRUE,"unique_exact_genomic_allele",TRUE,"Deleterious","POSSIBLY_PATHOGENIC_MODERATE","Possibly pathogenic"
"11:66530987:TACA:T","OLI1116","Unknown","Bardet-Biedl syndrome",1,TRUE,TRUE,"unique_exact_genomic_allele",TRUE,"Benign","LIKELY_PATHOGENIC","P/LP"
"11:66531020:TT:GC","OLI080","Unknown","Bardet-Biedl syndrome; Alström syndrome; McKusick-Kaufman syndrome",1,TRUE,TRUE,"unique_exact_genomic_allele",TRUE,"","POSSIBLY_PATHOGENIC_LOW","Possibly pathogenic"
"11:66531020:TT:GC","OLI1129","Unknown","Bardet-Biedl syndrome",1,TRUE,TRUE,"unique_exact_genomic_allele",TRUE,"","POSSIBLY_PATHOGENIC_LOW","Possibly pathogenic"
"11:66531692:G:T","OLI038","Monogenic+Modifier","Hirschsprung disease; Retinitis pigmentosa",1,FALSE,TRUE,"exact_allele_multiple_variant_ids",NA,NA,NA,NA
"11:66531692:G:T","OLI139","Unknown","Bardet-Biedl syndrome",1,FALSE,TRUE,"exact_allele_multiple_variant_ids",NA,NA,NA,NA
"11:66531692:G:T","OLI141","Unknown","Bardet-Biedl syndrome",1,FALSE,TRUE,"exact_allele_multiple_variant_ids",NA,NA,NA,NA
"11:66531692:G:T","OLI1437","Unknown","Bardet-Biedl syndrome",1,FALSE,TRUE,"exact_allele_multiple_variant_ids",NA,NA,NA,NA
"11:66531692:G:T","OLI617","Unknown","Bardet-Biedl syndrome",1,FALSE,TRUE,"exact_allele_multiple_variant_ids",NA,NA,NA,NA
"11:68032155:C:T","OLI809","Unknown","Recurrent exertional rhabdomyolysis",1,TRUE,TRUE,"unique_exact_genomic_allele",TRUE,"Uncertain","BENIGN","B/LB"
"11:68036256:A:G","OLI809","Unknown","Recurrent exertional rhabdomyolysis",1,TRUE,TRUE,"unique_exact_genomic_allele",TRUE,"Deleterious","LIKELY_PATHOGENIC","P/LP"
"11:68036364:G:T","OLI1589","Unknown","Leigh syndrome",1,TRUE,TRUE,"unique_exact_genomic_allele",TRUE,"Deleterious","POSSIBLY_PATHOGENIC_MODERATE","Possibly pathogenic"
"11:68044150:C:T","OLI1716","Unknown","Common variable immunodeficiency",1,TRUE,TRUE,"unique_exact_genomic_allele",TRUE,"Uncertain","POSSIBLY_BENIGN","Possibly benign"
"11:68049295:G:A","OLI515","Unknown","Osteopetrosis and related disorders",1,TRUE,TRUE,"unique_exact_genomic_allele",TRUE,"Deleterious","PATHOGENIC","P/LP"
"11:68312746:C:CGCT","OLI1249","Unknown","Familial exudative vitreoretinopathy",1,TRUE,TRUE,"unique_exact_genomic_allele",TRUE,"","BENIGN","B/LB"
"11:68312746:C:CGCT","OLI1250","Unknown","Familial exudative vitreoretinopathy",1,TRUE,TRUE,"unique_exact_genomic_allele",TRUE,"","BENIGN","B/LB"
"11:68312746:CGCT:C","OLI1254","Unknown","Familial exudative vitreoretinopathy",1,TRUE,TRUE,"unique_exact_genomic_allele",TRUE,"Benign","BENIGN","B/LB"
"11:68386630:C:T","OLI419","Unknown","Familial exudative vitreoretinopathy",1,TRUE,TRUE,"unique_exact_genomic_allele",TRUE,"Deleterious","LIKELY_PATHOGENIC","P/LP"
"11:68406721:G:A","OLI1253","Unknown","Familial exudative vitreoretinopathy",1,TRUE,TRUE,"unique_exact_genomic_allele",TRUE,"Uncertain","BENIGN","B/LB"
"11:68406721:G:A","OLI1256","Unknown","Familial exudative vitreoretinopathy",1,TRUE,TRUE,"unique_exact_genomic_allele",TRUE,"Uncertain","BENIGN","B/LB"
"11:68406721:G:A","OLI1258","Unknown","Familial exudative vitreoretinopathy",1,TRUE,TRUE,"unique_exact_genomic_allele",TRUE,"Uncertain","BENIGN","B/LB"
"11:68409910:C:T","OLI308","Unknown","Familial exudative vitreoretinopathy",1,TRUE,TRUE,"unique_exact_genomic_allele",TRUE,"Benign","LIKELY_BENIGN","B/LB"
"11:68413763:T:C","OLI307","True Digenic","Familial exudative vitreoretinopathy",1,TRUE,TRUE,"unique_exact_genomic_allele",TRUE,"Deleterious","POSSIBLY_PATHOGENIC_MODERATE","Possibly pathogenic"
"11:68425226:A:G","OLI185","True Digenic","Retinitis pigmentosa",1,TRUE,TRUE,"unique_exact_genomic_allele",TRUE,"Uncertain","BENIGN","B/LB"
"11:68425226:A:G","OLI303","Unknown","Familial exudative vitreoretinopathy",1,TRUE,TRUE,"unique_exact_genomic_allele",TRUE,"Uncertain","BENIGN","B/LB"
"11:68425226:A:G","OLI305","Unknown","Familial exudative vitreoretinopathy",1,TRUE,TRUE,"unique_exact_genomic_allele",TRUE,"Uncertain","BENIGN","B/LB"
"11:68425226:A:G","OLI315","True Digenic","Familial exudative vitreoretinopathy",1,TRUE,TRUE,"unique_exact_genomic_allele",TRUE,"Uncertain","BENIGN","B/LB"
"11:68426088:G:A","OLI306","Monogenic+Modifier","Familial exudative vitreoretinopathy",1,TRUE,TRUE,"unique_exact_genomic_allele",TRUE,"Uncertain","POSSIBLY_PATHOGENIC_MODERATE","Possibly pathogenic"
"11:68433760:G:A","OLI304","Unknown","Familial exudative vitreoretinopathy",1,TRUE,TRUE,"unique_exact_genomic_allele",TRUE,"Deleterious","POSSIBLY_PATHOGENIC_MODERATE","Possibly pathogenic"
"11:68433827:C:T","OLI1251","Unknown","Familial exudative vitreoretinopathy",1,TRUE,TRUE,"unique_exact_genomic_allele",TRUE,"Uncertain","BENIGN","B/LB"
"11:68433827:C:T","OLI1253","Unknown","Familial exudative vitreoretinopathy",1,TRUE,TRUE,"unique_exact_genomic_allele",TRUE,"Uncertain","BENIGN","B/LB"
"11:68433827:C:T","OLI1256","Unknown","Familial exudative vitreoretinopathy",1,TRUE,TRUE,"unique_exact_genomic_allele",TRUE,"Uncertain","BENIGN","B/LB"
"11:68433827:C:T","OLI1258","Unknown","Familial exudative vitreoretinopathy",1,TRUE,TRUE,"unique_exact_genomic_allele",TRUE,"Uncertain","BENIGN","B/LB"
"11:68436937:T:A","OLI310","Unknown","Familial exudative vitreoretinopathy",1,TRUE,TRUE,"unique_exact_genomic_allele",TRUE,"Uncertain","POSSIBLY_PATHOGENIC_LOW","Possibly pathogenic"
"11:68436972:A:G","OLI309","Unknown","Familial exudative vitreoretinopathy",1,TRUE,TRUE,"unique_exact_genomic_allele",TRUE,"Uncertain","POSSIBLY_PATHOGENIC_MODERATE","Possibly pathogenic"
"11:68439918:T:G","OLI1252","Unknown","Familial exudative vitreoretinopathy",1,TRUE,TRUE,"unique_exact_genomic_allele",TRUE,"Deleterious","PATHOGENIC","P/LP"
"11:68446458:C:T","OLI1059","Unknown","Primary ovarian failure",1,TRUE,TRUE,"unique_exact_genomic_allele",TRUE,"Deleterious","LIKELY_BENIGN","B/LB"
"11:68446464:C:T","OLI311","Unknown","Familial exudative vitreoretinopathy",1,TRUE,TRUE,"unique_exact_genomic_allele",TRUE,"Deleterious","POSSIBLY_PATHOGENIC_MODERATE","Possibly pathogenic"
"11:68446512:C:T","OLI1257","Unknown","Familial exudative vitreoretinopathy",1,TRUE,TRUE,"unique_exact_genomic_allele",TRUE,"Deleterious","POSSIBLY_PATHOGENIC_MODERATE","Possibly pathogenic"
"11:686988:C:A","OLI1706","Unknown","Rare pervasive developmental disorder",1,TRUE,TRUE,"unique_exact_genomic_allele",TRUE,"Uncertain","PATHOGENIC","P/LP"
"11:69774088:C:T","OLI553","Unknown","Schizophrenia",1,TRUE,TRUE,"unique_exact_genomic_allele",TRUE,"Uncertain","UNCERTAIN_SIGNIFICANCE","VUS"
"11:71304122:C:T","OLI1246","Unknown","Corticobasal syndrome; Progressive non-fluent aphasia",1,TRUE,TRUE,"unique_exact_genomic_allele",FALSE,"","POSSIBLY_BENIGN","Possibly benign"
"11:72139631:T:C","OLI694","Unknown","Isolated anencephaly",1,TRUE,TRUE,"unique_exact_genomic_allele",TRUE,"Uncertain","UNCERTAIN_SIGNIFICANCE","VUS"
"11:72139722:T:A","OLI712","Unknown","Isolated anencephaly",1,TRUE,TRUE,"unique_exact_genomic_allele",TRUE,"Deleterious","UNCERTAIN_SIGNIFICANCE","VUS"
"11:72234319:G:C","OLI1684","Unknown","Non-Syndromic genetic keratoconus",1,TRUE,TRUE,"unique_exact_genomic_allele",TRUE,"Uncertain","UNCERTAIN_SIGNIFICANCE","VUS"
"11:72235455:G:C","OLI1681","Unknown","Non-Syndromic genetic keratoconus",1,TRUE,TRUE,"unique_exact_genomic_allele",TRUE,"Benign","UNCERTAIN_SIGNIFICANCE","VUS"
"11:72238073:G:T","OLI1682","Unknown","Non-Syndromic genetic keratoconus",1,TRUE,TRUE,"unique_exact_genomic_allele",TRUE,"Uncertain","UNCERTAIN_SIGNIFICANCE","VUS"
"11:73390894:A:T","OLI1642","Unknown","Amelogenesis imperfecta",1,TRUE,TRUE,"unique_exact_genomic_allele",TRUE,"Deleterious","LIKELY_PATHOGENIC","P/LP"
"11:73392364:T:G","OLI1642","Unknown","Amelogenesis imperfecta",1,TRUE,TRUE,"unique_exact_genomic_allele",TRUE,"Deleterious","LIKELY_PATHOGENIC","P/LP"
"11:77130637:G:A","OLI1032","Unknown","Atypical hemolytic uremic syndrome",1,TRUE,TRUE,"unique_exact_genomic_allele",TRUE,"Deleterious","PATHOGENIC","P/LP"
"11:77155945:C:T","OLI352","Unknown","46,XY disorder of sex development",1,TRUE,TRUE,"unique_exact_genomic_allele",TRUE,"Benign","BENIGN","B/LB"
"11:77157346:A:G","OLI106","Unknown","Usher syndrome type 2",1,TRUE,TRUE,"unique_exact_genomic_allele",TRUE,"Uncertain","LIKELY_BENIGN","B/LB"
"11:77159450:G:A","OLI1033","Unknown","Atypical hemolytic uremic syndrome; Meniere Disease",1,TRUE,TRUE,"unique_exact_genomic_allele",TRUE,"Deleterious","BENIGN","B/LB"
"11:77160215:G:A","OLI350","Unknown","46,XY disorder of sex development",1,TRUE,TRUE,"unique_exact_genomic_allele",TRUE,"Uncertain","POSSIBLY_PATHOGENIC_MODERATE","Possibly pathogenic"
"11:77162352:C:T","OLI345","Unknown","46,XY disorder of sex development",1,TRUE,TRUE,"unique_exact_genomic_allele",TRUE,"Benign","POSSIBLY_BENIGN","Possibly benign"
"11:77162854:G:A","OLI100","Unknown","Usher syndrome type 1",1,TRUE,TRUE,"unique_exact_genomic_allele",TRUE,"Deleterious","PATHOGENIC","P/LP"
"11:77172741:CC:AT","OLI604","Unknown","Disorder of sex development",1,TRUE,TRUE,"unique_exact_genomic_allele",TRUE,"","UNCERTAIN_SIGNIFICANCE","VUS"
"11:77172744:CCAGGGCG:GGCTGCT","OLI604","Unknown","Disorder of sex development",1,TRUE,TRUE,"unique_exact_genomic_allele",TRUE,"","LIKELY_PATHOGENIC","P/LP"
"11:77174894:G:A","OLI261","Unknown","Usher syndrome type 1",1,TRUE,TRUE,"unique_exact_genomic_allele",TRUE,"Deleterious","POSSIBLY_PATHOGENIC_MODERATE","Possibly pathogenic"
"11:77179044:G:T","OLI102","Unknown","Usher syndrome type 1",1,TRUE,TRUE,"unique_exact_genomic_allele",TRUE,"Deleterious","PATHOGENIC","P/LP"
"11:77179073:G:T","OLI259","True Digenic","Usher syndrome type 1",1,TRUE,TRUE,"unique_exact_genomic_allele",TRUE,"Uncertain","UNCERTAIN_SIGNIFICANCE","VUS"
"11:77179874:G:A","OLI1034","Unknown","Atypical hemolytic uremic syndrome; Meniere Disease",1,TRUE,TRUE,"unique_exact_genomic_allele",TRUE,"Uncertain","UNCERTAIN_SIGNIFICANCE","VUS"
"11:77180404:C:T","OLI1035","Unknown","Atypical hemolytic uremic syndrome; Meniere Disease",1,TRUE,TRUE,"unique_exact_genomic_allele",TRUE,"Deleterious","LIKELY_BENIGN","B/LB"
"11:77181567:G:A","OLI1746","Unknown","46,XY disorder of sex development",1,TRUE,TRUE,"unique_exact_genomic_allele",TRUE,"Deleterious","LIKELY_BENIGN","B/LB"
"11:77182439:T:G","OLI345","Unknown","46,XY disorder of sex development",1,TRUE,TRUE,"unique_exact_genomic_allele",TRUE,"Deleterious","POSSIBLY_PATHOGENIC_MODERATE","Possibly pathogenic"
"11:77189305:T:C","OLI343","Unknown","46,XY disorder of sex development",1,TRUE,TRUE,"unique_exact_genomic_allele",TRUE,"Benign","BENIGN","B/LB"
"11:77190048:C:T","OLI105","True Digenic","Usher syndrome type 2",1,TRUE,TRUE,"unique_exact_genomic_allele",TRUE,"Deleterious","LIKELY_PATHOGENIC","P/LP"
"11:77190849:CT:C","OLI101","Unknown","Usher syndrome type 1",1,TRUE,TRUE,"unique_exact_genomic_allele",TRUE,"Benign","PATHOGENIC","P/LP"
"11:77192293:A:G","OLI350","Unknown","46,XY disorder of sex development",1,TRUE,TRUE,"unique_exact_genomic_allele",TRUE,"Benign","LIKELY_BENIGN","B/LB"
"11:77199601:G:A","OLI1036","Unknown","Atypical hemolytic uremic syndrome; Meniere Disease",1,TRUE,TRUE,"unique_exact_genomic_allele",TRUE,"","PATHOGENIC","P/LP"
"11:77208812:C:T","OLI348","Unknown","46,XY disorder of sex development",1,TRUE,TRUE,"unique_exact_genomic_allele",TRUE,"Benign","LIKELY_BENIGN","B/LB"
"11:77211170:C:T","OLI100","Unknown","Usher syndrome type 1",1,TRUE,TRUE,"unique_exact_genomic_allele",TRUE,"","PATHOGENIC","P/LP"
"11:77211830:G:A","OLI1037","Unknown","Atypical hemolytic uremic syndrome; Meniere Disease",1,TRUE,TRUE,"unique_exact_genomic_allele",TRUE,"Uncertain","POSSIBLY_BENIGN","Possibly benign"
"11:77213978:T:C","OLI103","True Digenic","Usher syndrome type 1",1,TRUE,TRUE,"unique_exact_genomic_allele",TRUE,"Deleterious","POSSIBLY_PATHOGENIC_MODERATE","Possibly pathogenic"
"11:77214674:G:A","OLI1038","Unknown","Atypical hemolytic uremic syndrome; Meniere Disease",1,TRUE,TRUE,"unique_exact_genomic_allele",TRUE,"Uncertain","POSSIBLY_PATHOGENIC_MODERATE","Possibly pathogenic"
"11:77483415:G:A","OLI1749","Unknown","46,XY disorder of sex development",1,TRUE,TRUE,"unique_exact_genomic_allele",FALSE,"","POSSIBLY_BENIGN","Possibly benign"
"11:86951167:C:T","OLI308","Unknown","Familial exudative vitreoretinopathy",1,TRUE,TRUE,"unique_exact_genomic_allele",TRUE,"Deleterious","LIKELY_BENIGN","B/LB"
"11:86951253:AAG:A","OLI455","Unknown","Familial exudative vitreoretinopathy",1,TRUE,TRUE,"unique_exact_genomic_allele",TRUE,"Benign","PATHOGENIC","P/LP"
"11:86951274:C:T","OLI306","Monogenic+Modifier","Familial exudative vitreoretinopathy",1,TRUE,TRUE,"unique_exact_genomic_allele",TRUE,"Uncertain","LIKELY_PATHOGENIC","P/LP"
"11:86951293:C:T","OLI312","True Digenic","Familial exudative vitreoretinopathy",1,TRUE,TRUE,"unique_exact_genomic_allele",TRUE,"Deleterious","LIKELY_PATHOGENIC","P/LP"
"11:86951470:TTGTC:T","OLI303","Unknown","Familial exudative vitreoretinopathy",1,TRUE,TRUE,"unique_exact_genomic_allele",TRUE,"","PATHOGENIC","P/LP"
"11:86951506:C:T","OLI419","Unknown","Familial exudative vitreoretinopathy",1,TRUE,TRUE,"unique_exact_genomic_allele",TRUE,"Deleterious","LIKELY_PATHOGENIC","P/LP"
"11:86951532:CGCA:C","OLI1257","Unknown","Familial exudative vitreoretinopathy",1,TRUE,TRUE,"unique_exact_genomic_allele",FALSE,"Benign","UNCERTAIN_SIGNIFICANCE","VUS"
"11:86951678:T:A","OLI307","True Digenic","Familial exudative vitreoretinopathy",1,TRUE,TRUE,"unique_exact_genomic_allele",TRUE,"Deleterious","POSSIBLY_PATHOGENIC_MODERATE","Possibly pathogenic"
"11:86952254:G:A","OLI1252","Unknown","Familial exudative vitreoretinopathy",1,TRUE,TRUE,"unique_exact_genomic_allele",TRUE,"Uncertain","BENIGN","B/LB"
"11:86952254:G:A","OLI1253","Unknown","Familial exudative vitreoretinopathy",1,TRUE,TRUE,"unique_exact_genomic_allele",TRUE,"Uncertain","BENIGN","B/LB"
"11:86952275:C:G","OLI1258","Unknown","Familial exudative vitreoretinopathy",1,TRUE,TRUE,"unique_exact_genomic_allele",TRUE,"Uncertain","POSSIBLY_PATHOGENIC_LOW","Possibly pathogenic"
"11:86952280:A:G","OLI313","Monogenic+Modifier","Familial exudative vitreoretinopathy",1,TRUE,TRUE,"unique_exact_genomic_allele",TRUE,"Deleterious","POSSIBLY_PATHOGENIC_MODERATE","Possibly pathogenic"
"11:86952340:C:G","OLI1259","Unknown","Familial exudative vitreoretinopathy",1,TRUE,TRUE,"unique_exact_genomic_allele",TRUE,"Deleterious","POSSIBLY_PATHOGENIC_MODERATE","Possibly pathogenic"
"11:86952407:A:G","OLI453","Monogenic+Modifier","Familial exudative vitreoretinopathy",1,TRUE,TRUE,"unique_exact_genomic_allele",TRUE,"Deleterious","LIKELY_PATHOGENIC","P/LP"
"11:86952443:T:C","OLI304","Unknown","Familial exudative vitreoretinopathy",1,TRUE,TRUE,"unique_exact_genomic_allele",TRUE,"Uncertain","PATHOGENIC","P/LP"
"11:86954803:G:C","OLI309","Unknown","Familial exudative vitreoretinopathy",1,TRUE,TRUE,"unique_exact_genomic_allele",TRUE,"Deleterious","POSSIBLY_PATHOGENIC_MODERATE","Possibly pathogenic"
"11:86954881:G:A","OLI313","Monogenic+Modifier","Familial exudative vitreoretinopathy",1,TRUE,TRUE,"unique_exact_genomic_allele",TRUE,"Deleterious","BENIGN","B/LB"
"11:86954904:G:A","OLI305","Unknown","Familial exudative vitreoretinopathy",1,TRUE,TRUE,"unique_exact_genomic_allele",TRUE,"Deleterious","PATHOGENIC","P/LP"
"11:86954989:G:A","OLI1253","Unknown","Familial exudative vitreoretinopathy",1,TRUE,TRUE,"unique_exact_genomic_allele",TRUE,"Uncertain","BENIGN","B/LB"
"11:89178183:G:A","OLI069","Unknown","Oculocutaneous albinism",1,TRUE,TRUE,"unique_exact_genomic_allele",TRUE,"Deleterious","PATHOGENIC","P/LP"
"11:89178299:C:T","OLI073","Unknown","Oculocutaneous albinism",1,TRUE,TRUE,"unique_exact_genomic_allele",TRUE,"","PATHOGENIC","P/LP"
"11:89178602:C:T","OLI1095","Unknown","Oculocutaneous albinism",1,TRUE,TRUE,"unique_exact_genomic_allele",TRUE,"Uncertain","PATHOGENIC","P/LP"
"11:89178602:C:T","OLI1096","Unknown","Oculocutaneous albinism",1,TRUE,TRUE,"unique_exact_genomic_allele",TRUE,"Uncertain","PATHOGENIC","P/LP"
"11:89178602:C:T","OLI1097","Unknown","Oculocutaneous albinism",1,TRUE,TRUE,"unique_exact_genomic_allele",TRUE,"Uncertain","PATHOGENIC","P/LP"
"11:89191214:C:T","OLI070","Unknown","Oculocutaneous albinism",1,TRUE,TRUE,"unique_exact_genomic_allele",TRUE,"","PATHOGENIC","P/LP"
"11:89191214:C:T","OLI1099","Unknown","Oculocutaneous albinism",1,TRUE,TRUE,"unique_exact_genomic_allele",TRUE,"","PATHOGENIC","P/LP"
"11:89227816:T:A","OLI220","Unknown","Ocular albinism",1,TRUE,TRUE,"unique_exact_genomic_allele",TRUE,"Deleterious","PATHOGENIC","P/LP"
"11:89284793:G:A","OLI072","Unknown","Oculocutaneous albinism",1,TRUE,TRUE,"unique_exact_genomic_allele",TRUE,"Deleterious","POSSIBLY_BENIGN","Possibly benign"
"11:89284793:G:A","OLI217","Unknown","Ocular albinism",1,TRUE,TRUE,"unique_exact_genomic_allele",TRUE,"Deleterious","POSSIBLY_BENIGN","Possibly benign"
"11:89284793:G:A","OLI398","True Digenic","Ocular albinism with congenital sensorineural deafness",1,TRUE,TRUE,"unique_exact_genomic_allele",TRUE,"Deleterious","POSSIBLY_BENIGN","Possibly benign"
"11:89284793:G:A","OLI399","True Digenic","Ocular albinism with congenital sensorineural deafness",1,TRUE,TRUE,"unique_exact_genomic_allele",TRUE,"Deleterious","POSSIBLY_BENIGN","Possibly benign"
"11:89284843:G:A","OLI1098","Unknown","Oculocutaneous albinism",1,TRUE,TRUE,"unique_exact_genomic_allele",TRUE,"Deleterious","PATHOGENIC","P/LP"
"11:89295242:C:CT","OLI217","Unknown","Ocular albinism",1,TRUE,TRUE,"unique_exact_genomic_allele",TRUE,"Benign","PATHOGENIC","P/LP"
"11:9033742:C:T","OLI840","Unknown","Cerebral arteriovenous malformation",1,TRUE,TRUE,"unique_exact_genomic_allele",TRUE,"Deleterious","LIKELY_PATHOGENIC","P/LP"
"11:9033761:G:A","OLI682","Unknown","Holoprosencephaly",1,TRUE,TRUE,"unique_exact_genomic_allele",TRUE,"","POSSIBLY_PATHOGENIC_MODERATE","Possibly pathogenic"
"11:9055889:C:A","OLI1306","Unknown","Juvenile amyotrophic lateral sclerosis",1,TRUE,TRUE,"unique_exact_genomic_allele",TRUE,"Deleterious","POSSIBLY_PATHOGENIC_LOW","Possibly pathogenic"
"11:9060521:G:A","OLI683","Unknown","Holoprosencephaly",1,TRUE,TRUE,"unique_exact_genomic_allele",TRUE,"Uncertain","POSSIBLY_BENIGN","Possibly benign"
"11:9066754:G:A","OLI1306","Unknown","Juvenile amyotrophic lateral sclerosis",1,TRUE,TRUE,"unique_exact_genomic_allele",TRUE,"Deleterious","POSSIBLY_PATHOGENIC_LOW","Possibly pathogenic"
"11:96093309:C:T","OLI601","Unknown","Disorder of sex development",1,TRUE,TRUE,"unique_exact_genomic_allele",TRUE,"Uncertain","BENIGN","B/LB"
"11:96093411:C:T","OLI604","Unknown","Disorder of sex development",1,TRUE,TRUE,"unique_exact_genomic_allele",TRUE,"Uncertain","UNCERTAIN_SIGNIFICANCE","VUS"
"11:96341511:C:T","OLI352","Unknown","46,XY disorder of sex development",1,TRUE,TRUE,"unique_exact_genomic_allele",TRUE,"Benign","UNCERTAIN_SIGNIFICANCE","VUS"
"12:102417930:C:T","OLI871","Unknown","Kallmann syndrome",1,TRUE,TRUE,"unique_exact_genomic_allele",TRUE,"Uncertain","UNCERTAIN_SIGNIFICANCE","VUS"
"12:102417930:C:T","OLI879","Unknown","Kallmann syndrome",1,TRUE,TRUE,"unique_exact_genomic_allele",TRUE,"Uncertain","UNCERTAIN_SIGNIFICANCE","VUS"
"12:102417930:C:T","OLI880","Unknown","Kallmann syndrome",1,TRUE,TRUE,"unique_exact_genomic_allele",TRUE,"Uncertain","UNCERTAIN_SIGNIFICANCE","VUS"
"12:106427339:T:C","OLI1383","Unknown","Hypogonadotropic hypogonadism with Fertile Eunuch phenotype",1,TRUE,TRUE,"unique_exact_genomic_allele",TRUE,"Deleterious","LIKELY_PATHOGENIC","P/LP"
"12:106457213:T:G","OLI1394","Unknown","Hypogonadotropic hypogonadism with partial puberty phenotype",1,TRUE,TRUE,"unique_exact_genomic_allele",TRUE,"Deleterious","POSSIBLY_PATHOGENIC_MODERATE","Possibly pathogenic"
"12:106496750:A:T","OLI1383","Unknown","Hypogonadotropic hypogonadism with Fertile Eunuch phenotype",1,TRUE,TRUE,"unique_exact_genomic_allele",TRUE,"Deleterious","LIKELY_PATHOGENIC","P/LP"
"12:106997688:C:T","OLI423","Unknown","Normosmic congenital hypogonadotropic hypogonadism",1,TRUE,TRUE,"unique_exact_genomic_allele",TRUE,"Uncertain","UNCERTAIN_SIGNIFICANCE","VUS"
"12:108885071:G:A","OLI438","Unknown","Amyotrophic lateral sclerosis",1,TRUE,TRUE,"unique_exact_genomic_allele",TRUE,"Benign","UNCERTAIN_SIGNIFICANCE","VUS"
"12:108898792:T:C","OLI952","Unknown","Amyotrophic lateral sclerosis",1,TRUE,TRUE,"unique_exact_genomic_allele",TRUE,"Deleterious","POSSIBLY_PATHOGENIC_LOW","Possibly pathogenic"
"12:108900525:C:T","OLI269","Unknown","Amyotrophic lateral sclerosis",1,TRUE,TRUE,"unique_exact_genomic_allele",TRUE,"Uncertain","POSSIBLY_PATHOGENIC_LOW","Possibly pathogenic"
"12:110919160:C:T","OLI672","Unknown","Hypertrophic cardiomyopathy",1,TRUE,TRUE,"unique_exact_genomic_allele",TRUE,"Uncertain","LIKELY_BENIGN","B/LB"
"12:112419023:G:A","OLI602","Unknown","Disorder of sex development",1,TRUE,TRUE,"unique_exact_genomic_allele",TRUE,"Benign","POSSIBLY_BENIGN","Possibly benign"
"12:112488466:C:T","OLI568","Unknown","Hypertrophic cardiomyopathy; Hypertrophic cardiomyopathy",1,TRUE,TRUE,"unique_exact_genomic_allele",TRUE,"Deleterious","PATHOGENIC","P/LP"
"12:112488986:G:T","OLI352","Unknown","46,XY disorder of sex development",1,TRUE,TRUE,"unique_exact_genomic_allele",TRUE,"Benign","POSSIBLY_BENIGN","Possibly benign"
"12:113096856:G:A","OLI920","Unknown","Isolated spina bifida",1,TRUE,TRUE,"unique_exact_genomic_allele",TRUE,"Uncertain","POSSIBLY_PATHOGENIC_LOW","Possibly pathogenic"
"12:114399544:C:A","OLI984","Unknown","Odontochondrodysplasia",1,TRUE,TRUE,"unique_exact_genomic_allele",TRUE,"Deleterious","BENIGN","B/LB"
"12:116964731:C:T","OLI329","Unknown","Amyotrophic lateral sclerosis",1,TRUE,TRUE,"unique_exact_genomic_allele",TRUE,"Uncertain","UNCERTAIN_SIGNIFICANCE","VUS"
"12:117227596:T:C","OLI884","Unknown","Kallmann syndrome",1,TRUE,TRUE,"unique_exact_genomic_allele",TRUE,"Benign","POSSIBLY_PATHOGENIC_LOW","Possibly pathogenic"
"12:117258445:C:T","OLI853","Unknown","Kallmann syndrome",1,TRUE,TRUE,"unique_exact_genomic_allele",TRUE,"Uncertain","POSSIBLY_PATHOGENIC_LOW","Possibly pathogenic"
"12:117263958:G:A","OLI897","Unknown","Normosmic congenital hypogonadotropic hypogonadism",1,TRUE,TRUE,"unique_exact_genomic_allele",TRUE,"Uncertain","POSSIBLY_PATHOGENIC_LOW","Possibly pathogenic"
"12:117265437:C:T","OLI424","Unknown","Normosmic congenital hypogonadotropic hypogonadism",1,TRUE,TRUE,"unique_exact_genomic_allele",TRUE,"Uncertain","POSSIBLY_PATHOGENIC_LOW","Possibly pathogenic"
"12:117331015:G:A","OLI753","Unknown","Isolated anencephaly",1,TRUE,TRUE,"unique_exact_genomic_allele",TRUE,"Uncertain","POSSIBLY_PATHOGENIC_LOW","Possibly pathogenic"
"12:119752177:T:G","OLI793","Unknown","Arthrogryposis syndrome",1,TRUE,TRUE,"unique_exact_genomic_allele",TRUE,"Uncertain","POSSIBLY_PATHOGENIC_MODERATE","Possibly pathogenic"
"12:120738280:G:A","OLI1156","Unknown","Short chain acyl-CoA dehydrogenase deficiency",1,TRUE,TRUE,"unique_exact_genomic_allele",TRUE,"Deleterious","BENIGN","B/LB"
"12:120738280:G:A","OLI1157","Unknown","Short chain acyl-CoA dehydrogenase deficiency",1,TRUE,TRUE,"unique_exact_genomic_allele",TRUE,"Deleterious","BENIGN","B/LB"
"12:120738280:G:A","OLI1158","Unknown","Short chain acyl-CoA dehydrogenase deficiency",1,TRUE,TRUE,"unique_exact_genomic_allele",TRUE,"Deleterious","BENIGN","B/LB"
"12:120993678:C:T","OLI1027","Dual Molecular Diagnosis","MODY",1,TRUE,TRUE,"unique_exact_genomic_allele",TRUE,"","PATHOGENIC","P/LP"
"12:120994315:C:CC","OLI203","Monogenic+Modifier","MODY",1,FALSE,FALSE,NA,NA,NA,NA,NA
"12:120994322:C:G","OLI1721","Unknown","MODY",1,FALSE,TRUE,"exact_allele_multiple_variant_ids",NA,NA,NA,NA
"12:120994322:C:G","OLI962","Unknown","MODY",1,FALSE,TRUE,"exact_allele_multiple_variant_ids",NA,NA,NA,NA
"12:12125412:T:C","OLI937","Unknown","Hypodontia",1,TRUE,TRUE,"unique_exact_genomic_allele",TRUE,"Benign","POSSIBLY_PATHOGENIC_LOW","Possibly pathogenic"
"12:12126859:C:A","OLI1304","Monogenic+Modifier","NON RARE IN EUROPE: Heterozygous familial hypercholesterolemia",1,TRUE,TRUE,"unique_exact_genomic_allele",TRUE,"Uncertain","BENIGN","B/LB"
"12:12126859:C:A","OLI1305","Monogenic+Modifier","NON RARE IN EUROPE: Heterozygous familial hypercholesterolemia",1,TRUE,TRUE,"unique_exact_genomic_allele",TRUE,"Uncertain","BENIGN","B/LB"
"12:12132037:G:A","OLI936","Unknown","Hypodontia",1,TRUE,TRUE,"unique_exact_genomic_allele",TRUE,"","LIKELY_PATHOGENIC","P/LP"
"12:12147539:T:C","OLI938","Unknown","Hypodontia",1,TRUE,TRUE,"unique_exact_genomic_allele",TRUE,"Uncertain","LIKELY_BENIGN","B/LB"
"12:12159794:G:C","OLI937","Unknown","Hypodontia",1,TRUE,TRUE,"unique_exact_genomic_allele",TRUE,"Deleterious","BENIGN","B/LB"
"12:121626869:C:CA","OLI1465","Unknown","Rare pervasive developmental disorder",1,TRUE,TRUE,"unique_exact_genomic_allele",TRUE,"Benign","LIKELY_PATHOGENIC","P/LP"
"12:12203347:A:C","OLI937","Unknown","Hypodontia",1,TRUE,TRUE,"unique_exact_genomic_allele",TRUE,"Deleterious","POSSIBLY_PATHOGENIC_LOW","Possibly pathogenic"
"12:12244332:A:T","OLI938","Unknown","Hypodontia",1,TRUE,TRUE,"unique_exact_genomic_allele",TRUE,"Uncertain","BENIGN","B/LB"
"12:123389453:C:T","OLI1709","Unknown","Rare pervasive developmental disorder",1,TRUE,TRUE,"unique_exact_genomic_allele",TRUE,"Uncertain","UNCERTAIN_SIGNIFICANCE","VUS"
"12:123621806:C:T","OLI1731","Unknown","Leukodystrophy",1,TRUE,TRUE,"unique_exact_genomic_allele",TRUE,"Deleterious","POSSIBLY_PATHOGENIC_LOW","Possibly pathogenic"
"12:123918892:C:T","OLI1306","Unknown","Juvenile amyotrophic lateral sclerosis",1,TRUE,TRUE,"unique_exact_genomic_allele",TRUE,"Uncertain","UNCERTAIN_SIGNIFICANCE","VUS"
"12:123933432:G:T","OLI1306","Unknown","Juvenile amyotrophic lateral sclerosis",1,TRUE,TRUE,"unique_exact_genomic_allele",TRUE,"Uncertain","UNCERTAIN_SIGNIFICANCE","VUS"
"12:124350671:G:A","OLI1041","Unknown","Primary ovarian failure",1,TRUE,TRUE,"unique_exact_genomic_allele",TRUE,"Uncertain","UNCERTAIN_SIGNIFICANCE","VUS"
"12:124350676:G:T","OLI1043","Unknown","Primary ovarian failure",1,TRUE,TRUE,"unique_exact_genomic_allele",TRUE,"Uncertain","UNCERTAIN_SIGNIFICANCE","VUS"
"12:124350722:C:T","OLI1050","Unknown","Primary ovarian failure",1,TRUE,TRUE,"unique_exact_genomic_allele",TRUE,"Benign","UNCERTAIN_SIGNIFICANCE","VUS"
"12:124350733:G:A","OLI979","Unknown","Left ventricular noncompaction",1,TRUE,TRUE,"unique_exact_genomic_allele",TRUE,"Uncertain","POSSIBLY_BENIGN","Possibly benign"
"12:124950539:C:T","OLI1618","Unknown","46,XY disorder of sex development",1,TRUE,TRUE,"unique_exact_genomic_allele",TRUE,"Uncertain","LIKELY_BENIGN","B/LB"
"12:124967167:C:T","OLI1569","Unknown","Syndrome with 46,XY disorder of sex development",1,TRUE,TRUE,"unique_exact_genomic_allele",TRUE,"Uncertain","POSSIBLY_PATHOGENIC_LOW","Possibly pathogenic"
"12:124968543:G:C","OLI1617","True Digenic","46,XY disorder of sex development",1,TRUE,TRUE,"unique_exact_genomic_allele",TRUE,"Uncertain","POSSIBLY_PATHOGENIC_MODERATE","Possibly pathogenic"
"12:124975476:C:T","OLI1511","Unknown","46,XY disorder of sex development",1,TRUE,TRUE,"unique_exact_genomic_allele",TRUE,"Uncertain","LIKELY_PATHOGENIC","P/LP"
"12:124975476:C:T","OLI1513","Unknown","46,XY disorder of sex development",1,TRUE,TRUE,"unique_exact_genomic_allele",TRUE,"Uncertain","LIKELY_PATHOGENIC","P/LP"
"12:132642558:G:A","OLI1039","Unknown","Primary ovarian failure",1,TRUE,TRUE,"unique_exact_genomic_allele",TRUE,"Uncertain","POSSIBLY_PATHOGENIC_LOW","Possibly pathogenic"
"12:132676625:T:C","OLI1135","Unknown","Lynch syndrome",1,TRUE,TRUE,"unique_exact_genomic_allele",TRUE,"Deleterious","LIKELY_PATHOGENIC","P/LP"
"12:1795363:C:T","OLI1468","Unknown","Rare pervasive developmental disorder",1,TRUE,TRUE,"unique_exact_genomic_allele",TRUE,"Deleterious","POSSIBLY_PATHOGENIC_LOW","Possibly pathogenic"
"12:1856069:G:A","OLI1461","Unknown","Rare pervasive developmental disorder",1,TRUE,TRUE,"unique_exact_genomic_allele",TRUE,"Benign","BENIGN","B/LB"
"12:20646828:G:A","OLI425","Unknown","Normosmic congenital hypogonadotropic hypogonadism",1,TRUE,TRUE,"unique_exact_genomic_allele",TRUE,"Deleterious","POSSIBLY_PATHOGENIC_LOW","Possibly pathogenic"
"12:20898501:G:A","OLI1018","Unknown","Rotor syndrome",1,TRUE,TRUE,"unique_exact_genomic_allele",TRUE,"Deleterious","PATHOGENIC","P/LP"
"12:21196975:C:T","OLI1018","Unknown","Rotor syndrome",1,TRUE,TRUE,"unique_exact_genomic_allele",TRUE,"","PATHOGENIC","P/LP"
"12:21222355:C:T","OLI1007","Unknown","Rotor syndrome",1,FALSE,TRUE,"exact_allele_multiple_variant_ids",NA,NA,NA,NA
"12:21222355:C:T","OLI1017","Unknown","Rotor syndrome",1,FALSE,TRUE,"exact_allele_multiple_variant_ids",NA,NA,NA,NA
"12:21222355:C:T","OLI1479","Unknown","Rotor syndrome",1,FALSE,TRUE,"exact_allele_multiple_variant_ids",NA,NA,NA,NA
"12:21829033:C:T","OLI232","Unknown","Left ventricular noncompaction; Rubinstein-Taybi syndrome",1,TRUE,TRUE,"unique_exact_genomic_allele",TRUE,"Uncertain","UNCERTAIN_SIGNIFICANCE","VUS"
"12:2457667:C:T","OLI480","Unknown","Rare pervasive developmental disorder",1,TRUE,TRUE,"unique_exact_genomic_allele",TRUE,"Deleterious","POSSIBLY_PATHOGENIC_MODERATE","Possibly pathogenic"
"12:2585473:G:A","OLI493","Unknown","Rare pervasive developmental disorder",1,TRUE,TRUE,"unique_exact_genomic_allele",TRUE,"Uncertain","UNCERTAIN_SIGNIFICANCE","VUS"
"12:2585473:G:A","OLI494","Unknown","Rare pervasive developmental disorder",1,TRUE,TRUE,"unique_exact_genomic_allele",TRUE,"Uncertain","UNCERTAIN_SIGNIFICANCE","VUS"
"12:2585485:C:T","OLI482","Unknown","Rare pervasive developmental disorder",1,TRUE,TRUE,"unique_exact_genomic_allele",TRUE,"Uncertain","BENIGN","B/LB"
"12:2679450:G:A","OLI481","Unknown","Rare pervasive developmental disorder",1,TRUE,TRUE,"unique_exact_genomic_allele",TRUE,"Deleterious","UNCERTAIN_SIGNIFICANCE","VUS"
"12:2679501:G:A","OLI492","Unknown","Rare pervasive developmental disorder",1,TRUE,TRUE,"unique_exact_genomic_allele",TRUE,"Uncertain","POSSIBLY_BENIGN","Possibly benign"
"12:2679735:G:A","OLI647","Unknown","Sudden infant death syndrome",1,TRUE,TRUE,"unique_exact_genomic_allele",TRUE,"Uncertain","BENIGN","B/LB"
"12:2682603:A:G","OLI645","Unknown","Early repolarization syndrome",1,TRUE,TRUE,"unique_exact_genomic_allele",TRUE,"Uncertain","POSSIBLY_PATHOGENIC_LOW","Possibly pathogenic"
"12:2685827:C:T","OLI486","Unknown","Rare pervasive developmental disorder",1,TRUE,TRUE,"unique_exact_genomic_allele",TRUE,"Benign","BENIGN","B/LB"
"12:2685827:C:T","OLI490","Unknown","Rare pervasive developmental disorder",1,TRUE,TRUE,"unique_exact_genomic_allele",TRUE,"Benign","BENIGN","B/LB"
"12:2688702:G:A","OLI476","Unknown","Rare pervasive developmental disorder",1,TRUE,TRUE,"unique_exact_genomic_allele",TRUE,"Benign","LIKELY_BENIGN","B/LB"
"12:2801150:C:T","OLI996","Unknown","Androgen insensitivity syndrome; 46,XY disorder of sex development",1,TRUE,TRUE,"unique_exact_genomic_allele",TRUE,"Uncertain","UNCERTAIN_SIGNIFICANCE","VUS"
"12:2933430:G:T","OLI714","Unknown","Isolated anencephaly",1,TRUE,TRUE,"unique_exact_genomic_allele",TRUE,"Deleterious","POSSIBLY_PATHOGENIC_LOW","Possibly pathogenic"
"12:2939425:G:C","OLI687","Unknown","Holoprosencephaly",1,TRUE,TRUE,"unique_exact_genomic_allele",TRUE,"Uncertain","POSSIBLY_PATHOGENIC_MODERATE","Possibly pathogenic"
"12:31689054:C:T","OLI427","Unknown","Kallmann syndrome",1,TRUE,TRUE,"unique_exact_genomic_allele",TRUE,"Uncertain","UNCERTAIN_SIGNIFICANCE","VUS"
"12:32824092:C:T","OLI231","Unknown","Hypertrophic cardiomyopathy",1,TRUE,TRUE,"unique_exact_genomic_allele",TRUE,"Uncertain","BENIGN","B/LB"
"12:40340400:G:A","OLI1312","Unknown","Frontotemporal dementia",1,TRUE,TRUE,"unique_exact_genomic_allele",TRUE,"Deleterious","LIKELY_PATHOGENIC","P/LP"
"12:42460089:G:A","OLI685","Unknown","Holoprosencephaly",1,TRUE,TRUE,"unique_exact_genomic_allele",TRUE,"Uncertain","POSSIBLY_PATHOGENIC_LOW","Possibly pathogenic"
"12:47865148:G:A","OLI1746","Unknown","46,XY disorder of sex development",1,TRUE,TRUE,"unique_exact_genomic_allele",TRUE,"Deleterious","LIKELY_BENIGN","B/LB"
"12:47989257:G:A","OLI681","Unknown","Holoprosencephaly",1,TRUE,TRUE,"unique_exact_genomic_allele",TRUE,"Deleterious","LIKELY_PATHOGENIC","P/LP"
"12:47996548:C:T","OLI1678","Unknown","Non-Syndromic genetic keratoconus",1,TRUE,TRUE,"unique_exact_genomic_allele",TRUE,"Deleterious","POSSIBLY_PATHOGENIC_MODERATE","Possibly pathogenic"
"12:47997890:C:T","OLI679","Unknown","Holoprosencephaly",1,TRUE,TRUE,"unique_exact_genomic_allele",TRUE,"Uncertain","LIKELY_BENIGN","B/LB"
"12:48979671:A:C","OLI158","Unknown","Osteogenesis imperfecta",1,TRUE,TRUE,"unique_exact_genomic_allele",TRUE,"Deleterious","POSSIBLY_PATHOGENIC_MODERATE","Possibly pathogenic"
"12:49030328:G:A","OLI1607","Unknown","Congenital hypothyroidism",1,TRUE,TRUE,"unique_exact_genomic_allele",TRUE,"Uncertain","UNCERTAIN_SIGNIFICANCE","VUS"
"12:49033829:G:A","OLI1058","Unknown","Primary ovarian failure",1,TRUE,TRUE,"unique_exact_genomic_allele",TRUE,"Uncertain","POSSIBLY_BENIGN","Possibly benign"
"12:49034911:T:C","OLI1609","Unknown","Congenital hypothyroidism",1,TRUE,TRUE,"unique_exact_genomic_allele",TRUE,"Uncertain","BENIGN","B/LB"
"12:49038582:G:A","OLI1608","Unknown","Congenital hypothyroidism",1,TRUE,TRUE,"unique_exact_genomic_allele",TRUE,"Uncertain","BENIGN","B/LB"
"12:49053582:T:A","OLI1720","Unknown","Common variable immunodeficiency",1,TRUE,TRUE,"unique_exact_genomic_allele",TRUE,"Uncertain","POSSIBLY_PATHOGENIC_LOW","Possibly pathogenic"
"12:49090137:C:T","OLI1508","Unknown","46,XY disorder of sex development",1,TRUE,TRUE,"unique_exact_genomic_allele",TRUE,"Uncertain","POSSIBLY_PATHOGENIC_MODERATE","Possibly pathogenic"
"12:49298316:G:A","OLI1632","Unknown","Amyotrophic lateral sclerosis",1,TRUE,TRUE,"unique_exact_genomic_allele",TRUE,"Uncertain","POSSIBLY_PATHOGENIC_LOW","Possibly pathogenic"
"12:5045574:TC:T","OLI238","Unknown","Pulmonary arterial hypertension; Heritable pulmonary arterial hypertension",1,TRUE,TRUE,"unique_exact_genomic_allele",TRUE,"Benign","LIKELY_PATHOGENIC","P/LP"
"12:52233369:C:A","OLI1686","Unknown","Non-Syndromic genetic keratoconus",1,TRUE,TRUE,"unique_exact_genomic_allele",TRUE,"Uncertain","UNCERTAIN_SIGNIFICANCE","VUS"
"12:52516664:C:T","OLI240","Unknown","Epidermolysis bullosa simplex",1,TRUE,TRUE,"unique_exact_genomic_allele",TRUE,"Deleterious","POSSIBLY_PATHOGENIC_MODERATE","Possibly pathogenic"
"12:52516815:C:T","OLI517","True Digenic","Epidermolysis bullosa simplex",1,TRUE,TRUE,"unique_exact_genomic_allele",TRUE,"Deleterious","LIKELY_PATHOGENIC","P/LP"
"12:52519749:A:G","OLI414","Unknown","Epidermolysis bullosa simplex",1,TRUE,TRUE,"unique_exact_genomic_allele",TRUE,"Deleterious","LIKELY_PATHOGENIC","P/LP"
"12:52519833:A:G","OLI250","True Digenic","Epidermolysis bullosa simplex",1,TRUE,TRUE,"unique_exact_genomic_allele",TRUE,"Deleterious","LIKELY_PATHOGENIC","P/LP"
"12:53195630:TAGAC:T","OLI1154","Unknown","Colorectal cancer",1,TRUE,TRUE,"unique_exact_genomic_allele",TRUE,"Benign","POSSIBLY_PATHOGENIC_MODERATE","Possibly pathogenic"
"12:53430186:ACTGGGCAATACCCCTACCTCTGATGAG:A","OLI1801","Monogenic+Modifier","Congenital hypogonadotropic hypogonadism",1,TRUE,TRUE,"unique_exact_genomic_allele",TRUE,"","LIKELY_PATHOGENIC","P/LP"
"12:54283202:ACGGAGG:A","OLI662","Unknown","Amyotrophic lateral sclerosis",1,TRUE,TRUE,"unique_exact_genomic_allele",TRUE,"","BENIGN","B/LB"
"12:54569593:C:G","OLI646","Unknown","Schizophrenia",1,TRUE,TRUE,"unique_exact_genomic_allele",TRUE,"Benign","UNCERTAIN_SIGNIFICANCE","VUS"
"12:55693209:C:T","OLI123","Dual Molecular Diagnosis","Congenital fiber-type disproportion myopathy; Left ventricular noncompaction",1,TRUE,TRUE,"unique_exact_genomic_allele",TRUE,"Uncertain","BENIGN","B/LB"
"12:56096841:A:AA","OLI1055","Unknown","Primary ovarian failure",1,FALSE,FALSE,NA,NA,NA,NA,NA
"12:56741506:C:A","OLI1057","Unknown","Primary ovarian failure",1,TRUE,TRUE,"unique_exact_genomic_allele",TRUE,"Uncertain","UNCERTAIN_SIGNIFICANCE","VUS"
"12:56774137:G:T","OLI1535","Unknown","46,XY disorder of sex development",1,TRUE,TRUE,"unique_exact_genomic_allele",TRUE,"Uncertain","UNCERTAIN_SIGNIFICANCE","VUS"
"12:56774137:G:T","OLI1554","Unknown","46,XY disorder of sex development",1,TRUE,TRUE,"unique_exact_genomic_allele",TRUE,"Uncertain","UNCERTAIN_SIGNIFICANCE","VUS"
"12:56774137:G:T","OLI1572","Unknown","Syndrome with 46,XY disorder of sex development",1,TRUE,TRUE,"unique_exact_genomic_allele",TRUE,"Uncertain","UNCERTAIN_SIGNIFICANCE","VUS"
"12:56787218:C:T","OLI1528","Unknown","46,XY disorder of sex development",1,TRUE,TRUE,"unique_exact_genomic_allele",TRUE,"Deleterious","POSSIBLY_PATHOGENIC_MODERATE","Possibly pathogenic"
"12:56787218:C:T","OLI1557","Unknown","Syndrome with 46,XY disorder of sex development",1,TRUE,TRUE,"unique_exact_genomic_allele",TRUE,"Deleterious","POSSIBLY_PATHOGENIC_MODERATE","Possibly pathogenic"
"12:57012866:T:C","OLI1602","Unknown","Normosmic congenital hypogonadotropic hypogonadism",1,TRUE,TRUE,"unique_exact_genomic_allele",TRUE,"Uncertain","UNCERTAIN_SIGNIFICANCE","VUS"
"12:57013359:G:T","OLI394","Unknown","Normosmic congenital hypogonadotropic hypogonadism",1,TRUE,TRUE,"unique_exact_genomic_allele",TRUE,"Uncertain","POSSIBLY_PATHOGENIC_LOW","Possibly pathogenic"
"12:57015691:C:T","OLI1354","Unknown","Normosmic congenital hypogonadotropic hypogonadism",1,TRUE,TRUE,"unique_exact_genomic_allele",TRUE,"Benign","UNCERTAIN_SIGNIFICANCE","VUS"
"12:57015746:T:G","OLI1274","Unknown","Normosmic congenital hypogonadotropic hypogonadism",1,TRUE,TRUE,"unique_exact_genomic_allele",TRUE,"Uncertain","UNCERTAIN_SIGNIFICANCE","VUS"
"12:57472047:AA:A","OLI961","Unknown","Non-acquired combined pituitary hormone deficiency",1,FALSE,FALSE,NA,NA,NA,NA,NA
"12:57490333:C:T","OLI331","Unknown","Amyotrophic lateral sclerosis",1,TRUE,TRUE,"unique_exact_genomic_allele",FALSE,"Benign","LIKELY_BENIGN","B/LB"
"12:57576834:G:A","OLI825","Unknown","Amyotrophic lateral sclerosis",1,TRUE,TRUE,"unique_exact_genomic_allele",TRUE,"Uncertain","BENIGN","B/LB"
"12:57581131:G:A","OLI957","Unknown","Amyotrophic lateral sclerosis",1,TRUE,TRUE,"unique_exact_genomic_allele",TRUE,"Uncertain","POSSIBLY_PATHOGENIC_LOW","Possibly pathogenic"
"12:57624077:G:A","OLI330","Unknown","Amyotrophic lateral sclerosis",1,TRUE,TRUE,"unique_exact_genomic_allele",FALSE,"","BENIGN","B/LB"
"12:57624885:T:G","OLI330","Unknown","Amyotrophic lateral sclerosis",1,TRUE,TRUE,"unique_exact_genomic_allele",FALSE,"Deleterious","BENIGN","B/LB"
"12:57751060:C:T","OLI513","Unknown","MODY",1,TRUE,TRUE,"unique_exact_genomic_allele",TRUE,"Uncertain","POSSIBLY_BENIGN","Possibly benign"
"12:6012110:C:T","OLI1051","Unknown","Primary ovarian failure",1,TRUE,TRUE,"unique_exact_genomic_allele",TRUE,"Benign","POSSIBLY_PATHOGENIC_LOW","Possibly pathogenic"
"12:6018901:G:A","OLI1044","Unknown","Primary ovarian failure",1,TRUE,TRUE,"unique_exact_genomic_allele",TRUE,"Deleterious","PATHOGENIC","P/LP"
"12:6018901:G:A","OLI1051","Unknown","Primary ovarian failure",1,TRUE,TRUE,"unique_exact_genomic_allele",TRUE,"Deleterious","PATHOGENIC","P/LP"
"12:6018910:A:G","OLI1044","Unknown","Primary ovarian failure",1,TRUE,TRUE,"unique_exact_genomic_allele",TRUE,"Deleterious","POSSIBLY_PATHOGENIC_MODERATE","Possibly pathogenic"
"12:6333405:T:C","OLI1776","Unknown","Autoinflammatory syndrome",1,TRUE,TRUE,"unique_exact_genomic_allele",TRUE,"Uncertain","POSSIBLY_PATHOGENIC_LOW","Possibly pathogenic"
"12:6333477:C:T","OLI1773","Unknown","Autoinflammatory syndrome",1,TRUE,TRUE,"resolved_by_exact_cdna_within_allele",TRUE,"Uncertain","POSSIBLY_BENIGN","Possibly benign"
"12:6333477:C:T","OLI1774","Unknown","Autoinflammatory syndrome",1,TRUE,TRUE,"resolved_by_exact_cdna_within_allele",TRUE,"Uncertain","POSSIBLY_BENIGN","Possibly benign"
"12:6333477:C:T","OLI1775","Unknown","Autoinflammatory syndrome",1,TRUE,TRUE,"resolved_by_exact_cdna_within_allele",TRUE,"Uncertain","POSSIBLY_BENIGN","Possibly benign"
"12:6333477:C:T","OLI1783","Unknown","Autoinflammatory syndrome",1,TRUE,TRUE,"resolved_by_exact_cdna_within_allele",TRUE,"Uncertain","POSSIBLY_BENIGN","Possibly benign"
"12:6333477:C:T","OLI1784","Unknown","Autoinflammatory syndrome",1,TRUE,TRUE,"resolved_by_exact_cdna_within_allele",TRUE,"Uncertain","POSSIBLY_BENIGN","Possibly benign"
"12:6333477:C:T","OLI1785","Unknown","Autoinflammatory syndrome",1,TRUE,TRUE,"resolved_by_exact_cdna_within_allele",TRUE,"Uncertain","POSSIBLY_BENIGN","Possibly benign"
"12:6333477:C:T","OLI1788","Unknown","Autoinflammatory syndrome",1,TRUE,TRUE,"resolved_by_exact_cdna_within_allele",TRUE,"Uncertain","POSSIBLY_BENIGN","Possibly benign"
"12:6333477:C:T","OLI413","Unknown","Familial Mediterranean fever",1,FALSE,FALSE,NA,NA,NA,NA,NA
"12:6348030:C:A","OLI802","Unknown","Cystic fibrosis",1,TRUE,TRUE,"unique_exact_genomic_allele",TRUE,"Uncertain","BENIGN","B/LB"
"12:6355415:C:T","OLI800","Unknown","Cystic fibrosis",1,TRUE,TRUE,"unique_exact_genomic_allele",TRUE,"Benign","BENIGN","B/LB"
"12:6362016:C:T","OLI805","Unknown","Cystic fibrosis",1,TRUE,TRUE,"unique_exact_genomic_allele",TRUE,"Benign","LIKELY_BENIGN","B/LB"
"12:6363586:G:A","OLI803","Unknown","Cystic fibrosis",1,TRUE,TRUE,"unique_exact_genomic_allele",TRUE,"Uncertain","BENIGN","B/LB"
"12:6363587:C:A","OLI803","Unknown","Cystic fibrosis",1,TRUE,TRUE,"unique_exact_genomic_allele",TRUE,"Benign","BENIGN","B/LB"
"12:64460330:G:A","OLI1627","Unknown","Amyotrophic lateral sclerosis",1,TRUE,TRUE,"unique_exact_genomic_allele",TRUE,"Deleterious","POSSIBLY_PATHOGENIC_MODERATE","Possibly pathogenic"
"12:64464454:C:T","OLI360","Unknown","Frontotemporal dementia",1,TRUE,TRUE,"unique_exact_genomic_allele",TRUE,"","PATHOGENIC","P/LP"
"12:64484379:C:T","OLI1624","Unknown","Amyotrophic lateral sclerosis",1,TRUE,TRUE,"unique_exact_genomic_allele",TRUE,"","PATHOGENIC","P/LP"
"12:64485938:G:C","OLI1718","Unknown","Common variable immunodeficiency",1,TRUE,TRUE,"unique_exact_genomic_allele",TRUE,"Benign","UNCERTAIN_SIGNIFICANCE","VUS"
"12:64488485:TA:T","OLI1622","Unknown","Amyotrophic lateral sclerosis",1,TRUE,TRUE,"unique_exact_genomic_allele",FALSE,"Benign","UNCERTAIN_SIGNIFICANCE","VUS"
"12:64490044:T:G","OLI642","Unknown","Amyotrophic lateral sclerosis",1,TRUE,TRUE,"unique_exact_genomic_allele",TRUE,"","LIKELY_PATHOGENIC","P/LP"
"12:64495773:G:A","OLI1699","Unknown","Amyotrophic lateral sclerosis",1,TRUE,TRUE,"unique_exact_genomic_allele",TRUE,"Deleterious","POSSIBLY_PATHOGENIC_MODERATE","Possibly pathogenic"
"12:64497187:GTTA:G","OLI826","Unknown","Amyotrophic lateral sclerosis",1,TRUE,TRUE,"unique_exact_genomic_allele",TRUE,"Benign","POSSIBLY_PATHOGENIC_MODERATE","Possibly pathogenic"
"12:64497727:C:CT","OLI641","Unknown","Amyotrophic lateral sclerosis; Frontotemporal dementia",1,TRUE,TRUE,"unique_exact_genomic_allele",TRUE,"Benign","LIKELY_PATHOGENIC","P/LP"
"12:64497727:C:CT","OLI644","Unknown","Amyotrophic lateral sclerosis",1,TRUE,TRUE,"unique_exact_genomic_allele",TRUE,"Benign","LIKELY_PATHOGENIC","P/LP"
"12:64501361:C:T","OLI643","Unknown","Amyotrophic lateral sclerosis",1,TRUE,TRUE,"unique_exact_genomic_allele",TRUE,"Uncertain","LIKELY_BENIGN","B/LB"
"12:6537852:C:G","OLI754","Unknown","Isolated anencephaly",1,TRUE,TRUE,"unique_exact_genomic_allele",TRUE,"Uncertain","UNCERTAIN_SIGNIFICANCE","VUS"
"12:66455565:C:T","OLI336","Unknown","Isolated Klippel-Feil syndrome",1,TRUE,TRUE,"unique_exact_genomic_allele",TRUE,"Deleterious","LIKELY_PATHOGENIC","P/LP"
"12:71972685:C:T","OLI932","Unknown","Rare pervasive developmental disorder",1,TRUE,TRUE,"unique_exact_genomic_allele",TRUE,"","POSSIBLY_PATHOGENIC_MODERATE","Possibly pathogenic"
"12:76345841:T:C","OLI089","Unknown","Bardet-Biedl syndrome",1,FALSE,FALSE,NA,NA,NA,NA,NA
"12:76345841:T:C","OLI1119","Unknown","Bardet-Biedl syndrome",1,TRUE,TRUE,"resolved_by_exact_cdna_within_allele",TRUE,"Uncertain","UNCERTAIN_SIGNIFICANCE","VUS"
"12:76345864:AAC:A","OLI083","Unknown","Bardet-Biedl syndrome; Alström syndrome",1,TRUE,TRUE,"unique_exact_genomic_allele",TRUE,"Benign","PATHOGENIC","P/LP"
"12:76345864:AAC:A","OLI619","Unknown","Bardet-Biedl syndrome",1,TRUE,TRUE,"unique_exact_genomic_allele",TRUE,"Benign","PATHOGENIC","P/LP"
"12:76345864:AAC:A","OLI621","Unknown","Bardet-Biedl syndrome",1,TRUE,TRUE,"unique_exact_genomic_allele",TRUE,"Benign","PATHOGENIC","P/LP"
"12:76346078:G:A","OLI079","Unknown","Bardet-Biedl syndrome",1,FALSE,FALSE,NA,NA,NA,NA,NA
"12:76346078:G:A","OLI1127","Unknown","Bardet-Biedl syndrome",1,TRUE,TRUE,"resolved_by_exact_cdna_within_allele",TRUE,"Deleterious","LIKELY_PATHOGENIC","P/LP"
"12:76346118:G:A","OLI176","Unknown","Bardet-Biedl syndrome",1,TRUE,TRUE,"unique_exact_genomic_allele",TRUE,"","LIKELY_PATHOGENIC","P/LP"
"12:76346308:G:T","OLI084","Unknown","Bardet-Biedl syndrome; Alström syndrome",1,TRUE,TRUE,"resolved_by_exact_cdna_within_allele",TRUE,"","PATHOGENIC","P/LP"
"12:76346382:CAGTT:C","OLI142","Unknown","Bardet-Biedl syndrome",1,TRUE,TRUE,"unique_exact_genomic_allele",TRUE,"","PATHOGENIC","P/LP"
"12:76346457:T:TG","OLI1668","Unknown","Bardet-Biedl syndrome",1,TRUE,TRUE,"unique_exact_genomic_allele",TRUE,"Benign","LIKELY_PATHOGENIC","P/LP"
"12:76346646:TAAAA:T","OLI1671","Unknown","Bardet-Biedl syndrome",1,TRUE,TRUE,"unique_exact_genomic_allele",TRUE,"","LIKELY_PATHOGENIC","P/LP"
"12:76346652:G:T","OLI144","Unknown","Bardet-Biedl syndrome",1,TRUE,TRUE,"unique_exact_genomic_allele",TRUE,"Uncertain","POSSIBLY_BENIGN","Possibly benign"
"12:76346736:C:T","OLI1669","Unknown","Bardet-Biedl syndrome",1,TRUE,TRUE,"unique_exact_genomic_allele",TRUE,"Deleterious","PATHOGENIC","P/LP"
"12:76346736:C:T","OLI1670","Unknown","Bardet-Biedl syndrome",1,TRUE,TRUE,"unique_exact_genomic_allele",TRUE,"Deleterious","PATHOGENIC","P/LP"
"12:76346736:C:T","OLI1671","Unknown","Bardet-Biedl syndrome",1,TRUE,TRUE,"unique_exact_genomic_allele",TRUE,"Deleterious","PATHOGENIC","P/LP"
"12:76346744:A:G","OLI418","Unknown","Bardet-Biedl syndrome",1,TRUE,TRUE,"unique_exact_genomic_allele",TRUE,"Deleterious","PATHOGENIC","P/LP"
"12:76346755:A:C","OLI085","Unknown","Bardet-Biedl syndrome",1,TRUE,TRUE,"unique_exact_genomic_allele",TRUE,"Uncertain","POSSIBLY_PATHOGENIC_MODERATE","Possibly pathogenic"
"12:76346893:GT:G","OLI143","Unknown","Bardet-Biedl syndrome",1,TRUE,TRUE,"unique_exact_genomic_allele",TRUE,"Benign","PATHOGENIC","P/LP"
"12:76347099:C:T","OLI088","Unknown","Bardet-Biedl syndrome",1,FALSE,FALSE,NA,NA,NA,NA,NA
"12:76347099:C:T","OLI1118","Unknown","Bardet-Biedl syndrome",1,TRUE,TRUE,"resolved_by_exact_cdna_within_allele",TRUE,"Benign","LIKELY_BENIGN","B/LB"
"12:76347220:C:T","OLI172","Unknown","Bardet-Biedl syndrome",1,TRUE,TRUE,"unique_exact_genomic_allele",TRUE,"Uncertain","LIKELY_BENIGN","B/LB"
"12:76347220:C:T","OLI324","Monogenic+Modifier","Bardet-Biedl syndrome",1,TRUE,TRUE,"unique_exact_genomic_allele",TRUE,"Uncertain","LIKELY_BENIGN","B/LB"
"12:76347252:A:C","OLI1662","Unknown","Bardet-Biedl syndrome",1,TRUE,TRUE,"unique_exact_genomic_allele",TRUE,"Deleterious","POSSIBLY_PATHOGENIC_MODERATE","Possibly pathogenic"
"12:76347422:T:G","OLI079","Unknown","Bardet-Biedl syndrome",1,FALSE,FALSE,NA,NA,NA,NA,NA
"12:76347422:T:G","OLI1127","Unknown","Bardet-Biedl syndrome",1,TRUE,TRUE,"resolved_by_exact_cdna_within_allele",TRUE,"Uncertain","POSSIBLY_PATHOGENIC_MODERATE","Possibly pathogenic"
"12:76347712:G:C","OLI083","Unknown","Bardet-Biedl syndrome; Alström syndrome",1,FALSE,FALSE,NA,NA,NA,NA,NA
"12:76347712:G:C","OLI1125","Unknown","Bardet-Biedl syndrome",1,TRUE,TRUE,"resolved_by_exact_cdna_within_allele",TRUE,"Uncertain","PATHOGENIC","P/LP"
"12:76347713:C:CA","OLI084","Unknown","Bardet-Biedl syndrome; Alström syndrome",1,TRUE,TRUE,"unique_exact_genomic_allele",TRUE,"Benign","PATHOGENIC","P/LP"
"12:76347713:C:CA","OLI085","Unknown","Bardet-Biedl syndrome",1,TRUE,TRUE,"unique_exact_genomic_allele",TRUE,"Benign","PATHOGENIC","P/LP"
"12:76347714:A:AA","OLI175","Unknown","Bardet-Biedl syndrome",1,FALSE,FALSE,NA,NA,NA,NA,NA
"12:76347714:A:AA","OLI176","Unknown","Bardet-Biedl syndrome",1,FALSE,FALSE,NA,NA,NA,NA,NA
"12:76348195:A:G","OLI078","Unknown","Bardet-Biedl syndrome; Alström syndrome; McKusick-Kaufman syndrome",1,FALSE,FALSE,NA,NA,NA,NA,NA
"12:76348195:A:G","OLI1128","Unknown","Bardet-Biedl syndrome",1,TRUE,TRUE,"resolved_by_exact_cdna_within_allele",TRUE,"Deleterious","PATHOGENIC","P/LP"
"12:76348214:G:A","OLI177","Unknown","Bardet-Biedl syndrome",1,TRUE,TRUE,"unique_exact_genomic_allele",TRUE,"Deleterious","PATHOGENIC","P/LP"
"12:76348214:G:A","OLI623","Unknown","Bardet-Biedl syndrome",1,TRUE,TRUE,"unique_exact_genomic_allele",TRUE,"Deleterious","PATHOGENIC","P/LP"
"12:85280443:A:G","OLI713","Unknown","Isolated anencephaly",1,TRUE,TRUE,"unique_exact_genomic_allele",TRUE,"Uncertain","BENIGN","B/LB"
"12:85280443:A:G","OLI744","Unknown","Isolated anencephaly",1,TRUE,TRUE,"unique_exact_genomic_allele",TRUE,"Uncertain","BENIGN","B/LB"
"12:85280451:C:T","OLI729","Unknown","Isolated anencephaly",1,TRUE,TRUE,"unique_exact_genomic_allele",TRUE,"Uncertain","LIKELY_BENIGN","B/LB"
"12:85280452:G:T","OLI718","Unknown","Isolated anencephaly",1,TRUE,TRUE,"unique_exact_genomic_allele",TRUE,"Uncertain","BENIGN","B/LB"
"12:88058939:C:G","OLI622","Unknown","Bardet-Biedl syndrome",1,TRUE,TRUE,"unique_exact_genomic_allele",TRUE,"Uncertain","UNCERTAIN_SIGNIFICANCE","VUS"
"12:88060951:A:G","OLI622","Unknown","Bardet-Biedl syndrome",1,TRUE,TRUE,"unique_exact_genomic_allele",TRUE,"Uncertain","BENIGN","B/LB"
"12:88079219:C:T","OLI1146","Unknown","Bardet-Biedl syndrome",1,TRUE,TRUE,"unique_exact_genomic_allele",TRUE,"Uncertain","BENIGN","B/LB"
"12:88089435:G:C","OLI244","Unknown","Joubert syndrome",1,TRUE,TRUE,"unique_exact_genomic_allele",TRUE,"Uncertain","POSSIBLY_PATHOGENIC_LOW","Possibly pathogenic"
"12:88129717:C:G","OLI324","Monogenic+Modifier","Bardet-Biedl syndrome",1,TRUE,TRUE,"unique_exact_genomic_allele",TRUE,"Uncertain","BENIGN","B/LB"
"12:89349336:T:A","OLI353","Unknown","Kallmann syndrome",1,TRUE,TRUE,"unique_exact_genomic_allele",TRUE,"Uncertain","UNCERTAIN_SIGNIFICANCE","VUS"
"12:89349363:G:A","OLI370","Unknown","Kallmann syndrome",1,TRUE,TRUE,"unique_exact_genomic_allele",TRUE,"Uncertain","LIKELY_BENIGN","B/LB"
"12:89350860:T:C","OLI369","Unknown","Kallmann syndrome",1,TRUE,TRUE,"unique_exact_genomic_allele",TRUE,"Benign","POSSIBLY_PATHOGENIC_LOW","Possibly pathogenic"
"12:89350881:G:A","OLI368","Unknown","Kallmann syndrome",1,TRUE,TRUE,"unique_exact_genomic_allele",TRUE,"Uncertain","POSSIBLY_BENIGN","Possibly benign"
"12:89351700:C:A","OLI1214","Unknown","Normosmic congenital hypogonadotropic hypogonadism",1,TRUE,TRUE,"unique_exact_genomic_allele",TRUE,"Benign","BENIGN","B/LB"
"12:89351761:G:C","OLI1539","Unknown","46,XY disorder of sex development",1,TRUE,TRUE,"unique_exact_genomic_allele",TRUE,"Uncertain","POSSIBLY_PATHOGENIC_LOW","Possibly pathogenic"
"12:916448:G:A","OLI1041","Unknown","Primary ovarian failure",1,TRUE,TRUE,"unique_exact_genomic_allele",TRUE,"Benign","UNCERTAIN_SIGNIFICANCE","VUS"
"12:927224:C:T","OLI1056","Unknown","Primary ovarian failure",1,TRUE,TRUE,"unique_exact_genomic_allele",TRUE,"Uncertain","POSSIBLY_BENIGN","Possibly benign"
"12:931231:C:T","OLI1047","Unknown","Primary ovarian failure",1,TRUE,TRUE,"unique_exact_genomic_allele",TRUE,"Uncertain","POSSIBLY_BENIGN","Possibly benign"
"13:102866695:G:A","OLI924","Unknown","Transposition of the great arteries",1,TRUE,TRUE,"unique_exact_genomic_allele",TRUE,"Deleterious","POSSIBLY_PATHOGENIC_MODERATE","Possibly pathogenic"
"13:108210436:C:A","OLI927","Unknown","Transposition of the great arteries",1,TRUE,TRUE,"unique_exact_genomic_allele",TRUE,"Deleterious","LIKELY_PATHOGENIC","P/LP"
"13:110207444:G:A","OLI148","Unknown","Autosomal dominant polycystic kidney disease",1,TRUE,TRUE,"unique_exact_genomic_allele",TRUE,"","LIKELY_PATHOGENIC","P/LP"
"13:110211909:G:A","OLI329","Unknown","Amyotrophic lateral sclerosis",1,TRUE,TRUE,"unique_exact_genomic_allele",TRUE,"Uncertain","LIKELY_BENIGN","B/LB"
"13:110495339:C:T","OLI1679","Unknown","Non-Syndromic genetic keratoconus",1,TRUE,TRUE,"unique_exact_genomic_allele",TRUE,"Benign","POSSIBLY_PATHOGENIC_LOW","Possibly pathogenic"
"13:113227993:T:C","OLI1390","Unknown","Hypogonadotropic hypogonadism with partial puberty phenotype",1,TRUE,TRUE,"unique_exact_genomic_allele",TRUE,"Uncertain","POSSIBLY_BENIGN","Possibly benign"
"13:20188944:A:G","OLI135","Monogenic+Modifier","Non-syndromic genetic deafness",1,TRUE,TRUE,"unique_exact_genomic_allele",TRUE,"Deleterious","LIKELY_PATHOGENIC","P/LP"
"13:20188944:A:G","OLI136","Unknown","Non-syndromic genetic deafness",1,TRUE,TRUE,"unique_exact_genomic_allele",TRUE,"Deleterious","LIKELY_PATHOGENIC","P/LP"
"13:20189004:A:T","OLI252","Unknown","Non-syndromic genetic deafness",1,TRUE,TRUE,"unique_exact_genomic_allele",TRUE,"Deleterious","POSSIBLY_PATHOGENIC_MODERATE","Possibly pathogenic"
"13:20189095:T:C","OLI013","True Digenic","Non-syndromic genetic deafness",1,TRUE,TRUE,"unique_exact_genomic_allele",TRUE,"Deleterious","LIKELY_PATHOGENIC","P/LP"
"13:20189155:G:A","OLI1313","Unknown","Rare genetic deafness",1,TRUE,TRUE,"unique_exact_genomic_allele",TRUE,"Deleterious","PATHOGENIC","P/LP"
"13:20189155:G:A","OLI1315","Unknown","Rare genetic deafness",1,TRUE,TRUE,"unique_exact_genomic_allele",TRUE,"Deleterious","PATHOGENIC","P/LP"
"13:20189281:CAT:C","OLI1316","Unknown","Rare genetic deafness",1,FALSE,TRUE,"exact_allele_multiple_variant_ids",NA,NA,NA,NA
"13:20189281:CAT:C","OLI194","Unknown","Non-syndromic genetic deafness",1,FALSE,TRUE,"exact_allele_multiple_variant_ids",NA,NA,NA,NA
"13:20189346:AG:A","OLI1313","Unknown","Rare genetic deafness",1,FALSE,FALSE,NA,NA,NA,NA,NA
"13:20189346:AG:A","OLI1314","Unknown","Rare genetic deafness",1,FALSE,FALSE,NA,NA,NA,NA,NA
"13:20189346:AG:A","OLI1315","Unknown","Rare genetic deafness",1,FALSE,FALSE,NA,NA,NA,NA,NA
"13:20189346:AG:A","OLI1317","Unknown","Rare genetic deafness",1,FALSE,FALSE,NA,NA,NA,NA,NA
"13:20189346:AG:A","OLI1318","Unknown","Rare genetic deafness",1,FALSE,FALSE,NA,NA,NA,NA,NA
"13:20189346:AG:A","OLI192","Unknown","Non-syndromic genetic deafness",1,TRUE,TRUE,"resolved_by_exact_protein_within_allele",TRUE,"Benign","PATHOGENIC","P/LP"
"13:20189346:AG:A","OLI193","Unknown","Non-syndromic genetic deafness",1,TRUE,TRUE,"resolved_by_exact_protein_within_allele",TRUE,"Benign","PATHOGENIC","P/LP"
"13:20189346:AG:A","OLI251","Unknown","Non-syndromic genetic deafness",1,TRUE,TRUE,"resolved_by_exact_protein_within_allele",TRUE,"Benign","PATHOGENIC","P/LP"
"13:20189351:C:T","OLI1100","Unknown","Rare genetic deafness",1,TRUE,TRUE,"unique_exact_genomic_allele",TRUE,"","PATHOGENIC","P/LP"
"13:20189351:C:T","OLI1101","Unknown","Rare genetic deafness",1,TRUE,TRUE,"unique_exact_genomic_allele",TRUE,"","PATHOGENIC","P/LP"
"13:20189351:C:T","OLI1103","Unknown","Rare genetic deafness",1,TRUE,TRUE,"unique_exact_genomic_allele",TRUE,"","PATHOGENIC","P/LP"
"13:20189351:C:T","OLI1104","Unknown","Rare genetic deafness",1,TRUE,TRUE,"unique_exact_genomic_allele",TRUE,"","PATHOGENIC","P/LP"
"13:20189473:C:T","OLI1315","Unknown","Rare genetic deafness",1,TRUE,TRUE,"unique_exact_genomic_allele",TRUE,"Deleterious","PATHOGENIC","P/LP"
"13:20189473:C:T","OLI136","Unknown","Non-syndromic genetic deafness",1,TRUE,TRUE,"unique_exact_genomic_allele",TRUE,"Deleterious","PATHOGENIC","P/LP"
"13:20189473:C:T","OLI137","Monogenic+Modifier","Waardenburg syndrome",1,TRUE,TRUE,"unique_exact_genomic_allele",TRUE,"Deleterious","PATHOGENIC","P/LP"
"13:20189486:G:A","OLI406","Unknown","Non-syndromic genetic deafness",1,TRUE,TRUE,"unique_exact_genomic_allele",TRUE,"Benign","POSSIBLY_BENIGN","Possibly benign"
"13:20189546:AC:A","OLI060","Unknown","Non-syndromic genetic deafness",1,TRUE,TRUE,"unique_exact_genomic_allele",TRUE,"Benign","LIKELY_PATHOGENIC","P/LP"
"13:27924519:G:A","OLI112","Unknown","MODY",1,TRUE,TRUE,"unique_exact_genomic_allele",TRUE,"Uncertain","BENIGN","B/LB"
"13:27924519:G:A","OLI113","Unknown","MODY",1,TRUE,TRUE,"unique_exact_genomic_allele",TRUE,"Uncertain","BENIGN","B/LB"
"13:31758347:G:A","OLI1547","Unknown","46,XY disorder of sex development",1,TRUE,TRUE,"unique_exact_genomic_allele",TRUE,"Uncertain","POSSIBLY_BENIGN","Possibly benign"
"13:31758347:G:A","OLI1548","Unknown","46,XY disorder of sex development",1,TRUE,TRUE,"unique_exact_genomic_allele",TRUE,"Uncertain","POSSIBLY_BENIGN","Possibly benign"
"13:31758347:G:A","OLI1578","Unknown","Syndrome with 46,XY disorder of sex development",1,TRUE,TRUE,"unique_exact_genomic_allele",TRUE,"Uncertain","POSSIBLY_BENIGN","Possibly benign"
"13:31774684:C:A","OLI1562","Unknown","Syndrome with 46,XY disorder of sex development",1,TRUE,TRUE,"unique_exact_genomic_allele",TRUE,"Benign","POSSIBLY_PATHOGENIC_LOW","Possibly pathogenic"
"13:31786411:C:A","OLI1572","Unknown","Syndrome with 46,XY disorder of sex development",1,TRUE,TRUE,"unique_exact_genomic_allele",TRUE,"Benign","UNCERTAIN_SIGNIFICANCE","VUS"
"13:31797318:C:T","OLI1522","Unknown","46,XY disorder of sex development",1,TRUE,TRUE,"unique_exact_genomic_allele",TRUE,"Benign","POSSIBLY_PATHOGENIC_LOW","Possibly pathogenic"
"13:33016939:C:T","OLI1402","Unknown","Hypogonadotropic hypogonadism with absent puberty phenotype",1,TRUE,TRUE,"unique_exact_genomic_allele",TRUE,"Uncertain","UNCERTAIN_SIGNIFICANCE","VUS"
"13:33017000:C:T","OLI1383","Unknown","Hypogonadotropic hypogonadism with Fertile Eunuch phenotype",1,TRUE,TRUE,"unique_exact_genomic_allele",TRUE,"Deleterious","POSSIBLY_PATHOGENIC_MODERATE","Possibly pathogenic"
"13:33053807:G:A","OLI813","Unknown","Kallmann syndrome",1,TRUE,TRUE,"unique_exact_genomic_allele",TRUE,"Uncertain","POSSIBLY_PATHOGENIC_LOW","Possibly pathogenic"
"13:37746457:T:A","OLI1708","Unknown","Autism Spectrum Disorder,Lung disease,Global developmental delay",1,TRUE,TRUE,"unique_exact_genomic_allele",TRUE,"Deleterious","LIKELY_PATHOGENIC","P/LP"
"13:38692260:G:A","OLI350","Unknown","46,XY disorder of sex development",1,TRUE,TRUE,"unique_exact_genomic_allele",TRUE,"Benign","BENIGN","B/LB"
"13:38876317:C:T","OLI342","Unknown","Isolated Klippel-Feil syndrome",1,TRUE,TRUE,"unique_exact_genomic_allele",TRUE,"Benign","POSSIBLY_PATHOGENIC_LOW","Possibly pathogenic"
"13:38880749:C:CC","OLI604","Unknown","Disorder of sex development",1,FALSE,FALSE,NA,NA,NA,NA,NA
"13:39682201:GT:G","OLI796","Unknown","Arthrogryposis syndrome",1,TRUE,TRUE,"unique_exact_genomic_allele",TRUE,"Benign","PATHOGENIC","P/LP"
"13:42606915:T:G","OLI1711","Unknown","Common variable immunodeficiency",1,TRUE,TRUE,"unique_exact_genomic_allele",TRUE,"Uncertain","UNCERTAIN_SIGNIFICANCE","VUS"
"13:48261174:A:G","OLI605","Unknown","Amyotrophic lateral sclerosis; Frontotemporal dementia",1,TRUE,TRUE,"unique_exact_genomic_allele",TRUE,"Uncertain","LIKELY_BENIGN","B/LB"
"13:51934853:G:A","OLI1562","Unknown","Syndrome with 46,XY disorder of sex development",1,TRUE,TRUE,"unique_exact_genomic_allele",TRUE,"Uncertain","BENIGN","B/LB"
"13:51944145:G:T","OLI1246","Unknown","Corticobasal syndrome; Progressive non-fluent aphasia",1,TRUE,TRUE,"unique_exact_genomic_allele",TRUE,"Deleterious","PATHOGENIC","P/LP"
"13:51958333:C:A","OLI1480","Dual Molecular Diagnosis","Wilson disease;  Duchenne muscular dystrophy",1,TRUE,TRUE,"unique_exact_genomic_allele",TRUE,"Deleterious","PATHOGENIC","P/LP"
"13:71475180:G:A","OLI639","True Digenic","Renal dysplasia",1,TRUE,TRUE,"unique_exact_genomic_allele",TRUE,"Uncertain","POSSIBLY_BENIGN","Possibly benign"
"13:77898228:C:T","OLI887","Unknown","Kallmann syndrome",1,TRUE,TRUE,"unique_exact_genomic_allele",TRUE,"Uncertain","POSSIBLY_PATHOGENIC_LOW","Possibly pathogenic"
"13:77901095:C:T","OLI035","True Digenic","Hirschsprung disease",1,TRUE,TRUE,"unique_exact_genomic_allele",TRUE,"Benign","BENIGN","B/LB"
"13:97997546:C:T","OLI1692","Unknown","Non-Syndromic genetic keratoconus",1,TRUE,TRUE,"unique_exact_genomic_allele",TRUE,"Uncertain","POSSIBLY_PATHOGENIC_LOW","Possibly pathogenic"
"13:98825877:C:T","OLI1694","Unknown","Non-Syndromic genetic keratoconus",1,TRUE,TRUE,"unique_exact_genomic_allele",TRUE,"Benign","POSSIBLY_PATHOGENIC_LOW","Possibly pathogenic"
"14:20313645:C:T","OLI1068","Unknown","Primary ovarian failure",1,TRUE,TRUE,"unique_exact_genomic_allele",TRUE,"Benign","UNCERTAIN_SIGNIFICANCE","VUS"
"14:20457213:G:A","OLI1687","Unknown","Non-Syndromic genetic keratoconus",1,TRUE,TRUE,"unique_exact_genomic_allele",TRUE,"Uncertain","UNCERTAIN_SIGNIFICANCE","VUS"
"14:20457510:A:T","OLI968","Unknown","Amyotrophic lateral sclerosis",1,TRUE,TRUE,"unique_exact_genomic_allele",TRUE,"Benign","LIKELY_BENIGN","B/LB"
"14:20693686:A:T","OLI274","Unknown","Amyotrophic lateral sclerosis",1,TRUE,TRUE,"unique_exact_genomic_allele",TRUE,"Uncertain","BENIGN","B/LB"
"14:20693686:A:T","OLI637","Unknown","Amyotrophic lateral sclerosis",1,TRUE,TRUE,"unique_exact_genomic_allele",TRUE,"Uncertain","BENIGN","B/LB"
"14:20693772:A:G","OLI638","Unknown","Amyotrophic lateral sclerosis",1,TRUE,TRUE,"unique_exact_genomic_allele",TRUE,"Uncertain","POSSIBLY_BENIGN","Possibly benign"
"14:20693772:A:G","OLI666","Unknown","Amyotrophic lateral sclerosis",1,TRUE,TRUE,"unique_exact_genomic_allele",TRUE,"Uncertain","POSSIBLY_BENIGN","Possibly benign"
"14:20693796:A:G","OLI333","Unknown","Amyotrophic lateral sclerosis",1,TRUE,TRUE,"unique_exact_genomic_allele",TRUE,"Uncertain","POSSIBLY_PATHOGENIC_LOW","Possibly pathogenic"
"14:20693796:A:G","OLI773","Unknown","Amyotrophic lateral sclerosis",1,TRUE,TRUE,"unique_exact_genomic_allele",TRUE,"Uncertain","POSSIBLY_PATHOGENIC_LOW","Possibly pathogenic"
"14:20693971:C:T","OLI280","Unknown","Amyotrophic lateral sclerosis",1,TRUE,TRUE,"unique_exact_genomic_allele",TRUE,"Deleterious","LIKELY_PATHOGENIC","P/LP"
"14:21301084:C:G","OLI1657","Unknown","Bardet-Biedl syndrome",1,TRUE,TRUE,"unique_exact_genomic_allele",TRUE,"Benign","POSSIBLY_PATHOGENIC_LOW","Possibly pathogenic"
"14:21326132:G:C","OLI1665","Unknown","Bardet-Biedl syndrome",1,TRUE,TRUE,"unique_exact_genomic_allele",TRUE,"Uncertain","POSSIBLY_PATHOGENIC_LOW","Possibly pathogenic"
"14:21523035:T:C","OLI748","Unknown","Isolated anencephaly",1,TRUE,TRUE,"unique_exact_genomic_allele",TRUE,"Benign","UNCERTAIN_SIGNIFICANCE","VUS"
"14:21524820:G:A","OLI703","Unknown","Isolated anencephaly",1,TRUE,TRUE,"unique_exact_genomic_allele",TRUE,"Benign","UNCERTAIN_SIGNIFICANCE","VUS"
"14:21524824:G:T","OLI723","Unknown","Isolated anencephaly",1,TRUE,TRUE,"unique_exact_genomic_allele",TRUE,"Benign","UNCERTAIN_SIGNIFICANCE","VUS"
"14:21524824:G:T","OLI732","Unknown","Isolated anencephaly",1,TRUE,TRUE,"unique_exact_genomic_allele",TRUE,"Benign","UNCERTAIN_SIGNIFICANCE","VUS"
"14:22844716:G:A","OLI1142","Unknown","Mayer-Rokitansky-Küster-Hauser syndrome",1,TRUE,TRUE,"unique_exact_genomic_allele",TRUE,"Benign","UNCERTAIN_SIGNIFICANCE","VUS"
"14:22873373:C:T","OLI1143","Unknown","Mayer-Rokitansky-Küster-Hauser syndrome",1,TRUE,TRUE,"unique_exact_genomic_allele",TRUE,"Benign","BENIGN","B/LB"
"14:23388283:C:T","OLI998","Unknown","Androgen insensitivity syndrome; 46,XY disorder of sex development",1,TRUE,TRUE,"unique_exact_genomic_allele",TRUE,"Uncertain","POSSIBLY_PATHOGENIC_LOW","Possibly pathogenic"
"14:23396692:A:G","OLI268","Unknown","Hypertrophic cardiomyopathy; Arrhythmogenic right ventricular cardiomyopathy",1,TRUE,TRUE,"unique_exact_genomic_allele",TRUE,"Deleterious","LIKELY_PATHOGENIC","P/LP"
"14:23417213:C:T","OLI571","Unknown","Limb-girdle muscular dystrophy",1,TRUE,TRUE,"unique_exact_genomic_allele",TRUE,"Uncertain","POSSIBLY_PATHOGENIC_MODERATE","Possibly pathogenic"
"14:23417513:T:A","OLI234","Unknown","Hypertrophic cardiomyopathy",1,TRUE,TRUE,"unique_exact_genomic_allele",TRUE,"Deleterious","LIKELY_PATHOGENIC","P/LP"
"14:23418331:C:T","OLI976","True Digenic","Left ventricular noncompaction",1,TRUE,TRUE,"unique_exact_genomic_allele",TRUE,"Deleterious","PATHOGENIC","P/LP"
"14:23418348:C:T","OLI1212","Unknown","Left ventricular noncompaction",1,TRUE,TRUE,"unique_exact_genomic_allele",TRUE,"Deleterious","PATHOGENIC","P/LP"
"14:23423966:C:T","OLI416","True Digenic","Dilated cardiomyopathy",1,TRUE,TRUE,"unique_exact_genomic_allele",TRUE,"Deleterious","LIKELY_PATHOGENIC","P/LP"
"14:23424059:C:T","OLI068","Monogenic+Modifier","Dilated cardiomyopathy",1,TRUE,TRUE,"unique_exact_genomic_allele",TRUE,"Deleterious","PATHOGENIC","P/LP"
"14:23424143:C:T","OLI1794","Monogenic+Modifier","NON RARE IN EUROPE: Familial isolated hypertrophic cardiomyopathy",1,TRUE,TRUE,"unique_exact_genomic_allele",TRUE,"Deleterious","LIKELY_PATHOGENIC","P/LP"
"14:23424803:T:C","OLI235","Unknown","Dilated cardiomyopathy",1,TRUE,TRUE,"unique_exact_genomic_allele",TRUE,"Deleterious","LIKELY_PATHOGENIC","P/LP"
"14:23425774:A:G","OLI451","Unknown","Hypertrophic cardiomyopathy",1,TRUE,TRUE,"unique_exact_genomic_allele",TRUE,"Deleterious","PATHOGENIC","P/LP"
"14:23428506:GA:TT","OLI1794","Monogenic+Modifier","NON RARE IN EUROPE: Familial isolated hypertrophic cardiomyopathy",1,TRUE,TRUE,"unique_exact_genomic_allele",TRUE,"","LIKELY_PATHOGENIC","P/LP"
"14:23429327:G:A","OLI606","Monogenic+Modifier","Left ventricular noncompaction",1,TRUE,TRUE,"unique_exact_genomic_allele",TRUE,"Deleterious","PATHOGENIC","P/LP"
"14:23431789:C:T","OLI569","Unknown","Limb-girdle muscular dystrophy",1,TRUE,TRUE,"unique_exact_genomic_allele",TRUE,"Deleterious","PATHOGENIC","P/LP"
"14:23432660:C:T","OLI977","Unknown","Left ventricular noncompaction",1,TRUE,TRUE,"unique_exact_genomic_allele",TRUE,"Deleterious","LIKELY_PATHOGENIC","P/LP"
"14:24081525:A:G","OLI1668","Unknown","Bardet-Biedl syndrome",1,TRUE,TRUE,"unique_exact_genomic_allele",TRUE,"Deleterious","POSSIBLY_PATHOGENIC_MODERATE","Possibly pathogenic"
"14:24173410:A:G","OLI090","True Digenic","Primary ovarian failure",1,TRUE,TRUE,"unique_exact_genomic_allele",TRUE,"Deleterious","POSSIBLY_PATHOGENIC_LOW","Possibly pathogenic"
"14:24178128:G:T","OLI1062","Unknown","Primary ovarian failure",1,TRUE,TRUE,"unique_exact_genomic_allele",TRUE,"Benign","BENIGN","B/LB"
"14:29663749:G:C","OLI555","Dual Molecular Diagnosis","Normosmic congenital hypogonadotropic hypogonadism",1,TRUE,TRUE,"unique_exact_genomic_allele",TRUE,"Uncertain","BENIGN","B/LB"
"14:36517378:G:A","OLI1084","Unknown","Congenital hypothyroidism",1,TRUE,TRUE,"unique_exact_genomic_allele",TRUE,"Uncertain","LIKELY_BENIGN","B/LB"
"14:36517378:G:A","OLI1502","Unknown","Congenital hypothyroidism",1,TRUE,TRUE,"unique_exact_genomic_allele",TRUE,"Uncertain","LIKELY_BENIGN","B/LB"
"14:36517430:C:T","OLI1081","Unknown","Congenital hypothyroidism",1,FALSE,FALSE,NA,NA,NA,NA,NA
"14:36517430:C:T","OLI1082","Unknown","Congenital hypothyroidism",1,FALSE,FALSE,NA,NA,NA,NA,NA
"14:36517430:C:T","OLI1083","Unknown","Congenital hypothyroidism",1,FALSE,FALSE,NA,NA,NA,NA,NA
"14:36517430:C:T","OLI1499","Unknown","Congenital hypothyroidism",1,TRUE,TRUE,"resolved_by_exact_cdna_within_allele",TRUE,"Uncertain","LIKELY_BENIGN","B/LB"
"14:36517430:C:T","OLI1500","Unknown","Congenital hypothyroidism",1,TRUE,TRUE,"resolved_by_exact_cdna_within_allele",TRUE,"Uncertain","LIKELY_BENIGN","B/LB"
"14:36517430:C:T","OLI1501","Unknown","Congenital hypothyroidism",1,TRUE,TRUE,"resolved_by_exact_cdna_within_allele",TRUE,"Uncertain","LIKELY_BENIGN","B/LB"
"14:36519351:T:A","OLI184","Unknown","Hirschsprung disease",1,TRUE,TRUE,"unique_exact_genomic_allele",TRUE,"Uncertain","UNCERTAIN_SIGNIFICANCE","VUS"
"14:36581092:T:C","OLI733","Unknown","Isolated anencephaly",1,TRUE,TRUE,"unique_exact_genomic_allele",TRUE,"Deleterious","POSSIBLY_PATHOGENIC_LOW","Possibly pathogenic"
"14:39067200:C:G","OLI227","Dual Molecular Diagnosis","Global developmental delay,Hypertelorism,Intellectual disability,Macrocephaly,Tall Stature",1,TRUE,TRUE,"unique_exact_genomic_allele",TRUE,"Deleterious","POSSIBLY_PATHOGENIC_LOW","Possibly pathogenic"
"14:52635036:A:G","OLI1071","Unknown","Primary ovarian failure",1,TRUE,TRUE,"unique_exact_genomic_allele",TRUE,"Uncertain","UNCERTAIN_SIGNIFICANCE","VUS"
"14:53950453:C:T","OLI997","Unknown","Androgen insensitivity syndrome; 46,XY disorder of sex development",1,TRUE,TRUE,"unique_exact_genomic_allele",TRUE,"Uncertain","LIKELY_BENIGN","B/LB"
"14:53950465:C:T","OLI402","Unknown","Non-acquired combined pituitary hormone deficiency",1,TRUE,TRUE,"unique_exact_genomic_allele",TRUE,"","LIKELY_PATHOGENIC","P/LP"
"14:53950809:G:T","OLI639","True Digenic","Renal dysplasia",1,TRUE,TRUE,"unique_exact_genomic_allele",TRUE,"Benign","UNCERTAIN_SIGNIFICANCE","VUS"
"14:53952099:C:G","OLI1324","Unknown","Non-acquired combined pituitary hormone deficiency",1,TRUE,TRUE,"unique_exact_genomic_allele",TRUE,"Benign","LIKELY_BENIGN","B/LB"
"14:58258000:T:C","OLI116","True Digenic","CANDLE syndrome",1,TRUE,TRUE,"unique_exact_genomic_allele",TRUE,"Deleterious","PATHOGENIC","P/LP"
"14:58270970:TAAG:T","OLI115","Unknown","CANDLE syndrome",1,TRUE,TRUE,"unique_exact_genomic_allele",TRUE,"Benign","POSSIBLY_PATHOGENIC_MODERATE","Possibly pathogenic"
"14:58646513:G:T","OLI724","Unknown","Isolated anencephaly",1,TRUE,TRUE,"unique_exact_genomic_allele",TRUE,"Benign","UNCERTAIN_SIGNIFICANCE","VUS"
"14:58646658:T:C","OLI760","Unknown","Isolated anencephaly",1,TRUE,TRUE,"unique_exact_genomic_allele",TRUE,"Uncertain","LIKELY_BENIGN","B/LB"
"14:59331215:G:A","OLI704","Unknown","Craniorachischisis",1,TRUE,TRUE,"unique_exact_genomic_allele",TRUE,"Benign","UNCERTAIN_SIGNIFICANCE","VUS"
"14:59368674:C:T","OLI707","Unknown","Isolated anencephaly",1,TRUE,TRUE,"unique_exact_genomic_allele",TRUE,"Uncertain","UNCERTAIN_SIGNIFICANCE","VUS"
"14:60646459:C:A","OLI239","Monogenic+Modifier","Renal hypoplasia",1,TRUE,TRUE,"unique_exact_genomic_allele",TRUE,"Deleterious","UNCERTAIN_SIGNIFICANCE","VUS"
"14:64425752:G:A","OLI699","Unknown","Isolated anencephaly",1,TRUE,TRUE,"unique_exact_genomic_allele",TRUE,"Uncertain","BENIGN","B/LB"
"14:64439171:C:T","OLI718","Unknown","Isolated anencephaly",1,TRUE,TRUE,"unique_exact_genomic_allele",TRUE,"Uncertain","POSSIBLY_PATHOGENIC_LOW","Possibly pathogenic"
"14:66681169:G:A","OLI559","Unknown","Generalized epilepsy with febrile seizures-plus; Juvenile myoclonic epilepsy",1,TRUE,TRUE,"unique_exact_genomic_allele",TRUE,"Uncertain","POSSIBLY_PATHOGENIC_MODERATE","Possibly pathogenic"
"14:70168367:A:G","OLI1675","Unknown","Non-Syndromic genetic keratoconus",1,TRUE,TRUE,"unique_exact_genomic_allele",TRUE,"Benign","POSSIBLY_PATHOGENIC_LOW","Possibly pathogenic"
"14:73198145:G:A","OLI1470","Unknown","NON RARE IN EUROPE: Alzheimer disease",1,TRUE,TRUE,"unique_exact_genomic_allele",TRUE,"Benign","POSSIBLY_BENIGN","Possibly benign"
"14:73198145:G:A","OLI1471","Unknown","NON RARE IN EUROPE: Alzheimer disease",1,TRUE,TRUE,"unique_exact_genomic_allele",TRUE,"Benign","POSSIBLY_BENIGN","Possibly benign"
"14:74552291:G:A","OLI1796","Unknown","Juvenile glaucoma",1,TRUE,TRUE,"unique_exact_genomic_allele",TRUE,"Benign","BENIGN","B/LB"
"14:75009145:G:A","OLI1731","Unknown","Leukodystrophy",1,TRUE,TRUE,"unique_exact_genomic_allele",TRUE,"Deleterious","POSSIBLY_PATHOGENIC_LOW","Possibly pathogenic"
"14:75030587:C:T","OLI1068","Unknown","Primary ovarian failure",1,TRUE,TRUE,"unique_exact_genomic_allele",TRUE,"Uncertain","POSSIBLY_PATHOGENIC_LOW","Possibly pathogenic"
"14:75040015:C:T","OLI1039","Unknown","Primary ovarian failure",1,TRUE,TRUE,"unique_exact_genomic_allele",TRUE,"Deleterious","POSSIBLY_PATHOGENIC_MODERATE","Possibly pathogenic"
"14:81087962:G:A","OLI1481","Unknown","Congenital hypothyroidism",1,TRUE,TRUE,"resolved_by_exact_cdna_within_allele",TRUE,"Uncertain","LIKELY_PATHOGENIC","P/LP"
"14:81087962:G:A","OLI589","Unknown","Congenital hypothyroidism",1,FALSE,FALSE,NA,NA,NA,NA,NA
"14:81092547:C:G","OLI586","Unknown","Congenital hypothyroidism",1,TRUE,TRUE,"unique_exact_genomic_allele",TRUE,"Uncertain","PATHOGENIC","P/LP"
"14:81092547:C:G","OLI589","Unknown","Congenital hypothyroidism",1,TRUE,TRUE,"unique_exact_genomic_allele",TRUE,"Uncertain","PATHOGENIC","P/LP"
"14:81092589:T:C","OLI471","Unknown","Congenital hypothyroidism",1,TRUE,TRUE,"unique_exact_genomic_allele",TRUE,"Deleterious","POSSIBLY_PATHOGENIC_MODERATE","Possibly pathogenic"
"14:81096704:C:T","OLI1074","Unknown","Congenital hypothyroidism",1,FALSE,FALSE,NA,NA,NA,NA,NA
"14:81096704:C:T","OLI1494","Unknown","Congenital hypothyroidism",1,TRUE,TRUE,"resolved_by_exact_cdna_within_allele",TRUE,"Deleterious","UNCERTAIN_SIGNIFICANCE","VUS"
"14:81108439:G:A","OLI986","Unknown","Congenital hypothyroidism",1,TRUE,TRUE,"unique_exact_genomic_allele",TRUE,"Deleterious","POSSIBLY_PATHOGENIC_LOW","Possibly pathogenic"
"14:81108452:TGTGA:T","OLI520","Unknown","Congenital hypothyroidism",1,TRUE,TRUE,"unique_exact_genomic_allele",TRUE,"","UNCERTAIN_SIGNIFICANCE","VUS"
"14:81139719:G:A","OLI988","Unknown","Congenital hypothyroidism",1,TRUE,TRUE,"unique_exact_genomic_allele",TRUE,"Deleterious","UNCERTAIN_SIGNIFICANCE","VUS"
"14:81142973:T:G","OLI1485","Unknown","Congenital hypothyroidism",1,TRUE,TRUE,"unique_exact_genomic_allele",TRUE,"Uncertain","UNCERTAIN_SIGNIFICANCE","VUS"
"14:81143118:G:A","OLI1483","Unknown","Congenital hypothyroidism",1,TRUE,TRUE,"unique_exact_genomic_allele",TRUE,"Benign","UNCERTAIN_SIGNIFICANCE","VUS"
"14:81143574:G:A","OLI518","Unknown","Congenital hypothyroidism",1,TRUE,TRUE,"unique_exact_genomic_allele",TRUE,"Deleterious","POSSIBLY_PATHOGENIC_MODERATE","Possibly pathogenic"
"14:81143614:G:A","OLI585","Unknown","Congenital hypothyroidism",1,TRUE,TRUE,"unique_exact_genomic_allele",TRUE,"Deleterious","PATHOGENIC","P/LP"
"14:81143632:T:C","OLI1075","Unknown","Congenital hypothyroidism",1,FALSE,TRUE,"exact_allele_multiple_variant_ids",NA,NA,NA,NA
"14:81143632:T:C","OLI1174","Unknown","Congenital hypothyroidism",1,FALSE,TRUE,"exact_allele_multiple_variant_ids",NA,NA,NA,NA
"14:81143632:T:C","OLI1175","Unknown","Congenital hypothyroidism",1,FALSE,TRUE,"exact_allele_multiple_variant_ids",NA,NA,NA,NA
"14:81143632:T:C","OLI1495","Unknown","Congenital hypothyroidism",1,FALSE,TRUE,"exact_allele_multiple_variant_ids",NA,NA,NA,NA
"14:81143632:T:C","OLI1806","Unknown","Congenital hypothyroidism",1,FALSE,TRUE,"exact_allele_multiple_variant_ids",NA,NA,NA,NA
"14:81143632:T:C","OLI987","Unknown","Congenital hypothyroidism",1,FALSE,TRUE,"exact_allele_multiple_variant_ids",NA,NA,NA,NA
"14:81143640:C:A","OLI1073","Unknown","Congenital hypothyroidism",1,FALSE,FALSE,NA,NA,NA,NA,NA
"14:81143640:C:A","OLI1493","Unknown","Congenital hypothyroidism",1,TRUE,TRUE,"resolved_by_exact_cdna_within_allele",TRUE,"Uncertain","LIKELY_PATHOGENIC","P/LP"
"14:81143742:A:G","OLI581","Unknown","Congenital hypothyroidism",1,TRUE,TRUE,"unique_exact_genomic_allele",TRUE,"Uncertain","UNCERTAIN_SIGNIFICANCE","VUS"
"14:81143910:A:T","OLI471","Unknown","Congenital hypothyroidism",1,TRUE,TRUE,"unique_exact_genomic_allele",TRUE,"","LIKELY_PATHOGENIC","P/LP"
"14:81143976:A:C","OLI585","Unknown","Congenital hypothyroidism",1,TRUE,TRUE,"unique_exact_genomic_allele",TRUE,"Deleterious","POSSIBLY_PATHOGENIC_MODERATE","Possibly pathogenic"
"14:81144156:A:G","OLI1482","Unknown","Congenital hypothyroidism",1,TRUE,TRUE,"unique_exact_genomic_allele",TRUE,"Benign","LIKELY_BENIGN","B/LB"
"14:81144310:A:G","OLI1081","Unknown","Congenital hypothyroidism",1,TRUE,TRUE,"unique_exact_genomic_allele",TRUE,"Benign","LIKELY_BENIGN","B/LB"
"14:81144310:A:G","OLI1499","Unknown","Congenital hypothyroidism",1,TRUE,TRUE,"unique_exact_genomic_allele",TRUE,"Benign","LIKELY_BENIGN","B/LB"
"14:81144330:G:A","OLI1076","Unknown","Congenital hypothyroidism",1,TRUE,TRUE,"unique_exact_genomic_allele",TRUE,"Uncertain","POSSIBLY_PATHOGENIC_LOW","Possibly pathogenic"
"14:87984461:G:A","OLI332","Unknown","Amyotrophic lateral sclerosis",1,TRUE,TRUE,"unique_exact_genomic_allele",TRUE,"Deleterious","POSSIBLY_PATHOGENIC_MODERATE","Possibly pathogenic"
"14:87988147:T:C","OLI335","Unknown","Amyotrophic lateral sclerosis",1,TRUE,TRUE,"unique_exact_genomic_allele",TRUE,"Deleterious","POSSIBLY_PATHOGENIC_MODERATE","Possibly pathogenic"
"14:88840883:A:G","OLI146","Unknown","Bardet-Biedl syndrome",1,TRUE,TRUE,"unique_exact_genomic_allele",TRUE,"Uncertain","BENIGN","B/LB"
"14:88840883:A:G","OLI325","Monogenic+Modifier","Bardet-Biedl syndrome",1,TRUE,TRUE,"unique_exact_genomic_allele",TRUE,"Uncertain","BENIGN","B/LB"
"14:88841112:G:A","OLI145","Unknown","Bardet-Biedl syndrome",1,TRUE,TRUE,"unique_exact_genomic_allele",TRUE,"Uncertain","POSSIBLY_BENIGN","Possibly benign"
"14:88843813:TTGAGTA:T","OLI059","Unknown","Bardet-Biedl syndrome",1,TRUE,TRUE,"unique_exact_genomic_allele",TRUE,"","POSSIBLY_PATHOGENIC_MODERATE","Possibly pathogenic"
"14:88857223:TA:T","OLI1661","Unknown","Bardet-Biedl syndrome",1,TRUE,TRUE,"unique_exact_genomic_allele",TRUE,"Benign","PATHOGENIC","P/LP"
"14:88870068:A:G","OLI1146","Unknown","Bardet-Biedl syndrome",1,TRUE,TRUE,"unique_exact_genomic_allele",TRUE,"Benign","POSSIBLY_BENIGN","Possibly benign"
"14:88870160:C:G","OLI140","Unknown","Bardet-Biedl syndrome",1,TRUE,TRUE,"unique_exact_genomic_allele",TRUE,"Uncertain","POSSIBLY_BENIGN","Possibly benign"
"14:88872358:A:G","OLI623","Unknown","Bardet-Biedl syndrome",1,TRUE,TRUE,"unique_exact_genomic_allele",TRUE,"Uncertain","BENIGN","B/LB"
"14:91297376:G:A","OLI844","Unknown","Kallmann syndrome",1,TRUE,TRUE,"unique_exact_genomic_allele",TRUE,"Uncertain","BENIGN","B/LB"
"14:92004014:A:T","OLI984","Unknown","Odontochondrodysplasia",1,TRUE,TRUE,"unique_exact_genomic_allele",TRUE,"","PATHOGENIC","P/LP"
"14:94378610:C:T","OLI804","Unknown","Cystic fibrosis",1,TRUE,TRUE,"unique_exact_genomic_allele",TRUE,"Deleterious","LIKELY_PATHOGENIC","P/LP"
"14:94380925:T:A","OLI801","Unknown","Cystic fibrosis",1,TRUE,TRUE,"unique_exact_genomic_allele",TRUE,"Deleterious","POSSIBLY_BENIGN","Possibly benign"
"14:94380925:T:A","OLI803","Unknown","Cystic fibrosis",1,TRUE,TRUE,"unique_exact_genomic_allele",TRUE,"Deleterious","POSSIBLY_BENIGN","Possibly benign"
"14:99914227:G:A","OLI490","Unknown","Rare pervasive developmental disorder",1,TRUE,TRUE,"unique_exact_genomic_allele",TRUE,"Benign","LIKELY_BENIGN","B/LB"
"15:25371582:C:T","OLI477","Unknown","Rare pervasive developmental disorder",1,TRUE,TRUE,"unique_exact_genomic_allele",TRUE,"Benign","BENIGN","B/LB"
"15:25371582:C:T","OLI479","Unknown","Rare pervasive developmental disorder",1,TRUE,TRUE,"unique_exact_genomic_allele",TRUE,"Benign","BENIGN","B/LB"
"15:25371582:C:T","OLI488","Unknown","Rare pervasive developmental disorder",1,TRUE,TRUE,"unique_exact_genomic_allele",TRUE,"Benign","BENIGN","B/LB"
"15:25371582:C:T","OLI495","Unknown","Rare pervasive developmental disorder",1,TRUE,TRUE,"unique_exact_genomic_allele",TRUE,"Benign","BENIGN","B/LB"
"15:25371603:CCTTTTC:C","OLI496","Unknown","Rare pervasive developmental disorder",1,FALSE,FALSE,NA,NA,NA,NA,NA
"15:27755408:C:A","OLI071","Unknown","Oculocutaneous albinism",1,TRUE,TRUE,"unique_exact_genomic_allele",TRUE,"Uncertain","POSSIBLY_PATHOGENIC_LOW","Possibly pathogenic"
"15:27983392:C:A","OLI1095","Unknown","Oculocutaneous albinism",1,TRUE,TRUE,"unique_exact_genomic_allele",TRUE,"Deleterious","PATHOGENIC","P/LP"
"15:27983392:C:A","OLI1096","Unknown","Oculocutaneous albinism",1,TRUE,TRUE,"unique_exact_genomic_allele",TRUE,"Deleterious","PATHOGENIC","P/LP"
"15:27983392:C:A","OLI1097","Unknown","Oculocutaneous albinism",1,TRUE,TRUE,"unique_exact_genomic_allele",TRUE,"Deleterious","PATHOGENIC","P/LP"
"15:27983407:C:T","OLI073","Unknown","Oculocutaneous albinism",1,TRUE,TRUE,"unique_exact_genomic_allele",TRUE,"Deleterious","BENIGN","B/LB"
"15:27985101:C:T","OLI217","Unknown","Ocular albinism",1,TRUE,TRUE,"unique_exact_genomic_allele",TRUE,"Deleterious","LIKELY_PATHOGENIC","P/LP"
"15:28014866:C:T","OLI1098","Unknown","Oculocutaneous albinism",1,TRUE,TRUE,"unique_exact_genomic_allele",TRUE,"Uncertain","BENIGN","B/LB"
"15:28014866:C:T","OLI1099","Unknown","Oculocutaneous albinism",1,TRUE,TRUE,"unique_exact_genomic_allele",TRUE,"Uncertain","BENIGN","B/LB"
"15:28081796:C:T","OLI220","Unknown","Ocular albinism",1,TRUE,TRUE,"unique_exact_genomic_allele",TRUE,"Uncertain","BENIGN","B/LB"
"15:28132819:C:T","OLI258","True Digenic","Central precocious puberty",1,TRUE,TRUE,"unique_exact_genomic_allele",TRUE,"Uncertain","POSSIBLY_PATHOGENIC_LOW","Possibly pathogenic"
"15:33533349:C:A","OLI1041","Unknown","Primary ovarian failure",1,TRUE,TRUE,"unique_exact_genomic_allele",TRUE,"Deleterious","POSSIBLY_PATHOGENIC_MODERATE","Possibly pathogenic"
"15:33540836:A:G","OLI1042","Unknown","Primary ovarian failure",1,TRUE,TRUE,"unique_exact_genomic_allele",TRUE,"Deleterious","POSSIBLY_PATHOGENIC_MODERATE","Possibly pathogenic"
"15:33623935:G:A","OLI1462","Unknown","Rare pervasive developmental disorder",1,FALSE,TRUE,"exact_allele_multiple_variant_ids",NA,NA,NA,NA
"15:33623935:G:A","OLI790","Unknown","Arthrogryposis syndrome",1,FALSE,TRUE,"exact_allele_multiple_variant_ids",NA,NA,NA,NA
"15:41564269:A:ACACTGCCTGCAGCCCCCTTCAACATCACC","OLI1747","Unknown","46,XY disorder of sex development",1,TRUE,TRUE,"unique_exact_genomic_allele",TRUE,"","POSSIBLY_PATHOGENIC_MODERATE","Possibly pathogenic"
"15:41568280:G:A","OLI1405","Unknown","Hypogonadotropic hypogonadism with absent puberty phenotype",1,TRUE,TRUE,"unique_exact_genomic_allele",TRUE,"","POSSIBLY_PATHOGENIC_MODERATE","Possibly pathogenic"
"15:41573397:C:G","OLI896","Unknown","Normosmic congenital hypogonadotropic hypogonadism",1,TRUE,TRUE,"unique_exact_genomic_allele",TRUE,"Uncertain","UNCERTAIN_SIGNIFICANCE","VUS"
"15:42387802:CA:C","OLI569","Unknown","Limb-girdle muscular dystrophy",1,TRUE,TRUE,"unique_exact_genomic_allele",TRUE,"Uncertain","PATHOGENIC","P/LP"
"15:42402920:G:A","OLI415","Unknown","Limb-girdle muscular dystrophy",1,TRUE,TRUE,"unique_exact_genomic_allele",TRUE,"Uncertain","POSSIBLY_PATHOGENIC_MODERATE","Possibly pathogenic"
"15:42402953:G:A","OLI569","Unknown","Limb-girdle muscular dystrophy",1,TRUE,TRUE,"unique_exact_genomic_allele",TRUE,"Deleterious","PATHOGENIC","P/LP"
"15:44564629:G:A","OLI967","Unknown","Amyotrophic lateral sclerosis",1,TRUE,TRUE,"unique_exact_genomic_allele",TRUE,"Uncertain","BENIGN","B/LB"
"15:44572802:T:C","OLI632","Unknown","Amyotrophic lateral sclerosis",1,TRUE,TRUE,"unique_exact_genomic_allele",TRUE,"Benign","BENIGN","B/LB"
"15:44573652:G:A","OLI264","Unknown","Osteopetrosis,Mental retardation,Short stature,Spastic paraparesis",1,TRUE,TRUE,"unique_exact_genomic_allele",TRUE,"","PATHOGENIC","P/LP"
"15:44584057:G:A","OLI334","Unknown","Amyotrophic lateral sclerosis",1,TRUE,TRUE,"unique_exact_genomic_allele",TRUE,"","PATHOGENIC","P/LP"
"15:44584479:C:A","OLI1704","Unknown","Amyotrophic lateral sclerosis",1,TRUE,TRUE,"unique_exact_genomic_allele",TRUE,"Deleterious","POSSIBLY_PATHOGENIC_MODERATE","Possibly pathogenic"
"15:44585706:C:T","OLI944","Unknown","Amyotrophic lateral sclerosis",1,TRUE,TRUE,"unique_exact_genomic_allele",TRUE,"Uncertain","UNCERTAIN_SIGNIFICANCE","VUS"
"15:44596152:C:G","OLI1459","Unknown","Amyotrophic lateral sclerosis",1,TRUE,TRUE,"unique_exact_genomic_allele",TRUE,"Uncertain","UNCERTAIN_SIGNIFICANCE","VUS"
"15:44596797:T:C","OLI944","Unknown","Amyotrophic lateral sclerosis",1,TRUE,TRUE,"unique_exact_genomic_allele",TRUE,"Uncertain","POSSIBLY_PATHOGENIC_LOW","Possibly pathogenic"
"15:44626492:C:T","OLI969","Unknown","Amyotrophic lateral sclerosis",1,TRUE,TRUE,"unique_exact_genomic_allele",TRUE,"Uncertain","BENIGN","B/LB"
"15:44651839:C:T","OLI969","Unknown","Amyotrophic lateral sclerosis",1,TRUE,TRUE,"unique_exact_genomic_allele",TRUE,"Uncertain","BENIGN","B/LB"
"15:44816668:GCTGGGCAGCCCCATATCTCGGC:GC","OLI1482","Unknown","Congenital hypothyroidism",1,FALSE,FALSE,NA,NA,NA,NA,NA
"15:45094160:T:C","OLI590","Unknown","Congenital hypothyroidism",1,TRUE,TRUE,"unique_exact_genomic_allele",TRUE,"Deleterious","UNCERTAIN_SIGNIFICANCE","VUS"
"15:45094260:C:G","OLI564","Unknown","Congenital hypothyroidism",1,TRUE,TRUE,"unique_exact_genomic_allele",TRUE,"Deleterious","PATHOGENIC","P/LP"
"15:45094260:C:T","OLI1074","Unknown","Congenital hypothyroidism",1,TRUE,TRUE,"resolved_by_exact_cdna_within_allele",TRUE,"Deleterious","PATHOGENIC","P/LP"
"15:45094260:C:T","OLI1494","Unknown","Congenital hypothyroidism",1,FALSE,FALSE,NA,NA,NA,NA,NA
"15:45095520:C:T","OLI1021","Unknown","Congenital hypothyroidism",1,TRUE,TRUE,"unique_exact_genomic_allele",TRUE,"Deleterious","POSSIBLY_PATHOGENIC_MODERATE","Possibly pathogenic"
"15:45095881:G:A","OLI565","Unknown","Congenital hypothyroidism",1,TRUE,TRUE,"unique_exact_genomic_allele",TRUE,"Uncertain","POSSIBLY_BENIGN","Possibly benign"
"15:45095881:G:A","OLI991","Unknown","Congenital hypothyroidism",1,TRUE,TRUE,"unique_exact_genomic_allele",TRUE,"Uncertain","POSSIBLY_BENIGN","Possibly benign"
"15:45097286:G:A","OLI1020","Unknown","Congenital hypothyroidism",1,TRUE,TRUE,"unique_exact_genomic_allele",TRUE,"Uncertain","POSSIBLY_PATHOGENIC_LOW","Possibly pathogenic"
"15:45097294:C:T","OLI1486","Unknown","Congenital hypothyroidism",1,TRUE,TRUE,"unique_exact_genomic_allele",TRUE,"Uncertain","UNCERTAIN_SIGNIFICANCE","VUS"
"15:45097613:C:A","OLI474","Unknown","Congenital hypothyroidism",1,TRUE,TRUE,"unique_exact_genomic_allele",TRUE,"Deleterious","PATHOGENIC","P/LP"
"15:45097675:C:T","OLI1481","Unknown","Congenital hypothyroidism",1,TRUE,TRUE,"unique_exact_genomic_allele",TRUE,"Deleterious","POSSIBLY_PATHOGENIC_MODERATE","Possibly pathogenic"
"15:45097675:C:T","OLI562","Unknown","Congenital hypothyroidism",1,TRUE,TRUE,"unique_exact_genomic_allele",TRUE,"Deleterious","POSSIBLY_PATHOGENIC_MODERATE","Possibly pathogenic"
"15:45097691:C:T","OLI467","Unknown","Congenital hypothyroidism",1,TRUE,TRUE,"unique_exact_genomic_allele",TRUE,"Uncertain","LIKELY_PATHOGENIC","P/LP"
"15:45098042:TCTGGGGAAGCTTGGAC:T","OLI988","Unknown","Congenital hypothyroidism",1,TRUE,TRUE,"unique_exact_genomic_allele",TRUE,"","PATHOGENIC","P/LP"
"15:45098042:TCTGGGGAAGCTTGGAC:T","OLI990","Unknown","Congenital hypothyroidism",1,TRUE,TRUE,"unique_exact_genomic_allele",TRUE,"","PATHOGENIC","P/LP"
"15:45099710:C:T","OLI1024","Unknown","Congenital hypothyroidism",1,TRUE,TRUE,"unique_exact_genomic_allele",TRUE,"Uncertain","BENIGN","B/LB"
"15:45099748:C:T","OLI032","Monogenic+Modifier","Congenital hypothyroidism",1,TRUE,TRUE,"unique_exact_genomic_allele",TRUE,"Deleterious","PATHOGENIC","P/LP"
"15:45099748:C:T","OLI1077","Unknown","Congenital hypothyroidism",1,TRUE,TRUE,"unique_exact_genomic_allele",TRUE,"Deleterious","PATHOGENIC","P/LP"
"15:45099748:C:T","OLI1078","Unknown","Congenital hypothyroidism",1,TRUE,TRUE,"unique_exact_genomic_allele",TRUE,"Deleterious","PATHOGENIC","P/LP"
"15:45099748:C:T","OLI1484","Unknown","Congenital hypothyroidism",1,TRUE,TRUE,"unique_exact_genomic_allele",TRUE,"Deleterious","PATHOGENIC","P/LP"
"15:45099748:C:T","OLI1496","Unknown","Congenital hypothyroidism",1,TRUE,TRUE,"unique_exact_genomic_allele",TRUE,"Deleterious","PATHOGENIC","P/LP"
"15:45099748:C:T","OLI1497","Unknown","Congenital hypothyroidism",1,TRUE,TRUE,"unique_exact_genomic_allele",TRUE,"Deleterious","PATHOGENIC","P/LP"
"15:45099748:C:T","OLI1805","Unknown","Congenital hypothyroidism",1,TRUE,TRUE,"unique_exact_genomic_allele",TRUE,"Deleterious","PATHOGENIC","P/LP"
"15:45099748:C:T","OLI473","Unknown","Congenital hypothyroidism",1,TRUE,TRUE,"unique_exact_genomic_allele",TRUE,"Deleterious","PATHOGENIC","P/LP"
"15:45100816:G:C","OLI594","Unknown","Congenital hypothyroidism",1,TRUE,TRUE,"unique_exact_genomic_allele",TRUE,"Benign","BENIGN","B/LB"
"15:45101227:TGAAC:T","OLI1022","Unknown","Congenital hypothyroidism",1,TRUE,TRUE,"resolved_by_exact_cdna_within_allele",TRUE,"Uncertain","PATHOGENIC","P/LP"
"15:45101227:TGAAC:T","OLI518","Unknown","Congenital hypothyroidism",1,FALSE,FALSE,NA,NA,NA,NA,NA
"15:45101232:G:A","OLI1175","Unknown","Congenital hypothyroidism",1,TRUE,TRUE,"unique_exact_genomic_allele",TRUE,"Uncertain","LIKELY_PATHOGENIC","P/LP"
"15:45101865:T:C","OLI563","Unknown","Congenital hypothyroidism",1,TRUE,TRUE,"unique_exact_genomic_allele",TRUE,"Uncertain","POSSIBLY_BENIGN","Possibly benign"
"15:45103960:C:A","OLI1076","Unknown","Congenital hypothyroidism",1,TRUE,TRUE,"resolved_by_exact_cdna_within_allele",TRUE,"Deleterious","LIKELY_PATHOGENIC","P/LP"
"15:45103960:C:A","OLI1080","Unknown","Congenital hypothyroidism",1,TRUE,TRUE,"resolved_by_exact_cdna_within_allele",TRUE,"Deleterious","LIKELY_PATHOGENIC","P/LP"
"15:45103960:C:A","OLI1085","Unknown","Congenital hypothyroidism",1,TRUE,TRUE,"resolved_by_exact_cdna_within_allele",TRUE,"Deleterious","LIKELY_PATHOGENIC","P/LP"
"15:45103960:C:A","OLI1483","Unknown","Congenital hypothyroidism",1,TRUE,TRUE,"resolved_by_exact_cdna_within_allele",TRUE,"Deleterious","LIKELY_PATHOGENIC","P/LP"
"15:45103960:C:A","OLI1503","Unknown","Congenital hypothyroidism",1,TRUE,TRUE,"resolved_by_exact_cdna_within_allele",TRUE,"Deleterious","LIKELY_PATHOGENIC","P/LP"
"15:45103960:C:A","OLI1804","Unknown","Congenital hypothyroidism",1,TRUE,TRUE,"resolved_by_exact_cdna_within_allele",TRUE,"Deleterious","LIKELY_PATHOGENIC","P/LP"
"15:45103960:C:A","OLI473","Unknown","Congenital hypothyroidism",1,FALSE,FALSE,NA,NA,NA,NA,NA
"15:45103960:C:A","OLI989","Unknown","Congenital hypothyroidism",1,TRUE,TRUE,"resolved_by_exact_cdna_within_allele",TRUE,"Deleterious","LIKELY_PATHOGENIC","P/LP"
"15:45103960:C:T","OLI1175","Unknown","Congenital hypothyroidism",1,FALSE,FALSE,NA,NA,NA,NA,NA
"15:45103960:C:T","OLI1807","Unknown","Congenital hypothyroidism",1,TRUE,TRUE,"resolved_by_exact_cdna_within_allele",TRUE,"Deleterious","PATHOGENIC","P/LP"
"15:45104017:A:C","OLI1023","Unknown","Congenital hypothyroidism",1,TRUE,TRUE,"unique_exact_genomic_allele",TRUE,"Deleterious","LIKELY_PATHOGENIC","P/LP"
"15:45104365:C:T","OLI1089","Unknown","Congenital hypothyroidism",1,TRUE,TRUE,"resolved_by_exact_cdna_within_allele",TRUE,"Deleterious","POSSIBLY_BENIGN","Possibly benign"
"15:45104365:C:T","OLI1808","Unknown","Congenital hypothyroidism",1,TRUE,TRUE,"resolved_by_exact_cdna_within_allele",TRUE,"Deleterious","POSSIBLY_BENIGN","Possibly benign"
"15:45104365:C:T","OLI465","Unknown","Congenital hypothyroidism",1,FALSE,FALSE,NA,NA,NA,NA,NA
"15:45105795:C:T","OLI591","Unknown","Congenital hypothyroidism",1,TRUE,TRUE,"unique_exact_genomic_allele",TRUE,"Benign","POSSIBLY_BENIGN","Possibly benign"
"15:45105801:G:A","OLI583","Unknown","Congenital hypothyroidism",1,TRUE,TRUE,"unique_exact_genomic_allele",TRUE,"Uncertain","POSSIBLY_PATHOGENIC_LOW","Possibly pathogenic"
"15:45106124:C:A","OLI567","Unknown","Congenital hypothyroidism",1,TRUE,TRUE,"unique_exact_genomic_allele",TRUE,"Deleterious","PATHOGENIC","P/LP"
"15:45106171:C:T","OLI594","Unknown","Congenital hypothyroidism",1,TRUE,TRUE,"unique_exact_genomic_allele",TRUE,"Benign","BENIGN","B/LB"
"15:45106225:C:A","OLI565","Unknown","Congenital hypothyroidism",1,TRUE,TRUE,"unique_exact_genomic_allele",TRUE,"Uncertain","POSSIBLY_PATHOGENIC_LOW","Possibly pathogenic"
"15:45106552:C:T","OLI592","Unknown","Congenital hypothyroidism",1,TRUE,TRUE,"unique_exact_genomic_allele",TRUE,"Benign","BENIGN","B/LB"
"15:45106600:G:A","OLI1088","Unknown","Congenital hypothyroidism",1,TRUE,TRUE,"unique_exact_genomic_allele",TRUE,"","PATHOGENIC","P/LP"
"15:45106600:G:A","OLI1504","Unknown","Congenital hypothyroidism",1,TRUE,TRUE,"unique_exact_genomic_allele",TRUE,"","PATHOGENIC","P/LP"
"15:45107450:T:A","OLI1487","Unknown","Congenital hypothyroidism",1,TRUE,TRUE,"resolved_by_exact_cdna_within_allele",TRUE,"","PATHOGENIC","P/LP"
"15:45107450:T:A","OLI1491","Unknown","Congenital hypothyroidism",1,TRUE,TRUE,"resolved_by_exact_cdna_within_allele",TRUE,"","PATHOGENIC","P/LP"
"15:45107450:T:A","OLI468","Unknown","Congenital hypothyroidism",1,FALSE,FALSE,NA,NA,NA,NA,NA
"15:45107450:T:A","OLI562","Unknown","Congenital hypothyroidism",1,FALSE,FALSE,NA,NA,NA,NA,NA
"15:45108193:G:T","OLI1081","Unknown","Congenital hypothyroidism",1,TRUE,TRUE,"unique_exact_genomic_allele",TRUE,"Benign","LIKELY_BENIGN","B/LB"
"15:45108193:G:T","OLI1084","Unknown","Congenital hypothyroidism",1,TRUE,TRUE,"unique_exact_genomic_allele",TRUE,"Benign","LIKELY_BENIGN","B/LB"
"15:45108193:G:T","OLI1499","Unknown","Congenital hypothyroidism",1,TRUE,TRUE,"unique_exact_genomic_allele",TRUE,"Benign","LIKELY_BENIGN","B/LB"
"15:45108193:G:T","OLI1502","Unknown","Congenital hypothyroidism",1,TRUE,TRUE,"unique_exact_genomic_allele",TRUE,"Benign","LIKELY_BENIGN","B/LB"
"15:45108790:TGG:T","OLI031","True Digenic","Congenital hypothyroidism",1,TRUE,TRUE,"unique_exact_genomic_allele",TRUE,"Benign","PATHOGENIC","P/LP"
"15:45108887:G:A","OLI040","Unknown","Congenital hypothyroidism",1,TRUE,TRUE,"unique_exact_genomic_allele",TRUE,"","PATHOGENIC","P/LP"
"15:45108892:C:T","OLI470","Unknown","Congenital hypothyroidism",1,TRUE,TRUE,"unique_exact_genomic_allele",TRUE,"Uncertain","POSSIBLY_PATHOGENIC_MODERATE","Possibly pathogenic"
"15:45109539:C:A","OLI474","Unknown","Congenital hypothyroidism",1,TRUE,TRUE,"unique_exact_genomic_allele",TRUE,"Uncertain","LIKELY_PATHOGENIC","P/LP"
"15:45109924:G:A","OLI1083","Unknown","Congenital hypothyroidism",1,TRUE,TRUE,"unique_exact_genomic_allele",TRUE,"Uncertain","POSSIBLY_PATHOGENIC_LOW","Possibly pathogenic"
"15:45109924:G:A","OLI1501","Unknown","Congenital hypothyroidism",1,TRUE,TRUE,"unique_exact_genomic_allele",TRUE,"Uncertain","POSSIBLY_PATHOGENIC_LOW","Possibly pathogenic"
"15:45110509:A:G","OLI992","Unknown","Congenital hypothyroidism",1,TRUE,TRUE,"unique_exact_genomic_allele",TRUE,"Uncertain","LIKELY_PATHOGENIC","P/LP"
"15:45111479:GGCCCCGACGCCA:G","OLI987","Unknown","Congenital hypothyroidism",1,TRUE,TRUE,"unique_exact_genomic_allele",TRUE,"","POSSIBLY_PATHOGENIC_MODERATE","Possibly pathogenic"
"15:45111497:C:T","OLI594","Unknown","Congenital hypothyroidism",1,TRUE,TRUE,"unique_exact_genomic_allele",TRUE,"Deleterious","POSSIBLY_PATHOGENIC_MODERATE","Possibly pathogenic"
"15:45111776:G:A","OLI1485","Unknown","Congenital hypothyroidism",1,TRUE,TRUE,"unique_exact_genomic_allele",TRUE,"Uncertain","LIKELY_PATHOGENIC","P/LP"
"15:45111870:G:T","OLI470","Unknown","Congenital hypothyroidism",1,TRUE,TRUE,"unique_exact_genomic_allele",TRUE,"Uncertain","UNCERTAIN_SIGNIFICANCE","VUS"
"15:45112599:C:T","OLI518","Unknown","Congenital hypothyroidism",1,TRUE,TRUE,"unique_exact_genomic_allele",TRUE,"Uncertain","UNCERTAIN_SIGNIFICANCE","VUS"
"15:45112652:G:A","OLI565","Unknown","Congenital hypothyroidism",1,TRUE,TRUE,"unique_exact_genomic_allele",TRUE,"Uncertain","UNCERTAIN_SIGNIFICANCE","VUS"
"15:45113020:T:A","OLI986","Unknown","Congenital hypothyroidism",1,TRUE,TRUE,"unique_exact_genomic_allele",TRUE,"Deleterious","LIKELY_PATHOGENIC","P/LP"
"15:45113026:A:G","OLI1807","Unknown","Congenital hypothyroidism",1,TRUE,TRUE,"unique_exact_genomic_allele",TRUE,"Uncertain","UNCERTAIN_SIGNIFICANCE","VUS"
"15:45114698:T:G","OLI993","Unknown","Congenital hypothyroidism",1,TRUE,TRUE,"unique_exact_genomic_allele",TRUE,"Uncertain","UNCERTAIN_SIGNIFICANCE","VUS"
"15:45116198:C:T","OLI466","Unknown","Congenital hypothyroidism",1,TRUE,TRUE,"unique_exact_genomic_allele",TRUE,"Uncertain","POSSIBLY_PATHOGENIC_LOW","Possibly pathogenic"
"15:45116573:G:A","OLI562","Unknown","Congenital hypothyroidism",1,TRUE,TRUE,"unique_exact_genomic_allele",TRUE,"Benign","UNCERTAIN_SIGNIFICANCE","VUS"
"15:45116588:A:AA","OLI1091","Unknown","Congenital hypothyroidism",1,FALSE,FALSE,NA,NA,NA,NA,NA
"15:45116588:A:AA","OLI1505","Unknown","Congenital hypothyroidism",1,FALSE,FALSE,NA,NA,NA,NA,NA
"15:45116588:A:AA","OLI994","Unknown","Congenital hypothyroidism",1,FALSE,FALSE,NA,NA,NA,NA,NA
"15:45117207:T:C","OLI1486","Unknown","Congenital hypothyroidism",1,TRUE,TRUE,"unique_exact_genomic_allele",TRUE,"Uncertain","POSSIBLY_PATHOGENIC_LOW","Possibly pathogenic"
"15:45117274:C:A","OLI466","Unknown","Congenital hypothyroidism",1,TRUE,TRUE,"unique_exact_genomic_allele",TRUE,"","LIKELY_PATHOGENIC","P/LP"
"15:45117274:C:A","OLI470","Unknown","Congenital hypothyroidism",1,TRUE,TRUE,"unique_exact_genomic_allele",TRUE,"","LIKELY_PATHOGENIC","P/LP"
"15:45117274:C:A","OLI566","Unknown","Congenital hypothyroidism",1,TRUE,TRUE,"unique_exact_genomic_allele",TRUE,"","LIKELY_PATHOGENIC","P/LP"
"15:45117274:C:G","OLI1492","Unknown","Congenital hypothyroidism",1,TRUE,TRUE,"resolved_by_exact_cdna_within_allele",TRUE,"","PATHOGENIC","P/LP"
"15:45117274:C:G","OLI1804","Unknown","Congenital hypothyroidism",1,TRUE,TRUE,"resolved_by_exact_cdna_within_allele",TRUE,"","PATHOGENIC","P/LP"
"15:45117274:C:G","OLI991","Unknown","Congenital hypothyroidism",1,FALSE,FALSE,NA,NA,NA,NA,NA
"15:45117274:C:G","OLI992","Unknown","Congenital hypothyroidism",1,FALSE,FALSE,NA,NA,NA,NA,NA
"15:45117275:G:C","OLI1174","Unknown","Congenital hypothyroidism",1,TRUE,TRUE,"unique_exact_genomic_allele",TRUE,"Uncertain","UNCERTAIN_SIGNIFICANCE","VUS"
"15:45119201:T:C","OLI1079","Unknown","Congenital hypothyroidism",1,TRUE,TRUE,"unique_exact_genomic_allele",TRUE,"Benign","BENIGN","B/LB"
"15:45119201:T:C","OLI1498","Unknown","Congenital hypothyroidism",1,TRUE,TRUE,"unique_exact_genomic_allele",TRUE,"Benign","BENIGN","B/LB"
"15:45120237:G:A","OLI1077","Unknown","Congenital hypothyroidism",1,TRUE,TRUE,"resolved_by_exact_cdna_within_allele",TRUE,"Uncertain","POSSIBLY_BENIGN","Possibly benign"
"15:45120237:G:A","OLI1078","Unknown","Congenital hypothyroidism",1,TRUE,TRUE,"resolved_by_exact_cdna_within_allele",TRUE,"Uncertain","POSSIBLY_BENIGN","Possibly benign"
"15:45120237:G:A","OLI1484","Unknown","Congenital hypothyroidism",1,FALSE,FALSE,NA,NA,NA,NA,NA
"15:45120237:G:A","OLI1496","Unknown","Congenital hypothyroidism",1,FALSE,FALSE,NA,NA,NA,NA,NA
"15:45120237:G:A","OLI1497","Unknown","Congenital hypothyroidism",1,FALSE,FALSE,NA,NA,NA,NA,NA
"15:45141030:C:T","OLI032","Monogenic+Modifier","Congenital hypothyroidism",1,TRUE,TRUE,"unique_exact_genomic_allele",TRUE,"Deleterious","POSSIBLY_PATHOGENIC_LOW","Possibly pathogenic"
"15:45143189:G:C","OLI040","Unknown","Congenital hypothyroidism",1,TRUE,TRUE,"unique_exact_genomic_allele",TRUE,"Deleterious","POSSIBLY_PATHOGENIC_MODERATE","Possibly pathogenic"
"15:48244863:C:T","OLI444","Unknown","Renal tubular dysgenesis",1,TRUE,TRUE,"unique_exact_genomic_allele",TRUE,"","PATHOGENIC","P/LP"
"15:48463994:A:AT","OLI499","Unknown","Marfan syndrome; Congenital diaphragmatic hernia",1,TRUE,TRUE,"unique_exact_genomic_allele",TRUE,"Benign","LIKELY_PATHOGENIC","P/LP"
"15:48487320:G:A","OLI297","Unknown","Adolescent idiopathic scoliosis",1,TRUE,TRUE,"unique_exact_genomic_allele",TRUE,"Uncertain","POSSIBLY_PATHOGENIC_MODERATE","Possibly pathogenic"
"15:48756233:TT:A","OLI243","True Digenic","Seckel syndrome",1,TRUE,TRUE,"unique_exact_genomic_allele",TRUE,"","PATHOGENIC","P/LP"
"15:51474375:CACA:C","OLI1401","Unknown","Hypogonadotropic hypogonadism with absent puberty phenotype",1,TRUE,TRUE,"unique_exact_genomic_allele",TRUE,"Benign","POSSIBLY_PATHOGENIC_LOW","Possibly pathogenic"
"15:51481039:G:C","OLI1406","Unknown","Hypogonadotropic hypogonadism with absent puberty phenotype",1,TRUE,TRUE,"unique_exact_genomic_allele",TRUE,"Uncertain","UNCERTAIN_SIGNIFICANCE","VUS"
"15:51481060:C:T","OLI1425","Unknown","Hypogonadotropic hypogonadism with absent puberty phenotype",1,TRUE,TRUE,"unique_exact_genomic_allele",TRUE,"Uncertain","BENIGN","B/LB"
"15:51491653:C:G","OLI849","Unknown","Kallmann syndrome",1,TRUE,TRUE,"unique_exact_genomic_allele",TRUE,"Uncertain","POSSIBLY_PATHOGENIC_LOW","Possibly pathogenic"
"15:51499037:G:A","OLI1377","Unknown","Hypogonadotropic hypogonadism with Fertile Eunuch phenotype",1,TRUE,TRUE,"unique_exact_genomic_allele",TRUE,"Uncertain","BENIGN","B/LB"
"15:51500120:G:C","OLI814","Unknown","Kallmann syndrome",1,TRUE,TRUE,"unique_exact_genomic_allele",TRUE,"Benign","UNCERTAIN_SIGNIFICANCE","VUS"
"15:51545701:G:C","OLI1392","Unknown","Hypogonadotropic hypogonadism with partial puberty phenotype",1,TRUE,TRUE,"unique_exact_genomic_allele",TRUE,"Uncertain","POSSIBLY_PATHOGENIC_LOW","Possibly pathogenic"
"15:52376366:G:A","OLI1802","Unknown","Hypoplastic left heart syndrome",1,TRUE,TRUE,"unique_exact_genomic_allele",TRUE,"Deleterious","POSSIBLY_PATHOGENIC_MODERATE","Possibly pathogenic"
"15:52376366:G:A","OLI1803","Unknown","Hypoplastic left heart syndrome",1,TRUE,TRUE,"unique_exact_genomic_allele",TRUE,"Deleterious","POSSIBLY_PATHOGENIC_MODERATE","Possibly pathogenic"
"15:53705053:A:C","OLI1736","Unknown","Amelogenesis imperfecta",1,TRUE,TRUE,"unique_exact_genomic_allele",TRUE,"Uncertain","POSSIBLY_PATHOGENIC_LOW","Possibly pathogenic"
"15:55228657:A:C","OLI546","Unknown","Familial hemophagocytic lymphohistiocytosis",1,TRUE,TRUE,"unique_exact_genomic_allele",TRUE,"Deleterious","POSSIBLY_PATHOGENIC_MODERATE","Possibly pathogenic"
"15:57192158:T:C","OLI1391","Unknown","Hypogonadotropic hypogonadism with partial puberty phenotype",1,TRUE,TRUE,"unique_exact_genomic_allele",TRUE,"Benign","POSSIBLY_PATHOGENIC_LOW","Possibly pathogenic"
"15:57192221:C:T","OLI1384","Unknown","Hypogonadotropic hypogonadism with partial puberty phenotype",1,TRUE,TRUE,"unique_exact_genomic_allele",TRUE,"Benign","UNCERTAIN_SIGNIFICANCE","VUS"
"15:57262116:T:TT","OLI1389","Unknown","Hypogonadotropic hypogonadism with partial puberty phenotype",1,FALSE,FALSE,NA,NA,NA,NA,NA
"15:57993039:A:G","OLI726","Unknown","Isolated anencephaly",1,TRUE,TRUE,"unique_exact_genomic_allele",TRUE,"Uncertain","UNCERTAIN_SIGNIFICANCE","VUS"
"15:58014226:T:C","OLI1691","Unknown","Non-Syndromic genetic keratoconus",1,TRUE,TRUE,"unique_exact_genomic_allele",TRUE,"Benign","UNCERTAIN_SIGNIFICANCE","VUS"
"15:63062219:C:T","OLI1794","Monogenic+Modifier","NON RARE IN EUROPE: Familial isolated hypertrophic cardiomyopathy",1,TRUE,TRUE,"unique_exact_genomic_allele",TRUE,"Deleterious","PATHOGENIC","P/LP"
"15:66703481:CGAGGCGCCCAGGGCGCGGG:C","OLI1358","True Digenic","Non-syndromic metopic and sagittal craniosynostosis",1,TRUE,TRUE,"unique_exact_genomic_allele",TRUE,"","PATHOGENIC","P/LP"
"15:66703925:C:T","OLI1364","True Digenic","Non-syndromic metopic craniosynostosis",1,TRUE,TRUE,"unique_exact_genomic_allele",TRUE,"","PATHOGENIC","P/LP"
"15:66711689:C:CT","OLI1361","True Digenic","Non-syndromic sagittal craniosynostosis",1,TRUE,TRUE,"unique_exact_genomic_allele",TRUE,"Benign","PATHOGENIC","P/LP"
"15:66716462:A:G","OLI1362","True Digenic","Non-syndromic sagittal craniosynostosis",1,TRUE,TRUE,"unique_exact_genomic_allele",TRUE,"Uncertain","POSSIBLY_PATHOGENIC_LOW","Possibly pathogenic"
"15:66781012:C:T","OLI1365","True Digenic","Non-syndromic metopic craniosynostosis",1,TRUE,TRUE,"unique_exact_genomic_allele",TRUE,"Uncertain","POSSIBLY_PATHOGENIC_LOW","Possibly pathogenic"
"15:66781077:CG:C","OLI1359","Unknown","Non-syndromic metopic and sagittal craniosynostosis",1,TRUE,TRUE,"unique_exact_genomic_allele",TRUE,"Benign","LIKELY_PATHOGENIC","P/LP"
"15:66781099:A:AAT","OLI1360","True Digenic","Non-syndromic sagittal craniosynostosis",1,TRUE,TRUE,"unique_exact_genomic_allele",TRUE,"","LIKELY_PATHOGENIC","P/LP"
"15:66781164:G:T","OLI1363","Unknown","Non-syndromic sagittal craniosynostosis",1,TRUE,TRUE,"unique_exact_genomic_allele",TRUE,"","LIKELY_PATHOGENIC","P/LP"
"15:66781263:G:T","OLI1366","True Digenic","Non-syndromic metopic craniosynostosis",1,TRUE,TRUE,"unique_exact_genomic_allele",TRUE,"","PATHOGENIC","P/LP"
"15:66781437:C:T","OLI1367","True Digenic","Non-syndromic metopic craniosynostosis",1,TRUE,TRUE,"unique_exact_genomic_allele",TRUE,"Deleterious","POSSIBLY_PATHOGENIC_MODERATE","Possibly pathogenic"
"15:66781495:G:GC","OLI574","Unknown","Disorder of sex development",1,TRUE,TRUE,"unique_exact_genomic_allele",TRUE,"Benign","LIKELY_PATHOGENIC","P/LP"
"15:66781513:T:C","OLI1368","True Digenic","Non-syndromic metopic and sagittal craniosynostosis",1,TRUE,TRUE,"unique_exact_genomic_allele",TRUE,"Deleterious","POSSIBLY_PATHOGENIC_MODERATE","Possibly pathogenic"
"15:68710784:C:T","OLI1446","Unknown","Bardet-Biedl syndrome",1,TRUE,TRUE,"unique_exact_genomic_allele",TRUE,"Uncertain","UNCERTAIN_SIGNIFICANCE","VUS"
"15:72709760:A:G","OLI1116","Unknown","Bardet-Biedl syndrome",1,TRUE,TRUE,"unique_exact_genomic_allele",TRUE,"Benign","BENIGN","B/LB"
"15:72709760:A:G","OLI1146","Unknown","Bardet-Biedl syndrome",1,TRUE,TRUE,"unique_exact_genomic_allele",TRUE,"Benign","BENIGN","B/LB"
"15:72709760:A:G","OLI125","Unknown","Bardet-Biedl syndrome",1,TRUE,TRUE,"unique_exact_genomic_allele",TRUE,"Benign","BENIGN","B/LB"
"15:72709760:A:G","OLI620","Unknown","Bardet-Biedl syndrome",1,TRUE,TRUE,"unique_exact_genomic_allele",TRUE,"Benign","BENIGN","B/LB"
"15:72712241:C:G","OLI1123","Unknown","Bardet-Biedl syndrome",1,TRUE,TRUE,"unique_exact_genomic_allele",TRUE,"Deleterious","LIKELY_PATHOGENIC","P/LP"
"15:72712268:G:A","OLI081","Unknown","Bardet-Biedl syndrome",1,FALSE,FALSE,NA,NA,NA,NA,NA
"15:72712268:G:A","OLI082","Unknown","Bardet-Biedl syndrome; Alström syndrome",1,FALSE,FALSE,NA,NA,NA,NA,NA
"15:72712268:G:A","OLI1121","Unknown","Bardet-Biedl syndrome",1,TRUE,TRUE,"resolved_by_exact_cdna_within_allele",TRUE,"Uncertain","POSSIBLY_BENIGN","Possibly benign"
"15:72712268:G:A","OLI1132","Unknown","Bardet-Biedl syndrome",1,TRUE,TRUE,"resolved_by_exact_cdna_within_allele",TRUE,"Uncertain","POSSIBLY_BENIGN","Possibly benign"
"15:72715403:G:GTT","OLI325","Monogenic+Modifier","Bardet-Biedl syndrome",1,TRUE,TRUE,"unique_exact_genomic_allele",TRUE,"","LIKELY_PATHOGENIC","P/LP"
"15:72716782:CT:C","OLI097","Monogenic+Modifier","Bardet-Biedl syndrome",1,TRUE,TRUE,"unique_exact_genomic_allele",TRUE,"Benign","PATHOGENIC","P/LP"
"15:72716782:CT:C","OLI1124","Unknown","Bardet-Biedl syndrome",1,TRUE,TRUE,"unique_exact_genomic_allele",TRUE,"Benign","PATHOGENIC","P/LP"
"15:72722827:T:A","OLI617","Unknown","Bardet-Biedl syndrome",1,TRUE,TRUE,"unique_exact_genomic_allele",TRUE,"Uncertain","POSSIBLY_PATHOGENIC_LOW","Possibly pathogenic"
"15:72735167:C:A","OLI1229","Unknown","Bardet-Biedl syndrome",1,TRUE,TRUE,"unique_exact_genomic_allele",TRUE,"Deleterious","LIKELY_PATHOGENIC","P/LP"
"15:72735167:C:A","OLI325","Monogenic+Modifier","Bardet-Biedl syndrome",1,TRUE,TRUE,"unique_exact_genomic_allele",TRUE,"Deleterious","LIKELY_PATHOGENIC","P/LP"
"15:72735954:A:T","OLI1117","Unknown","Bardet-Biedl syndrome",1,TRUE,TRUE,"unique_exact_genomic_allele",TRUE,"Benign","BENIGN","B/LB"
"15:72736927:A:G","OLI062","Unknown","Bardet-Biedl syndrome",1,TRUE,TRUE,"unique_exact_genomic_allele",TRUE,"Uncertain","BENIGN","B/LB"
"15:72736927:A:G","OLI832","Unknown","Acrocallosal syndrome",1,TRUE,TRUE,"unique_exact_genomic_allele",TRUE,"Uncertain","BENIGN","B/LB"
"15:72737490:C:A","OLI086","Unknown","Bardet-Biedl syndrome; Alström syndrome; McKusick-Kaufman syndrome",1,FALSE,FALSE,NA,NA,NA,NA,NA
"15:72737490:C:A","OLI1130","Unknown","Bardet-Biedl syndrome",1,TRUE,TRUE,"resolved_by_exact_cdna_within_allele",TRUE,"Benign","LIKELY_BENIGN","B/LB"
"15:72737535:C:T","OLI124","Unknown","Bardet-Biedl syndrome",1,TRUE,TRUE,"unique_exact_genomic_allele",TRUE,"Uncertain","POSSIBLY_PATHOGENIC_MODERATE","Possibly pathogenic"
"15:73949528:C:G","OLI1695","Unknown","Non-Syndromic genetic keratoconus",1,TRUE,TRUE,"unique_exact_genomic_allele",TRUE,"Uncertain","UNCERTAIN_SIGNIFICANCE","VUS"
"15:74343027:C:T","OLI1372","Unknown","Primary adrenal insufficiency",1,TRUE,TRUE,"unique_exact_genomic_allele",TRUE,"Benign","LIKELY_PATHOGENIC","P/LP"
"15:74410762:G:C","OLI1408","Unknown","Hypogonadotropic hypogonadism with absent puberty phenotype",1,TRUE,TRUE,"unique_exact_genomic_allele",TRUE,"Benign","LIKELY_BENIGN","B/LB"
"15:74410824:C:T","OLI1214","Unknown","Normosmic congenital hypogonadotropic hypogonadism",1,TRUE,TRUE,"unique_exact_genomic_allele",TRUE,"Uncertain","UNCERTAIN_SIGNIFICANCE","VUS"
"15:74411638:C:T","OLI891","Unknown","Normosmic congenital hypogonadotropic hypogonadism",1,TRUE,TRUE,"unique_exact_genomic_allele",TRUE,"Benign","UNCERTAIN_SIGNIFICANCE","VUS"
"15:74411671:C:G","OLI1287","Unknown","Kallmann syndrome",1,TRUE,TRUE,"unique_exact_genomic_allele",TRUE,"Benign","UNCERTAIN_SIGNIFICANCE","VUS"
"15:74411931:A:G","OLI354","Unknown","Kallmann syndrome",1,TRUE,TRUE,"unique_exact_genomic_allele",TRUE,"Uncertain","UNCERTAIN_SIGNIFICANCE","VUS"
"15:74414597:C:T","OLI914","Unknown","Normosmic congenital hypogonadotropic hypogonadism",1,TRUE,TRUE,"unique_exact_genomic_allele",TRUE,"Uncertain","UNCERTAIN_SIGNIFICANCE","VUS"
"15:74417900:G:A","OLI866","Unknown","Kallmann syndrome",1,TRUE,TRUE,"unique_exact_genomic_allele",TRUE,"Uncertain","POSSIBLY_PATHOGENIC_MODERATE","Possibly pathogenic"
"15:74417936:G:A","OLI1302","Unknown","Kallmann syndrome",1,TRUE,TRUE,"unique_exact_genomic_allele",TRUE,"Uncertain","UNCERTAIN_SIGNIFICANCE","VUS"
"15:74433804:C:T","OLI1267","Unknown","Normosmic congenital hypogonadotropic hypogonadism",1,TRUE,TRUE,"unique_exact_genomic_allele",TRUE,"Benign","UNCERTAIN_SIGNIFICANCE","VUS"
"15:74433805:C:A","OLI910","Unknown","Normosmic congenital hypogonadotropic hypogonadism",1,TRUE,TRUE,"unique_exact_genomic_allele",TRUE,"Benign","UNCERTAIN_SIGNIFICANCE","VUS"
"15:74720725:G:T","OLI602","Unknown","Disorder of sex development",1,TRUE,TRUE,"unique_exact_genomic_allele",TRUE,"Benign","UNCERTAIN_SIGNIFICANCE","VUS"
"15:74721203:G:C","OLI597","Unknown","Disorder of sex development",1,TRUE,TRUE,"unique_exact_genomic_allele",TRUE,"Deleterious","POSSIBLY_PATHOGENIC_LOW","Possibly pathogenic"
"15:74721616:G:A","OLI349","Unknown","46,XY disorder of sex development",1,TRUE,TRUE,"unique_exact_genomic_allele",TRUE,"Benign","POSSIBLY_BENIGN","Possibly benign"
"15:74722580:G:C","OLI348","Unknown","46,XY disorder of sex development",1,TRUE,TRUE,"unique_exact_genomic_allele",TRUE,"Benign","LIKELY_BENIGN","B/LB"
"15:77037146:C:G","OLI1711","Unknown","Common variable immunodeficiency",1,TRUE,TRUE,"unique_exact_genomic_allele",TRUE,"Uncertain","UNCERTAIN_SIGNIFICANCE","VUS"
"15:78796763:G:A","OLI1694","Unknown","Non-Syndromic genetic keratoconus",1,TRUE,TRUE,"unique_exact_genomic_allele",TRUE,"Benign","UNCERTAIN_SIGNIFICANCE","VUS"
"15:79889152:G:A","OLI717","Unknown","Isolated anencephaly",1,TRUE,TRUE,"unique_exact_genomic_allele",TRUE,"Uncertain","POSSIBLY_BENIGN","Possibly benign"
"15:84817088:C:T","OLI672","Unknown","Hypertrophic cardiomyopathy",1,TRUE,TRUE,"unique_exact_genomic_allele",TRUE,"Benign","BENIGN","B/LB"
"15:89319339:G:A","OLI1030","Unknown","Isolated focal cortical dysplasia",1,TRUE,TRUE,"unique_exact_genomic_allele",TRUE,"Deleterious","POSSIBLY_PATHOGENIC_MODERATE","Possibly pathogenic"
"15:89320916:T:C","OLI114","Unknown","Progressive external ophthalmoplegia",1,TRUE,TRUE,"unique_exact_genomic_allele",TRUE,"Deleterious","LIKELY_PATHOGENIC","P/LP"
"15:89321780:G:A","OLI925","Unknown","Transposition of the great arteries",1,TRUE,TRUE,"unique_exact_genomic_allele",TRUE,"Deleterious","PATHOGENIC","P/LP"
"15:89321792:C:T","OLI131","Unknown","Progressive external ophthalmoplegia",1,TRUE,TRUE,"unique_exact_genomic_allele",TRUE,"Deleterious","PATHOGENIC","P/LP"
"15:89325639:G:A","OLI1050","Unknown","Primary ovarian failure",1,TRUE,TRUE,"unique_exact_genomic_allele",TRUE,"Deleterious","LIKELY_PATHOGENIC","P/LP"
"15:89325639:G:A","OLI1053","Unknown","Primary ovarian failure",1,TRUE,TRUE,"unique_exact_genomic_allele",TRUE,"Deleterious","LIKELY_PATHOGENIC","P/LP"
"15:89330133:C:G","OLI1055","Unknown","Primary ovarian failure",1,TRUE,TRUE,"unique_exact_genomic_allele",TRUE,"Deleterious","BENIGN","B/LB"
"15:89330184:G:A","OLI1050","Unknown","Primary ovarian failure",1,TRUE,TRUE,"unique_exact_genomic_allele",TRUE,"Uncertain","LIKELY_PATHOGENIC","P/LP"
"15:89330184:G:A","OLI1053","Unknown","Primary ovarian failure",1,TRUE,TRUE,"unique_exact_genomic_allele",TRUE,"Uncertain","LIKELY_PATHOGENIC","P/LP"
"15:89633184:C:T","OLI640","Unknown","Joubert syndrome",1,TRUE,TRUE,"unique_exact_genomic_allele",TRUE,"Uncertain","UNCERTAIN_SIGNIFICANCE","VUS"
"15:89649085:TC:T","OLI245","Unknown","Joubert syndrome",1,TRUE,TRUE,"unique_exact_genomic_allele",TRUE,"Benign","PATHOGENIC","P/LP"
"15:89649234:GAAGACCGTGT:G","OLI832","Unknown","Acrocallosal syndrome",1,TRUE,TRUE,"unique_exact_genomic_allele",TRUE,"","LIKELY_PATHOGENIC","P/LP"
"15:90769158:C:G","OLI1040","Unknown","Primary ovarian failure",1,TRUE,TRUE,"unique_exact_genomic_allele",TRUE,"Deleterious","POSSIBLY_PATHOGENIC_MODERATE","Possibly pathogenic"
"15:94298330:A:C","OLI1432","Unknown","Congenital heart block",1,TRUE,TRUE,"unique_exact_genomic_allele",TRUE,"Uncertain","UNCERTAIN_SIGNIFICANCE","VUS"
"15:96334370:G:A","OLI1530","Unknown","46,XY disorder of sex development",1,TRUE,TRUE,"unique_exact_genomic_allele",TRUE,"Deleterious","LIKELY_PATHOGENIC","P/LP"
"16:1198684:T:G","OLI954","Unknown","Amyotrophic lateral sclerosis",1,TRUE,TRUE,"unique_exact_genomic_allele",TRUE,"Deleterious","LIKELY_BENIGN","B/LB"
"16:1200335:C:G","OLI557","Unknown","Generalized epilepsy with febrile seizures-plus; Childhood absence epilepsy",1,TRUE,TRUE,"unique_exact_genomic_allele",TRUE,"Uncertain","POSSIBLY_PATHOGENIC_LOW","Possibly pathogenic"
"16:1201958:G:A","OLI1468","Unknown","Rare pervasive developmental disorder",1,TRUE,TRUE,"unique_exact_genomic_allele",TRUE,"Uncertain","LIKELY_BENIGN","B/LB"
"16:1206259:C:T","OLI330","Unknown","Amyotrophic lateral sclerosis",1,TRUE,TRUE,"unique_exact_genomic_allele",TRUE,"Uncertain","BENIGN","B/LB"
"16:1207119:G:A","OLI1460","Unknown","Rare pervasive developmental disorder",1,TRUE,TRUE,"unique_exact_genomic_allele",TRUE,"Deleterious","POSSIBLY_PATHOGENIC_MODERATE","Possibly pathogenic"
"16:1207410:G:A","OLI958","Unknown","Amyotrophic lateral sclerosis",1,TRUE,TRUE,"unique_exact_genomic_allele",TRUE,"Deleterious","POSSIBLY_PATHOGENIC_MODERATE","Possibly pathogenic"
"16:1209359:C:T","OLI334","Unknown","Amyotrophic lateral sclerosis",1,TRUE,TRUE,"unique_exact_genomic_allele",TRUE,"Uncertain","POSSIBLY_BENIGN","Possibly benign"
"16:1213819:C:T","OLI332","Unknown","Amyotrophic lateral sclerosis",1,TRUE,TRUE,"unique_exact_genomic_allele",TRUE,"Uncertain","BENIGN","B/LB"
"16:14247270:G:C","OLI606","Monogenic+Modifier","Left ventricular noncompaction",1,TRUE,TRUE,"unique_exact_genomic_allele",TRUE,"Benign","UNCERTAIN_SIGNIFICANCE","VUS"
"16:1456172:C:G","OLI515","Unknown","Osteopetrosis and related disorders",1,TRUE,TRUE,"unique_exact_genomic_allele",TRUE,"Deleterious","LIKELY_PATHOGENIC","P/LP"
"16:15704041:C:G","OLI330","Unknown","Amyotrophic lateral sclerosis",1,TRUE,TRUE,"unique_exact_genomic_allele",TRUE,"Uncertain","POSSIBLY_BENIGN","Possibly benign"
"16:15714944:C:G","OLI1802","Unknown","Hypoplastic left heart syndrome",1,TRUE,TRUE,"unique_exact_genomic_allele",TRUE,"Uncertain","UNCERTAIN_SIGNIFICANCE","VUS"
"16:16163078:G:A","OLI301","Unknown","Pseudoxanthoma elasticum",1,TRUE,TRUE,"unique_exact_genomic_allele",TRUE,"","PATHOGENIC","P/LP"
"16:1947063:G:A","OLI1308","Unknown","Catecholaminergic polymorphic ventricular tachycardia",1,TRUE,TRUE,"unique_exact_genomic_allele",TRUE,"Uncertain","BENIGN","B/LB"
"16:2062988:G:A","OLI484","Unknown","Rare pervasive developmental disorder",1,TRUE,TRUE,"unique_exact_genomic_allele",TRUE,"Uncertain","BENIGN","B/LB"
"16:2064398:G:A","OLI1748","Unknown","46,XY disorder of sex development",1,TRUE,TRUE,"unique_exact_genomic_allele",FALSE,"Benign","UNCERTAIN_SIGNIFICANCE","VUS"
"16:2064425:A:C","OLI496","Unknown","Rare pervasive developmental disorder",1,TRUE,TRUE,"unique_exact_genomic_allele",TRUE,"Deleterious","POSSIBLY_PATHOGENIC_MODERATE","Possibly pathogenic"
"16:2071869:G:A","OLI475","Unknown","Rare pervasive developmental disorder",1,TRUE,TRUE,"unique_exact_genomic_allele",TRUE,"Uncertain","BENIGN","B/LB"
"16:2077710:G:C","OLI480","Unknown","Rare pervasive developmental disorder",1,TRUE,TRUE,"unique_exact_genomic_allele",TRUE,"Uncertain","POSSIBLY_PATHOGENIC_LOW","Possibly pathogenic"
"16:2080189:C:T","OLI485","Unknown","Rare pervasive developmental disorder",1,TRUE,TRUE,"unique_exact_genomic_allele",TRUE,"Uncertain","BENIGN","B/LB"
"16:2088073:C:A","OLI485","Unknown","Rare pervasive developmental disorder",1,TRUE,TRUE,"unique_exact_genomic_allele",TRUE,"Uncertain","BENIGN","B/LB"
"16:2091822:GTC:G","OLI1705","Unknown","Autosomal dominant polycystic kidney disease",1,TRUE,TRUE,"unique_exact_genomic_allele",TRUE,"Benign","LIKELY_PATHOGENIC","P/LP"
"16:2110824:G:A","OLI963","Monogenic+Modifier","Autosomal recessive polycystic kidney disease",1,TRUE,TRUE,"unique_exact_genomic_allele",TRUE,"Uncertain","LIKELY_BENIGN","B/LB"
"16:2118837:C:G","OLI326","Unknown","Autosomal dominant polycystic kidney disease",1,TRUE,TRUE,"unique_exact_genomic_allele",TRUE,"Uncertain","POSSIBLY_PATHOGENIC_LOW","Possibly pathogenic"
"16:2118837:C:G","OLI327","Unknown","Autosomal dominant polycystic kidney disease",1,TRUE,TRUE,"unique_exact_genomic_allele",TRUE,"Uncertain","POSSIBLY_PATHOGENIC_LOW","Possibly pathogenic"
"16:21736318:G:T","OLI1315","Unknown","Rare genetic deafness",1,TRUE,TRUE,"unique_exact_genomic_allele",TRUE,"","PATHOGENIC","P/LP"
"16:21736318:G:T","OLI1316","Unknown","Rare genetic deafness",1,TRUE,TRUE,"unique_exact_genomic_allele",TRUE,"","PATHOGENIC","P/LP"
"16:21736318:G:T","OLI1318","Unknown","Rare genetic deafness",1,TRUE,TRUE,"unique_exact_genomic_allele",TRUE,"","PATHOGENIC","P/LP"
"16:23189602:C:T","OLI802","Unknown","Cystic fibrosis",1,TRUE,TRUE,"unique_exact_genomic_allele",TRUE,"Benign","BENIGN","B/LB"
"16:23189602:C:T","OLI804","Unknown","Cystic fibrosis",1,TRUE,TRUE,"unique_exact_genomic_allele",TRUE,"Benign","BENIGN","B/LB"
"16:23367958:C:T","OLI805","Unknown","Cystic fibrosis",1,TRUE,TRUE,"unique_exact_genomic_allele",TRUE,"Benign","BENIGN","B/LB"
"16:23380566:G:A","OLI804","Unknown","Cystic fibrosis",1,TRUE,TRUE,"unique_exact_genomic_allele",TRUE,"Uncertain","POSSIBLY_PATHOGENIC_LOW","Possibly pathogenic"
"16:2435843:C:G","OLI825","Unknown","Amyotrophic lateral sclerosis",1,TRUE,TRUE,"unique_exact_genomic_allele",TRUE,"Uncertain","UNCERTAIN_SIGNIFICANCE","VUS"
"16:2437263:G:A","OLI953","Unknown","Amyotrophic lateral sclerosis",1,TRUE,TRUE,"unique_exact_genomic_allele",TRUE,"Uncertain","UNCERTAIN_SIGNIFICANCE","VUS"
"16:2438120:C:G","OLI1010","Unknown","Amyotrophic lateral sclerosis",1,TRUE,TRUE,"unique_exact_genomic_allele",TRUE,"Uncertain","UNCERTAIN_SIGNIFICANCE","VUS"
"16:2456799:G:A","OLI634","Unknown","Amyotrophic lateral sclerosis",1,TRUE,TRUE,"unique_exact_genomic_allele",TRUE,"Benign","BENIGN","B/LB"
"16:27446089:G:GTGAGCTCCCGACCCTGTGA","OLI1715","Unknown","Common variable immunodeficiency",1,TRUE,TRUE,"unique_exact_genomic_allele",TRUE,"","POSSIBLY_BENIGN","Possibly benign"
"16:27761537:C:CC","OLI640","Unknown","Joubert syndrome",1,FALSE,FALSE,NA,NA,NA,NA,NA
"16:29813694:G:C","OLI330","Unknown","Amyotrophic lateral sclerosis",1,TRUE,TRUE,"unique_exact_genomic_allele",TRUE,"Uncertain","LIKELY_BENIGN","B/LB"
"16:29813695:C:CC","OLI829","Unknown","Benign familial infantile epilepsy",1,FALSE,FALSE,NA,NA,NA,NA,NA
"16:30089065:G:A","OLI336","Unknown","Isolated Klippel-Feil syndrome",1,TRUE,TRUE,"unique_exact_genomic_allele",TRUE,"Uncertain","POSSIBLY_PATHOGENIC_LOW","Possibly pathogenic"
"16:30725861:G:A","OLI1748","Unknown","46,XY disorder of sex development",1,TRUE,TRUE,"unique_exact_genomic_allele",TRUE,"Benign","POSSIBLY_BENIGN","Possibly benign"
"16:31182638:TTTC:T","OLI1633","Unknown","Amyotrophic lateral sclerosis",1,TRUE,TRUE,"unique_exact_genomic_allele",FALSE,"Benign","UNCERTAIN_SIGNIFICANCE","VUS"
"16:31184277:G:A","OLI775","Unknown","Amyotrophic lateral sclerosis",1,TRUE,TRUE,"unique_exact_genomic_allele",TRUE,"Uncertain","BENIGN","B/LB"
"16:31184324:C:T","OLI1701","Unknown","Amyotrophic lateral sclerosis",1,TRUE,TRUE,"unique_exact_genomic_allele",TRUE,"Uncertain","UNCERTAIN_SIGNIFICANCE","VUS"
"16:31188330:C:T","OLI776","Unknown","Amyotrophic lateral sclerosis",1,TRUE,TRUE,"unique_exact_genomic_allele",TRUE,"Uncertain","POSSIBLY_PATHOGENIC_LOW","Possibly pathogenic"
"16:31189094:C:T","OLI628","Unknown","Amyotrophic lateral sclerosis",1,TRUE,TRUE,"unique_exact_genomic_allele",TRUE,"Benign","BENIGN","B/LB"
"16:31189094:C:T","OLI629","Unknown","Amyotrophic lateral sclerosis",1,TRUE,TRUE,"unique_exact_genomic_allele",TRUE,"Benign","BENIGN","B/LB"
"16:31191022:C:T","OLI276","Unknown","Amyotrophic lateral sclerosis",1,TRUE,TRUE,"unique_exact_genomic_allele",TRUE,"Uncertain","LIKELY_BENIGN","B/LB"
"16:31191040:C:T","OLI822","Unknown","Amyotrophic lateral sclerosis; Frontotemporal dementia",1,TRUE,TRUE,"unique_exact_genomic_allele",TRUE,"Deleterious","POSSIBLY_PATHOGENIC_LOW","Possibly pathogenic"
"16:31191419:G:A","OLI660","Unknown","Amyotrophic lateral sclerosis",1,TRUE,TRUE,"unique_exact_genomic_allele",TRUE,"Uncertain","PATHOGENIC","P/LP"
"16:31191431:C:T","OLI1306","Unknown","Juvenile amyotrophic lateral sclerosis",1,TRUE,TRUE,"unique_exact_genomic_allele",TRUE,"Deleterious","PATHOGENIC","P/LP"
"16:31191431:C:T","OLI1307","Unknown","Juvenile amyotrophic lateral sclerosis",1,TRUE,TRUE,"unique_exact_genomic_allele",TRUE,"Deleterious","PATHOGENIC","P/LP"
"16:31191431:C:T","OLI278","Unknown","Amyotrophic lateral sclerosis",1,TRUE,TRUE,"unique_exact_genomic_allele",TRUE,"Deleterious","PATHOGENIC","P/LP"
"16:31191431:C:T","OLI945","Unknown","Amyotrophic lateral sclerosis",1,TRUE,TRUE,"unique_exact_genomic_allele",TRUE,"Deleterious","PATHOGENIC","P/LP"
"16:31191479:G:A","OLI627","Unknown","Amyotrophic lateral sclerosis",1,TRUE,TRUE,"unique_exact_genomic_allele",TRUE,"Uncertain","BENIGN","B/LB"
"16:31191497:G:A","OLI642","Unknown","Amyotrophic lateral sclerosis",1,TRUE,TRUE,"unique_exact_genomic_allele",TRUE,"Benign","UNCERTAIN_SIGNIFICANCE","VUS"
"16:31192348:C:T","OLI970","Unknown","Amyotrophic lateral sclerosis",1,TRUE,TRUE,"unique_exact_genomic_allele",TRUE,"Benign","BENIGN","B/LB"
"16:31193436:T:C","OLI643","Unknown","Amyotrophic lateral sclerosis",1,TRUE,TRUE,"unique_exact_genomic_allele",TRUE,"Benign","BENIGN","B/LB"
"16:3119585:C:T","OLI1142","Unknown","Mayer-Rokitansky-Küster-Hauser syndrome",1,TRUE,TRUE,"unique_exact_genomic_allele",TRUE,"Benign","UNCERTAIN_SIGNIFICANCE","VUS"
"16:3243257:C:A","OLI1758","Unknown","Autoinflammatory syndrome",1,TRUE,TRUE,"unique_exact_genomic_allele",TRUE,"Uncertain","LIKELY_PATHOGENIC","P/LP"
"16:3243257:C:A","OLI1783","Unknown","Autoinflammatory syndrome",1,TRUE,TRUE,"unique_exact_genomic_allele",TRUE,"Uncertain","LIKELY_PATHOGENIC","P/LP"
"16:3243310:A:G","OLI1786","Unknown","Autoinflammatory syndrome",1,TRUE,TRUE,"resolved_by_exact_cdna_within_allele",TRUE,"Uncertain","LIKELY_PATHOGENIC","P/LP"
"16:3243310:A:G","OLI1787","Unknown","Autoinflammatory syndrome",1,TRUE,TRUE,"resolved_by_exact_cdna_within_allele",TRUE,"Uncertain","LIKELY_PATHOGENIC","P/LP"
"16:3243310:A:G","OLI411","Unknown","Familial Mediterranean fever",1,FALSE,FALSE,NA,NA,NA,NA,NA
"16:3243403:T:C","OLI1753","Unknown","Autoinflammatory syndrome",1,TRUE,TRUE,"unique_exact_genomic_allele",TRUE,"Uncertain","UNCERTAIN_SIGNIFICANCE","VUS"
"16:3243403:T:C","OLI1777","Unknown","Autoinflammatory syndrome",1,TRUE,TRUE,"unique_exact_genomic_allele",TRUE,"Uncertain","UNCERTAIN_SIGNIFICANCE","VUS"
"16:3243403:T:C","OLI1784","Unknown","Autoinflammatory syndrome",1,TRUE,TRUE,"unique_exact_genomic_allele",TRUE,"Uncertain","UNCERTAIN_SIGNIFICANCE","VUS"
"16:3243407:T:C","OLI1755","Unknown","Autoinflammatory syndrome",1,TRUE,TRUE,"resolved_by_exact_cdna_within_allele",TRUE,"Uncertain","PATHOGENIC","P/LP"
"16:3243407:T:C","OLI413","Unknown","Familial Mediterranean fever",1,FALSE,FALSE,NA,NA,NA,NA,NA
"16:3243875:C:T","OLI1138","Unknown","Mayer-Rokitansky-Küster-Hauser syndrome",1,TRUE,TRUE,"unique_exact_genomic_allele",TRUE,"Uncertain","POSSIBLY_PATHOGENIC_LOW","Possibly pathogenic"
"16:3243879:A:C","OLI1751","Unknown","Autoinflammatory syndrome",1,TRUE,TRUE,"unique_exact_genomic_allele",TRUE,"Deleterious","UNCERTAIN_SIGNIFICANCE","VUS"
"16:3243879:A:C","OLI1781","Unknown","Autoinflammatory syndrome",1,TRUE,TRUE,"unique_exact_genomic_allele",TRUE,"Deleterious","UNCERTAIN_SIGNIFICANCE","VUS"
"16:3243880:A:G","OLI1788","Unknown","Autoinflammatory syndrome",1,TRUE,TRUE,"unique_exact_genomic_allele",TRUE,"Uncertain","BENIGN","B/LB"
"16:3247101:C:T","OLI1757","Unknown","Autoinflammatory syndrome",1,TRUE,TRUE,"unique_exact_genomic_allele",TRUE,"Benign","LIKELY_BENIGN","B/LB"
"16:3249468:C:T","OLI1754","Unknown","Autoinflammatory syndrome",1,TRUE,TRUE,"unique_exact_genomic_allele",TRUE,"Benign","UNCERTAIN_SIGNIFICANCE","VUS"
"16:3249468:C:T","OLI1759","Unknown","Autoinflammatory syndrome",1,TRUE,TRUE,"unique_exact_genomic_allele",TRUE,"Benign","UNCERTAIN_SIGNIFICANCE","VUS"
"16:3249468:C:T","OLI1776","Unknown","Autoinflammatory syndrome",1,TRUE,TRUE,"unique_exact_genomic_allele",TRUE,"Benign","UNCERTAIN_SIGNIFICANCE","VUS"
"16:3249468:C:T","OLI1789","Unknown","Autoinflammatory syndrome",1,TRUE,TRUE,"unique_exact_genomic_allele",TRUE,"Benign","UNCERTAIN_SIGNIFICANCE","VUS"
"16:3249586:G:A","OLI1754","Unknown","Autoinflammatory syndrome",1,TRUE,TRUE,"unique_exact_genomic_allele",TRUE,"Uncertain","UNCERTAIN_SIGNIFICANCE","VUS"
"16:3249586:G:A","OLI1759","Unknown","Autoinflammatory syndrome",1,TRUE,TRUE,"unique_exact_genomic_allele",TRUE,"Uncertain","UNCERTAIN_SIGNIFICANCE","VUS"
"16:3249586:G:A","OLI1776","Unknown","Autoinflammatory syndrome",1,TRUE,TRUE,"unique_exact_genomic_allele",TRUE,"Uncertain","UNCERTAIN_SIGNIFICANCE","VUS"
"16:3249586:G:A","OLI1789","Unknown","Autoinflammatory syndrome",1,TRUE,TRUE,"unique_exact_genomic_allele",TRUE,"Uncertain","UNCERTAIN_SIGNIFICANCE","VUS"
"16:3249705:C:T","OLI1782","Unknown","Autoinflammatory syndrome",1,TRUE,TRUE,"unique_exact_genomic_allele",TRUE,"Uncertain","BENIGN","B/LB"
"16:3254446:T:A","OLI026","True Digenic","Autoinflammatory syndrome",1,TRUE,TRUE,"unique_exact_genomic_allele",TRUE,"Uncertain","UNCERTAIN_SIGNIFICANCE","VUS"
"16:3254626:C:G","OLI412","Unknown","Familial Mediterranean fever",1,TRUE,TRUE,"unique_exact_genomic_allele",TRUE,"Uncertain","BENIGN","B/LB"
"16:3254626:C:T","OLI1750","Unknown","Autoinflammatory syndrome",1,TRUE,TRUE,"unique_exact_genomic_allele",TRUE,"Uncertain","POSSIBLY_PATHOGENIC_MODERATE","Possibly pathogenic"
"16:3254626:C:T","OLI1752","Unknown","Autoinflammatory syndrome",1,TRUE,TRUE,"unique_exact_genomic_allele",TRUE,"Uncertain","POSSIBLY_PATHOGENIC_MODERATE","Possibly pathogenic"
"16:3254626:C:T","OLI1754","Unknown","Autoinflammatory syndrome",1,TRUE,TRUE,"unique_exact_genomic_allele",TRUE,"Uncertain","POSSIBLY_PATHOGENIC_MODERATE","Possibly pathogenic"
"16:3254626:C:T","OLI1756","Unknown","Autoinflammatory syndrome",1,TRUE,TRUE,"unique_exact_genomic_allele",TRUE,"Uncertain","POSSIBLY_PATHOGENIC_MODERATE","Possibly pathogenic"
"16:3254626:C:T","OLI1789","Unknown","Autoinflammatory syndrome",1,TRUE,TRUE,"unique_exact_genomic_allele",TRUE,"Uncertain","POSSIBLY_PATHOGENIC_MODERATE","Possibly pathogenic"
"16:3256386:G:A","OLI1141","Unknown","Mayer-Rokitansky-Küster-Hauser syndrome",1,TRUE,TRUE,"unique_exact_genomic_allele",TRUE,"","LIKELY_PATHOGENIC","P/LP"
"16:3686084:C:T","OLI026","True Digenic","Autoinflammatory syndrome",1,TRUE,TRUE,"unique_exact_genomic_allele",TRUE,"Deleterious","BENIGN","B/LB"
"16:3736086:C:T","OLI1244","Unknown","Hypodontia",1,TRUE,TRUE,"unique_exact_genomic_allele",FALSE,"Deleterious","POSSIBLY_PATHOGENIC_MODERATE","Possibly pathogenic"
"16:46924440:G:T","OLI1307","Unknown","Juvenile amyotrophic lateral sclerosis",1,TRUE,TRUE,"unique_exact_genomic_allele",TRUE,"Uncertain","POSSIBLY_BENIGN","Possibly benign"
"16:50068860:TAA:T","OLI1332","Unknown","Primary immunodeficiency",1,TRUE,TRUE,"unique_exact_genomic_allele",TRUE,"Benign","LIKELY_PATHOGENIC","P/LP"
"16:50699673:C:T","OLI1766","Unknown","Autoinflammatory syndrome",1,TRUE,TRUE,"unique_exact_genomic_allele",TRUE,"Uncertain","POSSIBLY_PATHOGENIC_LOW","Possibly pathogenic"
"16:50699874:G:A","OLI1753","Unknown","Autoinflammatory syndrome",1,TRUE,TRUE,"unique_exact_genomic_allele",TRUE,"Benign","BENIGN","B/LB"
"16:50710777:A:G","OLI1772","Unknown","Autoinflammatory syndrome",1,TRUE,TRUE,"unique_exact_genomic_allele",TRUE,"Uncertain","BENIGN","B/LB"
"16:50711101:C:T","OLI1241","Unknown","Niemann-Pick disease type C",1,TRUE,TRUE,"unique_exact_genomic_allele",TRUE,"Uncertain","POSSIBLY_BENIGN","Possibly benign"
"16:50711203:C:T","OLI1775","Unknown","Autoinflammatory syndrome",1,TRUE,TRUE,"unique_exact_genomic_allele",TRUE,"Uncertain","BENIGN","B/LB"
"16:50711914:C:T","OLI1761","Unknown","Autoinflammatory syndrome",1,TRUE,TRUE,"unique_exact_genomic_allele",TRUE,"Uncertain","LIKELY_BENIGN","B/LB"
"16:50712015:C:T","OLI1757","Unknown","Autoinflammatory syndrome",1,TRUE,TRUE,"unique_exact_genomic_allele",TRUE,"Uncertain","BENIGN","B/LB"
"16:50712015:C:T","OLI1762","Unknown","Autoinflammatory syndrome",1,TRUE,TRUE,"unique_exact_genomic_allele",TRUE,"Uncertain","BENIGN","B/LB"
"16:50712015:C:T","OLI1765","Unknown","Autoinflammatory syndrome",1,TRUE,TRUE,"unique_exact_genomic_allele",TRUE,"Uncertain","BENIGN","B/LB"
"16:50712015:C:T","OLI1768","Unknown","Autoinflammatory syndrome",1,TRUE,TRUE,"unique_exact_genomic_allele",TRUE,"Uncertain","BENIGN","B/LB"
"16:50712015:C:T","OLI1770","Unknown","Autoinflammatory syndrome",1,TRUE,TRUE,"unique_exact_genomic_allele",TRUE,"Uncertain","BENIGN","B/LB"
"16:50712015:C:T","OLI1774","Unknown","Autoinflammatory syndrome",1,TRUE,TRUE,"unique_exact_genomic_allele",TRUE,"Uncertain","BENIGN","B/LB"
"16:50712015:C:T","OLI1776","Unknown","Autoinflammatory syndrome",1,TRUE,TRUE,"unique_exact_genomic_allele",TRUE,"Uncertain","BENIGN","B/LB"
"16:50712015:C:T","OLI1779","Unknown","Autoinflammatory syndrome",1,TRUE,TRUE,"unique_exact_genomic_allele",TRUE,"Uncertain","BENIGN","B/LB"
"16:50712015:C:T","OLI1780","Unknown","Autoinflammatory syndrome",1,TRUE,TRUE,"unique_exact_genomic_allele",TRUE,"Uncertain","BENIGN","B/LB"
"16:50712015:C:T","OLI1786","Unknown","Autoinflammatory syndrome",1,TRUE,TRUE,"unique_exact_genomic_allele",TRUE,"Uncertain","BENIGN","B/LB"
"16:50712085:C:G","OLI1752","Unknown","Autoinflammatory syndrome",1,TRUE,TRUE,"unique_exact_genomic_allele",TRUE,"Benign","BENIGN","B/LB"
"16:50712283:G:A","OLI1756","Unknown","Autoinflammatory syndrome",1,TRUE,TRUE,"unique_exact_genomic_allele",TRUE,"Benign","BENIGN","B/LB"
"16:50712283:G:A","OLI1788","Unknown","Autoinflammatory syndrome",1,TRUE,TRUE,"unique_exact_genomic_allele",TRUE,"Benign","BENIGN","B/LB"
"16:50712288:G:A","OLI1775","Unknown","Autoinflammatory syndrome",1,TRUE,TRUE,"unique_exact_genomic_allele",TRUE,"Benign","BENIGN","B/LB"
"16:50722629:G:C","OLI1758","Unknown","Autoinflammatory syndrome",1,TRUE,TRUE,"unique_exact_genomic_allele",TRUE,"Uncertain","BENIGN","B/LB"
"16:50722629:G:C","OLI1783","Unknown","Autoinflammatory syndrome",1,TRUE,TRUE,"unique_exact_genomic_allele",TRUE,"Uncertain","BENIGN","B/LB"
"16:50722863:C:T","OLI1750","Unknown","Autoinflammatory syndrome",1,TRUE,TRUE,"unique_exact_genomic_allele",TRUE,"Benign","BENIGN","B/LB"
"16:50722863:C:T","OLI1751","Unknown","Autoinflammatory syndrome",1,TRUE,TRUE,"unique_exact_genomic_allele",TRUE,"Benign","BENIGN","B/LB"
"16:50722863:C:T","OLI1754","Unknown","Autoinflammatory syndrome",1,TRUE,TRUE,"unique_exact_genomic_allele",TRUE,"Benign","BENIGN","B/LB"
"16:50722863:C:T","OLI1755","Unknown","Autoinflammatory syndrome",1,TRUE,TRUE,"unique_exact_genomic_allele",TRUE,"Benign","BENIGN","B/LB"
"16:50722863:C:T","OLI1756","Unknown","Autoinflammatory syndrome",1,TRUE,TRUE,"unique_exact_genomic_allele",TRUE,"Benign","BENIGN","B/LB"
"16:50722863:C:T","OLI1757","Unknown","Autoinflammatory syndrome",1,TRUE,TRUE,"unique_exact_genomic_allele",TRUE,"Benign","BENIGN","B/LB"
"16:50722863:C:T","OLI1762","Unknown","Autoinflammatory syndrome",1,TRUE,TRUE,"unique_exact_genomic_allele",TRUE,"Benign","BENIGN","B/LB"
"16:50722863:C:T","OLI1763","Unknown","Autoinflammatory syndrome",1,TRUE,TRUE,"unique_exact_genomic_allele",TRUE,"Benign","BENIGN","B/LB"
"16:50722863:C:T","OLI1764","Unknown","Autoinflammatory syndrome",1,TRUE,TRUE,"unique_exact_genomic_allele",TRUE,"Benign","BENIGN","B/LB"
"16:50722863:C:T","OLI1765","Unknown","Autoinflammatory syndrome",1,TRUE,TRUE,"unique_exact_genomic_allele",TRUE,"Benign","BENIGN","B/LB"
"16:50722863:C:T","OLI1767","Unknown","Autoinflammatory syndrome",1,TRUE,TRUE,"unique_exact_genomic_allele",TRUE,"Benign","BENIGN","B/LB"
"16:50722863:C:T","OLI1768","Unknown","Autoinflammatory syndrome",1,TRUE,TRUE,"unique_exact_genomic_allele",TRUE,"Benign","BENIGN","B/LB"
"16:50722863:C:T","OLI1769","Unknown","Autoinflammatory syndrome",1,TRUE,TRUE,"unique_exact_genomic_allele",TRUE,"Benign","BENIGN","B/LB"
"16:50722863:C:T","OLI1770","Unknown","Autoinflammatory syndrome",1,TRUE,TRUE,"unique_exact_genomic_allele",TRUE,"Benign","BENIGN","B/LB"
"16:50722863:C:T","OLI1773","Unknown","Autoinflammatory syndrome",1,TRUE,TRUE,"unique_exact_genomic_allele",TRUE,"Benign","BENIGN","B/LB"
"16:50722863:C:T","OLI1774","Unknown","Autoinflammatory syndrome",1,TRUE,TRUE,"unique_exact_genomic_allele",TRUE,"Benign","BENIGN","B/LB"
"16:50722863:C:T","OLI1776","Unknown","Autoinflammatory syndrome",1,TRUE,TRUE,"unique_exact_genomic_allele",TRUE,"Benign","BENIGN","B/LB"
"16:50722863:C:T","OLI1778","Unknown","Autoinflammatory syndrome",1,TRUE,TRUE,"unique_exact_genomic_allele",TRUE,"Benign","BENIGN","B/LB"
"16:50722863:C:T","OLI1780","Unknown","Autoinflammatory syndrome",1,TRUE,TRUE,"unique_exact_genomic_allele",TRUE,"Benign","BENIGN","B/LB"
"16:50722863:C:T","OLI1781","Unknown","Autoinflammatory syndrome",1,TRUE,TRUE,"unique_exact_genomic_allele",TRUE,"Benign","BENIGN","B/LB"
"16:50722863:C:T","OLI1782","Unknown","Autoinflammatory syndrome",1,TRUE,TRUE,"unique_exact_genomic_allele",TRUE,"Benign","BENIGN","B/LB"
"16:50722863:C:T","OLI1785","Unknown","Autoinflammatory syndrome",1,TRUE,TRUE,"unique_exact_genomic_allele",TRUE,"Benign","BENIGN","B/LB"
"16:50722863:C:T","OLI1786","Unknown","Autoinflammatory syndrome",1,TRUE,TRUE,"unique_exact_genomic_allele",TRUE,"Benign","BENIGN","B/LB"
"16:50722863:C:T","OLI1787","Unknown","Autoinflammatory syndrome",1,TRUE,TRUE,"unique_exact_genomic_allele",TRUE,"Benign","BENIGN","B/LB"
"16:50722863:C:T","OLI1789","Unknown","Autoinflammatory syndrome",1,TRUE,TRUE,"unique_exact_genomic_allele",TRUE,"Benign","BENIGN","B/LB"
"16:50723359:A:G","OLI130","Unknown","Immune dysregulation-inflammatory bowel disease-arthritis-recurrent infections syndrome",1,TRUE,TRUE,"unique_exact_genomic_allele",TRUE,"Uncertain","POSSIBLY_BENIGN","Possibly benign"
"16:50723365:G:A","OLI1757","Unknown","Autoinflammatory syndrome",1,TRUE,TRUE,"unique_exact_genomic_allele",TRUE,"Benign","BENIGN","B/LB"
"16:50723365:G:A","OLI1758","Unknown","Autoinflammatory syndrome",1,TRUE,TRUE,"unique_exact_genomic_allele",TRUE,"Benign","BENIGN","B/LB"
"16:50723365:G:A","OLI1771","Unknown","Autoinflammatory syndrome",1,TRUE,TRUE,"unique_exact_genomic_allele",TRUE,"Benign","BENIGN","B/LB"
"16:50723365:G:A","OLI1772","Unknown","Autoinflammatory syndrome",1,TRUE,TRUE,"unique_exact_genomic_allele",TRUE,"Benign","BENIGN","B/LB"
"16:50723365:G:A","OLI1777","Unknown","Autoinflammatory syndrome",1,TRUE,TRUE,"unique_exact_genomic_allele",TRUE,"Benign","BENIGN","B/LB"
"16:50723365:G:A","OLI1778","Unknown","Autoinflammatory syndrome",1,TRUE,TRUE,"unique_exact_genomic_allele",TRUE,"Benign","BENIGN","B/LB"
"16:50723365:G:A","OLI1779","Unknown","Autoinflammatory syndrome",1,TRUE,TRUE,"unique_exact_genomic_allele",TRUE,"Benign","BENIGN","B/LB"
"16:50723365:G:A","OLI1784","Unknown","Autoinflammatory syndrome",1,TRUE,TRUE,"unique_exact_genomic_allele",TRUE,"Benign","BENIGN","B/LB"
"16:50729870:C:CC","OLI1751","Unknown","Autoinflammatory syndrome",1,FALSE,FALSE,NA,NA,NA,NA,NA
"16:50729870:C:CC","OLI1755","Unknown","Autoinflammatory syndrome",1,FALSE,FALSE,NA,NA,NA,NA,NA
"16:50729870:C:CC","OLI1759","Unknown","Autoinflammatory syndrome",1,FALSE,FALSE,NA,NA,NA,NA,NA
"16:50729870:C:CC","OLI1760","Unknown","Autoinflammatory syndrome",1,FALSE,FALSE,NA,NA,NA,NA,NA
"16:50729870:C:CC","OLI1767","Unknown","Autoinflammatory syndrome",1,FALSE,FALSE,NA,NA,NA,NA,NA
"16:50729870:C:CC","OLI1773","Unknown","Autoinflammatory syndrome",1,FALSE,FALSE,NA,NA,NA,NA,NA
"16:50729870:C:CC","OLI1789","Unknown","Autoinflammatory syndrome",1,FALSE,FALSE,NA,NA,NA,NA,NA
"16:53649112:G:C","OLI291","Unknown","Adolescent idiopathic scoliosis",1,TRUE,TRUE,"unique_exact_genomic_allele",TRUE,"Uncertain","POSSIBLY_PATHOGENIC_LOW","Possibly pathogenic"
"16:54931434:TCTC:T","OLI602","Unknown","Disorder of sex development",1,TRUE,TRUE,"unique_exact_genomic_allele",TRUE,"Benign","UNCERTAIN_SIGNIFICANCE","VUS"
"16:54933128:C:T","OLI601","Unknown","Disorder of sex development",1,TRUE,TRUE,"unique_exact_genomic_allele",TRUE,"Benign","BENIGN","B/LB"
"16:55328930:T:A","OLI602","Unknown","Disorder of sex development",1,TRUE,TRUE,"unique_exact_genomic_allele",TRUE,"Benign","BENIGN","B/LB"
"16:55485355:G:A","OLI1673","Unknown","Non-Syndromic genetic keratoconus",1,TRUE,TRUE,"unique_exact_genomic_allele",TRUE,"Uncertain","UNCERTAIN_SIGNIFICANCE","VUS"
"16:56485721:C:T","OLI125","Unknown","Bardet-Biedl syndrome",1,TRUE,TRUE,"unique_exact_genomic_allele",TRUE,"Deleterious","POSSIBLY_PATHOGENIC_MODERATE","Possibly pathogenic"
"16:56496982:C:G","OLI098","Unknown","Bardet-Biedl syndrome",1,TRUE,TRUE,"unique_exact_genomic_allele",TRUE,"Deleterious","PATHOGENIC","P/LP"
"16:56496982:C:G","OLI144","Unknown","Bardet-Biedl syndrome",1,TRUE,TRUE,"unique_exact_genomic_allele",TRUE,"Deleterious","PATHOGENIC","P/LP"
"16:56496992:C:T","OLI176","Unknown","Bardet-Biedl syndrome",1,TRUE,TRUE,"unique_exact_genomic_allele",TRUE,"Deleterious","POSSIBLY_PATHOGENIC_MODERATE","Possibly pathogenic"
"16:56497835:G:A","OLI173","Unknown","Bardet-Biedl syndrome",1,TRUE,TRUE,"unique_exact_genomic_allele",TRUE,"","PATHOGENIC","P/LP"
"16:56497867:G:A","OLI1229","Unknown","Bardet-Biedl syndrome",1,TRUE,TRUE,"unique_exact_genomic_allele",TRUE,"Deleterious","LIKELY_PATHOGENIC","P/LP"
"16:56498434:T:C","OLI139","Unknown","Bardet-Biedl syndrome",1,TRUE,TRUE,"unique_exact_genomic_allele",TRUE,"Deleterious","BENIGN","B/LB"
"16:56501014:G:A","OLI1122","Unknown","Bardet-Biedl syndrome",1,TRUE,TRUE,"unique_exact_genomic_allele",TRUE,"","PATHOGENIC","P/LP"
"16:56501014:G:A","OLI124","Unknown","Bardet-Biedl syndrome",1,TRUE,TRUE,"unique_exact_genomic_allele",TRUE,"","PATHOGENIC","P/LP"
"16:56502351:A:C","OLI065","Monogenic+Modifier","Bardet-Biedl syndrome",1,TRUE,TRUE,"unique_exact_genomic_allele",TRUE,"Deleterious","POSSIBLY_PATHOGENIC_MODERATE","Possibly pathogenic"
"16:56502411:A:G","OLI325","Monogenic+Modifier","Bardet-Biedl syndrome",1,TRUE,TRUE,"unique_exact_genomic_allele",TRUE,"Uncertain","POSSIBLY_PATHOGENIC_LOW","Possibly pathogenic"
"16:56502453:C:T","OLI064","Unknown","Bardet-Biedl syndrome",1,TRUE,TRUE,"unique_exact_genomic_allele",TRUE,"Deleterious","PATHOGENIC","P/LP"
"16:56502790:G:A","OLI417","Unknown","Bardet-Biedl syndrome",1,TRUE,TRUE,"unique_exact_genomic_allele",TRUE,"","PATHOGENIC","P/LP"
"16:56502790:G:A","OLI922","Unknown","Transposition of the great arteries",1,TRUE,TRUE,"unique_exact_genomic_allele",TRUE,"","PATHOGENIC","P/LP"
"16:56502799:G:A","OLI322","Monogenic+Modifier","Bardet-Biedl syndrome",1,TRUE,TRUE,"unique_exact_genomic_allele",TRUE,"","PATHOGENIC","P/LP"
"16:56506175:AG:A","OLI171","Unknown","Bardet-Biedl syndrome",1,TRUE,TRUE,"unique_exact_genomic_allele",TRUE,"Benign","PATHOGENIC","P/LP"
"16:56506175:AG:A","OLI172","Unknown","Bardet-Biedl syndrome",1,TRUE,TRUE,"unique_exact_genomic_allele",TRUE,"Benign","PATHOGENIC","P/LP"
"16:56506175:AG:A","OLI173","Unknown","Bardet-Biedl syndrome",1,TRUE,TRUE,"unique_exact_genomic_allele",TRUE,"Benign","PATHOGENIC","P/LP"
"16:56506191:G:A","OLI041","Unknown","Bardet-Biedl syndrome",1,TRUE,TRUE,"unique_exact_genomic_allele",TRUE,"","PATHOGENIC","P/LP"
"16:56506191:G:A","OLI170","Unknown","Bardet-Biedl syndrome",1,TRUE,TRUE,"unique_exact_genomic_allele",TRUE,"","PATHOGENIC","P/LP"
"16:56506191:G:A","OLI171","Unknown","Bardet-Biedl syndrome",1,TRUE,TRUE,"unique_exact_genomic_allele",TRUE,"","PATHOGENIC","P/LP"
"16:56506191:G:A","OLI226","Unknown","Bardet-Biedl syndrome",1,TRUE,TRUE,"unique_exact_genomic_allele",TRUE,"","PATHOGENIC","P/LP"
"16:56510004:G:A","OLI1446","Unknown","Bardet-Biedl syndrome",1,TRUE,TRUE,"unique_exact_genomic_allele",TRUE,"","PATHOGENIC","P/LP"
"16:56510004:G:A","OLI1447","Unknown","Bardet-Biedl syndrome",1,TRUE,TRUE,"unique_exact_genomic_allele",TRUE,"","PATHOGENIC","P/LP"
"16:56511256:A:C","OLI081","Unknown","Bardet-Biedl syndrome",1,FALSE,FALSE,NA,NA,NA,NA,NA
"16:56511256:A:C","OLI082","Unknown","Bardet-Biedl syndrome; Alström syndrome",1,FALSE,FALSE,NA,NA,NA,NA,NA
"16:56511256:A:C","OLI1121","Unknown","Bardet-Biedl syndrome",1,TRUE,TRUE,"resolved_by_exact_cdna_within_allele",TRUE,"Deleterious","POSSIBLY_PATHOGENIC_MODERATE","Possibly pathogenic"
"16:56511256:A:C","OLI1132","Unknown","Bardet-Biedl syndrome",1,TRUE,TRUE,"resolved_by_exact_cdna_within_allele",TRUE,"Deleterious","POSSIBLY_PATHOGENIC_MODERATE","Possibly pathogenic"
"16:56511263:T:C","OLI614","Unknown","Bardet-Biedl syndrome",1,TRUE,TRUE,"unique_exact_genomic_allele",TRUE,"Uncertain","BENIGN","B/LB"
"16:56511263:T:C","OLI616","Unknown","Bardet-Biedl syndrome",1,TRUE,TRUE,"unique_exact_genomic_allele",TRUE,"Uncertain","BENIGN","B/LB"
"16:56514487:T:G","OLI098","Unknown","Bardet-Biedl syndrome",1,TRUE,TRUE,"unique_exact_genomic_allele",TRUE,"Deleterious","PATHOGENIC","P/LP"
"16:56514487:T:G","OLI144","Unknown","Bardet-Biedl syndrome",1,TRUE,TRUE,"unique_exact_genomic_allele",TRUE,"Deleterious","PATHOGENIC","P/LP"
"16:56514519:T:TAAAAGGGCATCATAGCCAAGCTC","OLI174","Unknown","Bardet-Biedl syndrome",1,TRUE,TRUE,"unique_exact_genomic_allele",TRUE,"","PATHOGENIC","P/LP"
"16:56514623:G:A","OLI067","Unknown","Bardet-Biedl syndrome",1,TRUE,TRUE,"unique_exact_genomic_allele",TRUE,"","PATHOGENIC","P/LP"
"16:56519745:C:G","OLI064","Unknown","Bardet-Biedl syndrome",1,TRUE,TRUE,"unique_exact_genomic_allele",TRUE,"Deleterious","LIKELY_PATHOGENIC","P/LP"
"16:56519791:G:T","OLI067","Unknown","Bardet-Biedl syndrome",1,TRUE,TRUE,"unique_exact_genomic_allele",TRUE,"","LIKELY_PATHOGENIC","P/LP"
"16:56519791:G:T","OLI170","Unknown","Bardet-Biedl syndrome",1,TRUE,TRUE,"unique_exact_genomic_allele",TRUE,"","LIKELY_PATHOGENIC","P/LP"
"16:56519791:G:T","OLI225","Unknown","Bardet-Biedl syndrome",1,TRUE,TRUE,"unique_exact_genomic_allele",TRUE,"","LIKELY_PATHOGENIC","P/LP"
"16:67193474:T:C","OLI402","Unknown","Non-acquired combined pituitary hormone deficiency",1,TRUE,TRUE,"unique_exact_genomic_allele",TRUE,"Uncertain","UNCERTAIN_SIGNIFICANCE","VUS"
"16:680528:G:T","OLI1195","Unknown","Spinocerebellar ataxia type 17",1,TRUE,TRUE,"unique_exact_genomic_allele",TRUE,"Uncertain","LIKELY_PATHOGENIC","P/LP"
"16:680626:A:G","OLI1184","Unknown","Spinocerebellar ataxia type 17",1,TRUE,TRUE,"unique_exact_genomic_allele",TRUE,"Uncertain","POSSIBLY_PATHOGENIC_MODERATE","Possibly pathogenic"
"16:680685:G:A","OLI1189","Unknown","Spinocerebellar ataxia type 17",1,TRUE,TRUE,"unique_exact_genomic_allele",TRUE,"Deleterious","LIKELY_PATHOGENIC","P/LP"
"16:681192:C:T","OLI1179","Unknown","Spinocerebellar ataxia type 17",1,TRUE,TRUE,"unique_exact_genomic_allele",TRUE,"Deleterious","LIKELY_PATHOGENIC","P/LP"
"16:681192:C:T","OLI1197","True Digenic","Spinocerebellar ataxia type 17",1,TRUE,TRUE,"unique_exact_genomic_allele",TRUE,"Deleterious","LIKELY_PATHOGENIC","P/LP"
"16:681248:G:A","OLI1201","True Digenic","Spinocerebellar ataxia type 17",1,TRUE,TRUE,"unique_exact_genomic_allele",TRUE,"Deleterious","POSSIBLY_PATHOGENIC_MODERATE","Possibly pathogenic"
"16:681266:C:T","OLI1207","Unknown","Spinocerebellar ataxia type 17",1,TRUE,TRUE,"unique_exact_genomic_allele",TRUE,"","LIKELY_PATHOGENIC","P/LP"
"16:681330:C:T","OLI1202","Unknown","Spinocerebellar ataxia type 17",1,TRUE,TRUE,"unique_exact_genomic_allele",TRUE,"Deleterious","POSSIBLY_PATHOGENIC_MODERATE","Possibly pathogenic"
"16:681472:C:G","OLI1178","Unknown","Spinocerebellar ataxia type 17",1,TRUE,TRUE,"unique_exact_genomic_allele",TRUE,"Uncertain","LIKELY_PATHOGENIC","P/LP"
"16:681472:C:G","OLI1194","Unknown","Spinocerebellar ataxia type 17",1,TRUE,TRUE,"unique_exact_genomic_allele",TRUE,"Uncertain","LIKELY_PATHOGENIC","P/LP"
"16:681475:GGAC:G","OLI1188","Unknown","Spinocerebellar ataxia type 17",1,TRUE,TRUE,"unique_exact_genomic_allele",TRUE,"Benign","POSSIBLY_PATHOGENIC_MODERATE","Possibly pathogenic"
"16:681475:GGAC:G","OLI1199","Unknown","Spinocerebellar ataxia type 17",1,TRUE,TRUE,"unique_exact_genomic_allele",TRUE,"Benign","POSSIBLY_PATHOGENIC_MODERATE","Possibly pathogenic"
"16:681477:A:T","OLI1187","Unknown","Spinocerebellar ataxia type 17",1,TRUE,TRUE,"unique_exact_genomic_allele",TRUE,"Uncertain","POSSIBLY_PATHOGENIC_MODERATE","Possibly pathogenic"
"16:681505:CGAA:C","OLI1211","Unknown","Spinocerebellar ataxia type 17",1,TRUE,TRUE,"unique_exact_genomic_allele",FALSE,"Benign","UNCERTAIN_SIGNIFICANCE","VUS"
"16:681512:A:C","OLI1208","Unknown","Spinocerebellar ataxia type 17",1,TRUE,TRUE,"unique_exact_genomic_allele",TRUE,"Deleterious","LIKELY_PATHOGENIC","P/LP"
"16:681604:G:A","OLI1183","Unknown","Spinocerebellar ataxia type 17",1,TRUE,TRUE,"unique_exact_genomic_allele",TRUE,"Deleterious","LIKELY_PATHOGENIC","P/LP"
"16:681881:G:C","OLI1185","True Digenic","Spinocerebellar ataxia type 17",1,TRUE,TRUE,"unique_exact_genomic_allele",TRUE,"Deleterious","LIKELY_PATHOGENIC","P/LP"
"16:682019:G:A","OLI1203","Unknown","Spinocerebellar ataxia type 17",1,TRUE,TRUE,"unique_exact_genomic_allele",TRUE,"Deleterious","POSSIBLY_PATHOGENIC_MODERATE","Possibly pathogenic"
"16:682056:C:T","OLI1209","Unknown","Spinocerebellar ataxia type 17",1,TRUE,TRUE,"unique_exact_genomic_allele",TRUE,"","LIKELY_PATHOGENIC","P/LP"
"16:682168:C:T","OLI1190","Unknown","Spinocerebellar ataxia type 17",1,TRUE,TRUE,"unique_exact_genomic_allele",TRUE,"","PATHOGENIC","P/LP"
"16:682181:ACTAC:A","OLI1180","Unknown","Spinocerebellar ataxia type 17",1,TRUE,TRUE,"unique_exact_genomic_allele",TRUE,"","PATHOGENIC","P/LP"
"16:682181:ACTAC:A","OLI1198","Unknown","Spinocerebellar ataxia type 17",1,TRUE,TRUE,"unique_exact_genomic_allele",TRUE,"","PATHOGENIC","P/LP"
"16:682223:C:T","OLI1177","Unknown","Spinocerebellar ataxia type 17",1,TRUE,TRUE,"unique_exact_genomic_allele",TRUE,"Uncertain","LIKELY_PATHOGENIC","P/LP"
"16:682223:C:T","OLI1192","Unknown","Spinocerebellar ataxia type 17",1,TRUE,TRUE,"unique_exact_genomic_allele",TRUE,"Uncertain","LIKELY_PATHOGENIC","P/LP"
"16:682223:C:T","OLI1369","Unknown","Spinocerebellar ataxia type 17",1,TRUE,TRUE,"unique_exact_genomic_allele",TRUE,"Uncertain","LIKELY_PATHOGENIC","P/LP"
"16:682232:C:T","OLI1206","Unknown","Spinocerebellar ataxia type 17",1,TRUE,TRUE,"unique_exact_genomic_allele",TRUE,"Deleterious","PATHOGENIC","P/LP"
"16:682273:CACCTGCAGGTGAG:C","OLI1193","Unknown","Spinocerebellar ataxia type 17",1,TRUE,TRUE,"unique_exact_genomic_allele",TRUE,"","LIKELY_PATHOGENIC","P/LP"
"16:682363:G:C","OLI1182","Unknown","Spinocerebellar ataxia type 17",1,TRUE,TRUE,"unique_exact_genomic_allele",TRUE,"Deleterious","LIKELY_PATHOGENIC","P/LP"
"16:682397:CC:C","OLI1191","Unknown","Spinocerebellar ataxia type 17",1,FALSE,FALSE,NA,NA,NA,NA,NA
"16:682399:CCT:C","OLI1196","Unknown","Spinocerebellar ataxia type 17",1,TRUE,TRUE,"unique_exact_genomic_allele",TRUE,"Benign","PATHOGENIC","P/LP"
"16:682401:T:C","OLI1205","Unknown","Spinocerebellar ataxia type 17",1,TRUE,TRUE,"unique_exact_genomic_allele",TRUE,"Uncertain","POSSIBLY_PATHOGENIC_LOW","Possibly pathogenic"
"16:682407:AG:A","OLI1200","True Digenic","Spinocerebellar ataxia type 17",1,TRUE,TRUE,"unique_exact_genomic_allele",TRUE,"Benign","PATHOGENIC","P/LP"
"16:682409:G:T","OLI1186","Unknown","Spinocerebellar ataxia type 17",1,TRUE,TRUE,"unique_exact_genomic_allele",TRUE,"","LIKELY_PATHOGENIC","P/LP"
"16:682439:G:T","OLI1204","Unknown","Spinocerebellar ataxia type 17",1,TRUE,TRUE,"unique_exact_genomic_allele",TRUE,"","LIKELY_PATHOGENIC","P/LP"
"16:682443:T:G","OLI1176","Unknown","Spinocerebellar ataxia type 17",1,TRUE,TRUE,"unique_exact_genomic_allele",TRUE,"Uncertain","POSSIBLY_PATHOGENIC_LOW","Possibly pathogenic"
"16:68346186:G:A","OLI1028","Dual Molecular Diagnosis","Short stature-brachydactyly-obesity-global developmental delay syndrome",1,TRUE,TRUE,"unique_exact_genomic_allele",TRUE,"Uncertain","POSSIBLY_PATHOGENIC_LOW","Possibly pathogenic"
"16:69744980:A:T","OLI329","Unknown","Amyotrophic lateral sclerosis",1,TRUE,TRUE,"unique_exact_genomic_allele",TRUE,"Deleterious","POSSIBLY_PATHOGENIC_LOW","Possibly pathogenic"
"16:70130512:G:C","OLI1710","Unknown","Rare pervasive developmental disorder",1,TRUE,TRUE,"unique_exact_genomic_allele",TRUE,"Uncertain","UNCERTAIN_SIGNIFICANCE","VUS"
"16:75541410:C:G","OLI748","Unknown","Isolated anencephaly",1,TRUE,TRUE,"unique_exact_genomic_allele",TRUE,"Uncertain","BENIGN","B/LB"
"16:84172323:C:G","OLI612","Unknown","Heterotaxia",1,TRUE,TRUE,"unique_exact_genomic_allele",TRUE,"Benign","POSSIBLY_BENIGN","Possibly benign"
"16:85909102:C:T","OLI025","Unknown","Primary hemophagocytic lymphohistiocytosis",1,TRUE,TRUE,"unique_exact_genomic_allele",TRUE,"Uncertain","LIKELY_BENIGN","B/LB"
"16:86568666:A:G","OLI1610","Monogenic+Modifier","Meige disease",1,TRUE,TRUE,"unique_exact_genomic_allele",TRUE,"Deleterious","BENIGN","B/LB"
"16:86568666:A:G","OLI1611","Unknown","Meige disease",1,TRUE,TRUE,"unique_exact_genomic_allele",TRUE,"Deleterious","BENIGN","B/LB"
"16:868950:G:A","OLI1434","Monogenic+Modifier","NON RARE IN EUROPE: Hyperlipoproteinemia type 4",1,TRUE,TRUE,"unique_exact_genomic_allele",TRUE,"Uncertain","UNCERTAIN_SIGNIFICANCE","VUS"
"16:8811088:C:G","OLI1738","Unknown","Isolated constitutional thrombocytopenia,PMM2-CDG",1,TRUE,TRUE,"unique_exact_genomic_allele",TRUE,"Deleterious","PATHOGENIC","P/LP"
"16:8811099:G:A","OLI503","Unknown","X-linked cerebellar ataxia",1,TRUE,TRUE,"unique_exact_genomic_allele",TRUE,"Deleterious","PATHOGENIC","P/LP"
"16:8811153:G:A","OLI329","Unknown","Amyotrophic lateral sclerosis",1,TRUE,TRUE,"unique_exact_genomic_allele",TRUE,"Deleterious","PATHOGENIC","P/LP"
"16:8811173:G:A","OLI923","Unknown","Transposition of the great arteries",1,TRUE,TRUE,"unique_exact_genomic_allele",TRUE,"Deleterious","PATHOGENIC","P/LP"
"16:8811660:T:C","OLI1738","Unknown","Isolated constitutional thrombocytopenia,PMM2-CDG",1,TRUE,TRUE,"unique_exact_genomic_allele",TRUE,"Deleterious","PATHOGENIC","P/LP"
"16:88428945:G:A","OLI1695","Unknown","Non-Syndromic genetic keratoconus",1,TRUE,TRUE,"unique_exact_genomic_allele",TRUE,"Benign","POSSIBLY_PATHOGENIC_LOW","Possibly pathogenic"
"16:88436901:C:T","OLI1676","Unknown","Syndromic genetic keratoconus",1,TRUE,TRUE,"unique_exact_genomic_allele",TRUE,"Uncertain","POSSIBLY_BENIGN","Possibly benign"
"16:88438727:G:A","OLI1672","Unknown","Non-Syndromic genetic keratoconus",1,TRUE,TRUE,"unique_exact_genomic_allele",TRUE,"Benign","UNCERTAIN_SIGNIFICANCE","VUS"
"16:8847724:G:A","OLI503","Unknown","X-linked cerebellar ataxia",1,TRUE,TRUE,"unique_exact_genomic_allele",TRUE,"Deleterious","PATHOGENIC","P/LP"
"16:88712878:C:T","OLI1510","Unknown","46,XY disorder of sex development",1,TRUE,TRUE,"unique_exact_genomic_allele",TRUE,"Uncertain","POSSIBLY_PATHOGENIC_LOW","Possibly pathogenic"
"16:88714412:G:A","OLI1522","Unknown","46,XY disorder of sex development",1,TRUE,TRUE,"unique_exact_genomic_allele",TRUE,"Benign","BENIGN","B/LB"
"16:88715067:C:T","OLI1574","Unknown","Syndrome with 46,XY disorder of sex development",1,TRUE,TRUE,"unique_exact_genomic_allele",TRUE,"Uncertain","UNCERTAIN_SIGNIFICANCE","VUS"
"16:88715933:C:T","OLI1610","Monogenic+Modifier","Meige disease",1,TRUE,TRUE,"unique_exact_genomic_allele",TRUE,"Deleterious","POSSIBLY_PATHOGENIC_MODERATE","Possibly pathogenic"
"16:88715933:C:T","OLI1611","Unknown","Meige disease",1,TRUE,TRUE,"unique_exact_genomic_allele",TRUE,"Deleterious","POSSIBLY_PATHOGENIC_MODERATE","Possibly pathogenic"
"16:88727121:G:A","OLI1610","Monogenic+Modifier","Meige disease",1,TRUE,TRUE,"unique_exact_genomic_allele",TRUE,"","PATHOGENIC","P/LP"
"16:89280475:C:A","OLI341","Unknown","Isolated Klippel-Feil syndrome",1,TRUE,TRUE,"unique_exact_genomic_allele",TRUE,"Benign","POSSIBLY_PATHOGENIC_LOW","Possibly pathogenic"
"16:89513038:G:T","OLI1151","Unknown","Hereditary spastic paraplegia",1,TRUE,TRUE,"unique_exact_genomic_allele",TRUE,"Deleterious","PATHOGENIC","P/LP"
"16:89546737:C:T","OLI1147","Monogenic+Modifier","Hereditary spastic paraplegia",1,TRUE,TRUE,"unique_exact_genomic_allele",TRUE,"Deleterious","LIKELY_PATHOGENIC","P/LP"
"16:89546737:C:T","OLI1148","Unknown","Hereditary spastic paraplegia",1,TRUE,TRUE,"unique_exact_genomic_allele",TRUE,"Deleterious","LIKELY_PATHOGENIC","P/LP"
"16:89546737:C:T","OLI1152","Unknown","Hereditary spastic paraplegia",1,TRUE,TRUE,"unique_exact_genomic_allele",TRUE,"Deleterious","LIKELY_PATHOGENIC","P/LP"
"16:89552995:G:T","OLI1150","Unknown","Hereditary spastic paraplegia",1,TRUE,TRUE,"unique_exact_genomic_allele",TRUE,"Deleterious","POSSIBLY_PATHOGENIC_MODERATE","Possibly pathogenic"
"16:89554528:A:G","OLI1153","Unknown","Hereditary spastic paraplegia",1,TRUE,TRUE,"unique_exact_genomic_allele",TRUE,"Uncertain","POSSIBLY_PATHOGENIC_LOW","Possibly pathogenic"
"16:89556998:G:A","OLI1149","Unknown","Hereditary spastic paraplegia",1,TRUE,TRUE,"unique_exact_genomic_allele",TRUE,"Uncertain","POSSIBLY_PATHOGENIC_LOW","Possibly pathogenic"
"16:89791422:G:A","OLI1064","Unknown","Primary ovarian failure",1,TRUE,TRUE,"unique_exact_genomic_allele",TRUE,"Uncertain","POSSIBLY_PATHOGENIC_MODERATE","Possibly pathogenic"
"16:934739:A:C","OLI1749","Unknown","46,XY disorder of sex development",1,TRUE,TRUE,"unique_exact_genomic_allele",FALSE,"Benign","POSSIBLY_BENIGN","Possibly benign"
"16:985189:G:A","OLI1568","Unknown","Syndrome with 46,XY disorder of sex development",1,TRUE,TRUE,"unique_exact_genomic_allele",TRUE,"Deleterious","POSSIBLY_PATHOGENIC_LOW","Possibly pathogenic"
"16:985309:G:A","OLI1516","Unknown","46,XY disorder of sex development",1,TRUE,TRUE,"unique_exact_genomic_allele",TRUE,"Uncertain","UNCERTAIN_SIGNIFICANCE","VUS"
"17:16039634:G:A","OLI573","Unknown","Disorder of sex development",1,TRUE,TRUE,"unique_exact_genomic_allele",TRUE,"Uncertain","POSSIBLY_BENIGN","Possibly benign"
"17:16047086:C:T","OLI573","Unknown","Disorder of sex development",1,TRUE,TRUE,"unique_exact_genomic_allele",TRUE,"Benign","BENIGN","B/LB"
"17:16948873:A:G","OLI076","Monogenic+Modifier","Common variable immunodeficiency",1,TRUE,TRUE,"unique_exact_genomic_allele",TRUE,"Deleterious","LIKELY_PATHOGENIC","P/LP"
"17:16948932:C:G","OLI1712","Unknown","Common variable immunodeficiency",1,TRUE,TRUE,"unique_exact_genomic_allele",TRUE,"Uncertain","POSSIBLY_PATHOGENIC_LOW","Possibly pathogenic"
"17:17907486:T:G","OLI983","Unknown","Overgrowth or tall stature syndrome with skeletal involvement",1,TRUE,TRUE,"unique_exact_genomic_allele",TRUE,"Uncertain","UNCERTAIN_SIGNIFICANCE","VUS"
"17:18131348:T:C","OLI1474","Unknown","Hypoplastic left heart syndrome",1,TRUE,TRUE,"unique_exact_genomic_allele",TRUE,"Uncertain","POSSIBLY_BENIGN","Possibly benign"
"17:18135725:G:T","OLI1476","Unknown","Hypoplastic left heart syndrome",1,TRUE,TRUE,"unique_exact_genomic_allele",TRUE,"Uncertain","BENIGN","B/LB"
"17:18136427:G:T","OLI1477","Unknown","Hypoplastic left heart syndrome",1,TRUE,TRUE,"unique_exact_genomic_allele",TRUE,"Deleterious","POSSIBLY_PATHOGENIC_MODERATE","Possibly pathogenic"
"17:18142796:C:T","OLI1475","Unknown","Hypoplastic left heart syndrome",1,TRUE,TRUE,"unique_exact_genomic_allele",TRUE,"Uncertain","UNCERTAIN_SIGNIFICANCE","VUS"
"17:18246974:G:A","OLI789","Unknown","Arthrogryposis syndrome",1,TRUE,TRUE,"unique_exact_genomic_allele",TRUE,"Uncertain","POSSIBLY_PATHOGENIC_LOW","Possibly pathogenic"
"17:18340762:G:A","OLI743","Unknown","Isolated anencephaly",1,TRUE,TRUE,"unique_exact_genomic_allele",TRUE,"Uncertain","POSSIBLY_BENIGN","Possibly benign"
"17:19343840:C:T","OLI684","Unknown","Holoprosencephaly",1,TRUE,TRUE,"unique_exact_genomic_allele",TRUE,"Uncertain","UNCERTAIN_SIGNIFICANCE","VUS"
"17:19381095:G:A","OLI290","Unknown","Adolescent idiopathic scoliosis",1,TRUE,TRUE,"unique_exact_genomic_allele",TRUE,"Benign","UNCERTAIN_SIGNIFICANCE","VUS"
"17:2058223:G:C","OLI682","Unknown","Holoprosencephaly",1,TRUE,TRUE,"unique_exact_genomic_allele",TRUE,"Uncertain","UNCERTAIN_SIGNIFICANCE","VUS"
"17:27769118:G:T","OLI742","Unknown","Isolated anencephaly",1,TRUE,TRUE,"unique_exact_genomic_allele",TRUE,"","POSSIBLY_PATHOGENIC_MODERATE","Possibly pathogenic"
"17:27773204:G:A","OLI723","Unknown","Isolated anencephaly",1,TRUE,TRUE,"unique_exact_genomic_allele",TRUE,"Benign","UNCERTAIN_SIGNIFICANCE","VUS"
"17:35833920:G:A","OLI946","Unknown","Amyotrophic lateral sclerosis",1,TRUE,TRUE,"unique_exact_genomic_allele",TRUE,"Uncertain","POSSIBLY_BENIGN","Possibly benign"
"17:35844521:C:T","OLI282","Unknown","Amyotrophic lateral sclerosis",1,TRUE,TRUE,"unique_exact_genomic_allele",TRUE,"Deleterious","POSSIBLY_PATHOGENIC_MODERATE","Possibly pathogenic"
"17:39659498:C:T","OLI1072","Unknown","46,XY disorder of sex development; Rare congenital non-syndromic heart malformation",1,TRUE,TRUE,"unique_exact_genomic_allele",TRUE,"Uncertain","UNCERTAIN_SIGNIFICANCE","VUS"
"17:41524178:C:T","OLI1686","Unknown","Non-Syndromic genetic keratoconus",1,TRUE,TRUE,"unique_exact_genomic_allele",TRUE,"Benign","UNCERTAIN_SIGNIFICANCE","VUS"
"17:41583346:C:T","OLI414","Unknown","Epidermolysis bullosa simplex",1,TRUE,TRUE,"unique_exact_genomic_allele",TRUE,"Deleterious","PATHOGENIC","P/LP"
"17:41583806:A:G","OLI250","True Digenic","Epidermolysis bullosa simplex",1,TRUE,TRUE,"unique_exact_genomic_allele",TRUE,"Uncertain","POSSIBLY_PATHOGENIC_MODERATE","Possibly pathogenic"
"17:41583872:A:G","OLI240","Unknown","Epidermolysis bullosa simplex",1,TRUE,TRUE,"unique_exact_genomic_allele",TRUE,"Deleterious","PATHOGENIC","P/LP"
"17:41586455:G:A","OLI517","True Digenic","Epidermolysis bullosa simplex",1,TRUE,TRUE,"unique_exact_genomic_allele",TRUE,"Deleterious","LIKELY_PATHOGENIC","P/LP"
"17:41763087:G:A","OLI548","Unknown","Arrhythmogenic right ventricular cardiomyopathy",1,TRUE,TRUE,"unique_exact_genomic_allele",TRUE,"Uncertain","UNCERTAIN_SIGNIFICANCE","VUS"
"17:41764741:C:T","OLI547","Unknown","Arrhythmogenic right ventricular cardiomyopathy",1,TRUE,TRUE,"unique_exact_genomic_allele",TRUE,"Deleterious","UNCERTAIN_SIGNIFICANCE","VUS"
"17:41820461:C:T","OLI984","Unknown","Odontochondrodysplasia",1,TRUE,TRUE,"unique_exact_genomic_allele",TRUE,"Deleterious","POSSIBLY_BENIGN","Possibly benign"
"17:42207711:T:G","OLI1720","Unknown","Common variable immunodeficiency",1,TRUE,TRUE,"unique_exact_genomic_allele",TRUE,"Deleterious","LIKELY_PATHOGENIC","P/LP"
"17:43091492:T:C","OLI748","Unknown","Isolated anencephaly",1,TRUE,TRUE,"unique_exact_genomic_allele",TRUE,"Uncertain","BENIGN","B/LB"
"17:43092848:GTT:G","OLI1696","Unknown","Colorectal cancer",1,TRUE,TRUE,"unique_exact_genomic_allele",TRUE,"Benign","PATHOGENIC","P/LP"
"17:43093010:G:A","OLI722","Unknown","Isolated anencephaly",1,TRUE,TRUE,"unique_exact_genomic_allele",TRUE,"Uncertain","BENIGN","B/LB"
"17:43661345:C:T","OLI841","Unknown","Congenital scoliosis",1,TRUE,TRUE,"unique_exact_genomic_allele",TRUE,"Benign","POSSIBLY_PATHOGENIC_LOW","Possibly pathogenic"
"17:44093397:T:C","OLI1066","Unknown","Primary ovarian failure",1,TRUE,TRUE,"unique_exact_genomic_allele",TRUE,"Uncertain","POSSIBLY_PATHOGENIC_LOW","Possibly pathogenic"
"17:44251232:A:T","OLI1616","Unknown","Dent disease",1,TRUE,TRUE,"unique_exact_genomic_allele",TRUE,"Uncertain","UNCERTAIN_SIGNIFICANCE","VUS"
"17:44259216:G:C","OLI1615","Unknown","Dent disease",1,TRUE,TRUE,"unique_exact_genomic_allele",TRUE,"Benign","UNCERTAIN_SIGNIFICANCE","VUS"
"17:44260501:C:T","OLI1613","Unknown","Dent disease",1,TRUE,TRUE,"unique_exact_genomic_allele",TRUE,"Uncertain","POSSIBLY_BENIGN","Possibly benign"
"17:44349704:G:A","OLI665","Unknown","Amyotrophic lateral sclerosis",1,TRUE,TRUE,"unique_exact_genomic_allele",TRUE,"Benign","LIKELY_BENIGN","B/LB"
"17:44351079:A:T","OLI946","Unknown","Amyotrophic lateral sclerosis",1,TRUE,TRUE,"unique_exact_genomic_allele",TRUE,"Uncertain","UNCERTAIN_SIGNIFICANCE","VUS"
"17:44351619:T:C","OLI828","Unknown","Amyotrophic lateral sclerosis",1,TRUE,TRUE,"unique_exact_genomic_allele",TRUE,"Deleterious","POSSIBLY_PATHOGENIC_LOW","Possibly pathogenic"
"17:44352341:G:C","OLI1625","Unknown","Amyotrophic lateral sclerosis",1,TRUE,TRUE,"unique_exact_genomic_allele",TRUE,"Deleterious","POSSIBLY_PATHOGENIC_LOW","Possibly pathogenic"
"17:44352876:C:T","OLI965","Unknown","Amyotrophic lateral sclerosis",1,TRUE,TRUE,"unique_exact_genomic_allele",TRUE,"Benign","BENIGN","B/LB"
"17:44352876:C:T","OLI966","Unknown","Amyotrophic lateral sclerosis",1,TRUE,TRUE,"unique_exact_genomic_allele",TRUE,"Benign","BENIGN","B/LB"
"17:44352876:C:T","OLI967","Unknown","Amyotrophic lateral sclerosis",1,TRUE,TRUE,"unique_exact_genomic_allele",TRUE,"Benign","BENIGN","B/LB"
"17:44352876:C:T","OLI968","Unknown","Amyotrophic lateral sclerosis",1,TRUE,TRUE,"unique_exact_genomic_allele",TRUE,"Benign","BENIGN","B/LB"
"17:44352876:C:T","OLI969","Unknown","Amyotrophic lateral sclerosis",1,TRUE,TRUE,"unique_exact_genomic_allele",TRUE,"Benign","BENIGN","B/LB"
"17:44557809:C:T","OLI706","Unknown","Isolated anencephaly",1,TRUE,TRUE,"unique_exact_genomic_allele",TRUE,"Deleterious","POSSIBLY_PATHOGENIC_MODERATE","Possibly pathogenic"
"17:44859978:T:C","OLI1795","True Digenic","Goldenhar syndrome",1,TRUE,TRUE,"unique_exact_genomic_allele",TRUE,"Uncertain","POSSIBLY_PATHOGENIC_MODERATE","Possibly pathogenic"
"17:44902549:A:C","OLI1653","Unknown","Kallmann syndrome",1,TRUE,TRUE,"unique_exact_genomic_allele",TRUE,"Uncertain","PATHOGENIC","P/LP"
"17:45983475:T:G","OLI661","Unknown","Amyotrophic lateral sclerosis",1,TRUE,TRUE,"unique_exact_genomic_allele",TRUE,"Benign","BENIGN","B/LB"
"17:45983487:C:G","OLI1634","Unknown","Amyotrophic lateral sclerosis",1,TRUE,TRUE,"unique_exact_genomic_allele",TRUE,"Benign","UNCERTAIN_SIGNIFICANCE","VUS"
"17:45983817:G:A","OLI665","Unknown","Amyotrophic lateral sclerosis",1,TRUE,TRUE,"unique_exact_genomic_allele",TRUE,"Benign","LIKELY_BENIGN","B/LB"
"17:45989988:G:TT","OLI1626","Unknown","Amyotrophic lateral sclerosis",1,TRUE,TRUE,"unique_exact_genomic_allele",TRUE,"","POSSIBLY_PATHOGENIC_MODERATE","Possibly pathogenic"
"17:45996504:G:C","OLI1470","Unknown","NON RARE IN EUROPE: Alzheimer disease",1,TRUE,TRUE,"unique_exact_genomic_allele",TRUE,"Uncertain","UNCERTAIN_SIGNIFICANCE","VUS"
"17:45996504:G:C","OLI1471","Unknown","NON RARE IN EUROPE: Alzheimer disease",1,TRUE,TRUE,"unique_exact_genomic_allele",TRUE,"Uncertain","UNCERTAIN_SIGNIFICANCE","VUS"
"17:4641570:C:T","OLI329","Unknown","Amyotrophic lateral sclerosis",1,TRUE,TRUE,"unique_exact_genomic_allele",TRUE,"Uncertain","POSSIBLY_PATHOGENIC_LOW","Possibly pathogenic"
"17:46851643:G:GC","OLI027","True Digenic","Müllerian aplasia",1,TRUE,TRUE,"unique_exact_genomic_allele",TRUE,"Benign","PATHOGENIC","P/LP"
"17:46872573:C:T","OLI604","Unknown","Disorder of sex development",1,TRUE,TRUE,"unique_exact_genomic_allele",TRUE,"Uncertain","UNCERTAIN_SIGNIFICANCE","VUS"
"17:46875220:G:A","OLI1144","Unknown","Mayer-Rokitansky-Küster-Hauser syndrome",1,TRUE,TRUE,"unique_exact_genomic_allele",TRUE,"Uncertain","UNCERTAIN_SIGNIFICANCE","VUS"
"17:46876617:C:T","OLI028","Unknown","Müllerian aplasia",1,TRUE,TRUE,"unique_exact_genomic_allele",TRUE,"Uncertain","UNCERTAIN_SIGNIFICANCE","VUS"
"17:46876703:C:T","OLI351","Unknown","46,XY disorder of sex development",1,TRUE,TRUE,"unique_exact_genomic_allele",TRUE,"Benign","POSSIBLY_BENIGN","Possibly benign"
"17:46876876:C:T","OLI344","Unknown","46,XY disorder of sex development",1,TRUE,TRUE,"unique_exact_genomic_allele",TRUE,"Benign","POSSIBLY_BENIGN","Possibly benign"
"17:47284646:C:T","OLI688","Monogenic+Modifier","Autosomal dominant macrothrombocytopenia; Glanzmann thrombasthenia",1,TRUE,TRUE,"unique_exact_genomic_allele",TRUE,"Deleterious","PATHOGENIC","P/LP"
"17:47286274:G:C","OLI688","Monogenic+Modifier","Autosomal dominant macrothrombocytopenia; Glanzmann thrombasthenia",1,TRUE,TRUE,"unique_exact_genomic_allele",TRUE,"Deleterious","PATHOGENIC","P/LP"
"17:48550771:C:T","OLI1488","Unknown","Congenital hypothyroidism",1,TRUE,TRUE,"unique_exact_genomic_allele",TRUE,"Uncertain","UNCERTAIN_SIGNIFICANCE","VUS"
"17:48551082:G:A","OLI1094","Unknown","Congenital hypothyroidism",1,TRUE,TRUE,"unique_exact_genomic_allele",TRUE,"Uncertain","UNCERTAIN_SIGNIFICANCE","VUS"
"17:48551141:T:TCCGCCGCCG","OLI1504","Unknown","Congenital hypothyroidism",1,TRUE,TRUE,"unique_exact_genomic_allele",TRUE,"","POSSIBLY_BENIGN","Possibly benign"
"17:48552185:G:T","OLI1489","Unknown","Congenital hypothyroidism",1,TRUE,TRUE,"unique_exact_genomic_allele",TRUE,"Benign","UNCERTAIN_SIGNIFICANCE","VUS"
"17:48552279:T:G","OLI1087","Unknown","Congenital hypothyroidism",1,TRUE,TRUE,"unique_exact_genomic_allele",TRUE,"Uncertain","UNCERTAIN_SIGNIFICANCE","VUS"
"17:48598146:C:T","OLI299","Unknown","Non-syndromic posterior hypospadias",1,TRUE,TRUE,"unique_exact_genomic_allele",TRUE,"Deleterious","POSSIBLY_PATHOGENIC_LOW","Possibly pathogenic"
"17:4901959:T:TTGCAGACCCC","OLI330","Unknown","Amyotrophic lateral sclerosis",1,TRUE,TRUE,"unique_exact_genomic_allele",TRUE,"","LIKELY_PATHOGENIC","P/LP"
"17:4948736:A:G","OLI968","Unknown","Amyotrophic lateral sclerosis",1,TRUE,TRUE,"unique_exact_genomic_allele",TRUE,"Benign","BENIGN","B/LB"
"17:50149737:GGGCGGCGGC:G","OLI1330","Unknown","Primary immunodeficiency",1,TRUE,TRUE,"unique_exact_genomic_allele",TRUE,"","POSSIBLY_BENIGN","Possibly benign"
"17:50170245:C:T","OLI017","Unknown","Limb-girdle muscular dystrophy",1,TRUE,TRUE,"unique_exact_genomic_allele",TRUE,"Deleterious","PATHOGENIC","P/LP"
"17:50197191:G:A","OLI1562","Unknown","Syndrome with 46,XY disorder of sex development",1,TRUE,TRUE,"unique_exact_genomic_allele",TRUE,"Uncertain","POSSIBLY_PATHOGENIC_MODERATE","Possibly pathogenic"
"17:50465329:G:A","OLI1155","Unknown","Colorectal cancer",1,TRUE,TRUE,"unique_exact_genomic_allele",TRUE,"Uncertain","BENIGN","B/LB"
"17:50548308:C:T","OLI1155","Unknown","Colorectal cancer",1,TRUE,TRUE,"unique_exact_genomic_allele",TRUE,"","POSSIBLY_PATHOGENIC_MODERATE","Possibly pathogenic"
"17:50568932:G:A","OLI560","Unknown","Generalized epilepsy with febrile seizures-plus",1,TRUE,TRUE,"unique_exact_genomic_allele",TRUE,"Uncertain","POSSIBLY_PATHOGENIC_MODERATE","Possibly pathogenic"
"17:56594474:C:A","OLI756","Unknown","Isolated anencephaly",1,TRUE,TRUE,"unique_exact_genomic_allele",TRUE,"Deleterious","BENIGN","B/LB"
"17:56594498:G:A","OLI747","Unknown","Isolated anencephaly",1,TRUE,TRUE,"unique_exact_genomic_allele",TRUE,"Uncertain","BENIGN","B/LB"
"17:56594825:C:T","OLI714","Unknown","Isolated anencephaly",1,TRUE,TRUE,"unique_exact_genomic_allele",TRUE,"Deleterious","LIKELY_PATHOGENIC","P/LP"
"17:58206366:G:C","OLI1666","Unknown","Bardet-Biedl syndrome",1,TRUE,TRUE,"unique_exact_genomic_allele",TRUE,"Uncertain","POSSIBLY_BENIGN","Possibly benign"
"17:58206532:G:A","OLI1146","Unknown","Bardet-Biedl syndrome",1,TRUE,TRUE,"unique_exact_genomic_allele",TRUE,"Deleterious","POSSIBLY_PATHOGENIC_MODERATE","Possibly pathogenic"
"17:58207174:C:T","OLI1443","Unknown","Bardet-Biedl syndrome",1,TRUE,TRUE,"unique_exact_genomic_allele",TRUE,"Uncertain","POSSIBLY_PATHOGENIC_LOW","Possibly pathogenic"
"17:58208134:G:C","OLI1447","Unknown","Bardet-Biedl syndrome",1,TRUE,TRUE,"unique_exact_genomic_allele",TRUE,"Uncertain","POSSIBLY_PATHOGENIC_LOW","Possibly pathogenic"
"17:58213077:C:G","OLI686","Unknown","Holoprosencephaly",1,TRUE,TRUE,"unique_exact_genomic_allele",TRUE,"Uncertain","POSSIBLY_BENIGN","Possibly benign"
"17:58358788:G:A","OLI1696","Unknown","Colorectal cancer",1,TRUE,TRUE,"unique_exact_genomic_allele",TRUE,"","PATHOGENIC","P/LP"
"17:61480316:C:T","OLI006","Unknown","Pulmonary arterial hypertension associated with congenital heart disease",1,TRUE,TRUE,"unique_exact_genomic_allele",TRUE,"","PATHOGENIC","P/LP"
"17:63479853:C:T","OLI1234","Unknown","Recurrent Pregnancy Loss,Recurrent implantation failure,Primary infertility",1,TRUE,TRUE,"unique_exact_genomic_allele",TRUE,"Uncertain","POSSIBLY_PATHOGENIC_LOW","Possibly pathogenic"
"17:63484359:C:A","OLI1237","Unknown","Recurrent implantation failure,Primary infertility",1,TRUE,TRUE,"unique_exact_genomic_allele",TRUE,"Uncertain","UNCERTAIN_SIGNIFICANCE","VUS"
"17:63917776:A:G","OLI899","Unknown","Normosmic congenital hypogonadotropic hypogonadism",1,TRUE,TRUE,"unique_exact_genomic_allele",TRUE,"Deleterious","POSSIBLY_PATHOGENIC_LOW","Possibly pathogenic"
"17:64492745:TAAC:T","OLI331","Unknown","Amyotrophic lateral sclerosis",1,TRUE,TRUE,"unique_exact_genomic_allele",TRUE,"Benign","POSSIBLY_PATHOGENIC_LOW","Possibly pathogenic"
"17:67030735:C:T","OLI574","Unknown","Disorder of sex development",1,TRUE,TRUE,"unique_exact_genomic_allele",TRUE,"Uncertain","UNCERTAIN_SIGNIFICANCE","VUS"
"17:68042227:T:C","OLI1048","Unknown","Primary ovarian failure",1,TRUE,TRUE,"unique_exact_genomic_allele",TRUE,"Deleterious","POSSIBLY_PATHOGENIC_LOW","Possibly pathogenic"
"17:68522799:G:A","OLI1581","Unknown","Syndrome with 46,XY disorder of sex development",1,TRUE,TRUE,"unique_exact_genomic_allele",TRUE,"Uncertain","LIKELY_BENIGN","B/LB"
"17:72121674:G:A","OLI1325","Unknown","Non-acquired combined pituitary hormone deficiency",1,TRUE,TRUE,"unique_exact_genomic_allele",TRUE,"Uncertain","UNCERTAIN_SIGNIFICANCE","VUS"
"17:7220817:C:A","OLI811","Unknown","Recurrent exertional rhabdomyolysis",1,TRUE,TRUE,"unique_exact_genomic_allele",TRUE,"Uncertain","POSSIBLY_PATHOGENIC_MODERATE","Possibly pathogenic"
"17:73197078:C:T","OLI340","Unknown","Isolated Klippel-Feil syndrome",1,TRUE,TRUE,"unique_exact_genomic_allele",TRUE,"Uncertain","UNCERTAIN_SIGNIFICANCE","VUS"
"17:74127424:A:AC","OLI1748","Unknown","46,XY disorder of sex development",1,TRUE,TRUE,"unique_exact_genomic_allele",FALSE,"","POSSIBLY_BENIGN","Possibly benign"
"17:7445168:GGGC:G","OLI332","Unknown","Amyotrophic lateral sclerosis",1,TRUE,TRUE,"unique_exact_genomic_allele",TRUE,"Benign","POSSIBLY_PATHOGENIC_LOW","Possibly pathogenic"
"17:7445171:C:CAA","OLI332","Unknown","Amyotrophic lateral sclerosis",1,TRUE,TRUE,"unique_exact_genomic_allele",TRUE,"","LIKELY_PATHOGENIC","P/LP"
"17:74763436:G:A","OLI1792","Unknown","Dent disease",1,TRUE,TRUE,"unique_exact_genomic_allele",TRUE,"Uncertain","BENIGN","B/LB"
"17:74854900:C:T","OLI1467","Unknown","Rare pervasive developmental disorder",1,TRUE,TRUE,"unique_exact_genomic_allele",TRUE,"Benign","UNCERTAIN_SIGNIFICANCE","VUS"
"17:74919674:C:A","OLI1649","Unknown","Non-syndromic genetic deafness",1,TRUE,TRUE,"unique_exact_genomic_allele",TRUE,"","PATHOGENIC","P/LP"
"17:74919743:C:T","OLI454","Unknown","Non-syndromic genetic deafness",1,TRUE,TRUE,"unique_exact_genomic_allele",TRUE,"Benign","POSSIBLY_PATHOGENIC_LOW","Possibly pathogenic"
"17:74923028:G:C","OLI103","True Digenic","Usher syndrome type 1",1,TRUE,TRUE,"unique_exact_genomic_allele",TRUE,"Uncertain","POSSIBLY_PATHOGENIC_MODERATE","Possibly pathogenic"
"17:74923046:G:A","OLI260","Unknown","Usher syndrome type 1",1,TRUE,TRUE,"unique_exact_genomic_allele",TRUE,"Uncertain","POSSIBLY_PATHOGENIC_LOW","Possibly pathogenic"
"17:75730418:T:C","OLI1681","Unknown","Non-Syndromic genetic keratoconus",1,TRUE,TRUE,"unique_exact_genomic_allele",TRUE,"Deleterious","POSSIBLY_PATHOGENIC_LOW","Possibly pathogenic"
"17:75748994:G:C","OLI1685","Unknown","Non-Syndromic genetic keratoconus",1,TRUE,TRUE,"unique_exact_genomic_allele",TRUE,"Uncertain","UNCERTAIN_SIGNIFICANCE","VUS"
"17:75828002:TTGGCCCG:T","OLI056","Unknown","Primary hemophagocytic lymphohistiocytosis",1,TRUE,TRUE,"unique_exact_genomic_allele",TRUE,"","POSSIBLY_PATHOGENIC_LOW","Possibly pathogenic"
"17:75828006:C:G","OLI530","Unknown","Familial hemophagocytic lymphohistiocytosis",1,TRUE,TRUE,"unique_exact_genomic_allele",TRUE,"Uncertain","UNCERTAIN_SIGNIFICANCE","VUS"
"17:75828078:T:C","OLI529","Unknown","Familial hemophagocytic lymphohistiocytosis",1,TRUE,TRUE,"unique_exact_genomic_allele",TRUE,"Benign","BENIGN","B/LB"
"17:75830086:G:A","OLI531","Unknown","Familial hemophagocytic lymphohistiocytosis",1,TRUE,TRUE,"unique_exact_genomic_allele",TRUE,"Uncertain","BENIGN","B/LB"
"17:75830086:G:A","OLI533","Unknown","Familial hemophagocytic lymphohistiocytosis",1,TRUE,TRUE,"unique_exact_genomic_allele",TRUE,"Uncertain","BENIGN","B/LB"
"17:75830086:G:A","OLI540","Unknown","Familial hemophagocytic lymphohistiocytosis",1,TRUE,TRUE,"unique_exact_genomic_allele",TRUE,"Uncertain","BENIGN","B/LB"
"17:75830364:T:C","OLI542","Unknown","Familial hemophagocytic lymphohistiocytosis",1,TRUE,TRUE,"unique_exact_genomic_allele",TRUE,"Uncertain","LIKELY_BENIGN","B/LB"
"17:75830364:T:C","OLI543","Unknown","Familial hemophagocytic lymphohistiocytosis",1,TRUE,TRUE,"unique_exact_genomic_allele",TRUE,"Uncertain","LIKELY_BENIGN","B/LB"
"17:75830572:C:A","OLI523","Unknown","Familial hemophagocytic lymphohistiocytosis",1,TRUE,TRUE,"unique_exact_genomic_allele",TRUE,"Benign","BENIGN","B/LB"
"17:75834380:G:A","OLI527","Unknown","Familial hemophagocytic lymphohistiocytosis",1,TRUE,TRUE,"unique_exact_genomic_allele",TRUE,"Uncertain","UNCERTAIN_SIGNIFICANCE","VUS"
"17:75834679:A:G","OLI544","Unknown","Familial hemophagocytic lymphohistiocytosis",1,TRUE,TRUE,"unique_exact_genomic_allele",TRUE,"Uncertain","POSSIBLY_PATHOGENIC_LOW","Possibly pathogenic"
"17:75834930:T:C","OLI054","Unknown","Primary hemophagocytic lymphohistiocytosis",1,TRUE,TRUE,"unique_exact_genomic_allele",TRUE,"Uncertain","UNCERTAIN_SIGNIFICANCE","VUS"
"17:75835872:G:A","OLI532","Unknown","Familial hemophagocytic lymphohistiocytosis",1,TRUE,TRUE,"unique_exact_genomic_allele",TRUE,"Uncertain","BENIGN","B/LB"
"17:75836338:C:T","OLI541","Unknown","Familial hemophagocytic lymphohistiocytosis",1,TRUE,TRUE,"unique_exact_genomic_allele",TRUE,"Deleterious","PATHOGENIC","P/LP"
"17:75836629:C:A","OLI055","Unknown","Primary hemophagocytic lymphohistiocytosis",1,TRUE,TRUE,"unique_exact_genomic_allele",TRUE,"Uncertain","LIKELY_PATHOGENIC","P/LP"
"17:75836638:C:T","OLI524","Unknown","Familial hemophagocytic lymphohistiocytosis",1,TRUE,TRUE,"unique_exact_genomic_allele",TRUE,"Uncertain","LIKELY_BENIGN","B/LB"
"17:75836699:G:C","OLI053","Unknown","Primary hemophagocytic lymphohistiocytosis",1,TRUE,TRUE,"unique_exact_genomic_allele",TRUE,"Deleterious","POSSIBLY_PATHOGENIC_MODERATE","Possibly pathogenic"
"17:75839858:C:T","OLI528","Unknown","Familial hemophagocytic lymphohistiocytosis",1,TRUE,TRUE,"unique_exact_genomic_allele",TRUE,"Benign","UNCERTAIN_SIGNIFICANCE","VUS"
"17:75839941:GC:TA","OLI980","Unknown","Hemophagocytic syndrome",1,TRUE,TRUE,"unique_exact_genomic_allele",TRUE,"","LIKELY_PATHOGENIC","P/LP"
"17:75840100:G:A","OLI526","Unknown","Familial hemophagocytic lymphohistiocytosis",1,TRUE,TRUE,"unique_exact_genomic_allele",TRUE,"Uncertain","POSSIBLY_PATHOGENIC_LOW","Possibly pathogenic"
"17:75840577:C:T","OLI055","Unknown","Primary hemophagocytic lymphohistiocytosis",1,TRUE,TRUE,"unique_exact_genomic_allele",TRUE,"Deleterious","LIKELY_PATHOGENIC","P/LP"
"17:75842542:G:A","OLI058","Unknown","Primary hemophagocytic lymphohistiocytosis",1,TRUE,TRUE,"unique_exact_genomic_allele",TRUE,"Uncertain","POSSIBLY_PATHOGENIC_LOW","Possibly pathogenic"
"17:75843193:G:A","OLI525","Unknown","Familial hemophagocytic lymphohistiocytosis",1,TRUE,TRUE,"unique_exact_genomic_allele",TRUE,"Uncertain","BENIGN","B/LB"
"17:75843238:T:C","OLI534","Unknown","Familial hemophagocytic lymphohistiocytosis",1,TRUE,TRUE,"unique_exact_genomic_allele",TRUE,"Deleterious","POSSIBLY_PATHOGENIC_MODERATE","Possibly pathogenic"
"17:75843251:C:A","OLI522","Unknown","Familial hemophagocytic lymphohistiocytosis",1,TRUE,TRUE,"unique_exact_genomic_allele",TRUE,"","LIKELY_PATHOGENIC","P/LP"
"17:7673770:T:A","OLI755","Unknown","Isolated anencephaly",1,TRUE,TRUE,"unique_exact_genomic_allele",TRUE,"Uncertain","LIKELY_BENIGN","B/LB"
"17:7675137:C:T","OLI1054","Unknown","Primary ovarian failure",1,TRUE,TRUE,"unique_exact_genomic_allele",TRUE,"Deleterious","LIKELY_PATHOGENIC","P/LP"
"17:78050084:G:A","OLI797","Unknown","Arthrogryposis syndrome",1,TRUE,TRUE,"unique_exact_genomic_allele",TRUE,"Uncertain","POSSIBLY_PATHOGENIC_LOW","Possibly pathogenic"
"17:7848300:TTT:T","OLI1467","Unknown","Rare pervasive developmental disorder",1,FALSE,FALSE,NA,NA,NA,NA,NA
"17:79782067:G:A","OLI1000","Unknown","Androgen insensitivity syndrome; 46,XY disorder of sex development",1,TRUE,TRUE,"unique_exact_genomic_allele",TRUE,"Benign","UNCERTAIN_SIGNIFICANCE","VUS"
"17:8009557:C:T","OLI1682","Unknown","Non-Syndromic genetic keratoconus",1,TRUE,TRUE,"unique_exact_genomic_allele",TRUE,"Uncertain","POSSIBLY_PATHOGENIC_LOW","Possibly pathogenic"
"17:82938132:C:T","OLI929","Unknown","Transposition of the great arteries",1,TRUE,TRUE,"unique_exact_genomic_allele",TRUE,"Uncertain","PATHOGENIC","P/LP"
"18:12337402:A:G","OLI1151","Unknown","Hereditary spastic paraplegia",1,TRUE,TRUE,"unique_exact_genomic_allele",TRUE,"Deleterious","POSSIBLY_PATHOGENIC_MODERATE","Possibly pathogenic"
"18:13752359:T:G","OLI738","Unknown","Isolated anencephaly",1,TRUE,TRUE,"unique_exact_genomic_allele",TRUE,"Uncertain","UNCERTAIN_SIGNIFICANCE","VUS"
"18:20991236:T:A","OLI1432","Unknown","Congenital heart block",1,TRUE,TRUE,"unique_exact_genomic_allele",TRUE,"","POSSIBLY_PATHOGENIC_MODERATE","Possibly pathogenic"
"18:23022190:G:A","OLI1049","Unknown","Primary ovarian failure",1,TRUE,TRUE,"unique_exact_genomic_allele",TRUE,"Uncertain","POSSIBLY_BENIGN","Possibly benign"
"18:23022190:G:A","OLI1056","Unknown","Primary ovarian failure",1,TRUE,TRUE,"unique_exact_genomic_allele",TRUE,"Uncertain","POSSIBLY_BENIGN","Possibly benign"
"18:23534477:G:A","OLI929","Unknown","Transposition of the great arteries",1,TRUE,TRUE,"unique_exact_genomic_allele",TRUE,"Deleterious","LIKELY_PATHOGENIC","P/LP"
"18:23568933:CTCT:CT","OLI1241","Unknown","Niemann-Pick disease type C",1,FALSE,FALSE,NA,NA,NA,NA,NA
"18:23784113:G:A","OLI521","Unknown","Amelogenesis imperfecta",1,TRUE,TRUE,"unique_exact_genomic_allele",TRUE,"Deleterious","POSSIBLY_PATHOGENIC_LOW","Possibly pathogenic"
"18:23845113:C:CT","OLI1641","Dual Molecular Diagnosis","Amelogenesis imperfecta",1,TRUE,TRUE,"unique_exact_genomic_allele",TRUE,"Benign","PATHOGENIC","P/LP"
"18:23899375:G:A","OLI576","Unknown","Hypodontia",1,TRUE,TRUE,"unique_exact_genomic_allele",TRUE,"Benign","LIKELY_BENIGN","B/LB"
"18:23904566:CAAGAGAAACG:G","OLI1733","Unknown","Amelogenesis imperfecta",1,FALSE,FALSE,NA,NA,NA,NA,NA
"18:23914841:G:T","OLI577","Unknown","Hypodontia",1,TRUE,TRUE,"unique_exact_genomic_allele",TRUE,"Deleterious","POSSIBLY_PATHOGENIC_LOW","Possibly pathogenic"
"18:23949813:G:C","OLI1031","Unknown","Severe generalized junctional epidermolysis bullosa",1,TRUE,TRUE,"unique_exact_genomic_allele",TRUE,"Uncertain","LIKELY_BENIGN","B/LB"
"18:2656110:C:A","OLI1384","Unknown","Hypogonadotropic hypogonadism with partial puberty phenotype",1,TRUE,TRUE,"unique_exact_genomic_allele",TRUE,"Benign","POSSIBLY_PATHOGENIC_MODERATE","Possibly pathogenic"
"18:2697040:A:T","OLI1412","Unknown","Hypogonadotropic hypogonadism with absent puberty phenotype",1,TRUE,TRUE,"unique_exact_genomic_allele",TRUE,"Uncertain","POSSIBLY_PATHOGENIC_MODERATE","Possibly pathogenic"
"18:2700842:A:G","OLI1417","Unknown","Hypogonadotropic hypogonadism with absent puberty phenotype",1,TRUE,TRUE,"unique_exact_genomic_allele",TRUE,"Uncertain","LIKELY_PATHOGENIC","P/LP"
"18:2703848:A:G","OLI1407","Unknown","Hypogonadotropic hypogonadism with absent puberty phenotype",1,TRUE,TRUE,"unique_exact_genomic_allele",TRUE,"Uncertain","POSSIBLY_PATHOGENIC_LOW","Possibly pathogenic"
"18:2732322:G:A","OLI1394","Unknown","Hypogonadotropic hypogonadism with partial puberty phenotype",1,TRUE,TRUE,"unique_exact_genomic_allele",TRUE,"Benign","POSSIBLY_PATHOGENIC_MODERATE","Possibly pathogenic"
"18:2772346:AAA:A","OLI051","Monogenic+Modifier","Facioscapulohumeral dystrophy",1,FALSE,FALSE,NA,NA,NA,NA,NA
"18:3084010:T:A","OLI333","Unknown","Amyotrophic lateral sclerosis",1,TRUE,TRUE,"unique_exact_genomic_allele",TRUE,"Benign","POSSIBLY_PATHOGENIC_LOW","Possibly pathogenic"
"18:31068033:T:TTC","OLI268","Unknown","Hypertrophic cardiomyopathy; Arrhythmogenic right ventricular cardiomyopathy",1,TRUE,TRUE,"unique_exact_genomic_allele",TRUE,"","BENIGN","B/LB"
"18:31068118:G:A","OLI647","Unknown","Sudden infant death syndrome",1,TRUE,TRUE,"unique_exact_genomic_allele",TRUE,"Uncertain","POSSIBLY_BENIGN","Possibly benign"
"18:31069003:GC:G","OLI1800","Unknown","Dilated cardiomyopathy",1,TRUE,TRUE,"unique_exact_genomic_allele",TRUE,"Benign","PATHOGENIC","P/LP"
"18:31524751:A:G","OLI268","Unknown","Hypertrophic cardiomyopathy; Arrhythmogenic right ventricular cardiomyopathy",1,TRUE,TRUE,"unique_exact_genomic_allele",TRUE,"Benign","BENIGN","B/LB"
"18:3456422:T:C","OLI1534","Unknown","46,XY disorder of sex development",1,TRUE,TRUE,"unique_exact_genomic_allele",TRUE,"Uncertain","UNCERTAIN_SIGNIFICANCE","VUS"
"18:3457376:G:C","OLI1544","Unknown","46,XY disorder of sex development",1,TRUE,TRUE,"unique_exact_genomic_allele",TRUE,"Deleterious","POSSIBLY_PATHOGENIC_LOW","Possibly pathogenic"
"18:3457420:A:AA","OLI1512","Unknown","46,XY disorder of sex development",1,FALSE,FALSE,NA,NA,NA,NA,NA
"18:46566341:C:T","OLI1690","Unknown","Non-Syndromic genetic keratoconus",1,TRUE,TRUE,"unique_exact_genomic_allele",TRUE,"Uncertain","POSSIBLY_PATHOGENIC_LOW","Possibly pathogenic"
"18:46577834:G:A","OLI1672","Unknown","Non-Syndromic genetic keratoconus",1,TRUE,TRUE,"unique_exact_genomic_allele",TRUE,"Uncertain","POSSIBLY_PATHOGENIC_LOW","Possibly pathogenic"
"18:46610795:G:T","OLI1677","Unknown","Non-Syndromic genetic keratoconus",1,TRUE,TRUE,"unique_exact_genomic_allele",TRUE,"Uncertain","POSSIBLY_PATHOGENIC_LOW","Possibly pathogenic"
"18:51048865:G:A","OLI1145","Unknown","Hereditary diffuse gastric cancer",1,TRUE,TRUE,"unique_exact_genomic_allele",TRUE,"Deleterious","UNCERTAIN_SIGNIFICANCE","VUS"
"18:51054898:C:T","OLI402","Unknown","Non-acquired combined pituitary hormone deficiency",1,TRUE,TRUE,"unique_exact_genomic_allele",TRUE,"Uncertain","UNCERTAIN_SIGNIFICANCE","VUS"
"18:52752234:A:G","OLI844","Unknown","Kallmann syndrome",1,TRUE,TRUE,"unique_exact_genomic_allele",TRUE,"Benign","UNCERTAIN_SIGNIFICANCE","VUS"
"18:52906250:A:G","OLI1376","Unknown","Hypogonadotropic hypogonadism with Fertile Eunuch phenotype",1,TRUE,TRUE,"unique_exact_genomic_allele",TRUE,"Benign","UNCERTAIN_SIGNIFICANCE","VUS"
"18:53339808:G:A","OLI855","Unknown","Kallmann syndrome",1,TRUE,TRUE,"unique_exact_genomic_allele",TRUE,"Benign","UNCERTAIN_SIGNIFICANCE","VUS"
"18:53339815:G:A","OLI1404","Unknown","Hypogonadotropic hypogonadism with absent puberty phenotype",1,TRUE,TRUE,"unique_exact_genomic_allele",TRUE,"Uncertain","UNCERTAIN_SIGNIFICANCE","VUS"
"18:53459309:A:G","OLI1422","Unknown","Hypogonadotropic hypogonadism with absent puberty phenotype",1,TRUE,TRUE,"unique_exact_genomic_allele",TRUE,"Deleterious","POSSIBLY_PATHOGENIC_LOW","Possibly pathogenic"
"18:53467954:G:A","OLI873","Unknown","Kallmann syndrome",1,TRUE,TRUE,"unique_exact_genomic_allele",TRUE,"Uncertain","UNCERTAIN_SIGNIFICANCE","VUS"
"18:53486902:C:T","OLI904","Unknown","Normosmic congenital hypogonadotropic hypogonadism",1,TRUE,TRUE,"unique_exact_genomic_allele",TRUE,"Uncertain","UNCERTAIN_SIGNIFICANCE","VUS"
"18:654556:C:T","OLI1585","Unknown","Dyskeratosis congenita",1,TRUE,TRUE,"unique_exact_genomic_allele",TRUE,"","POSSIBLY_BENIGN","Possibly benign"
"18:657685:G:C","OLI1582","Unknown","Dyskeratosis congenita",1,TRUE,TRUE,"unique_exact_genomic_allele",TRUE,"Benign","BENIGN","B/LB"
"18:657685:G:C","OLI1583","Unknown","Dyskeratosis congenita",1,TRUE,TRUE,"unique_exact_genomic_allele",TRUE,"Benign","BENIGN","B/LB"
"18:657685:G:C","OLI1584","Unknown","Dyskeratosis congenita",1,TRUE,TRUE,"unique_exact_genomic_allele",TRUE,"Benign","BENIGN","B/LB"
"18:657685:G:C","OLI1585","Unknown","Dyskeratosis congenita",1,TRUE,TRUE,"unique_exact_genomic_allele",TRUE,"Benign","BENIGN","B/LB"
"18:657685:G:C","OLI1586","Unknown","Dyskeratosis congenita",1,TRUE,TRUE,"unique_exact_genomic_allele",TRUE,"Benign","BENIGN","B/LB"
"18:659694:G:A","OLI1587","Unknown","Dyskeratosis congenita",1,TRUE,TRUE,"unique_exact_genomic_allele",TRUE,"Deleterious","POSSIBLY_PATHOGENIC_MODERATE","Possibly pathogenic"
"18:662209:C:T","OLI1584","Unknown","Dyskeratosis congenita",1,TRUE,TRUE,"unique_exact_genomic_allele",TRUE,"","PATHOGENIC","P/LP"
"18:669096:A:T","OLI1586","Unknown","Dyskeratosis congenita",1,TRUE,TRUE,"unique_exact_genomic_allele",TRUE,"Deleterious","LIKELY_PATHOGENIC","P/LP"
"18:669101:AAA:A","OLI1582","Unknown","Dyskeratosis congenita",1,FALSE,FALSE,NA,NA,NA,NA,NA
"18:669101:AAA:A","OLI1583","Unknown","Dyskeratosis congenita",1,FALSE,FALSE,NA,NA,NA,NA,NA
"18:669151:A:ATG","OLI1585","Unknown","Dyskeratosis congenita",1,TRUE,TRUE,"unique_exact_genomic_allele",FALSE,"","UNCERTAIN_SIGNIFICANCE","VUS"
"18:673016:C:T","OLI1584","Unknown","Dyskeratosis congenita",1,TRUE,TRUE,"unique_exact_genomic_allele",TRUE,"Benign","BENIGN","B/LB"
"18:673016:C:T","OLI1586","Unknown","Dyskeratosis congenita",1,TRUE,TRUE,"unique_exact_genomic_allele",TRUE,"Benign","BENIGN","B/LB"
"18:673086:A:T","OLI1582","Unknown","Dyskeratosis congenita",1,TRUE,TRUE,"unique_exact_genomic_allele",FALSE,"Benign","POSSIBLY_BENIGN","Possibly benign"
"18:673086:A:T","OLI1583","Unknown","Dyskeratosis congenita",1,TRUE,TRUE,"unique_exact_genomic_allele",FALSE,"Benign","POSSIBLY_BENIGN","Possibly benign"
"18:673086:A:T","OLI1584","Unknown","Dyskeratosis congenita",1,TRUE,TRUE,"unique_exact_genomic_allele",FALSE,"Benign","POSSIBLY_BENIGN","Possibly benign"
"18:673086:A:T","OLI1585","Unknown","Dyskeratosis congenita",1,TRUE,TRUE,"unique_exact_genomic_allele",FALSE,"Benign","POSSIBLY_BENIGN","Possibly benign"
"18:673086:A:T","OLI1586","Unknown","Dyskeratosis congenita",1,TRUE,TRUE,"unique_exact_genomic_allele",FALSE,"Benign","POSSIBLY_BENIGN","Possibly benign"
"18:673452:AAGTTA:AAGTTAAAGTTA","OLI1582","Unknown","Dyskeratosis congenita",1,FALSE,FALSE,NA,NA,NA,NA,NA
"18:673452:AAGTTA:AAGTTAAAGTTA","OLI1583","Unknown","Dyskeratosis congenita",1,FALSE,FALSE,NA,NA,NA,NA,NA
"18:673452:AAGTTA:AAGTTAAAGTTA","OLI1584","Unknown","Dyskeratosis congenita",1,FALSE,FALSE,NA,NA,NA,NA,NA
"18:673452:AAGTTA:AAGTTAAAGTTA","OLI1585","Unknown","Dyskeratosis congenita",1,FALSE,FALSE,NA,NA,NA,NA,NA
"18:673452:AAGTTA:AAGTTAAAGTTA","OLI1586","Unknown","Dyskeratosis congenita",1,FALSE,FALSE,NA,NA,NA,NA,NA
"18:683607:C:T","OLI1582","Unknown","Dyskeratosis congenita",1,TRUE,TRUE,"unique_exact_genomic_allele",TRUE,"Benign","BENIGN","B/LB"
"18:683607:C:T","OLI1583","Unknown","Dyskeratosis congenita",1,TRUE,TRUE,"unique_exact_genomic_allele",TRUE,"Benign","BENIGN","B/LB"
"18:683607:C:T","OLI1584","Unknown","Dyskeratosis congenita",1,TRUE,TRUE,"unique_exact_genomic_allele",TRUE,"Benign","BENIGN","B/LB"
"18:683607:C:T","OLI1585","Unknown","Dyskeratosis congenita",1,TRUE,TRUE,"unique_exact_genomic_allele",TRUE,"Benign","BENIGN","B/LB"
"18:683607:C:T","OLI1586","Unknown","Dyskeratosis congenita",1,TRUE,TRUE,"unique_exact_genomic_allele",TRUE,"Benign","BENIGN","B/LB"
"18:694158:C:T","OLI1587","Unknown","Dyskeratosis congenita",1,TRUE,TRUE,"unique_exact_genomic_allele",TRUE,"Benign","POSSIBLY_BENIGN","Possibly benign"
"18:694842:T:C","OLI1584","Unknown","Dyskeratosis congenita",1,TRUE,TRUE,"unique_exact_genomic_allele",TRUE,"Benign","LIKELY_BENIGN","B/LB"
"18:696402:C:T","OLI1586","Unknown","Dyskeratosis congenita",1,TRUE,TRUE,"unique_exact_genomic_allele",TRUE,"Benign","POSSIBLY_BENIGN","Possibly benign"
"18:6965342:G:A","OLI118","Unknown","X-linked cerebellar ataxia",1,TRUE,TRUE,"unique_exact_genomic_allele",TRUE,"Uncertain","BENIGN","B/LB"
"18:6978312:G:A","OLI118","Unknown","X-linked cerebellar ataxia",1,TRUE,TRUE,"unique_exact_genomic_allele",TRUE,"Uncertain","POSSIBLY_BENIGN","Possibly benign"
"18:706815:A:T","OLI1583","Unknown","Dyskeratosis congenita",1,TRUE,TRUE,"unique_exact_genomic_allele",TRUE,"Benign","BENIGN","B/LB"
"18:74256858:C:G","OLI1535","Unknown","46,XY disorder of sex development",1,TRUE,TRUE,"unique_exact_genomic_allele",TRUE,"Uncertain","UNCERTAIN_SIGNIFICANCE","VUS"
"18:75287806:G:A","OLI402","Unknown","Non-acquired combined pituitary hormone deficiency",1,TRUE,TRUE,"unique_exact_genomic_allele",TRUE,"Benign","UNCERTAIN_SIGNIFICANCE","VUS"
"18:79410979:G:A","OLI248","Unknown","Congenital glaucoma; Rare congenital non-syndromic heart malformation",1,TRUE,TRUE,"unique_exact_genomic_allele",TRUE,"Uncertain","POSSIBLY_PATHOGENIC_LOW","Possibly pathogenic"
"19:10137146:A:C","OLI704","Unknown","Craniorachischisis",1,TRUE,TRUE,"unique_exact_genomic_allele",TRUE,"Uncertain","BENIGN","B/LB"
"19:10357789:G:A","OLI1329","Unknown","Primary immunodeficiency",1,TRUE,TRUE,"unique_exact_genomic_allele",TRUE,"Deleterious","POSSIBLY_PATHOGENIC_MODERATE","Possibly pathogenic"
"19:10378250:C:T","OLI1332","Unknown","Primary immunodeficiency",1,TRUE,TRUE,"unique_exact_genomic_allele",TRUE,"Uncertain","BENIGN","B/LB"
"19:1050997:G:A","OLI1470","Unknown","NON RARE IN EUROPE: Alzheimer disease",1,TRUE,TRUE,"unique_exact_genomic_allele",FALSE,"Uncertain","BENIGN","B/LB"
"19:1050997:G:A","OLI1471","Unknown","NON RARE IN EUROPE: Alzheimer disease",1,TRUE,TRUE,"unique_exact_genomic_allele",FALSE,"Uncertain","BENIGN","B/LB"
"19:1052055:C:T","OLI799","Unknown","Arthrogryposis syndrome",1,TRUE,TRUE,"unique_exact_genomic_allele",TRUE,"Uncertain","POSSIBLY_PATHOGENIC_LOW","Possibly pathogenic"
"19:1055191:C:T","OLI799","Unknown","Arthrogryposis syndrome",1,TRUE,TRUE,"unique_exact_genomic_allele",TRUE,"Uncertain","POSSIBLY_BENIGN","Possibly benign"
"19:1058212:C:T","OLI787","Unknown","Arthrogryposis syndrome",1,TRUE,TRUE,"unique_exact_genomic_allele",TRUE,"Uncertain","POSSIBLY_PATHOGENIC_LOW","Possibly pathogenic"
"19:1058212:C:T","OLI788","Unknown","Arthrogryposis syndrome",1,TRUE,TRUE,"unique_exact_genomic_allele",TRUE,"Uncertain","POSSIBLY_PATHOGENIC_LOW","Possibly pathogenic"
"19:11100286:G:A","OLI500","Unknown","NON RARE IN EUROPE: Heterozygous familial hypercholesterolemia",1,TRUE,TRUE,"unique_exact_genomic_allele",TRUE,"","PATHOGENIC","P/LP"
"19:11105517:G:C","OLI821","Unknown","NON RARE IN EUROPE: Heterozygous familial hypercholesterolemia",1,TRUE,TRUE,"unique_exact_genomic_allele",TRUE,"Deleterious","PATHOGENIC","P/LP"
"19:11107479:G:A","OLI819","Unknown","NON RARE IN EUROPE: Heterozygous familial hypercholesterolemia",1,TRUE,TRUE,"unique_exact_genomic_allele",TRUE,"Deleterious","PATHOGENIC","P/LP"
"19:11107513:C:A","OLI820","Unknown","NON RARE IN EUROPE: Heterozygous familial hypercholesterolemia",1,TRUE,TRUE,"unique_exact_genomic_allele",TRUE,"Benign","PATHOGENIC","P/LP"
"19:11129554:A:T","OLI817","Unknown","NON RARE IN EUROPE: Heterozygous familial hypercholesterolemia",1,TRUE,TRUE,"unique_exact_genomic_allele",TRUE,"","PATHOGENIC","P/LP"
"19:11129554:A:T","OLI818","Unknown","NON RARE IN EUROPE: Heterozygous familial hypercholesterolemia",1,TRUE,TRUE,"unique_exact_genomic_allele",TRUE,"","PATHOGENIC","P/LP"
"19:13208764:G:T","OLI1469","Unknown","Rare pervasive developmental disorder",1,TRUE,TRUE,"unique_exact_genomic_allele",TRUE,"Uncertain","POSSIBLY_PATHOGENIC_LOW","Possibly pathogenic"
"19:13235700:G:A","OLI1152","Unknown","Hereditary spastic paraplegia",1,TRUE,TRUE,"unique_exact_genomic_allele",TRUE,"Deleterious","LIKELY_PATHOGENIC","P/LP"
"19:1456968:C:T","OLI1059","Unknown","Primary ovarian failure",1,TRUE,TRUE,"unique_exact_genomic_allele",TRUE,"Uncertain","UNCERTAIN_SIGNIFICANCE","VUS"
"19:1466188:C:T","OLI1048","Unknown","Primary ovarian failure",1,TRUE,TRUE,"unique_exact_genomic_allele",TRUE,"Uncertain","UNCERTAIN_SIGNIFICANCE","VUS"
"19:15161096:G:A","OLI004","Unknown","Idiopathic pulmonary arterial hypertension",1,TRUE,TRUE,"unique_exact_genomic_allele",TRUE,"Benign","BENIGN","B/LB"
"19:15181577:T:C","OLI1044","Unknown","Primary ovarian failure",1,TRUE,TRUE,"unique_exact_genomic_allele",TRUE,"Deleterious","LIKELY_PATHOGENIC","P/LP"
"19:15185667:T:C","OLI003","Unknown","Idiopathic pulmonary arterial hypertension",1,TRUE,TRUE,"unique_exact_genomic_allele",TRUE,"Uncertain","POSSIBLY_PATHOGENIC_LOW","Possibly pathogenic"
"19:15197516:G:A","OLI002","Unknown","Idiopathic pulmonary arterial hypertension",1,TRUE,TRUE,"unique_exact_genomic_allele",TRUE,"Uncertain","POSSIBLY_BENIGN","Possibly benign"
"19:16897926:C:CA","OLI1683","Unknown","Non-Syndromic genetic keratoconus",1,TRUE,TRUE,"unique_exact_genomic_allele",TRUE,"Uncertain","LIKELY_PATHOGENIC","P/LP"
"19:17656274:G:A","OLI330","Unknown","Amyotrophic lateral sclerosis",1,TRUE,TRUE,"unique_exact_genomic_allele",TRUE,"Uncertain","UNCERTAIN_SIGNIFICANCE","VUS"
"19:18062283:G:A","OLI1334","Unknown","Primary immunodeficiency",1,TRUE,TRUE,"unique_exact_genomic_allele",TRUE,"Benign","LIKELY_BENIGN","B/LB"
"19:18931625:C:G","OLI1698","Unknown","Major depressive disorder",1,TRUE,TRUE,"unique_exact_genomic_allele",TRUE,"Deleterious","POSSIBLY_PATHOGENIC_LOW","Possibly pathogenic"
"19:2249468:C:G","OLI1390","Unknown","Hypogonadotropic hypogonadism with partial puberty phenotype",1,TRUE,TRUE,"unique_exact_genomic_allele",TRUE,"Uncertain","POSSIBLY_PATHOGENIC_LOW","Possibly pathogenic"
"19:2249568:A:G","OLI1138","Unknown","Mayer-Rokitansky-Küster-Hauser syndrome",1,TRUE,TRUE,"unique_exact_genomic_allele",TRUE,"Uncertain","UNCERTAIN_SIGNIFICANCE","VUS"
"19:2249627:A:T","OLI1410","Unknown","Hypogonadotropic hypogonadism with absent puberty phenotype",1,TRUE,TRUE,"unique_exact_genomic_allele",TRUE,"Uncertain","POSSIBLY_PATHOGENIC_LOW","Possibly pathogenic"
"19:2250352:C:T","OLI668","Unknown","46,XY disorder of sex development",1,TRUE,TRUE,"unique_exact_genomic_allele",TRUE,"Benign","BENIGN","B/LB"
"19:2250375:C:T","OLI1137","Unknown","Mayer-Rokitansky-Küster-Hauser syndrome",1,TRUE,TRUE,"unique_exact_genomic_allele",TRUE,"Uncertain","LIKELY_PATHOGENIC","P/LP"
"19:2250477:C:G","OLI1580","Unknown","Syndrome with 46,XY disorder of sex development",1,TRUE,TRUE,"unique_exact_genomic_allele",TRUE,"Uncertain","POSSIBLY_BENIGN","Possibly benign"
"19:2251248:A:G","OLI1136","Unknown","Mayer-Rokitansky-Küster-Hauser syndrome",1,TRUE,TRUE,"unique_exact_genomic_allele",TRUE,"Uncertain","BENIGN","B/LB"
"19:2251265:T:C","OLI1560","Unknown","Syndrome with 46,XY disorder of sex development",1,TRUE,TRUE,"unique_exact_genomic_allele",TRUE,"Deleterious","BENIGN","B/LB"
"19:2251487:G:C","OLI1401","Unknown","Hypogonadotropic hypogonadism with absent puberty phenotype",1,TRUE,TRUE,"unique_exact_genomic_allele",TRUE,"Uncertain","POSSIBLY_PATHOGENIC_LOW","Possibly pathogenic"
"19:2251830:C:T","OLI1569","Unknown","Syndrome with 46,XY disorder of sex development",1,TRUE,TRUE,"unique_exact_genomic_allele",TRUE,"Benign","BENIGN","B/LB"
"19:2251940:G:A","OLI1424","Unknown","Hypogonadotropic hypogonadism with absent puberty phenotype",1,TRUE,TRUE,"unique_exact_genomic_allele",TRUE,"Uncertain","UNCERTAIN_SIGNIFICANCE","VUS"
"19:29702836:C:T","OLI462","Unknown","Mitochondrial membrane protein-associated neurodegeneration",1,TRUE,TRUE,"unique_exact_genomic_allele",TRUE,"","PATHOGENIC","P/LP"
"19:32859885:C:T","OLI1612","Unknown","Dent disease",1,TRUE,TRUE,"unique_exact_genomic_allele",TRUE,"Uncertain","LIKELY_BENIGN","B/LB"
"19:32862127:T:C","OLI178","Monogenic+Modifier","Cystinuria",1,TRUE,TRUE,"unique_exact_genomic_allele",TRUE,"Deleterious","POSSIBLY_PATHOGENIC_MODERATE","Possibly pathogenic"
"19:32864261:C:G","OLI166","Monogenic+Modifier","Cystinuria",1,TRUE,TRUE,"unique_exact_genomic_allele",TRUE,"Deleterious","PATHOGENIC","P/LP"
"19:32864261:C:G","OLI178","Monogenic+Modifier","Cystinuria",1,TRUE,TRUE,"unique_exact_genomic_allele",TRUE,"Deleterious","PATHOGENIC","P/LP"
"19:32864261:C:G","OLI179","Monogenic+Modifier","Cystinuria",1,TRUE,TRUE,"unique_exact_genomic_allele",TRUE,"Deleterious","PATHOGENIC","P/LP"
"19:35039160:T:C","OLI829","Unknown","Benign familial infantile epilepsy",1,TRUE,TRUE,"unique_exact_genomic_allele",TRUE,"Benign","BENIGN","B/LB"
"19:35284845:GATGGT:G","OLI186","True Digenic","Rare hereditary hemochromatosis",1,TRUE,TRUE,"unique_exact_genomic_allele",TRUE,"","LIKELY_PATHOGENIC","P/LP"
"19:35284999:G:A","OLI187","Monogenic+Modifier","Rare hereditary hemochromatosis",1,TRUE,TRUE,"unique_exact_genomic_allele",TRUE,"Uncertain","BENIGN","B/LB"
"19:35842551:C:T","OLI255","Unknown","Congenital nephrotic syndrome",1,TRUE,TRUE,"unique_exact_genomic_allele",TRUE,"Deleterious","PATHOGENIC","P/LP"
"19:35845357:G:T","OLI257","Unknown","Congenital nephrotic syndrome",1,TRUE,TRUE,"unique_exact_genomic_allele",TRUE,"Benign","POSSIBLY_BENIGN","Possibly benign"
"19:35849285:G:C","OLI321","Unknown","Genetic steroid-resistant nephrotic syndrome",1,TRUE,TRUE,"unique_exact_genomic_allele",TRUE,"Uncertain","BENIGN","B/LB"
"19:35850409:T:A","OLI256","Unknown","Congenital nephrotic syndrome",1,TRUE,TRUE,"unique_exact_genomic_allele",TRUE,"Uncertain","BENIGN","B/LB"
"19:35851386:T:G","OLI501","Unknown","Genetic steroid-resistant nephrotic syndrome",1,TRUE,TRUE,"unique_exact_genomic_allele",TRUE,"Deleterious","LIKELY_PATHOGENIC","P/LP"
"19:38390455:CG:C","OLI846","Unknown","Normosmic congenital hypogonadotropic hypogonadism",1,TRUE,TRUE,"unique_exact_genomic_allele",TRUE,"Benign","POSSIBLY_PATHOGENIC_MODERATE","Possibly pathogenic"
"19:38475370:C:A","OLI1464","Unknown","Rare pervasive developmental disorder",1,TRUE,TRUE,"unique_exact_genomic_allele",TRUE,"Uncertain","POSSIBLY_PATHOGENIC_MODERATE","Possibly pathogenic"
"19:38580085:C:T","OLI807","Unknown","Recurrent exertional rhabdomyolysis",1,TRUE,TRUE,"unique_exact_genomic_allele",TRUE,"Deleterious","LIKELY_PATHOGENIC","P/LP"
"19:38930601:C:T","OLI005","Unknown","Pulmonary arterial hypertension associated with congenital heart disease",1,TRUE,TRUE,"unique_exact_genomic_allele",TRUE,"Uncertain","POSSIBLY_BENIGN","Possibly benign"
"19:39488079:C:T","OLI806","Unknown","Recurrent exertional rhabdomyolysis",1,TRUE,TRUE,"unique_exact_genomic_allele",TRUE,"Uncertain","POSSIBLY_PATHOGENIC_MODERATE","Possibly pathogenic"
"19:41219353:C:T","OLI422","Unknown","Normosmic congenital hypogonadotropic hypogonadism",1,TRUE,TRUE,"unique_exact_genomic_allele",TRUE,"Benign","BENIGN","B/LB"
"19:41219353:C:T","OLI423","Unknown","Normosmic congenital hypogonadotropic hypogonadism",1,TRUE,TRUE,"unique_exact_genomic_allele",TRUE,"Benign","BENIGN","B/LB"
"19:41219397:C:T","OLI1410","Unknown","Hypogonadotropic hypogonadism with absent puberty phenotype",1,TRUE,TRUE,"unique_exact_genomic_allele",FALSE,"Benign","POSSIBLY_PATHOGENIC_LOW","Possibly pathogenic"
"19:41222038:C:T","OLI421","Unknown","Normosmic congenital hypogonadotropic hypogonadism",1,TRUE,TRUE,"unique_exact_genomic_allele",TRUE,"Benign","UNCERTAIN_SIGNIFICANCE","VUS"
"19:41242913:G:T","OLI902","Unknown","Normosmic congenital hypogonadotropic hypogonadism",1,TRUE,TRUE,"unique_exact_genomic_allele",TRUE,"Uncertain","BENIGN","B/LB"
"19:41248525:G:A","OLI1597","Unknown","Normosmic congenital hypogonadotropic hypogonadism",1,TRUE,TRUE,"unique_exact_genomic_allele",TRUE,"Uncertain","LIKELY_BENIGN","B/LB"
"19:41248555:C:T","OLI845","Unknown","Kallmann syndrome",1,TRUE,TRUE,"unique_exact_genomic_allele",TRUE,"Uncertain","UNCERTAIN_SIGNIFICANCE","VUS"
"19:41248595:A:G","OLI883","Unknown","Kallmann syndrome",1,TRUE,TRUE,"unique_exact_genomic_allele",TRUE,"Uncertain","UNCERTAIN_SIGNIFICANCE","VUS"
"19:41253638:A:G","OLI894","Unknown","Normosmic congenital hypogonadotropic hypogonadism",1,TRUE,TRUE,"unique_exact_genomic_allele",TRUE,"Uncertain","POSSIBLY_PATHOGENIC_LOW","Possibly pathogenic"
"19:41256534:C:T","OLI1428","Unknown","Hypogonadotropic hypogonadism with absent puberty phenotype",1,TRUE,TRUE,"unique_exact_genomic_allele",TRUE,"Uncertain","UNCERTAIN_SIGNIFICANCE","VUS"
"19:41259789:C:T","OLI1424","Unknown","Hypogonadotropic hypogonadism with absent puberty phenotype",1,TRUE,TRUE,"unique_exact_genomic_allele",TRUE,"Benign","UNCERTAIN_SIGNIFICANCE","VUS"
"19:41410816:C:T","OLI1019","Unknown","Maple syrup urine disease",1,TRUE,TRUE,"unique_exact_genomic_allele",TRUE,"Benign","LIKELY_BENIGN","B/LB"
"19:41861204:C:T","OLI1739","True Digenic","Diamond-Blackfan anemia",1,TRUE,TRUE,"unique_exact_genomic_allele",TRUE,"Benign","LIKELY_BENIGN","B/LB"
"19:43543662:G:A","OLI750","Unknown","Isolated anencephaly",1,TRUE,TRUE,"unique_exact_genomic_allele",TRUE,"Uncertain","POSSIBLY_PATHOGENIC_LOW","Possibly pathogenic"
"19:43575439:C:A","OLI700","Unknown","Isolated anencephaly",1,TRUE,TRUE,"unique_exact_genomic_allele",TRUE,"Uncertain","LIKELY_BENIGN","B/LB"
"19:44908684:T:C","OLI1470","Unknown","NON RARE IN EUROPE: Alzheimer disease",1,TRUE,TRUE,"unique_exact_genomic_allele",TRUE,"Uncertain","UNCERTAIN_SIGNIFICANCE","VUS"
"19:44908684:T:C","OLI1471","Unknown","NON RARE IN EUROPE: Alzheimer disease",1,TRUE,TRUE,"unique_exact_genomic_allele",TRUE,"Uncertain","UNCERTAIN_SIGNIFICANCE","VUS"
"19:45368679:A:C","OLI695","Unknown","Isolated anencephaly",1,TRUE,TRUE,"unique_exact_genomic_allele",TRUE,"Deleterious","POSSIBLY_PATHOGENIC_LOW","Possibly pathogenic"
"19:45765575:C:T","OLI960","Unknown","Non-acquired combined pituitary hormone deficiency",1,TRUE,TRUE,"unique_exact_genomic_allele",TRUE,"Uncertain","UNCERTAIN_SIGNIFICANCE","VUS"
"19:46919535:A:G","OLI1384","Unknown","Hypogonadotropic hypogonadism with partial puberty phenotype",1,TRUE,TRUE,"unique_exact_genomic_allele",TRUE,"Benign","POSSIBLY_PATHOGENIC_MODERATE","Possibly pathogenic"
"19:48452856:C:T","OLI331","Unknown","Amyotrophic lateral sclerosis",1,TRUE,TRUE,"unique_exact_genomic_allele",TRUE,"Benign","POSSIBLY_PATHOGENIC_LOW","Possibly pathogenic"
"19:49016130:C:T","OLI1105","Unknown","Kallmann syndrome",1,TRUE,TRUE,"unique_exact_genomic_allele",TRUE,"Uncertain","LIKELY_BENIGN","B/LB"
"19:49016130:C:T","OLI1110","Unknown","Kallmann syndrome",1,TRUE,TRUE,"unique_exact_genomic_allele",TRUE,"Uncertain","LIKELY_BENIGN","B/LB"
"19:49016130:C:T","OLI890","Unknown","Normosmic congenital hypogonadotropic hypogonadism",1,TRUE,TRUE,"unique_exact_genomic_allele",TRUE,"Uncertain","LIKELY_BENIGN","B/LB"
"19:49016130:C:T","OLI914","Unknown","Normosmic congenital hypogonadotropic hypogonadism",1,TRUE,TRUE,"unique_exact_genomic_allele",TRUE,"Uncertain","LIKELY_BENIGN","B/LB"
"19:49016232:G:A","OLI858","Unknown","Kallmann syndrome",1,TRUE,TRUE,"unique_exact_genomic_allele",TRUE,"Uncertain","POSSIBLY_BENIGN","Possibly benign"
"19:49016232:G:A","OLI891","Unknown","Normosmic congenital hypogonadotropic hypogonadism",1,TRUE,TRUE,"unique_exact_genomic_allele",TRUE,"Uncertain","POSSIBLY_BENIGN","Possibly benign"
"19:49016232:G:A","OLI911","Unknown","Normosmic congenital hypogonadotropic hypogonadism",1,TRUE,TRUE,"unique_exact_genomic_allele",TRUE,"Uncertain","POSSIBLY_BENIGN","Possibly benign"
"19:49016242:G:C","OLI893","Unknown","Normosmic congenital hypogonadotropic hypogonadism",1,TRUE,TRUE,"unique_exact_genomic_allele",TRUE,"Uncertain","UNCERTAIN_SIGNIFICANCE","VUS"
"19:49016242:G:C","OLI909","Unknown","Normosmic congenital hypogonadotropic hypogonadism",1,TRUE,TRUE,"unique_exact_genomic_allele",TRUE,"Uncertain","UNCERTAIN_SIGNIFICANCE","VUS"
"19:49196760:G:A","OLI183","Monogenic+Modifier","Brugada syndrome",1,TRUE,TRUE,"unique_exact_genomic_allele",TRUE,"Uncertain","LIKELY_BENIGN","B/LB"
"19:49808791:G:T","OLI338","Unknown","Isolated Klippel-Feil syndrome",1,TRUE,TRUE,"unique_exact_genomic_allele",TRUE,"Benign","UNCERTAIN_SIGNIFICANCE","VUS"
"19:49829083:T:C","OLI405","Dual Molecular Diagnosis","Autosomal recessive spinocerebellar ataxia,Intellectual disability",1,TRUE,TRUE,"unique_exact_genomic_allele",TRUE,"Uncertain","POSSIBLY_PATHOGENIC_LOW","Possibly pathogenic"
"19:50792318:T:C","OLI1735","Unknown","Amelogenesis imperfecta",1,TRUE,TRUE,"unique_exact_genomic_allele",TRUE,"Uncertain","POSSIBLY_PATHOGENIC_LOW","Possibly pathogenic"
"19:50795076:C:A","OLI1735","Unknown","Amelogenesis imperfecta",1,TRUE,TRUE,"unique_exact_genomic_allele",TRUE,"Benign","POSSIBLY_PATHOGENIC_LOW","Possibly pathogenic"
"19:51531295:C:A","OLI1333","Unknown","Primary immunodeficiency",1,TRUE,TRUE,"unique_exact_genomic_allele",TRUE,"Benign","BENIGN","B/LB"
"19:53794107:G:A","OLI1765","Unknown","Autoinflammatory syndrome",1,TRUE,TRUE,"unique_exact_genomic_allele",TRUE,"Uncertain","POSSIBLY_PATHOGENIC_LOW","Possibly pathogenic"
"19:53798409:C:G","OLI1764","Unknown","Autoinflammatory syndrome",1,TRUE,TRUE,"unique_exact_genomic_allele",TRUE,"Uncertain","POSSIBLY_BENIGN","Possibly benign"
"19:53809805:G:T","OLI1760","Unknown","Autoinflammatory syndrome",1,TRUE,TRUE,"unique_exact_genomic_allele",TRUE,"","LIKELY_PATHOGENIC","P/LP"
"19:53810316:C:G","OLI1778","Unknown","Autoinflammatory syndrome",1,TRUE,TRUE,"unique_exact_genomic_allele",TRUE,"Uncertain","LIKELY_BENIGN","B/LB"
"19:53810316:C:G","OLI1782","Unknown","Autoinflammatory syndrome",1,TRUE,TRUE,"unique_exact_genomic_allele",TRUE,"Uncertain","LIKELY_BENIGN","B/LB"
"19:53810453:G:C","OLI1761","Unknown","Autoinflammatory syndrome",1,TRUE,TRUE,"unique_exact_genomic_allele",TRUE,"Uncertain","BENIGN","B/LB"
"19:53810453:G:C","OLI1762","Unknown","Autoinflammatory syndrome",1,TRUE,TRUE,"unique_exact_genomic_allele",TRUE,"Uncertain","BENIGN","B/LB"
"19:53810453:G:C","OLI1763","Unknown","Autoinflammatory syndrome",1,TRUE,TRUE,"unique_exact_genomic_allele",TRUE,"Uncertain","BENIGN","B/LB"
"19:53810453:G:C","OLI1766","Unknown","Autoinflammatory syndrome",1,TRUE,TRUE,"unique_exact_genomic_allele",TRUE,"Uncertain","BENIGN","B/LB"
"19:53810453:G:C","OLI1767","Unknown","Autoinflammatory syndrome",1,TRUE,TRUE,"unique_exact_genomic_allele",TRUE,"Uncertain","BENIGN","B/LB"
"19:53810453:G:C","OLI1779","Unknown","Autoinflammatory syndrome",1,TRUE,TRUE,"unique_exact_genomic_allele",TRUE,"Uncertain","BENIGN","B/LB"
"19:53810453:G:C","OLI1780","Unknown","Autoinflammatory syndrome",1,TRUE,TRUE,"unique_exact_genomic_allele",TRUE,"Uncertain","BENIGN","B/LB"
"19:53810453:G:C","OLI1781","Unknown","Autoinflammatory syndrome",1,TRUE,TRUE,"unique_exact_genomic_allele",TRUE,"Uncertain","BENIGN","B/LB"
"19:53810453:G:C","OLI1785","Unknown","Autoinflammatory syndrome",1,TRUE,TRUE,"unique_exact_genomic_allele",TRUE,"Uncertain","BENIGN","B/LB"
"19:54122530:CAA:C","OLI446","Unknown","Retinitis pigmentosa",1,TRUE,TRUE,"unique_exact_genomic_allele",TRUE,"Benign","PATHOGENIC","P/LP"
"19:57160705:G:A","OLI1679","Unknown","Non-Syndromic genetic keratoconus",1,TRUE,TRUE,"unique_exact_genomic_allele",TRUE,"Uncertain","UNCERTAIN_SIGNIFICANCE","VUS"
"19:6693001:T:G","OLI514","True Digenic","Atypical hemolytic uremic syndrome",1,TRUE,TRUE,"unique_exact_genomic_allele",TRUE,"Uncertain","POSSIBLY_PATHOGENIC_LOW","Possibly pathogenic"
"19:7125507:C:T","OLI715","Unknown","Isolated anencephaly",1,TRUE,TRUE,"unique_exact_genomic_allele",TRUE,"Uncertain","BENIGN","B/LB"
"19:7184629:TCG:G","OLI1745","Unknown","46,XY disorder of sex development",1,FALSE,FALSE,NA,NA,NA,NA,NA
"19:7540951:CTGCCCGGG:ACCGTGT","OLI814","Unknown","Kallmann syndrome",1,TRUE,TRUE,"unique_exact_genomic_allele",TRUE,"","LIKELY_PATHOGENIC","P/LP"
"19:7541612:G:C","OLI1390","Unknown","Hypogonadotropic hypogonadism with partial puberty phenotype",1,TRUE,TRUE,"unique_exact_genomic_allele",TRUE,"Benign","POSSIBLY_PATHOGENIC_MODERATE","Possibly pathogenic"
"19:7541986:G:A","OLI1400","Unknown","Hypogonadotropic hypogonadism with absent puberty phenotype",1,TRUE,TRUE,"unique_exact_genomic_allele",TRUE,"Benign","POSSIBLY_PATHOGENIC_LOW","Possibly pathogenic"
"19:7542669:G:A","OLI848","Unknown","Normosmic congenital hypogonadotropic hypogonadism",1,TRUE,TRUE,"unique_exact_genomic_allele",TRUE,"Benign","POSSIBLY_PATHOGENIC_MODERATE","Possibly pathogenic"
"19:7542855:C:T","OLI1411","Unknown","Hypogonadotropic hypogonadism with absent puberty phenotype",1,TRUE,TRUE,"unique_exact_genomic_allele",TRUE,"Benign","BENIGN","B/LB"
"19:7542855:C:T","OLI1421","Unknown","Hypogonadotropic hypogonadism with absent puberty phenotype",1,TRUE,TRUE,"unique_exact_genomic_allele",TRUE,"Benign","BENIGN","B/LB"
"19:7553973:G:A","OLI1417","Unknown","Hypogonadotropic hypogonadism with absent puberty phenotype",1,TRUE,TRUE,"unique_exact_genomic_allele",TRUE,"Benign","BENIGN","B/LB"
"19:7554244:G:A","OLI1323","Unknown","Kallmann syndrome",1,TRUE,TRUE,"unique_exact_genomic_allele",TRUE,"Benign","POSSIBLY_PATHOGENIC_LOW","Possibly pathogenic"
"19:7561542:G:A","OLI1413","Unknown","Hypogonadotropic hypogonadism with absent puberty phenotype",1,TRUE,TRUE,"unique_exact_genomic_allele",TRUE,"Benign","BENIGN","B/LB"
"19:7637160:C:T","OLI053","Unknown","Primary hemophagocytic lymphohistiocytosis",1,TRUE,TRUE,"unique_exact_genomic_allele",TRUE,"Benign","UNCERTAIN_SIGNIFICANCE","VUS"
"19:7641843:C:T","OLI545","Unknown","Familial hemophagocytic lymphohistiocytosis",1,TRUE,TRUE,"unique_exact_genomic_allele",TRUE,"Deleterious","POSSIBLY_PATHOGENIC_MODERATE","Possibly pathogenic"
"19:7642047:A:C","OLI025","Unknown","Primary hemophagocytic lymphohistiocytosis",1,TRUE,TRUE,"unique_exact_genomic_allele",TRUE,"Uncertain","UNCERTAIN_SIGNIFICANCE","VUS"
"19:7642263:C:T","OLI543","Unknown","Familial hemophagocytic lymphohistiocytosis",1,TRUE,TRUE,"unique_exact_genomic_allele",TRUE,"Deleterious","POSSIBLY_PATHOGENIC_LOW","Possibly pathogenic"
"19:7642425:C:T","OLI539","Unknown","Familial hemophagocytic lymphohistiocytosis",1,TRUE,TRUE,"unique_exact_genomic_allele",TRUE,"Benign","BENIGN","B/LB"
"19:7642774:C:T","OLI540","Unknown","Familial hemophagocytic lymphohistiocytosis",1,TRUE,TRUE,"unique_exact_genomic_allele",TRUE,"Uncertain","POSSIBLY_PATHOGENIC_LOW","Possibly pathogenic"
"19:7643172:C:T","OLI535","Unknown","Familial hemophagocytic lymphohistiocytosis",1,TRUE,TRUE,"unique_exact_genomic_allele",TRUE,"Uncertain","BENIGN","B/LB"
"19:7643172:C:T","OLI536","Unknown","Familial hemophagocytic lymphohistiocytosis",1,TRUE,TRUE,"unique_exact_genomic_allele",TRUE,"Uncertain","BENIGN","B/LB"
"19:7643172:C:T","OLI546","Unknown","Familial hemophagocytic lymphohistiocytosis",1,TRUE,TRUE,"unique_exact_genomic_allele",TRUE,"Uncertain","BENIGN","B/LB"
"19:7647168:G:A","OLI538","Unknown","Familial hemophagocytic lymphohistiocytosis",1,TRUE,TRUE,"unique_exact_genomic_allele",TRUE,"Uncertain","LIKELY_BENIGN","B/LB"
"19:7647401:G:C","OLI537","Unknown","Familial hemophagocytic lymphohistiocytosis",1,TRUE,TRUE,"unique_exact_genomic_allele",TRUE,"Uncertain","BENIGN","B/LB"
"19:7647489:G:T","OLI057","Unknown","Primary hemophagocytic lymphohistiocytosis",1,TRUE,TRUE,"unique_exact_genomic_allele",TRUE,"Uncertain","POSSIBLY_PATHOGENIC_LOW","Possibly pathogenic"
"19:852882:C:T","OLI1793","Unknown","Severe congenital neutropenia",1,TRUE,TRUE,"unique_exact_genomic_allele",TRUE,"Uncertain","POSSIBLY_PATHOGENIC_LOW","Possibly pathogenic"
"19:917651:C:A","OLI1345","Unknown","Kallmann syndrome",1,TRUE,TRUE,"unique_exact_genomic_allele",TRUE,"Benign","UNCERTAIN_SIGNIFICANCE","VUS"
"19:919521:C:T","OLI861","Unknown","Kallmann syndrome",1,TRUE,TRUE,"unique_exact_genomic_allele",TRUE,"Deleterious","POSSIBLY_PATHOGENIC_LOW","Possibly pathogenic"
"19:919527:T:G","OLI1291","Unknown","Kallmann syndrome",1,TRUE,TRUE,"unique_exact_genomic_allele",TRUE,"Deleterious","POSSIBLY_PATHOGENIC_MODERATE","Possibly pathogenic"
"19:919544:T:G","OLI1281","Unknown","Normosmic congenital hypogonadotropic hypogonadism",1,TRUE,TRUE,"unique_exact_genomic_allele",TRUE,"Uncertain","UNCERTAIN_SIGNIFICANCE","VUS"
"19:919883:C:T","OLI1265","Unknown","Normosmic congenital hypogonadotropic hypogonadism",1,TRUE,TRUE,"unique_exact_genomic_allele",TRUE,"Benign","UNCERTAIN_SIGNIFICANCE","VUS"
"19:919920:AC:A","OLI1264","Unknown","Normosmic congenital hypogonadotropic hypogonadism",1,TRUE,TRUE,"unique_exact_genomic_allele",TRUE,"Benign","LIKELY_PATHOGENIC","P/LP"
"19:919933:G:A","OLI208","Unknown","Kallmann syndrome",1,TRUE,TRUE,"unique_exact_genomic_allele",TRUE,"Benign","BENIGN","B/LB"
"19:919933:G:A","OLI375","Unknown","Normosmic congenital hypogonadotropic hypogonadism",1,TRUE,TRUE,"unique_exact_genomic_allele",TRUE,"Benign","BENIGN","B/LB"
"19:919949:C:A","OLI366","Unknown","Kallmann syndrome",1,TRUE,TRUE,"unique_exact_genomic_allele",TRUE,"Benign","POSSIBLY_PATHOGENIC_LOW","Possibly pathogenic"
"19:919955:C:A","OLI895","Unknown","Normosmic congenital hypogonadotropic hypogonadism",1,TRUE,TRUE,"unique_exact_genomic_allele",TRUE,"Uncertain","LIKELY_BENIGN","B/LB"
"19:920323:C:T","OLI1596","Unknown","Normosmic congenital hypogonadotropic hypogonadism",1,TRUE,TRUE,"unique_exact_genomic_allele",TRUE,"Deleterious","POSSIBLY_PATHOGENIC_MODERATE","Possibly pathogenic"
"19:920480:G:A","OLI1355","Unknown","Normosmic congenital hypogonadotropic hypogonadism",1,TRUE,TRUE,"unique_exact_genomic_allele",TRUE,"Uncertain","UNCERTAIN_SIGNIFICANCE","VUS"
"19:920542:C:T","OLI1400","Unknown","Hypogonadotropic hypogonadism with absent puberty phenotype",1,TRUE,TRUE,"unique_exact_genomic_allele",TRUE,"","LIKELY_PATHOGENIC","P/LP"
"19:920746:T:A","OLI1284","Unknown","Normosmic congenital hypogonadotropic hypogonadism",1,TRUE,TRUE,"unique_exact_genomic_allele",TRUE,"","PATHOGENIC","P/LP"
"19:920746:T:A","OLI1400","Unknown","Hypogonadotropic hypogonadism with absent puberty phenotype",1,TRUE,TRUE,"unique_exact_genomic_allele",TRUE,"","PATHOGENIC","P/LP"
"19:9986603:C:T","OLI1694","Unknown","Non-Syndromic genetic keratoconus",1,TRUE,TRUE,"unique_exact_genomic_allele",TRUE,"Deleterious","UNCERTAIN_SIGNIFICANCE","VUS"
"1:100206295:C:T","OLI1019","Unknown","Maple syrup urine disease",1,TRUE,TRUE,"unique_exact_genomic_allele",TRUE,"Uncertain","UNCERTAIN_SIGNIFICANCE","VUS"
"1:10365422:G:A","OLI335","Unknown","Amyotrophic lateral sclerosis",1,TRUE,TRUE,"unique_exact_genomic_allele",TRUE,"Deleterious","UNCERTAIN_SIGNIFICANCE","VUS"
"1:1041319:T:C","OLI1308","Unknown","Catecholaminergic polymorphic ventricular tachycardia",1,TRUE,TRUE,"unique_exact_genomic_allele",TRUE,"Uncertain","UNCERTAIN_SIGNIFICANCE","VUS"
"1:1046214:G:A","OLI1063","Unknown","Primary ovarian failure",1,TRUE,TRUE,"unique_exact_genomic_allele",TRUE,"Uncertain","POSSIBLY_PATHOGENIC_LOW","Possibly pathogenic"
"1:109250455:C:A","OLI734","Unknown","Craniorachischisis",1,TRUE,TRUE,"unique_exact_genomic_allele",TRUE,"Benign","BENIGN","B/LB"
"1:109251815:G:C","OLI753","Unknown","Isolated anencephaly",1,TRUE,TRUE,"unique_exact_genomic_allele",TRUE,"Uncertain","POSSIBLY_BENIGN","Possibly benign"
"1:109251971:C:T","OLI731","Unknown","Isolated anencephaly",1,TRUE,TRUE,"unique_exact_genomic_allele",TRUE,"Uncertain","BENIGN","B/LB"
"1:109253120:T:A","OLI747","Unknown","Isolated anencephaly",1,TRUE,TRUE,"unique_exact_genomic_allele",TRUE,"Uncertain","BENIGN","B/LB"
"1:109258643:C:G","OLI704","Unknown","Craniorachischisis",1,TRUE,TRUE,"unique_exact_genomic_allele",TRUE,"Uncertain","UNCERTAIN_SIGNIFICANCE","VUS"
"1:109258921:A:G","OLI699","Unknown","Isolated anencephaly",1,TRUE,TRUE,"unique_exact_genomic_allele",TRUE,"Uncertain","BENIGN","B/LB"
"1:109258921:A:G","OLI701","Unknown","Isolated anencephaly",1,TRUE,TRUE,"unique_exact_genomic_allele",TRUE,"Uncertain","BENIGN","B/LB"
"1:109258921:A:G","OLI720","Unknown","Isolated anencephaly",1,TRUE,TRUE,"unique_exact_genomic_allele",TRUE,"Uncertain","BENIGN","B/LB"
"1:109258921:A:G","OLI736","Unknown","Isolated anencephaly",1,TRUE,TRUE,"unique_exact_genomic_allele",TRUE,"Uncertain","BENIGN","B/LB"
"1:109258921:A:G","OLI746","Unknown","Isolated anencephaly",1,TRUE,TRUE,"unique_exact_genomic_allele",TRUE,"Uncertain","BENIGN","B/LB"
"1:109273261:C:T","OLI763","Unknown","Isolated anencephaly",1,TRUE,TRUE,"unique_exact_genomic_allele",TRUE,"Benign","BENIGN","B/LB"
"1:11022268:G:A","OLI1588","Unknown","Amyotrophic lateral sclerosis",1,FALSE,TRUE,"exact_allele_multiple_variant_ids",NA,NA,NA,NA
"1:11022268:G:A","OLI1620","Unknown","Amyotrophic lateral sclerosis",1,FALSE,TRUE,"exact_allele_multiple_variant_ids",NA,NA,NA,NA
"1:11022268:G:A","OLI279","Unknown","Amyotrophic lateral sclerosis",1,FALSE,TRUE,"exact_allele_multiple_variant_ids",NA,NA,NA,NA
"1:11022290:G:C","OLI1309","Unknown","Amyotrophic lateral sclerosis",1,TRUE,TRUE,"unique_exact_genomic_allele",TRUE,"Uncertain","LIKELY_PATHOGENIC","P/LP"
"1:11022290:G:C","OLI1310","Unknown","NON RARE IN EUROPE: Alzheimer disease",1,TRUE,TRUE,"unique_exact_genomic_allele",TRUE,"Uncertain","LIKELY_PATHOGENIC","P/LP"
"1:11022290:G:C","OLI1312","Unknown","Frontotemporal dementia",1,TRUE,TRUE,"unique_exact_genomic_allele",TRUE,"Uncertain","LIKELY_PATHOGENIC","P/LP"
"1:11022290:G:T","OLI1458","Unknown","Amyotrophic lateral sclerosis",1,FALSE,TRUE,"exact_allele_multiple_variant_ids",NA,NA,NA,NA
"1:11022290:G:T","OLI1459","Unknown","Amyotrophic lateral sclerosis",1,FALSE,TRUE,"exact_allele_multiple_variant_ids",NA,NA,NA,NA
"1:11022290:G:T","OLI1636","Unknown","Amyotrophic lateral sclerosis",1,FALSE,TRUE,"exact_allele_multiple_variant_ids",NA,NA,NA,NA
"1:11022290:G:T","OLI659","Unknown","Amyotrophic lateral sclerosis",1,FALSE,TRUE,"exact_allele_multiple_variant_ids",NA,NA,NA,NA
"1:11022302:G:T","OLI1702","Unknown","Amyotrophic lateral sclerosis",1,TRUE,TRUE,"unique_exact_genomic_allele",TRUE,"Uncertain","LIKELY_PATHOGENIC","P/LP"
"1:11022352:G:A","OLI437","Unknown","Amyotrophic lateral sclerosis",1,TRUE,TRUE,"unique_exact_genomic_allele",TRUE,"Uncertain","PATHOGENIC","P/LP"
"1:11022371:C:T","OLI770","Unknown","Amyotrophic lateral sclerosis",1,TRUE,TRUE,"unique_exact_genomic_allele",TRUE,"Uncertain","LIKELY_PATHOGENIC","P/LP"
"1:11022464:A:G","OLI765","Unknown","Amyotrophic lateral sclerosis",1,TRUE,TRUE,"unique_exact_genomic_allele",TRUE,"Uncertain","PATHOGENIC","P/LP"
"1:11022578:A:G","OLI404","Unknown","Facial onset sensory and motor neuronopathy",1,TRUE,TRUE,"unique_exact_genomic_allele",TRUE,"Uncertain","PATHOGENIC","P/LP"
"1:11022652:TAGACA:ATCGATG","OLI1638","Unknown","Amyotrophic lateral sclerosis",1,TRUE,TRUE,"unique_exact_genomic_allele",TRUE,"","POSSIBLY_PATHOGENIC_LOW","Possibly pathogenic"
"1:110951644:T:C","OLI1707","Unknown","Rare pervasive developmental disorder",1,TRUE,TRUE,"unique_exact_genomic_allele",TRUE,"Benign","UNCERTAIN_SIGNIFICANCE","VUS"
"1:11128501:G:A","OLI859","Unknown","Kallmann syndrome",1,TRUE,TRUE,"unique_exact_genomic_allele",TRUE,"Deleterious","UNCERTAIN_SIGNIFICANCE","VUS"
"1:11248046:C:T","OLI877","Unknown","Kallmann syndrome",1,TRUE,TRUE,"unique_exact_genomic_allele",TRUE,"Uncertain","UNCERTAIN_SIGNIFICANCE","VUS"
"1:11257130:G:A","OLI1238","Unknown","Recurrent implantation failure,Primary infertility",1,TRUE,TRUE,"unique_exact_genomic_allele",TRUE,"","POSSIBLY_PATHOGENIC_MODERATE","Possibly pathogenic"
"1:11258589:C:T","OLI906","Unknown","Normosmic congenital hypogonadotropic hypogonadism",1,TRUE,TRUE,"unique_exact_genomic_allele",TRUE,"Uncertain","POSSIBLY_PATHOGENIC_LOW","Possibly pathogenic"
"1:114716126:C:G","OLI1578","Unknown","Syndrome with 46,XY disorder of sex development",1,TRUE,TRUE,"unique_exact_genomic_allele",TRUE,"Deleterious","PATHOGENIC","P/LP"
"1:11794028:T:A","OLI706","Unknown","Isolated anencephaly",1,TRUE,TRUE,"unique_exact_genomic_allele",TRUE,"Uncertain","BENIGN","B/LB"
"1:11796385:G:A","OLI709","Unknown","Isolated anencephaly",1,TRUE,TRUE,"unique_exact_genomic_allele",TRUE,"Deleterious","LIKELY_PATHOGENIC","P/LP"
"1:11802981:G:A","OLI434","Unknown","Rare pervasive developmental disorder",1,TRUE,TRUE,"unique_exact_genomic_allele",TRUE,"Uncertain","LIKELY_BENIGN","B/LB"
"1:119415447:G:A","OLI300","Unknown","Non-syndromic posterior hypospadias",1,TRUE,TRUE,"unique_exact_genomic_allele",TRUE,"Deleterious","LIKELY_PATHOGENIC","P/LP"
"1:119422208:T:C","OLI601","Unknown","Disorder of sex development",1,TRUE,TRUE,"unique_exact_genomic_allele",TRUE,"Uncertain","BENIGN","B/LB"
"1:119915939:C:T","OLI352","Unknown","46,XY disorder of sex development",1,TRUE,TRUE,"unique_exact_genomic_allele",TRUE,"Benign","POSSIBLY_BENIGN","Possibly benign"
"1:119916359:C:G","OLI603","Unknown","Disorder of sex development",1,TRUE,TRUE,"unique_exact_genomic_allele",TRUE,"Uncertain","POSSIBLY_BENIGN","Possibly benign"
"1:119926524:T:C","OLI601","Unknown","Disorder of sex development",1,TRUE,TRUE,"unique_exact_genomic_allele",TRUE,"Uncertain","BENIGN","B/LB"
"1:119948590:G:T","OLI344","Unknown","46,XY disorder of sex development",1,TRUE,TRUE,"unique_exact_genomic_allele",TRUE,"Benign","BENIGN","B/LB"
"1:119948590:G:T","OLI347","Unknown","46,XY disorder of sex development",1,TRUE,TRUE,"unique_exact_genomic_allele",TRUE,"Benign","BENIGN","B/LB"
"1:119955175:G:T","OLI1054","Unknown","Primary ovarian failure",1,TRUE,TRUE,"unique_exact_genomic_allele",TRUE,"Deleterious","POSSIBLY_PATHOGENIC_MODERATE","Possibly pathogenic"
"1:11997298:CTG:C","OLI210","Monogenic+Modifier","Charcot-Marie-Tooth disease/Hereditary motor and sensory neuropathy",1,TRUE,TRUE,"unique_exact_genomic_allele",TRUE,"Benign","LIKELY_PATHOGENIC","P/LP"
"1:12004835:G:A","OLI111","Monogenic+Modifier","Charcot-Marie-Tooth disease/Hereditary motor and sensory neuropathy",1,TRUE,TRUE,"unique_exact_genomic_allele",TRUE,"Uncertain","BENIGN","B/LB"
"1:120069364:G:A","OLI258","True Digenic","Central precocious puberty",1,TRUE,TRUE,"unique_exact_genomic_allele",TRUE,"Uncertain","POSSIBLY_PATHOGENIC_LOW","Possibly pathogenic"
"1:1336468:G:A","OLI745","Unknown","Isolated anencephaly",1,TRUE,TRUE,"unique_exact_genomic_allele",TRUE,"Benign","BENIGN","B/LB"
"1:1338407:G:A","OLI732","Unknown","Isolated anencephaly",1,TRUE,TRUE,"unique_exact_genomic_allele",TRUE,"Uncertain","UNCERTAIN_SIGNIFICANCE","VUS"
"1:1342415:G:A","OLI751","Unknown","Isolated anencephaly",1,TRUE,TRUE,"unique_exact_genomic_allele",TRUE,"Uncertain","BENIGN","B/LB"
"1:147758953:C:A","OLI981","Unknown","Torsade-de-pointes syndrome with short coupling interval",1,TRUE,TRUE,"unique_exact_genomic_allele",TRUE,"Deleterious","UNCERTAIN_SIGNIFICANCE","VUS"
"1:151399625:C:CG","OLI117","True Digenic","CANDLE syndrome",1,TRUE,TRUE,"unique_exact_genomic_allele",TRUE,"Benign","PATHOGENIC","P/LP"
"1:153547759:G:A","OLI074","Unknown","Idiopathic pulmonary fibrosis",1,TRUE,TRUE,"unique_exact_genomic_allele",TRUE,"Benign","BENIGN","B/LB"
"1:153618950:CCAAT:C","OLI074","Unknown","Idiopathic pulmonary fibrosis",1,TRUE,TRUE,"unique_exact_genomic_allele",TRUE,"","POSSIBLY_PATHOGENIC_MODERATE","Possibly pathogenic"
"1:154273880:T:TG","OLI1793","Unknown","Severe congenital neutropenia",1,TRUE,TRUE,"unique_exact_genomic_allele",TRUE,"Benign","PATHOGENIC","P/LP"
"1:15445660:G:A","OLI674","Unknown","Hereditary chronic pancreatitis",1,TRUE,TRUE,"unique_exact_genomic_allele",TRUE,"Deleterious","BENIGN","B/LB"
"1:15445694:GCAAGAAGCCGGTAGTCTACACCCG:G","OLI675","Unknown","Hereditary chronic pancreatitis",1,FALSE,FALSE,NA,NA,NA,NA,NA
"1:15445717:C:T","OLI676","Unknown","Hereditary chronic pancreatitis",1,TRUE,TRUE,"unique_exact_genomic_allele",TRUE,"Deleterious","POSSIBLY_BENIGN","Possibly benign"
"1:155236366:C:T","OLI1309","Unknown","Amyotrophic lateral sclerosis",1,TRUE,TRUE,"unique_exact_genomic_allele",TRUE,"Uncertain","POSSIBLY_PATHOGENIC_MODERATE","Possibly pathogenic"
"1:155236366:C:T","OLI1310","Unknown","NON RARE IN EUROPE: Alzheimer disease",1,TRUE,TRUE,"unique_exact_genomic_allele",TRUE,"Uncertain","POSSIBLY_PATHOGENIC_MODERATE","Possibly pathogenic"
"1:155236366:C:T","OLI1311","Unknown","NON RARE IN EUROPE: Alzheimer disease",1,TRUE,TRUE,"unique_exact_genomic_allele",TRUE,"Uncertain","POSSIBLY_PATHOGENIC_MODERATE","Possibly pathogenic"
"1:156134812:G:A","OLI1797","Unknown","Dilated cardiomyopathy",1,TRUE,TRUE,"unique_exact_genomic_allele",TRUE,"Deleterious","PATHOGENIC","P/LP"
"1:156136099:C:T","OLI077","Monogenic+Modifier","Emery-Dreifuss muscular dystrophy",1,TRUE,TRUE,"unique_exact_genomic_allele",TRUE,"Deleterious","LIKELY_PATHOGENIC","P/LP"
"1:156136275:T:A","OLI189","Unknown","Emery-Dreifuss muscular dystrophy",1,TRUE,TRUE,"unique_exact_genomic_allele",TRUE,"Uncertain","POSSIBLY_PATHOGENIC_LOW","Possibly pathogenic"
"1:156138719:C:T","OLI190","Monogenic+Modifier","Emery-Dreifuss muscular dystrophy",1,TRUE,TRUE,"unique_exact_genomic_allele",TRUE,"Uncertain","BENIGN","B/LB"
"1:156700559:C:T","OLI698","Unknown","Isolated anencephaly",1,TRUE,TRUE,"unique_exact_genomic_allele",TRUE,"Uncertain","POSSIBLY_BENIGN","Possibly benign"
"1:160041491:G:A","OLI241","True Digenic","Pendred syndrome",1,TRUE,TRUE,"unique_exact_genomic_allele",TRUE,"Uncertain","POSSIBLY_PATHOGENIC_MODERATE","Possibly pathogenic"
"1:160041952:G:T","OLI242","Unknown","Pendred syndrome",1,TRUE,TRUE,"unique_exact_genomic_allele",TRUE,"Deleterious","LIKELY_PATHOGENIC","P/LP"
"1:16055524:G:A","OLI444","Unknown","Renal tubular dysgenesis",1,TRUE,TRUE,"unique_exact_genomic_allele",TRUE,"Deleterious","LIKELY_PATHOGENIC","P/LP"
"1:161196711:C:T","OLI1047","Unknown","Primary ovarian failure",1,TRUE,TRUE,"unique_exact_genomic_allele",TRUE,"Uncertain","UNCERTAIN_SIGNIFICANCE","VUS"
"1:16135086:G:A","OLI317","Unknown","Pendred syndrome",1,TRUE,TRUE,"unique_exact_genomic_allele",TRUE,"Uncertain","BENIGN","B/LB"
"1:16135086:G:A","OLI939","Unknown","Pendred syndrome",1,TRUE,TRUE,"unique_exact_genomic_allele",TRUE,"Uncertain","BENIGN","B/LB"
"1:16138102:C:T","OLI316","Unknown","Pendred syndrome",1,TRUE,TRUE,"unique_exact_genomic_allele",TRUE,"Uncertain","POSSIBLY_BENIGN","Possibly benign"
"1:165411067:C:A","OLI919","Unknown","Isolated spina bifida",1,TRUE,TRUE,"unique_exact_genomic_allele",TRUE,"Benign","UNCERTAIN_SIGNIFICANCE","VUS"
"1:167389600:A:G","OLI328","Unknown","Amyotrophic lateral sclerosis",1,TRUE,TRUE,"unique_exact_genomic_allele",TRUE,"Uncertain","BENIGN","B/LB"
"1:167389603:C:T","OLI333","Unknown","Amyotrophic lateral sclerosis",1,TRUE,TRUE,"unique_exact_genomic_allele",TRUE,"Uncertain","UNCERTAIN_SIGNIFICANCE","VUS"
"1:168701110:T:C","OLI248","Unknown","Congenital glaucoma; Rare congenital non-syndromic heart malformation",1,TRUE,TRUE,"unique_exact_genomic_allele",TRUE,"Uncertain","UNCERTAIN_SIGNIFICANCE","VUS"
"1:168701110:T:C","OLI249","True Digenic","Congenital glaucoma",1,TRUE,TRUE,"unique_exact_genomic_allele",TRUE,"Uncertain","UNCERTAIN_SIGNIFICANCE","VUS"
"1:169549811:T:A","OLI455","Unknown","Familial exudative vitreoretinopathy",1,TRUE,TRUE,"unique_exact_genomic_allele",TRUE,"Uncertain","POSSIBLY_PATHOGENIC_LOW","Possibly pathogenic"
"1:16968366:G:A","OLI983","Unknown","Overgrowth or tall stature syndrome with skeletal involvement",1,TRUE,TRUE,"unique_exact_genomic_allele",TRUE,"Uncertain","UNCERTAIN_SIGNIFICANCE","VUS"
"1:16991751:C:T","OLI941","Unknown","Amyotrophic lateral sclerosis",1,TRUE,TRUE,"unique_exact_genomic_allele",TRUE,"Deleterious","POSSIBLY_PATHOGENIC_LOW","Possibly pathogenic"
"1:171636331:G:A","OLI1796","Unknown","Juvenile glaucoma",1,TRUE,TRUE,"unique_exact_genomic_allele",TRUE,"Deleterious","PATHOGENIC","P/LP"
"1:171652468:C:A","OLI169","True Digenic","Congenital glaucoma",1,TRUE,TRUE,"unique_exact_genomic_allele",TRUE,"Uncertain","BENIGN","B/LB"
"1:179551376:CA:C","OLI321","Unknown","Genetic steroid-resistant nephrotic syndrome",1,TRUE,TRUE,"unique_exact_genomic_allele",TRUE,"Benign","PATHOGENIC","P/LP"
"1:179557079:C:T","OLI255","Unknown","Congenital nephrotic syndrome",1,TRUE,TRUE,"unique_exact_genomic_allele",TRUE,"Uncertain","POSSIBLY_BENIGN","Possibly benign"
"1:179557143:C:T","OLI320","True Digenic","Genetic steroid-resistant nephrotic syndrome",1,TRUE,TRUE,"unique_exact_genomic_allele",TRUE,"Uncertain","POSSIBLY_PATHOGENIC_MODERATE","Possibly pathogenic"
"1:179561303:CT:C","OLI256","Unknown","Congenital nephrotic syndrome",1,TRUE,TRUE,"unique_exact_genomic_allele",TRUE,"Uncertain","PATHOGENIC","P/LP"
"1:179561327:C:T","OLI257","Unknown","Congenital nephrotic syndrome",1,TRUE,TRUE,"unique_exact_genomic_allele",TRUE,"Deleterious","PATHOGENIC","P/LP"
"1:179561327:C:T","OLI321","Unknown","Genetic steroid-resistant nephrotic syndrome",1,TRUE,TRUE,"unique_exact_genomic_allele",TRUE,"Deleterious","PATHOGENIC","P/LP"
"1:179561327:C:T","OLI501","Unknown","Genetic steroid-resistant nephrotic syndrome",1,TRUE,TRUE,"unique_exact_genomic_allele",TRUE,"Deleterious","PATHOGENIC","P/LP"
"1:180266502:G:A","OLI960","Unknown","Non-acquired combined pituitary hormone deficiency",1,TRUE,TRUE,"unique_exact_genomic_allele",TRUE,"Deleterious","POSSIBLY_PATHOGENIC_MODERATE","Possibly pathogenic"
"1:180266527:C:T","OLI1162","Unknown","Kallmann syndrome",1,TRUE,TRUE,"unique_exact_genomic_allele",TRUE,"Benign","BENIGN","B/LB"
"1:180266527:C:T","OLI1163","Unknown","Kallmann syndrome",1,TRUE,TRUE,"unique_exact_genomic_allele",TRUE,"Benign","BENIGN","B/LB"
"1:180266527:C:T","OLI1172","Unknown","Kallmann syndrome",1,TRUE,TRUE,"unique_exact_genomic_allele",TRUE,"Benign","BENIGN","B/LB"
"1:180266528:G:A","OLI1529","Unknown","46,XY disorder of sex development",1,TRUE,TRUE,"unique_exact_genomic_allele",TRUE,"Deleterious","BENIGN","B/LB"
"1:180274319:G:T","OLI1160","Unknown","Kallmann syndrome",1,TRUE,TRUE,"unique_exact_genomic_allele",TRUE,"Uncertain","UNCERTAIN_SIGNIFICANCE","VUS"
"1:183103622:C:T","OLI1142","Unknown","Mayer-Rokitansky-Küster-Hauser syndrome",1,TRUE,TRUE,"unique_exact_genomic_allele",TRUE,"Uncertain","UNCERTAIN_SIGNIFICANCE","VUS"
"1:183126189:G:T","OLI728","Unknown","Isolated anencephaly",1,TRUE,TRUE,"unique_exact_genomic_allele",TRUE,"Benign","UNCERTAIN_SIGNIFICANCE","VUS"
"1:183577618:A:G","OLI1716","Unknown","Common variable immunodeficiency",1,TRUE,TRUE,"unique_exact_genomic_allele",TRUE,"Deleterious","POSSIBLY_PATHOGENIC_LOW","Possibly pathogenic"
"1:185734888:G:A","OLI1333","Unknown","Primary immunodeficiency",1,TRUE,TRUE,"unique_exact_genomic_allele",TRUE,"Benign","POSSIBLY_PATHOGENIC_LOW","Possibly pathogenic"
"1:186007238:A:G","OLI1333","Unknown","Primary immunodeficiency",1,TRUE,TRUE,"unique_exact_genomic_allele",TRUE,"Uncertain","BENIGN","B/LB"
"1:201078005:C:A","OLI809","Unknown","Recurrent exertional rhabdomyolysis",1,TRUE,TRUE,"unique_exact_genomic_allele",TRUE,"Deleterious","LIKELY_BENIGN","B/LB"
"1:201317608:C:G","OLI1042","Unknown","Primary ovarian failure",1,TRUE,TRUE,"unique_exact_genomic_allele",TRUE,"Deleterious","POSSIBLY_PATHOGENIC_MODERATE","Possibly pathogenic"
"1:201361317:A:C","OLI1799","Unknown","Dilated cardiomyopathy",1,TRUE,TRUE,"unique_exact_genomic_allele",TRUE,"Deleterious","POSSIBLY_PATHOGENIC_MODERATE","Possibly pathogenic"
"1:201361317:A:C","OLI1800","Unknown","Dilated cardiomyopathy",1,TRUE,TRUE,"unique_exact_genomic_allele",TRUE,"Deleterious","POSSIBLY_PATHOGENIC_MODERATE","Possibly pathogenic"
"1:201364357:G:A","OLI1212","Unknown","Left ventricular noncompaction",1,TRUE,TRUE,"unique_exact_genomic_allele",TRUE,"Deleterious","PATHOGENIC","P/LP"
"1:201365657:T:G","OLI416","True Digenic","Dilated cardiomyopathy",1,TRUE,TRUE,"unique_exact_genomic_allele",TRUE,"Uncertain","LIKELY_PATHOGENIC","P/LP"
"1:201786529:C:A","OLI574","Unknown","Disorder of sex development",1,TRUE,TRUE,"unique_exact_genomic_allele",TRUE,"Uncertain","POSSIBLY_BENIGN","Possibly benign"
"1:203068617:C:G","OLI1030","Unknown","Isolated focal cortical dysplasia",1,TRUE,TRUE,"unique_exact_genomic_allele",TRUE,"Deleterious","POSSIBLY_PATHOGENIC_LOW","Possibly pathogenic"
"1:205061966:C:A","OLI851","Unknown","Normosmic congenital hypogonadotropic hypogonadism",1,TRUE,TRUE,"unique_exact_genomic_allele",TRUE,"Uncertain","LIKELY_BENIGN","B/LB"
"1:205066512:C:G","OLI914","Unknown","Normosmic congenital hypogonadotropic hypogonadism",1,TRUE,TRUE,"unique_exact_genomic_allele",TRUE,"Uncertain","POSSIBLY_BENIGN","Possibly benign"
"1:20633718:G:GCG","OLI127","Monogenic+Modifier","Parkinson disease",1,FALSE,FALSE,NA,NA,NA,NA,NA
"1:20633912:G:A","OLI229","Unknown","Parkinson disease",1,TRUE,TRUE,"unique_exact_genomic_allele",TRUE,"Benign","UNCERTAIN_SIGNIFICANCE","VUS"
"1:20648577:C:T","OLI209","True Digenic","Young-onset Parkinson disease",1,TRUE,TRUE,"unique_exact_genomic_allele",TRUE,"Uncertain","POSSIBLY_PATHOGENIC_MODERATE","Possibly pathogenic"
"1:20648601:G:A","OLI128","Unknown","Parkinson disease",1,TRUE,TRUE,"unique_exact_genomic_allele",TRUE,"Uncertain","POSSIBLY_BENIGN","Possibly benign"
"1:20649169:G:A","OLI129","Unknown","Parkinson disease",1,TRUE,TRUE,"unique_exact_genomic_allele",TRUE,"Benign","BENIGN","B/LB"
"1:20649187:G:A","OLI230","Unknown","Parkinson disease",1,TRUE,TRUE,"unique_exact_genomic_allele",TRUE,"Uncertain","POSSIBLY_BENIGN","Possibly benign"
"1:20650557:A:C","OLI228","Unknown","Parkinson disease",1,TRUE,TRUE,"unique_exact_genomic_allele",TRUE,"Uncertain","UNCERTAIN_SIGNIFICANCE","VUS"
"1:207752314:G:A","OLI514","True Digenic","Atypical hemolytic uremic syndrome",1,TRUE,TRUE,"unique_exact_genomic_allele",TRUE,"Deleterious","POSSIBLY_PATHOGENIC_MODERATE","Possibly pathogenic"
"1:209625721:G:A","OLI126","True Digenic","Junctional epidermolysis bullosa",1,TRUE,TRUE,"unique_exact_genomic_allele",TRUE,"","PATHOGENIC","P/LP"
"1:209629854:A:G","OLI1031","Unknown","Severe generalized junctional epidermolysis bullosa",1,TRUE,TRUE,"unique_exact_genomic_allele",TRUE,"Benign","BENIGN","B/LB"
"1:210094355:C:T","OLI935","Unknown","Schizophrenia",1,TRUE,TRUE,"unique_exact_genomic_allele",TRUE,"Benign","LIKELY_BENIGN","B/LB"
"1:211479115:G:A","OLI424","Unknown","Normosmic congenital hypogonadotropic hypogonadism",1,TRUE,TRUE,"unique_exact_genomic_allele",TRUE,"Uncertain","POSSIBLY_PATHOGENIC_LOW","Possibly pathogenic"
"1:212615202:G:T","OLI602","Unknown","Disorder of sex development",1,TRUE,TRUE,"unique_exact_genomic_allele",TRUE,"Benign","UNCERTAIN_SIGNIFICANCE","VUS"
"1:212859170:AC:A","OLI449","Unknown","Retinitis pigmentosa",1,TRUE,TRUE,"unique_exact_genomic_allele",TRUE,"Benign","LIKELY_PATHOGENIC","P/LP"
"1:215634667:G:T","OLI106","Unknown","Usher syndrome type 2",1,TRUE,TRUE,"unique_exact_genomic_allele",TRUE,"","PATHOGENIC","P/LP"
"1:215671166:C:G","OLI449","Unknown","Retinitis pigmentosa",1,TRUE,TRUE,"unique_exact_genomic_allele",TRUE,"Benign","LIKELY_BENIGN","B/LB"
"1:215674595:G:A","OLI121","Unknown","Usher syndrome type 2",1,TRUE,TRUE,"unique_exact_genomic_allele",TRUE,"Uncertain","PATHOGENIC","P/LP"
"1:215675351:C:T","OLI552","Unknown","Retinitis pigmentosa",1,TRUE,TRUE,"unique_exact_genomic_allele",TRUE,"Benign","PATHOGENIC","P/LP"
"1:215779952:C:G","OLI449","Unknown","Retinitis pigmentosa",1,TRUE,TRUE,"unique_exact_genomic_allele",TRUE,"Deleterious","POSSIBLY_PATHOGENIC_LOW","Possibly pathogenic"
"1:215798944:A:C","OLI103","True Digenic","Usher syndrome type 1",1,TRUE,TRUE,"unique_exact_genomic_allele",TRUE,"Uncertain","LIKELY_PATHOGENIC","P/LP"
"1:215900872:G:A","OLI1663","Unknown","Bardet-Biedl syndrome",1,TRUE,TRUE,"unique_exact_genomic_allele",TRUE,"Uncertain","BENIGN","B/LB"
"1:216175360:ACTCT:A","OLI121","Unknown","Usher syndrome type 2",1,TRUE,TRUE,"unique_exact_genomic_allele",TRUE,"","PATHOGENIC","P/LP"
"1:216190279:CAG:C","OLI120","Monogenic+Modifier","Usher syndrome type 2",1,TRUE,TRUE,"unique_exact_genomic_allele",TRUE,"Benign","PATHOGENIC","P/LP"
"1:216198357:TTCCAGCCA:T","OLI107","Unknown","Usher syndrome type 2",1,TRUE,TRUE,"unique_exact_genomic_allele",TRUE,"","LIKELY_PATHOGENIC","P/LP"
"1:216198476:G:C","OLI105","True Digenic","Usher syndrome type 2",1,TRUE,TRUE,"unique_exact_genomic_allele",TRUE,"","PATHOGENIC","P/LP"
"1:216198494:C:A","OLI101","Unknown","Usher syndrome type 1",1,TRUE,TRUE,"unique_exact_genomic_allele",TRUE,"Uncertain","BENIGN","B/LB"
"1:216246592:A:C","OLI449","Unknown","Retinitis pigmentosa",1,TRUE,TRUE,"unique_exact_genomic_allele",TRUE,"Deleterious","PATHOGENIC","P/LP"
"1:216321921:A:G","OLI105","True Digenic","Usher syndrome type 2",1,TRUE,TRUE,"unique_exact_genomic_allele",TRUE,"Deleterious","PATHOGENIC","P/LP"
"1:216325448:G:A","OLI552","Unknown","Retinitis pigmentosa",1,TRUE,TRUE,"unique_exact_genomic_allele",TRUE,"Uncertain","PATHOGENIC","P/LP"
"1:216325451:A:G","OLI1319","Unknown","Rare genetic deafness",1,TRUE,TRUE,"unique_exact_genomic_allele",TRUE,"Uncertain","POSSIBLY_BENIGN","Possibly benign"
"1:217782323:G:A","OLI782","Unknown","Male infertility due to sperm disorder",1,TRUE,TRUE,"unique_exact_genomic_allele",TRUE,"Deleterious","POSSIBLY_PATHOGENIC_MODERATE","Possibly pathogenic"
"1:21833926:CT:C","OLI1028","Dual Molecular Diagnosis","Short stature-brachydactyly-obesity-global developmental delay syndrome",1,TRUE,TRUE,"unique_exact_genomic_allele",TRUE,"Deleterious","LIKELY_PATHOGENIC","P/LP"
"1:21838891:G:A","OLI1679","Unknown","Non-Syndromic genetic keratoconus",1,TRUE,TRUE,"unique_exact_genomic_allele",TRUE,"Uncertain","POSSIBLY_PATHOGENIC_LOW","Possibly pathogenic"
"1:21841138:C:T","OLI1683","Unknown","Non-Syndromic genetic keratoconus",1,TRUE,TRUE,"unique_exact_genomic_allele",TRUE,"Benign","POSSIBLY_PATHOGENIC_LOW","Possibly pathogenic"
"1:21880535:G:A","OLI1676","Unknown","Syndromic genetic keratoconus",1,TRUE,TRUE,"unique_exact_genomic_allele",TRUE,"Uncertain","UNCERTAIN_SIGNIFICANCE","VUS"
"1:21895954:C:T","OLI1028","Dual Molecular Diagnosis","Short stature-brachydactyly-obesity-global developmental delay syndrome",1,TRUE,TRUE,"unique_exact_genomic_allele",TRUE,"Benign","POSSIBLY_PATHOGENIC_LOW","Possibly pathogenic"
"1:220151373:T:C","OLI1427","Unknown","Hypogonadotropic hypogonadism with absent puberty phenotype",1,TRUE,TRUE,"unique_exact_genomic_allele",TRUE,"Benign","BENIGN","B/LB"
"1:220210410:C:T","OLI1381","Unknown","Hypogonadotropic hypogonadism with Fertile Eunuch phenotype",1,TRUE,TRUE,"unique_exact_genomic_allele",TRUE,"Benign","UNCERTAIN_SIGNIFICANCE","VUS"
"1:220210415:T:C","OLI1426","Unknown","Hypogonadotropic hypogonadism with absent puberty phenotype",1,TRUE,TRUE,"unique_exact_genomic_allele",TRUE,"Benign","UNCERTAIN_SIGNIFICANCE","VUS"
"1:22120210:G:A","OLI1231","Unknown","Recurrent Pregnancy Loss",1,TRUE,TRUE,"unique_exact_genomic_allele",TRUE,"Deleterious","POSSIBLY_PATHOGENIC_LOW","Possibly pathogenic"
"1:22120277:G:T","OLI1141","Unknown","Mayer-Rokitansky-Küster-Hauser syndrome",1,TRUE,TRUE,"unique_exact_genomic_allele",TRUE,"Deleterious","POSSIBLY_PATHOGENIC_LOW","Possibly pathogenic"
"1:22120367:G:A","OLI1140","Unknown","Mayer-Rokitansky-Küster-Hauser syndrome",1,TRUE,TRUE,"unique_exact_genomic_allele",TRUE,"Uncertain","POSSIBLY_PATHOGENIC_LOW","Possibly pathogenic"
"1:22120496:C:T","OLI683","Unknown","Holoprosencephaly",1,TRUE,TRUE,"unique_exact_genomic_allele",TRUE,"Uncertain","UNCERTAIN_SIGNIFICANCE","VUS"
"1:223004684:T:C","OLI407","Monogenic+Modifier","Holoprosencephaly",1,TRUE,TRUE,"unique_exact_genomic_allele",TRUE,"Uncertain","BENIGN","B/LB"
"1:226883799:T:C","OLI657","Unknown","Amyotrophic lateral sclerosis",1,TRUE,TRUE,"unique_exact_genomic_allele",TRUE,"Deleterious","POSSIBLY_PATHOGENIC_MODERATE","Possibly pathogenic"
"1:226984903:C:T","OLI405","Dual Molecular Diagnosis","Autosomal recessive spinocerebellar ataxia,Intellectual disability",1,TRUE,TRUE,"unique_exact_genomic_allele",TRUE,"Uncertain","UNCERTAIN_SIGNIFICANCE","VUS"
"1:227921546:C:T","OLI604","Unknown","Disorder of sex development",1,TRUE,TRUE,"unique_exact_genomic_allele",TRUE,"Uncertain","POSSIBLY_BENIGN","Possibly benign"
"1:227921546:C:T","OLI693","Unknown","Isolated anencephaly",1,TRUE,TRUE,"unique_exact_genomic_allele",TRUE,"Uncertain","POSSIBLY_BENIGN","Possibly benign"
"1:227921618:C:T","OLI721","Unknown","Isolated anencephaly",1,TRUE,TRUE,"unique_exact_genomic_allele",TRUE,"Uncertain","UNCERTAIN_SIGNIFICANCE","VUS"
"1:227924430:C:T","OLI348","Unknown","46,XY disorder of sex development",1,TRUE,TRUE,"unique_exact_genomic_allele",TRUE,"Benign","BENIGN","B/LB"
"1:228279394:T:C","OLI978","Unknown","Left ventricular noncompaction",1,TRUE,TRUE,"unique_exact_genomic_allele",TRUE,"Uncertain","BENIGN","B/LB"
"1:228306906:C:A","OLI977","Unknown","Left ventricular noncompaction",1,TRUE,TRUE,"unique_exact_genomic_allele",TRUE,"Uncertain","LIKELY_BENIGN","B/LB"
"1:228340883:C:A","OLI647","Unknown","Sudden infant death syndrome",1,TRUE,TRUE,"unique_exact_genomic_allele",TRUE,"Uncertain","POSSIBLY_BENIGN","Possibly benign"
"1:235434204:G:C","OLI1150","Unknown","Hereditary spastic paraplegia",1,TRUE,TRUE,"unique_exact_genomic_allele",TRUE,"Deleterious","POSSIBLY_PATHOGENIC_LOW","Possibly pathogenic"
"1:235448715:C:T","OLI1150","Unknown","Hereditary spastic paraplegia",1,TRUE,TRUE,"unique_exact_genomic_allele",TRUE,"","LIKELY_PATHOGENIC","P/LP"
"1:235809988:T:A","OLI025","Unknown","Primary hemophagocytic lymphohistiocytosis",1,TRUE,TRUE,"unique_exact_genomic_allele",TRUE,"Uncertain","UNCERTAIN_SIGNIFICANCE","VUS"
"1:236017198:C:T","OLI723","Unknown","Isolated anencephaly",1,TRUE,TRUE,"unique_exact_genomic_allele",TRUE,"Uncertain","BENIGN","B/LB"
"1:236017198:C:T","OLI751","Unknown","Isolated anencephaly",1,TRUE,TRUE,"unique_exact_genomic_allele",TRUE,"Uncertain","BENIGN","B/LB"
"1:236045632:T:C","OLI741","Unknown","Isolated anencephaly",1,TRUE,TRUE,"unique_exact_genomic_allele",TRUE,"Uncertain","UNCERTAIN_SIGNIFICANCE","VUS"
"1:236895470:C:T","OLI153","True Digenic","Transcobalamin deficiency",1,TRUE,TRUE,"unique_exact_genomic_allele",TRUE,"Deleterious","PATHOGENIC","P/LP"
"1:237500857:A:T","OLI981","Unknown","Torsade-de-pointes syndrome with short coupling interval",1,TRUE,TRUE,"unique_exact_genomic_allele",TRUE,"Benign","POSSIBLY_PATHOGENIC_MODERATE","Possibly pathogenic"
"1:237589854:T:A","OLI647","Unknown","Sudden infant death syndrome",1,TRUE,TRUE,"unique_exact_genomic_allele",TRUE,"Uncertain","UNCERTAIN_SIGNIFICANCE","VUS"
"1:237705332:G:A","OLI1463","Unknown","Rare pervasive developmental disorder",1,TRUE,TRUE,"unique_exact_genomic_allele",TRUE,"Benign","POSSIBLY_PATHOGENIC_MODERATE","Possibly pathogenic"
"1:24065835:C:T","OLI793","Unknown","Arthrogryposis syndrome",1,TRUE,TRUE,"unique_exact_genomic_allele",TRUE,"Benign","BENIGN","B/LB"
"1:24086758:C:T","OLI793","Unknown","Arthrogryposis syndrome",1,TRUE,TRUE,"unique_exact_genomic_allele",TRUE,"Benign","LIKELY_BENIGN","B/LB"
"1:241885313:G:C","OLI284","Unknown","Familial adenomatous polyposis",1,TRUE,TRUE,"unique_exact_genomic_allele",TRUE,"Deleterious","UNCERTAIN_SIGNIFICANCE","VUS"
"1:241885323:CTA:C","OLI1236","Unknown","Recurrent Pregnancy Loss,Recurrent implantation failure,Primary infertility",1,TRUE,TRUE,"unique_exact_genomic_allele",TRUE,"Benign","LIKELY_PATHOGENIC","P/LP"
"1:243271002:G:T","OLI1455","Unknown","Bardet-Biedl syndrome",1,TRUE,TRUE,"unique_exact_genomic_allele",TRUE,"Benign","UNCERTAIN_SIGNIFICANCE","VUS"
"1:243271035:C:T","OLI1660","Unknown","Bardet-Biedl syndrome",1,TRUE,TRUE,"unique_exact_genomic_allele",TRUE,"Uncertain","BENIGN","B/LB"
"1:243378778:C:A","OLI1669","Unknown","Bardet-Biedl syndrome",1,TRUE,TRUE,"unique_exact_genomic_allele",TRUE,"Benign","POSSIBLY_BENIGN","Possibly benign"
"1:243378841:G:A","OLI613","Unknown","Bardet-Biedl syndrome",1,TRUE,TRUE,"unique_exact_genomic_allele",TRUE,"Benign","UNCERTAIN_SIGNIFICANCE","VUS"
"1:247423975:C:T","OLI412","Unknown","Familial Mediterranean fever",1,TRUE,TRUE,"unique_exact_genomic_allele",TRUE,"Uncertain","POSSIBLY_PATHOGENIC_LOW","Possibly pathogenic"
"1:247424041:G:A","OLI1768","Unknown","Autoinflammatory syndrome",1,FALSE,FALSE,NA,NA,NA,NA,NA
"1:247424041:G:A","OLI1771","Unknown","Autoinflammatory syndrome",1,FALSE,FALSE,NA,NA,NA,NA,NA
"1:247424041:G:A","OLI1788","Unknown","Autoinflammatory syndrome",1,FALSE,FALSE,NA,NA,NA,NA,NA
"1:247424041:G:A","OLI411","Unknown","Familial Mediterranean fever",1,TRUE,TRUE,"resolved_by_exact_protein_within_allele",TRUE,"Uncertain","BENIGN","B/LB"
"1:247425370:G:A","OLI1780","Unknown","Autoinflammatory syndrome",1,TRUE,TRUE,"unique_exact_genomic_allele",TRUE,"Uncertain","POSSIBLY_PATHOGENIC_MODERATE","Possibly pathogenic"
"1:247425556:C:A","OLI1769","Unknown","Autoinflammatory syndrome",1,TRUE,TRUE,"unique_exact_genomic_allele",TRUE,"Uncertain","BENIGN","B/LB"
"1:247425556:C:A","OLI1770","Unknown","Autoinflammatory syndrome",1,TRUE,TRUE,"unique_exact_genomic_allele",TRUE,"Uncertain","BENIGN","B/LB"
"1:247425556:C:A","OLI1772","Unknown","Autoinflammatory syndrome",1,TRUE,TRUE,"unique_exact_genomic_allele",TRUE,"Uncertain","BENIGN","B/LB"
"1:247425556:C:A","OLI1777","Unknown","Autoinflammatory syndrome",1,TRUE,TRUE,"unique_exact_genomic_allele",TRUE,"Uncertain","BENIGN","B/LB"
"1:247425556:C:A","OLI1778","Unknown","Autoinflammatory syndrome",1,TRUE,TRUE,"unique_exact_genomic_allele",TRUE,"Uncertain","BENIGN","B/LB"
"1:247425556:C:A","OLI1779","Unknown","Autoinflammatory syndrome",1,TRUE,TRUE,"unique_exact_genomic_allele",TRUE,"Uncertain","BENIGN","B/LB"
"1:247425556:C:A","OLI1786","Unknown","Autoinflammatory syndrome",1,TRUE,TRUE,"unique_exact_genomic_allele",TRUE,"Uncertain","BENIGN","B/LB"
"1:247425556:C:A","OLI1787","Unknown","Autoinflammatory syndrome",1,TRUE,TRUE,"unique_exact_genomic_allele",TRUE,"Uncertain","BENIGN","B/LB"
"1:247425556:C:A","OLI1789","Unknown","Autoinflammatory syndrome",1,TRUE,TRUE,"unique_exact_genomic_allele",TRUE,"Uncertain","BENIGN","B/LB"
"1:25563141:TC:CA","OLI1304","Monogenic+Modifier","NON RARE IN EUROPE: Heterozygous familial hypercholesterolemia",1,TRUE,TRUE,"unique_exact_genomic_allele",TRUE,"","POSSIBLY_BENIGN","Possibly benign"
"1:26058482:G:A","OLI200","Unknown","Familial isolated hypertrophic cardiomyopathy,Progressive Skeletal Myopathy",1,TRUE,TRUE,"unique_exact_genomic_allele",TRUE,"","PATHOGENIC","P/LP"
"1:26696875:C:T","OLI721","Unknown","Isolated anencephaly",1,TRUE,TRUE,"unique_exact_genomic_allele",TRUE,"Benign","BENIGN","B/LB"
"1:26779615:G:A","OLI702","Unknown","Isolated anencephaly",1,TRUE,TRUE,"unique_exact_genomic_allele",TRUE,"Benign","BENIGN","B/LB"
"1:26779615:G:A","OLI733","Unknown","Isolated anencephaly",1,TRUE,TRUE,"unique_exact_genomic_allele",TRUE,"Benign","BENIGN","B/LB"
"1:28038866:T:A","OLI1795","True Digenic","Goldenhar syndrome",1,TRUE,TRUE,"unique_exact_genomic_allele",TRUE,"Deleterious","POSSIBLY_PATHOGENIC_LOW","Possibly pathogenic"
"1:31756649:G:A","OLI332","Unknown","Amyotrophic lateral sclerosis",1,TRUE,TRUE,"unique_exact_genomic_allele",TRUE,"Uncertain","POSSIBLY_PATHOGENIC_MODERATE","Possibly pathogenic"
"1:32204284:G:T","OLI037","Unknown","Retinitis pigmentosa",1,TRUE,TRUE,"unique_exact_genomic_allele",TRUE,"Benign","UNCERTAIN_SIGNIFICANCE","VUS"
"1:32204284:G:T","OLI038","Monogenic+Modifier","Hirschsprung disease; Retinitis pigmentosa",1,TRUE,TRUE,"unique_exact_genomic_allele",TRUE,"Benign","UNCERTAIN_SIGNIFICANCE","VUS"
"1:32204284:G:T","OLI039","True Digenic","Bardet-Biedl syndrome",1,TRUE,TRUE,"unique_exact_genomic_allele",TRUE,"Benign","UNCERTAIN_SIGNIFICANCE","VUS"
"1:32204284:G:T","OLI041","Unknown","Bardet-Biedl syndrome",1,TRUE,TRUE,"unique_exact_genomic_allele",TRUE,"Benign","UNCERTAIN_SIGNIFICANCE","VUS"
"1:32204284:G:T","OLI059","Unknown","Bardet-Biedl syndrome",1,TRUE,TRUE,"unique_exact_genomic_allele",TRUE,"Benign","UNCERTAIN_SIGNIFICANCE","VUS"
"1:34785012:G:A","OLI135","Monogenic+Modifier","Non-syndromic genetic deafness",1,TRUE,TRUE,"unique_exact_genomic_allele",TRUE,"Deleterious","BENIGN","B/LB"
"1:34785012:G:A","OLI136","Unknown","Non-syndromic genetic deafness",1,TRUE,TRUE,"unique_exact_genomic_allele",TRUE,"Deleterious","BENIGN","B/LB"
"1:34785259:A:G","OLI192","Unknown","Non-syndromic genetic deafness",1,TRUE,TRUE,"unique_exact_genomic_allele",TRUE,"Uncertain","POSSIBLY_PATHOGENIC_LOW","Possibly pathogenic"
"1:34785342:G:A","OLI193","Unknown","Non-syndromic genetic deafness",1,TRUE,TRUE,"unique_exact_genomic_allele",TRUE,"Uncertain","BENIGN","B/LB"
"1:34785342:G:A","OLI194","Unknown","Non-syndromic genetic deafness",1,TRUE,TRUE,"unique_exact_genomic_allele",TRUE,"Uncertain","BENIGN","B/LB"
"1:34785342:G:A","OLI252","Unknown","Non-syndromic genetic deafness",1,TRUE,TRUE,"unique_exact_genomic_allele",TRUE,"Uncertain","BENIGN","B/LB"
"1:34794940:C:T","OLI1002","Unknown","Androgen insensitivity syndrome; 46,XY disorder of sex development",1,TRUE,TRUE,"unique_exact_genomic_allele",TRUE,"Uncertain","UNCERTAIN_SIGNIFICANCE","VUS"
"1:34794940:C:T","OLI996","Unknown","Androgen insensitivity syndrome; 46,XY disorder of sex development",1,TRUE,TRUE,"unique_exact_genomic_allele",TRUE,"Uncertain","UNCERTAIN_SIGNIFICANCE","VUS"
"1:36098036:C:T","OLI1692","Unknown","Non-Syndromic genetic keratoconus",1,TRUE,TRUE,"unique_exact_genomic_allele",TRUE,"Uncertain","UNCERTAIN_SIGNIFICANCE","VUS"
"1:36099114:T:A","OLI1673","Unknown","Non-Syndromic genetic keratoconus",1,TRUE,TRUE,"unique_exact_genomic_allele",TRUE,"Uncertain","UNCERTAIN_SIGNIFICANCE","VUS"
"1:37700498:C:T","OLI1080","Unknown","Congenital hypothyroidism",1,TRUE,TRUE,"unique_exact_genomic_allele",TRUE,"Benign","UNCERTAIN_SIGNIFICANCE","VUS"
"1:37700498:C:T","OLI1086","Unknown","Congenital hypothyroidism",1,TRUE,TRUE,"unique_exact_genomic_allele",TRUE,"Benign","UNCERTAIN_SIGNIFICANCE","VUS"
"1:3852356:C:T","OLI983","Unknown","Overgrowth or tall stature syndrome with skeletal involvement",1,TRUE,TRUE,"unique_exact_genomic_allele",TRUE,"Uncertain","UNCERTAIN_SIGNIFICANCE","VUS"
"1:40835025:G:A","OLI1100","Unknown","Rare genetic deafness",1,TRUE,TRUE,"unique_exact_genomic_allele",TRUE,"Deleterious","POSSIBLY_PATHOGENIC_MODERATE","Possibly pathogenic"
"1:40835025:G:A","OLI1101","Unknown","Rare genetic deafness",1,TRUE,TRUE,"unique_exact_genomic_allele",TRUE,"Deleterious","POSSIBLY_PATHOGENIC_MODERATE","Possibly pathogenic"
"1:42752562:C:T","OLI158","Unknown","Osteogenesis imperfecta",1,TRUE,TRUE,"unique_exact_genomic_allele",TRUE,"Deleterious","UNCERTAIN_SIGNIFICANCE","VUS"
"1:42931133:G:A","OLI706","Unknown","Isolated anencephaly",1,TRUE,TRUE,"unique_exact_genomic_allele",TRUE,"Uncertain","UNCERTAIN_SIGNIFICANCE","VUS"
"1:45014454:G:GTT","OLI167","Dual Molecular Diagnosis","Porphyria",1,TRUE,TRUE,"unique_exact_genomic_allele",TRUE,"","LIKELY_PATHOGENIC","P/LP"
"1:45332597:T:C","OLI188","Monogenic+Modifier","Colorectal cancer",1,TRUE,TRUE,"unique_exact_genomic_allele",TRUE,"Uncertain","POSSIBLY_PATHOGENIC_LOW","Possibly pathogenic"
"1:45332803:T:C","OLI024","Unknown","Lynch syndrome",1,TRUE,TRUE,"unique_exact_genomic_allele",TRUE,"Deleterious","PATHOGENIC","P/LP"
"1:46046617:T:C","OLI352","Unknown","46,XY disorder of sex development",1,TRUE,TRUE,"unique_exact_genomic_allele",FALSE,"Benign","LIKELY_BENIGN","B/LB"
"1:46055898:C:T","OLI604","Unknown","Disorder of sex development",1,TRUE,TRUE,"unique_exact_genomic_allele",FALSE,"Benign","LIKELY_BENIGN","B/LB"
"1:46077539:T:C","OLI349","Unknown","46,XY disorder of sex development",1,TRUE,TRUE,"unique_exact_genomic_allele",FALSE,"Uncertain","UNCERTAIN_SIGNIFICANCE","VUS"
"1:46260853:C:T","OLI1041","Unknown","Primary ovarian failure",1,TRUE,TRUE,"unique_exact_genomic_allele",TRUE,"Deleterious","LIKELY_BENIGN","B/LB"
"1:53202427:C:T","OLI461","Unknown","Glycogen storage disease due to muscle glycogen phosphorylase deficiency",1,TRUE,TRUE,"unique_exact_genomic_allele",TRUE,"Deleterious","PATHOGENIC","P/LP"
"1:53210039:C:T","OLI221","True Digenic","Familial acute necrotizing encephalopathy",1,TRUE,TRUE,"unique_exact_genomic_allele",TRUE,"Uncertain","LIKELY_BENIGN","B/LB"
"1:53211043:A:T","OLI810","Unknown","Recurrent exertional rhabdomyolysis",1,TRUE,TRUE,"unique_exact_genomic_allele",TRUE,"","PATHOGENIC","P/LP"
"1:54854209:G:C","OLI1047","Unknown","Primary ovarian failure",1,TRUE,TRUE,"unique_exact_genomic_allele",TRUE,"Deleterious","POSSIBLY_PATHOGENIC_LOW","Possibly pathogenic"
"1:55039847:G:A","OLI818","Unknown","NON RARE IN EUROPE: Heterozygous familial hypercholesterolemia",1,TRUE,TRUE,"unique_exact_genomic_allele",TRUE,"Uncertain","BENIGN","B/LB"
"1:55039931:G:A","OLI817","Unknown","NON RARE IN EUROPE: Heterozygous familial hypercholesterolemia",1,TRUE,TRUE,"unique_exact_genomic_allele",TRUE,"Uncertain","LIKELY_PATHOGENIC","P/LP"
"1:55039931:G:A","OLI819","Unknown","NON RARE IN EUROPE: Heterozygous familial hypercholesterolemia",1,TRUE,TRUE,"unique_exact_genomic_allele",TRUE,"Uncertain","LIKELY_PATHOGENIC","P/LP"
"1:55039931:G:A","OLI820","Unknown","NON RARE IN EUROPE: Heterozygous familial hypercholesterolemia",1,TRUE,TRUE,"unique_exact_genomic_allele",TRUE,"Uncertain","LIKELY_PATHOGENIC","P/LP"
"1:55039931:G:A","OLI821","Unknown","NON RARE IN EUROPE: Heterozygous familial hypercholesterolemia",1,TRUE,TRUE,"unique_exact_genomic_allele",TRUE,"Uncertain","LIKELY_PATHOGENIC","P/LP"
"1:55039974:G:T","OLI500","Unknown","NON RARE IN EUROPE: Heterozygous familial hypercholesterolemia",1,TRUE,TRUE,"unique_exact_genomic_allele",TRUE,"Benign","BENIGN","B/LB"
"1:55058182:G:A","OLI463","Unknown","Hypobetalipoproteinemia",1,TRUE,TRUE,"unique_exact_genomic_allele",TRUE,"Benign","BENIGN","B/LB"
"1:55063509:C:A","OLI1215","Dual Molecular Diagnosis","NON RARE IN EUROPE: Heterozygous familial hypercholesterolemia",1,TRUE,TRUE,"unique_exact_genomic_allele",TRUE,"Uncertain","UNCERTAIN_SIGNIFICANCE","VUS"
"1:58661219:G:A","OLI1713","Unknown","Common variable immunodeficiency",1,TRUE,TRUE,"unique_exact_genomic_allele",TRUE,"Uncertain","BENIGN","B/LB"
"1:58661219:G:A","OLI1714","Unknown","Common variable immunodeficiency",1,TRUE,TRUE,"unique_exact_genomic_allele",TRUE,"Uncertain","BENIGN","B/LB"
"1:5867758:G:A","OLI1658","Unknown","Bardet-Biedl syndrome",1,TRUE,TRUE,"unique_exact_genomic_allele",TRUE,"Uncertain","BENIGN","B/LB"
"1:5867844:ACAGT:A","OLI213","Unknown","Nephronophthisis",1,TRUE,TRUE,"unique_exact_genomic_allele",TRUE,"","LIKELY_PATHOGENIC","P/LP"
"1:5874956:C:T","OLI1445","Unknown","Bardet-Biedl syndrome",1,TRUE,TRUE,"unique_exact_genomic_allele",TRUE,"Uncertain","UNCERTAIN_SIGNIFICANCE","VUS"
"1:5890882:C:T","OLI1661","Unknown","Bardet-Biedl syndrome",1,TRUE,TRUE,"unique_exact_genomic_allele",TRUE,"Uncertain","POSSIBLY_PATHOGENIC_LOW","Possibly pathogenic"
"1:5890912:C:T","OLI212","Unknown","Nephronophthisis",1,TRUE,TRUE,"unique_exact_genomic_allele",TRUE,"Deleterious","LIKELY_PATHOGENIC","P/LP"
"1:5890953:C:T","OLI1666","Unknown","Bardet-Biedl syndrome",1,TRUE,TRUE,"unique_exact_genomic_allele",TRUE,"Uncertain","BENIGN","B/LB"
"1:5904634:T:C","OLI1663","Unknown","Bardet-Biedl syndrome",1,TRUE,TRUE,"unique_exact_genomic_allele",TRUE,"Uncertain","POSSIBLY_PATHOGENIC_LOW","Possibly pathogenic"
"1:5905367:G:A","OLI1664","Unknown","Bardet-Biedl syndrome",1,TRUE,TRUE,"unique_exact_genomic_allele",TRUE,"Uncertain","UNCERTAIN_SIGNIFICANCE","VUS"
"1:5986283:C:A","OLI359","Unknown","Nephronophthisis",1,TRUE,TRUE,"unique_exact_genomic_allele",TRUE,"Deleterious","LIKELY_BENIGN","B/LB"
"1:62601823:T:C","OLI463","Unknown","Hypobetalipoproteinemia",1,TRUE,TRUE,"unique_exact_genomic_allele",TRUE,"Benign","BENIGN","B/LB"
"1:62819215:C:CT","OLI1045","Unknown","Primary ovarian failure",1,TRUE,TRUE,"unique_exact_genomic_allele",TRUE,"Benign","POSSIBLY_PATHOGENIC_MODERATE","Possibly pathogenic"
"1:62821184:CTATT:C","OLI1057","Unknown","Primary ovarian failure",1,TRUE,TRUE,"unique_exact_genomic_allele",FALSE,"","UNCERTAIN_SIGNIFICANCE","VUS"
"1:64873439:G:A","OLI1330","Unknown","Primary immunodeficiency",1,TRUE,TRUE,"unique_exact_genomic_allele",TRUE,"Benign","BENIGN","B/LB"
"1:65572326:A:G","OLI1427","Unknown","Hypogonadotropic hypogonadism with absent puberty phenotype",1,TRUE,TRUE,"unique_exact_genomic_allele",TRUE,"Benign","BENIGN","B/LB"
"1:65572345:G:T","OLI1377","Unknown","Hypogonadotropic hypogonadism with Fertile Eunuch phenotype",1,TRUE,TRUE,"unique_exact_genomic_allele",TRUE,"Uncertain","UNCERTAIN_SIGNIFICANCE","VUS"
"1:65617997:T:C","OLI1382","Unknown","Hypogonadotropic hypogonadism with Fertile Eunuch phenotype",1,TRUE,TRUE,"unique_exact_genomic_allele",TRUE,"Uncertain","UNCERTAIN_SIGNIFICANCE","VUS"
"1:65618030:T:G","OLI1669","Unknown","Bardet-Biedl syndrome",1,TRUE,TRUE,"unique_exact_genomic_allele",FALSE,"Uncertain","UNCERTAIN_SIGNIFICANCE","VUS"
"1:67169528:G:A","OLI1330","Unknown","Primary immunodeficiency",1,TRUE,TRUE,"unique_exact_genomic_allele",TRUE,"Benign","BENIGN","B/LB"
"1:68444632:C:T","OLI1668","Unknown","Bardet-Biedl syndrome",1,TRUE,TRUE,"unique_exact_genomic_allele",TRUE,"Uncertain","BENIGN","B/LB"
"1:70415987:C:T","OLI718","Unknown","Isolated anencephaly",1,TRUE,TRUE,"unique_exact_genomic_allele",TRUE,"Deleterious","LIKELY_PATHOGENIC","P/LP"
"1:74342889:C:T","OLI981","Unknown","Torsade-de-pointes syndrome with short coupling interval",1,TRUE,TRUE,"unique_exact_genomic_allele",TRUE,"","POSSIBLY_PATHOGENIC_MODERATE","Possibly pathogenic"
"1:75749437:C:T","OLI927","Unknown","Transposition of the great arteries",1,TRUE,TRUE,"unique_exact_genomic_allele",TRUE,"","PATHOGENIC","P/LP"
"1:75822444:C:T","OLI1730","Unknown","Primary ovarian failure",1,TRUE,TRUE,"unique_exact_genomic_allele",TRUE,"Deleterious","LIKELY_PATHOGENIC","P/LP"
"1:75822482:A:G","OLI1723","Unknown","Primary ovarian failure",1,TRUE,TRUE,"unique_exact_genomic_allele",TRUE,"Uncertain","LIKELY_PATHOGENIC","P/LP"
"1:75867569:A:T","OLI1069","Unknown","Primary ovarian failure",1,TRUE,TRUE,"unique_exact_genomic_allele",TRUE,"Deleterious","POSSIBLY_PATHOGENIC_LOW","Possibly pathogenic"
"1:75881319:A:G","OLI1726","Unknown","Primary ovarian failure",1,TRUE,TRUE,"unique_exact_genomic_allele",TRUE,"Deleterious","LIKELY_PATHOGENIC","P/LP"
"1:75889362:TGAAA:T","OLI1730","Unknown","Primary ovarian failure",1,TRUE,TRUE,"unique_exact_genomic_allele",TRUE,"Uncertain","PATHOGENIC","P/LP"
"1:77926544:A:G","OLI234","Unknown","Hypertrophic cardiomyopathy",1,TRUE,TRUE,"unique_exact_genomic_allele",TRUE,"Uncertain","POSSIBLY_PATHOGENIC_LOW","Possibly pathogenic"
"1:77929446:A:C","OLI237","Unknown","Hypertrophic cardiomyopathy",1,TRUE,TRUE,"unique_exact_genomic_allele",TRUE,"Uncertain","BENIGN","B/LB"
"1:7965348:G:T","OLI209","True Digenic","Young-onset Parkinson disease",1,TRUE,TRUE,"unique_exact_genomic_allele",TRUE,"Uncertain","POSSIBLY_PATHOGENIC_MODERATE","Possibly pathogenic"
"1:8358481:C:T","OLI553","Unknown","Schizophrenia",1,TRUE,TRUE,"unique_exact_genomic_allele",TRUE,"Uncertain","BENIGN","B/LB"
"1:89114002:A:G","OLI1329","Unknown","Primary immunodeficiency",1,TRUE,TRUE,"unique_exact_genomic_allele",TRUE,"Benign","POSSIBLY_BENIGN","Possibly benign"
"1:89120195:C:T","OLI1329","Unknown","Primary immunodeficiency",1,TRUE,TRUE,"unique_exact_genomic_allele",TRUE,"Uncertain","POSSIBLY_BENIGN","Possibly benign"
"1:91323106:G:A","OLI1231","Unknown","Recurrent Pregnancy Loss",1,TRUE,TRUE,"unique_exact_genomic_allele",TRUE,"Uncertain","UNCERTAIN_SIGNIFICANCE","VUS"
"1:92476153:T:C","OLI831","Dual Molecular Diagnosis","Non-syndromic genetic deafness; Severe congenital neutropenia",1,TRUE,TRUE,"unique_exact_genomic_allele",TRUE,"Uncertain","LIKELY_PATHOGENIC","P/LP"
"1:9263663:GAGCCAGTGCCT:G","OLI1235","Unknown","Recurrent Pregnancy Loss",1,TRUE,TRUE,"unique_exact_genomic_allele",TRUE,"","LIKELY_PATHOGENIC","P/LP"
"1:939382:C:T","OLI1070","Unknown","Primary ovarian failure",1,TRUE,TRUE,"unique_exact_genomic_allele",TRUE,"Uncertain","LIKELY_BENIGN","B/LB"
"1:939436:C:CT","OLI1042","Unknown","Primary ovarian failure",1,TRUE,TRUE,"unique_exact_genomic_allele",TRUE,"Benign","POSSIBLY_PATHOGENIC_MODERATE","Possibly pathogenic"
"1:939436:C:CT","OLI1045","Unknown","Primary ovarian failure",1,TRUE,TRUE,"unique_exact_genomic_allele",TRUE,"Benign","POSSIBLY_PATHOGENIC_MODERATE","Possibly pathogenic"
"1:939436:C:CT","OLI1054","Unknown","Primary ovarian failure",1,TRUE,TRUE,"unique_exact_genomic_allele",TRUE,"Benign","POSSIBLY_PATHOGENIC_MODERATE","Possibly pathogenic"
"1:939436:C:CT","OLI1058","Unknown","Primary ovarian failure",1,TRUE,TRUE,"unique_exact_genomic_allele",TRUE,"Benign","POSSIBLY_PATHOGENIC_MODERATE","Possibly pathogenic"
"1:939436:C:CT","OLI1067","Unknown","Primary ovarian failure",1,TRUE,TRUE,"unique_exact_genomic_allele",TRUE,"Benign","POSSIBLY_PATHOGENIC_MODERATE","Possibly pathogenic"
"1:9719987:C:T","OLI1713","Unknown","Common variable immunodeficiency",1,TRUE,TRUE,"unique_exact_genomic_allele",TRUE,"Uncertain","BENIGN","B/LB"
"20:10405464:C:G","OLI226","Unknown","Bardet-Biedl syndrome",1,TRUE,TRUE,"unique_exact_genomic_allele",TRUE,"Deleterious","POSSIBLY_PATHOGENIC_MODERATE","Possibly pathogenic"
"20:10405498:C:T","OLI087","Unknown","Bardet-Biedl syndrome; Alström syndrome; McKusick-Kaufman syndrome",1,FALSE,FALSE,NA,NA,NA,NA,NA
"20:10405498:C:T","OLI1131","Unknown","Bardet-Biedl syndrome",1,TRUE,TRUE,"resolved_by_exact_cdna_within_allele",TRUE,"Benign","BENIGN","B/LB"
"20:10407656:C:G","OLI1448","Unknown","Bardet-Biedl syndrome",1,TRUE,TRUE,"unique_exact_genomic_allele",TRUE,"Deleterious","POSSIBLY_PATHOGENIC_LOW","Possibly pathogenic"
"20:10408755:C:T","OLI1658","Unknown","Bardet-Biedl syndrome",1,TRUE,TRUE,"unique_exact_genomic_allele",TRUE,"Deleterious","PATHOGENIC","P/LP"
"20:10408774:T:C","OLI175","Unknown","Bardet-Biedl syndrome",1,TRUE,TRUE,"unique_exact_genomic_allele",TRUE,"Uncertain","BENIGN","B/LB"
"20:10412542:T:G","OLI066","Monogenic+Modifier","Bardet-Biedl syndrome",1,TRUE,TRUE,"unique_exact_genomic_allele",TRUE,"Uncertain","UNCERTAIN_SIGNIFICANCE","VUS"
"20:10412589:C:T","OLI143","Unknown","Bardet-Biedl syndrome",1,TRUE,TRUE,"unique_exact_genomic_allele",TRUE,"Uncertain","POSSIBLY_BENIGN","Possibly benign"
"20:10412767:C:T","OLI1450","Unknown","Bardet-Biedl syndrome",1,TRUE,TRUE,"unique_exact_genomic_allele",TRUE,"Deleterious","LIKELY_PATHOGENIC","P/LP"
"20:10412791:C:A","OLI084","Unknown","Bardet-Biedl syndrome; Alström syndrome",1,TRUE,TRUE,"unique_exact_genomic_allele",TRUE,"Deleterious","BENIGN","B/LB"
"20:10412791:C:A","OLI085","Unknown","Bardet-Biedl syndrome",1,TRUE,TRUE,"unique_exact_genomic_allele",TRUE,"Deleterious","BENIGN","B/LB"
"20:10412791:C:A","OLI1435","Unknown","Bardet-Biedl syndrome",1,TRUE,TRUE,"unique_exact_genomic_allele",TRUE,"Deleterious","BENIGN","B/LB"
"20:10412791:C:A","OLI1436","Unknown","Bardet-Biedl syndrome",1,TRUE,TRUE,"unique_exact_genomic_allele",TRUE,"Deleterious","BENIGN","B/LB"
"20:10412791:C:A","OLI1437","Unknown","Bardet-Biedl syndrome",1,TRUE,TRUE,"unique_exact_genomic_allele",TRUE,"Deleterious","BENIGN","B/LB"
"20:10412791:C:A","OLI170","Unknown","Bardet-Biedl syndrome",1,TRUE,TRUE,"unique_exact_genomic_allele",TRUE,"Deleterious","BENIGN","B/LB"
"20:10412791:C:A","OLI171","Unknown","Bardet-Biedl syndrome",1,TRUE,TRUE,"unique_exact_genomic_allele",TRUE,"Deleterious","BENIGN","B/LB"
"20:10412791:C:A","OLI177","Unknown","Bardet-Biedl syndrome",1,TRUE,TRUE,"unique_exact_genomic_allele",TRUE,"Deleterious","BENIGN","B/LB"
"20:10412791:C:A","OLI225","Unknown","Bardet-Biedl syndrome",1,TRUE,TRUE,"unique_exact_genomic_allele",TRUE,"Deleterious","BENIGN","B/LB"
"20:10412791:C:A","OLI614","Unknown","Bardet-Biedl syndrome",1,TRUE,TRUE,"unique_exact_genomic_allele",TRUE,"Deleterious","BENIGN","B/LB"
"20:10412809:A:G","OLI063","Unknown","Bardet-Biedl syndrome",1,TRUE,TRUE,"unique_exact_genomic_allele",TRUE,"Uncertain","POSSIBLY_PATHOGENIC_MODERATE","Possibly pathogenic"
"20:10413073:G:A","OLI067","Unknown","Bardet-Biedl syndrome",1,TRUE,TRUE,"unique_exact_genomic_allele",TRUE,"","PATHOGENIC","P/LP"
"20:10413079:TACTA:T","OLI1449","Unknown","Bardet-Biedl syndrome",1,TRUE,TRUE,"unique_exact_genomic_allele",TRUE,"","PATHOGENIC","P/LP"
"20:10413405:T:C","OLI224","Unknown","Bardet-Biedl syndrome",1,TRUE,TRUE,"unique_exact_genomic_allele",TRUE,"Deleterious","PATHOGENIC","P/LP"
"20:10413508:G:A","OLI1662","Unknown","Bardet-Biedl syndrome",1,TRUE,TRUE,"unique_exact_genomic_allele",TRUE,"Deleterious","UNCERTAIN_SIGNIFICANCE","VUS"
"20:10640920:A:G","OLI582","Unknown","Congenital hypothyroidism",1,TRUE,TRUE,"unique_exact_genomic_allele",TRUE,"Benign","POSSIBLY_PATHOGENIC_MODERATE","Possibly pathogenic"
"20:10641566:C:T","OLI581","Unknown","Congenital hypothyroidism",1,TRUE,TRUE,"unique_exact_genomic_allele",TRUE,"Uncertain","BENIGN","B/LB"
"20:10641566:C:T","OLI588","Unknown","Congenital hypothyroidism",1,TRUE,TRUE,"unique_exact_genomic_allele",TRUE,"Uncertain","BENIGN","B/LB"
"20:10644976:C:T","OLI584","Unknown","Congenital hypothyroidism",1,TRUE,TRUE,"unique_exact_genomic_allele",TRUE,"Uncertain","BENIGN","B/LB"
"20:10658636:C:T","OLI1078","Unknown","Congenital hypothyroidism",1,TRUE,TRUE,"unique_exact_genomic_allele",TRUE,"Uncertain","BENIGN","B/LB"
"20:10658636:C:T","OLI1094","Unknown","Congenital hypothyroidism",1,TRUE,TRUE,"unique_exact_genomic_allele",TRUE,"Uncertain","BENIGN","B/LB"
"20:10658636:C:T","OLI1497","Unknown","Congenital hypothyroidism",1,TRUE,TRUE,"unique_exact_genomic_allele",TRUE,"Uncertain","BENIGN","B/LB"
"20:10672765:T:A","OLI427","Unknown","Kallmann syndrome",1,TRUE,TRUE,"unique_exact_genomic_allele",TRUE,"Uncertain","POSSIBLY_PATHOGENIC_MODERATE","Possibly pathogenic"
"20:10672955:C:G","OLI1079","Unknown","Congenital hypothyroidism",1,TRUE,TRUE,"resolved_by_exact_cdna_within_allele",TRUE,"Uncertain","POSSIBLY_PATHOGENIC_LOW","Possibly pathogenic"
"20:10672955:C:G","OLI1498","Unknown","Congenital hypothyroidism",1,FALSE,FALSE,NA,NA,NA,NA,NA
"20:14325642:A:G","OLI1271","Unknown","Kallmann syndrome",1,TRUE,TRUE,"unique_exact_genomic_allele",TRUE,"Uncertain","POSSIBLY_PATHOGENIC_LOW","Possibly pathogenic"
"20:14325648:A:C","OLI1300","Unknown","Normosmic congenital hypogonadotropic hypogonadism",1,TRUE,TRUE,"unique_exact_genomic_allele",TRUE,"Uncertain","UNCERTAIN_SIGNIFICANCE","VUS"
"20:14326373:T:G","OLI1279","Unknown","Normosmic congenital hypogonadotropic hypogonadism",1,TRUE,TRUE,"unique_exact_genomic_allele",TRUE,"Benign","BENIGN","B/LB"
"20:14326401:G:A","OLI1652","Unknown","Kallmann syndrome",1,TRUE,TRUE,"unique_exact_genomic_allele",TRUE,"Benign","UNCERTAIN_SIGNIFICANCE","VUS"
"20:14326557:C:T","OLI1550","Unknown","46,XY disorder of sex development",1,TRUE,TRUE,"unique_exact_genomic_allele",TRUE,"Uncertain","POSSIBLY_BENIGN","Possibly benign"
"20:14327076:C:A","OLI367","Unknown","Kallmann syndrome",1,TRUE,TRUE,"unique_exact_genomic_allele",TRUE,"Uncertain","UNCERTAIN_SIGNIFICANCE","VUS"
"20:14327182:A:C","OLI1522","Unknown","46,XY disorder of sex development",1,TRUE,TRUE,"unique_exact_genomic_allele",TRUE,"Deleterious","POSSIBLY_PATHOGENIC_MODERATE","Possibly pathogenic"
"20:14327217:T:C","OLI367","Unknown","Kallmann syndrome",1,TRUE,TRUE,"unique_exact_genomic_allele",TRUE,"Uncertain","UNCERTAIN_SIGNIFICANCE","VUS"
"20:14327302:G:T","OLI372","Unknown","Kallmann syndrome",1,TRUE,TRUE,"unique_exact_genomic_allele",TRUE,"Uncertain","UNCERTAIN_SIGNIFICANCE","VUS"
"20:14327355:G:A","OLI1535","Unknown","46,XY disorder of sex development",1,TRUE,TRUE,"unique_exact_genomic_allele",TRUE,"Uncertain","UNCERTAIN_SIGNIFICANCE","VUS"
"20:14327419:A:G","OLI1538","Unknown","46,XY disorder of sex development",1,TRUE,TRUE,"unique_exact_genomic_allele",TRUE,"Benign","UNCERTAIN_SIGNIFICANCE","VUS"
"20:31606082:CTTG:C","OLI1052","Unknown","Primary ovarian failure",1,TRUE,TRUE,"unique_exact_genomic_allele",TRUE,"Benign","POSSIBLY_PATHOGENIC_LOW","Possibly pathogenic"
"20:3228854:C:T","OLI1690","Unknown","Non-Syndromic genetic keratoconus",1,TRUE,TRUE,"unique_exact_genomic_allele",TRUE,"Deleterious","POSSIBLY_PATHOGENIC_LOW","Possibly pathogenic"
"20:3229694:G:A","OLI1313","Unknown","Rare genetic deafness",1,TRUE,TRUE,"unique_exact_genomic_allele",TRUE,"Benign","BENIGN","B/LB"
"20:34290636:A:G","OLI761","Unknown","Craniorachischisis",1,TRUE,TRUE,"unique_exact_genomic_allele",TRUE,"Deleterious","POSSIBLY_PATHOGENIC_MODERATE","Possibly pathogenic"
"20:34295583:C:T","OLI730","Unknown","Isolated anencephaly",1,TRUE,TRUE,"unique_exact_genomic_allele",TRUE,"Uncertain","UNCERTAIN_SIGNIFICANCE","VUS"
"20:34994243:C:T","OLI123","Dual Molecular Diagnosis","Congenital fiber-type disproportion myopathy; Left ventricular noncompaction",1,TRUE,TRUE,"unique_exact_genomic_allele",TRUE,"Uncertain","BENIGN","B/LB"
"20:38241455:G:A","OLI333","Unknown","Amyotrophic lateral sclerosis",1,TRUE,TRUE,"unique_exact_genomic_allele",TRUE,"","POSSIBLY_PATHOGENIC_MODERATE","Possibly pathogenic"
"20:438782:A:G","OLI1383","Unknown","Hypogonadotropic hypogonadism with Fertile Eunuch phenotype",1,TRUE,TRUE,"unique_exact_genomic_allele",TRUE,"Benign","POSSIBLY_PATHOGENIC_LOW","Possibly pathogenic"
"20:44413708:C:T","OLI203","Monogenic+Modifier","MODY",1,TRUE,TRUE,"unique_exact_genomic_allele",TRUE,"Deleterious","PATHOGENIC","P/LP"
"20:49260606:G:A","OLI1329","Unknown","Primary immunodeficiency",1,TRUE,TRUE,"unique_exact_genomic_allele",TRUE,"Benign","LIKELY_BENIGN","B/LB"
"20:50893939:T:G","OLI787","Unknown","Arthrogryposis syndrome",1,TRUE,TRUE,"unique_exact_genomic_allele",TRUE,"Uncertain","POSSIBLY_PATHOGENIC_LOW","Possibly pathogenic"
"20:50893939:T:G","OLI788","Unknown","Arthrogryposis syndrome",1,TRUE,TRUE,"unique_exact_genomic_allele",TRUE,"Uncertain","POSSIBLY_PATHOGENIC_LOW","Possibly pathogenic"
"20:51790223:C:T","OLI705","Unknown","Isolated anencephaly",1,TRUE,TRUE,"unique_exact_genomic_allele",TRUE,"Benign","LIKELY_BENIGN","B/LB"
"20:51790223:C:T","OLI718","Unknown","Isolated anencephaly",1,TRUE,TRUE,"unique_exact_genomic_allele",TRUE,"Benign","LIKELY_BENIGN","B/LB"
"20:5302050:C:T","OLI1294","Unknown","Kallmann syndrome",1,TRUE,TRUE,"unique_exact_genomic_allele",TRUE,"Benign","UNCERTAIN_SIGNIFICANCE","VUS"
"20:5302126:G:A","OLI816","Unknown","Normosmic congenital hypogonadotropic hypogonadism",1,TRUE,TRUE,"unique_exact_genomic_allele",TRUE,"Benign","LIKELY_BENIGN","B/LB"
"20:5302195:C:T","OLI1320","Unknown","Kallmann syndrome",1,TRUE,TRUE,"unique_exact_genomic_allele",TRUE,"Deleterious","POSSIBLY_PATHOGENIC_MODERATE","Possibly pathogenic"
"20:5302204:C:T","OLI207","Unknown","Kallmann syndrome",1,TRUE,TRUE,"unique_exact_genomic_allele",TRUE,"Benign","BENIGN","B/LB"
"20:5302279:C:T","OLI1281","Unknown","Normosmic congenital hypogonadotropic hypogonadism",1,TRUE,TRUE,"unique_exact_genomic_allele",TRUE,"Uncertain","POSSIBLY_PATHOGENIC_LOW","Possibly pathogenic"
"20:5302290:G:A","OLI870","Unknown","Kallmann syndrome",1,TRUE,TRUE,"unique_exact_genomic_allele",TRUE,"Uncertain","UNCERTAIN_SIGNIFICANCE","VUS"
"20:5302327:G:A","OLI1213","Unknown","Kallmann syndrome",1,FALSE,TRUE,"exact_allele_multiple_variant_ids",NA,NA,NA,NA
"20:5302327:G:A","OLI1516","Unknown","46,XY disorder of sex development",1,FALSE,TRUE,"exact_allele_multiple_variant_ids",NA,NA,NA,NA
"20:5302327:G:A","OLI1536","Unknown","46,XY disorder of sex development",1,FALSE,TRUE,"exact_allele_multiple_variant_ids",NA,NA,NA,NA
"20:5302327:G:A","OLI1540","Unknown","46,XY disorder of sex development",1,FALSE,TRUE,"exact_allele_multiple_variant_ids",NA,NA,NA,NA
"20:5302393:G:A","OLI1164","Unknown","Kallmann syndrome",1,FALSE,TRUE,"exact_allele_multiple_variant_ids",NA,NA,NA,NA
"20:5302393:G:A","OLI1292","Unknown","Kallmann syndrome",1,FALSE,TRUE,"exact_allele_multiple_variant_ids",NA,NA,NA,NA
"20:5302393:G:A","OLI208","Unknown","Kallmann syndrome",1,FALSE,TRUE,"exact_allele_multiple_variant_ids",NA,NA,NA,NA
"20:5302393:G:A","OLI285","Unknown","Kallmann syndrome",1,FALSE,TRUE,"exact_allele_multiple_variant_ids",NA,NA,NA,NA
"20:5302393:G:A","OLI286","Unknown","Kallmann syndrome",1,FALSE,TRUE,"exact_allele_multiple_variant_ids",NA,NA,NA,NA
"20:5302393:G:A","OLI689","Monogenic+Modifier","Normosmic congenital hypogonadotropic hypogonadism",1,FALSE,TRUE,"exact_allele_multiple_variant_ids",NA,NA,NA,NA
"20:5302452:C:T","OLI1338","Unknown","Kallmann syndrome",1,TRUE,TRUE,"unique_exact_genomic_allele",TRUE,"Benign","POSSIBLY_PATHOGENIC_MODERATE","Possibly pathogenic"
"20:5302452:C:T","OLI833","Unknown","Kallmann syndrome",1,TRUE,TRUE,"unique_exact_genomic_allele",TRUE,"Benign","POSSIBLY_PATHOGENIC_MODERATE","Possibly pathogenic"
"20:5302504:C:T","OLI1341","Unknown","Kallmann syndrome",1,TRUE,TRUE,"unique_exact_genomic_allele",TRUE,"Uncertain","LIKELY_PATHOGENIC","P/LP"
"20:5302542:A:G","OLI863","Unknown","Kallmann syndrome",1,TRUE,TRUE,"unique_exact_genomic_allele",TRUE,"Benign","LIKELY_BENIGN","B/LB"
"20:5302578:ATCT:A","OLI1214","Unknown","Normosmic congenital hypogonadotropic hypogonadism",1,TRUE,TRUE,"unique_exact_genomic_allele",TRUE,"Benign","POSSIBLY_PATHOGENIC_MODERATE","Possibly pathogenic"
"20:5302591:T:C","OLI196","Unknown","Normosmic congenital hypogonadotropic hypogonadism",1,TRUE,TRUE,"unique_exact_genomic_allele",TRUE,"Benign","POSSIBLY_PATHOGENIC_MODERATE","Possibly pathogenic"
"20:5302591:T:C","OLI373","Unknown","Normosmic congenital hypogonadotropic hypogonadism",1,TRUE,TRUE,"unique_exact_genomic_allele",TRUE,"Benign","POSSIBLY_PATHOGENIC_MODERATE","Possibly pathogenic"
"20:5302630:C:A","OLI887","Unknown","Kallmann syndrome",1,TRUE,TRUE,"unique_exact_genomic_allele",TRUE,"Uncertain","POSSIBLY_PATHOGENIC_MODERATE","Possibly pathogenic"
"20:5302632:G:A","OLI1109","Unknown","Kallmann syndrome",1,TRUE,TRUE,"unique_exact_genomic_allele",TRUE,"Uncertain","LIKELY_PATHOGENIC","P/LP"
"20:5302662:C:G","OLI1016","Unknown","Normosmic congenital hypogonadotropic hypogonadism",1,TRUE,TRUE,"unique_exact_genomic_allele",TRUE,"Deleterious","POSSIBLY_PATHOGENIC_MODERATE","Possibly pathogenic"
"20:5302662:C:G","OLI1337","Unknown","Normosmic congenital hypogonadotropic hypogonadism",1,TRUE,TRUE,"unique_exact_genomic_allele",TRUE,"Deleterious","POSSIBLY_PATHOGENIC_MODERATE","Possibly pathogenic"
"20:5302662:C:G","OLI1338","Unknown","Kallmann syndrome",1,TRUE,TRUE,"unique_exact_genomic_allele",TRUE,"Deleterious","POSSIBLY_PATHOGENIC_MODERATE","Possibly pathogenic"
"20:5302662:C:G","OLI1356","Unknown","Normosmic congenital hypogonadotropic hypogonadism",1,TRUE,TRUE,"unique_exact_genomic_allele",TRUE,"Deleterious","POSSIBLY_PATHOGENIC_MODERATE","Possibly pathogenic"
"20:5302662:C:G","OLI833","Unknown","Kallmann syndrome",1,TRUE,TRUE,"unique_exact_genomic_allele",TRUE,"Deleterious","POSSIBLY_PATHOGENIC_MODERATE","Possibly pathogenic"
"20:5302662:C:G","OLI834","Unknown","Kallmann syndrome",1,TRUE,TRUE,"unique_exact_genomic_allele",TRUE,"Deleterious","POSSIBLY_PATHOGENIC_MODERATE","Possibly pathogenic"
"20:5302662:C:G","OLI836","Unknown","Kallmann syndrome",1,TRUE,TRUE,"unique_exact_genomic_allele",TRUE,"Deleterious","POSSIBLY_PATHOGENIC_MODERATE","Possibly pathogenic"
"20:5302662:C:G","OLI847","Unknown","Kallmann syndrome",1,TRUE,TRUE,"unique_exact_genomic_allele",TRUE,"Deleterious","POSSIBLY_PATHOGENIC_MODERATE","Possibly pathogenic"
"20:5302662:C:G","OLI848","Unknown","Normosmic congenital hypogonadotropic hypogonadism",1,TRUE,TRUE,"unique_exact_genomic_allele",TRUE,"Deleterious","POSSIBLY_PATHOGENIC_MODERATE","Possibly pathogenic"
"20:5302662:C:G","OLI851","Unknown","Normosmic congenital hypogonadotropic hypogonadism",1,TRUE,TRUE,"unique_exact_genomic_allele",TRUE,"Deleterious","POSSIBLY_PATHOGENIC_MODERATE","Possibly pathogenic"
"20:5302662:C:G","OLI855","Unknown","Kallmann syndrome",1,TRUE,TRUE,"unique_exact_genomic_allele",TRUE,"Deleterious","POSSIBLY_PATHOGENIC_MODERATE","Possibly pathogenic"
"20:5302662:C:G","OLI859","Unknown","Kallmann syndrome",1,TRUE,TRUE,"unique_exact_genomic_allele",TRUE,"Deleterious","POSSIBLY_PATHOGENIC_MODERATE","Possibly pathogenic"
"20:5302662:C:G","OLI862","Unknown","Kallmann syndrome",1,TRUE,TRUE,"unique_exact_genomic_allele",TRUE,"Deleterious","POSSIBLY_PATHOGENIC_MODERATE","Possibly pathogenic"
"20:5302662:C:G","OLI890","Unknown","Normosmic congenital hypogonadotropic hypogonadism",1,TRUE,TRUE,"unique_exact_genomic_allele",TRUE,"Deleterious","POSSIBLY_PATHOGENIC_MODERATE","Possibly pathogenic"
"20:5302662:C:G","OLI892","Unknown","Normosmic congenital hypogonadotropic hypogonadism",1,TRUE,TRUE,"unique_exact_genomic_allele",TRUE,"Deleterious","POSSIBLY_PATHOGENIC_MODERATE","Possibly pathogenic"
"20:5302662:C:G","OLI895","Unknown","Normosmic congenital hypogonadotropic hypogonadism",1,TRUE,TRUE,"unique_exact_genomic_allele",TRUE,"Deleterious","POSSIBLY_PATHOGENIC_MODERATE","Possibly pathogenic"
"20:5302662:C:G","OLI899","Unknown","Normosmic congenital hypogonadotropic hypogonadism",1,TRUE,TRUE,"unique_exact_genomic_allele",TRUE,"Deleterious","POSSIBLY_PATHOGENIC_MODERATE","Possibly pathogenic"
"20:5302662:C:G","OLI900","Unknown","Normosmic congenital hypogonadotropic hypogonadism",1,TRUE,TRUE,"unique_exact_genomic_allele",TRUE,"Deleterious","POSSIBLY_PATHOGENIC_MODERATE","Possibly pathogenic"
"20:5302677:A:C","OLI036","Monogenic+Modifier","Kallmann syndrome; Isolated congenital hypogonadotropic hypogonadism",1,FALSE,TRUE,"exact_allele_multiple_variant_ids",NA,NA,NA,NA
"20:5302677:A:C","OLI119","Unknown","Kallmann syndrome",1,FALSE,TRUE,"exact_allele_multiple_variant_ids",NA,NA,NA,NA
"20:5302677:A:C","OLI1261","Unknown","Normosmic congenital hypogonadotropic hypogonadism",1,FALSE,TRUE,"exact_allele_multiple_variant_ids",NA,NA,NA,NA
"20:5302677:A:C","OLI1262","Unknown","Normosmic congenital hypogonadotropic hypogonadism",1,FALSE,TRUE,"exact_allele_multiple_variant_ids",NA,NA,NA,NA
"20:5302677:A:C","OLI1270","Unknown","Kallmann syndrome",1,FALSE,TRUE,"exact_allele_multiple_variant_ids",NA,NA,NA,NA
"20:5302677:A:C","OLI1272","Unknown","Kallmann syndrome",1,FALSE,TRUE,"exact_allele_multiple_variant_ids",NA,NA,NA,NA
"20:5302677:A:C","OLI1288","Unknown","Kallmann syndrome",1,FALSE,TRUE,"exact_allele_multiple_variant_ids",NA,NA,NA,NA
"20:5302677:A:C","OLI1289","Unknown","Kallmann syndrome",1,FALSE,TRUE,"exact_allele_multiple_variant_ids",NA,NA,NA,NA
"20:5302677:A:C","OLI1293","Unknown","Kallmann syndrome",1,FALSE,TRUE,"exact_allele_multiple_variant_ids",NA,NA,NA,NA
"20:5302677:A:C","OLI1303","Unknown","Kallmann syndrome",1,FALSE,TRUE,"exact_allele_multiple_variant_ids",NA,NA,NA,NA
"20:5302677:A:C","OLI1393","Unknown","Hypogonadotropic hypogonadism with partial puberty phenotype",1,FALSE,TRUE,"exact_allele_multiple_variant_ids",NA,NA,NA,NA
"20:5302677:A:C","OLI152","Unknown","Kallmann syndrome",1,FALSE,TRUE,"exact_allele_multiple_variant_ids",NA,NA,NA,NA
"20:5302677:A:C","OLI205","Unknown","Kallmann syndrome",1,FALSE,TRUE,"exact_allele_multiple_variant_ids",NA,NA,NA,NA
"20:5302677:A:C","OLI206","Unknown","Kallmann syndrome",1,FALSE,TRUE,"exact_allele_multiple_variant_ids",NA,NA,NA,NA
"20:5302723:C:T","OLI1276","Unknown","Normosmic congenital hypogonadotropic hypogonadism",1,TRUE,TRUE,"unique_exact_genomic_allele",TRUE,"Deleterious","POSSIBLY_PATHOGENIC_MODERATE","Possibly pathogenic"
"20:5302723:C:T","OLI1278","Unknown","Normosmic congenital hypogonadotropic hypogonadism",1,TRUE,TRUE,"unique_exact_genomic_allele",TRUE,"Deleterious","POSSIBLY_PATHOGENIC_MODERATE","Possibly pathogenic"
"20:5313967:G:A","OLI1295","Unknown","Kallmann syndrome",1,TRUE,TRUE,"unique_exact_genomic_allele",TRUE,"Uncertain","UNCERTAIN_SIGNIFICANCE","VUS"
"20:5313980:G:A","OLI1171","Unknown","Kallmann syndrome",1,TRUE,TRUE,"unique_exact_genomic_allele",TRUE,"Benign","BENIGN","B/LB"
"20:5314027:C:T","OLI396","Unknown","Kallmann syndrome; Isolated congenital hypogonadotropic hypogonadism",1,TRUE,TRUE,"unique_exact_genomic_allele",TRUE,"Deleterious","POSSIBLY_PATHOGENIC_MODERATE","Possibly pathogenic"
"20:5314033:A:G","OLI1108","Unknown","Kallmann syndrome",1,TRUE,TRUE,"unique_exact_genomic_allele",TRUE,"Uncertain","LIKELY_PATHOGENIC","P/LP"
"20:5314062:G:A","OLI1351","Unknown","Normosmic congenital hypogonadotropic hypogonadism",1,TRUE,TRUE,"unique_exact_genomic_allele",TRUE,"Uncertain","POSSIBLY_PATHOGENIC_MODERATE","Possibly pathogenic"
"20:5314062:G:A","OLI849","Unknown","Kallmann syndrome",1,TRUE,TRUE,"unique_exact_genomic_allele",TRUE,"Uncertain","POSSIBLY_PATHOGENIC_MODERATE","Possibly pathogenic"
"20:5314062:G:A","OLI865","Unknown","Kallmann syndrome",1,TRUE,TRUE,"unique_exact_genomic_allele",TRUE,"Uncertain","POSSIBLY_PATHOGENIC_MODERATE","Possibly pathogenic"
"20:5314099:G:A","OLI852","Unknown","Kallmann syndrome",1,TRUE,TRUE,"unique_exact_genomic_allele",TRUE,"Uncertain","POSSIBLY_PATHOGENIC_MODERATE","Possibly pathogenic"
"20:5314116:C:A","OLI204","Unknown","Kallmann syndrome",1,TRUE,TRUE,"unique_exact_genomic_allele",TRUE,"Deleterious","POSSIBLY_PATHOGENIC_MODERATE","Possibly pathogenic"
"20:5314116:C:A","OLI648","Unknown","Kallmann syndrome",1,TRUE,TRUE,"unique_exact_genomic_allele",TRUE,"Deleterious","POSSIBLY_PATHOGENIC_MODERATE","Possibly pathogenic"
"20:5314116:C:T","OLI1169","Unknown","Kallmann syndrome",1,TRUE,TRUE,"unique_exact_genomic_allele",TRUE,"Uncertain","UNCERTAIN_SIGNIFICANCE","VUS"
"20:5314117:G:A","OLI014","Unknown","Pituitary stalk interruption syndrome",1,FALSE,TRUE,"exact_allele_multiple_variant_ids",NA,NA,NA,NA
"20:5314117:G:A","OLI1110","Unknown","Kallmann syndrome",1,FALSE,TRUE,"exact_allele_multiple_variant_ids",NA,NA,NA,NA
"20:5314117:G:A","OLI1297","Unknown","Kallmann syndrome",1,FALSE,TRUE,"exact_allele_multiple_variant_ids",NA,NA,NA,NA
"20:5314117:G:A","OLI1525","Unknown","46,XY disorder of sex development",1,FALSE,TRUE,"exact_allele_multiple_variant_ids",NA,NA,NA,NA
"20:5314117:G:A","OLI1544","Unknown","46,XY disorder of sex development",1,FALSE,TRUE,"exact_allele_multiple_variant_ids",NA,NA,NA,NA
"20:5314117:G:A","OLI1547","Unknown","46,XY disorder of sex development",1,FALSE,TRUE,"exact_allele_multiple_variant_ids",NA,NA,NA,NA
"20:5314117:G:A","OLI1548","Unknown","46,XY disorder of sex development",1,FALSE,TRUE,"exact_allele_multiple_variant_ids",NA,NA,NA,NA
"20:5314117:G:A","OLI1558","Unknown","Syndrome with 46,XY disorder of sex development",1,FALSE,TRUE,"exact_allele_multiple_variant_ids",NA,NA,NA,NA
"20:5314117:G:A","OLI1567","Unknown","Syndrome with 46,XY disorder of sex development",1,FALSE,TRUE,"exact_allele_multiple_variant_ids",NA,NA,NA,NA
"20:5314131:C:T","OLI1342","Unknown","Kallmann syndrome",1,TRUE,TRUE,"unique_exact_genomic_allele",TRUE,"Uncertain","POSSIBLY_PATHOGENIC_LOW","Possibly pathogenic"
"20:5314131:C:T","OLI868","Unknown","Kallmann syndrome",1,TRUE,TRUE,"unique_exact_genomic_allele",TRUE,"Uncertain","POSSIBLY_PATHOGENIC_LOW","Possibly pathogenic"
"20:5314131:CG:C","OLI864","Unknown","Kallmann syndrome",1,TRUE,TRUE,"unique_exact_genomic_allele",TRUE,"Benign","LIKELY_PATHOGENIC","P/LP"
"20:5314132:G:A","OLI1269","Unknown","Kallmann syndrome",1,FALSE,TRUE,"exact_allele_multiple_variant_ids",NA,NA,NA,NA
"20:5314132:G:A","OLI165","Unknown","Normosmic congenital hypogonadotropic hypogonadism",1,FALSE,TRUE,"exact_allele_multiple_variant_ids",NA,NA,NA,NA
"20:5314201:C:A","OLI1342","Unknown","Kallmann syndrome",1,TRUE,TRUE,"unique_exact_genomic_allele",TRUE,"Uncertain","POSSIBLY_BENIGN","Possibly benign"
"20:5314219:C:T","OLI498","Unknown","Normosmic congenital hypogonadotropic hypogonadism",1,TRUE,TRUE,"unique_exact_genomic_allele",TRUE,"Benign","BENIGN","B/LB"
"20:5314311:TG:T","OLI1280","Unknown","Normosmic congenital hypogonadotropic hypogonadism",1,TRUE,TRUE,"unique_exact_genomic_allele",TRUE,"Benign","PATHOGENIC","P/LP"
"20:57202483:G:A","OLI1004","Unknown","Androgen insensitivity syndrome; 46,XY disorder of sex development",1,TRUE,TRUE,"unique_exact_genomic_allele",TRUE,"Uncertain","POSSIBLY_PATHOGENIC_LOW","Possibly pathogenic"
"20:58441020:G:A","OLI274","Unknown","Amyotrophic lateral sclerosis",1,TRUE,TRUE,"unique_exact_genomic_allele",TRUE,"Uncertain","BENIGN","B/LB"
"20:58441020:G:A","OLI279","Unknown","Amyotrophic lateral sclerosis",1,TRUE,TRUE,"unique_exact_genomic_allele",TRUE,"Uncertain","BENIGN","B/LB"
"20:58444203:G:A","OLI830","Unknown","Amyotrophic lateral sclerosis",1,TRUE,TRUE,"unique_exact_genomic_allele",TRUE,"Uncertain","POSSIBLY_BENIGN","Possibly benign"
"20:58444988:C:G","OLI967","Unknown","Amyotrophic lateral sclerosis",1,TRUE,TRUE,"unique_exact_genomic_allele",TRUE,"Benign","BENIGN","B/LB"
"20:58445500:G:C","OLI970","Unknown","Amyotrophic lateral sclerosis",1,TRUE,TRUE,"unique_exact_genomic_allele",TRUE,"Benign","BENIGN","B/LB"
"20:58447054:A:G","OLI970","Unknown","Amyotrophic lateral sclerosis",1,TRUE,TRUE,"unique_exact_genomic_allele",TRUE,"Benign","BENIGN","B/LB"
"20:58448755:T:C","OLI970","Unknown","Amyotrophic lateral sclerosis",1,TRUE,TRUE,"unique_exact_genomic_allele",TRUE,"Benign","BENIGN","B/LB"
"20:58450417:C:T","OLI968","Unknown","Amyotrophic lateral sclerosis",1,TRUE,TRUE,"unique_exact_genomic_allele",TRUE,"Benign","BENIGN","B/LB"
"20:58840311:C:A","OLI1093","Unknown","Congenital hypothyroidism",1,TRUE,TRUE,"unique_exact_genomic_allele",TRUE,"Uncertain","POSSIBLY_BENIGN","Possibly benign"
"20:58840311:C:A","OLI1507","Unknown","Congenital hypothyroidism",1,TRUE,TRUE,"unique_exact_genomic_allele",TRUE,"Uncertain","POSSIBLY_BENIGN","Possibly benign"
"20:59023863:G:A","OLI688","Monogenic+Modifier","Autosomal dominant macrothrombocytopenia; Glanzmann thrombasthenia",1,TRUE,TRUE,"unique_exact_genomic_allele",TRUE,"Deleterious","POSSIBLY_PATHOGENIC_MODERATE","Possibly pathogenic"
"20:5985980:G:T","OLI1231","Unknown","Recurrent Pregnancy Loss",1,TRUE,TRUE,"unique_exact_genomic_allele",TRUE,"Uncertain","POSSIBLY_BENIGN","Possibly benign"
"20:62330867:G:A","OLI504","Unknown","Benign familial hematuria",1,TRUE,TRUE,"unique_exact_genomic_allele",TRUE,"Benign","POSSIBLY_PATHOGENIC_LOW","Possibly pathogenic"
"20:62330867:G:A","OLI916","Unknown","Benign familial hematuria",1,TRUE,TRUE,"unique_exact_genomic_allele",TRUE,"Benign","POSSIBLY_PATHOGENIC_LOW","Possibly pathogenic"
"20:62817604:C:G","OLI600","Unknown","Disorder of sex development",1,TRUE,TRUE,"unique_exact_genomic_allele",TRUE,"Uncertain","POSSIBLY_PATHOGENIC_LOW","Possibly pathogenic"
"20:62826255:C:T","OLI1689","Unknown","Non-Syndromic genetic keratoconus",1,TRUE,TRUE,"unique_exact_genomic_allele",TRUE,"Deleterious","POSSIBLY_PATHOGENIC_MODERATE","Possibly pathogenic"
"20:6778291:A:T","OLI1006","Unknown","Androgen insensitivity syndrome; 46,XY disorder of sex development",1,TRUE,TRUE,"unique_exact_genomic_allele",TRUE,"Uncertain","BENIGN","B/LB"
"20:7125642:T:C","OLI1358","True Digenic","Non-syndromic metopic and sagittal craniosynostosis",1,TRUE,TRUE,"unique_exact_genomic_allele",FALSE,"","BENIGN","B/LB"
"20:7125642:T:C","OLI1359","Unknown","Non-syndromic metopic and sagittal craniosynostosis",1,TRUE,TRUE,"unique_exact_genomic_allele",FALSE,"","BENIGN","B/LB"
"20:7125642:T:C","OLI1360","True Digenic","Non-syndromic sagittal craniosynostosis",1,TRUE,TRUE,"unique_exact_genomic_allele",FALSE,"","BENIGN","B/LB"
"20:7125642:T:C","OLI1361","True Digenic","Non-syndromic sagittal craniosynostosis",1,TRUE,TRUE,"unique_exact_genomic_allele",FALSE,"","BENIGN","B/LB"
"20:7125642:T:C","OLI1362","True Digenic","Non-syndromic sagittal craniosynostosis",1,TRUE,TRUE,"unique_exact_genomic_allele",FALSE,"","BENIGN","B/LB"
"20:7125642:T:C","OLI1363","Unknown","Non-syndromic sagittal craniosynostosis",1,TRUE,TRUE,"unique_exact_genomic_allele",FALSE,"","BENIGN","B/LB"
"20:7125642:T:C","OLI1364","True Digenic","Non-syndromic metopic craniosynostosis",1,TRUE,TRUE,"unique_exact_genomic_allele",FALSE,"","BENIGN","B/LB"
"20:7125642:T:C","OLI1365","True Digenic","Non-syndromic metopic craniosynostosis",1,TRUE,TRUE,"unique_exact_genomic_allele",FALSE,"","BENIGN","B/LB"
"20:7125642:T:C","OLI1366","True Digenic","Non-syndromic metopic craniosynostosis",1,TRUE,TRUE,"unique_exact_genomic_allele",FALSE,"","BENIGN","B/LB"
"20:7125642:T:C","OLI1367","True Digenic","Non-syndromic metopic craniosynostosis",1,TRUE,TRUE,"unique_exact_genomic_allele",FALSE,"","BENIGN","B/LB"
"20:7125642:T:C","OLI1368","True Digenic","Non-syndromic metopic and sagittal craniosynostosis",1,TRUE,TRUE,"unique_exact_genomic_allele",FALSE,"","BENIGN","B/LB"
"21:26933005:C:T","OLI1046","Unknown","Primary ovarian failure",1,TRUE,TRUE,"unique_exact_genomic_allele",TRUE,"Uncertain","BENIGN","B/LB"
"21:31659783:C:T","OLI269","Unknown","Amyotrophic lateral sclerosis",1,TRUE,TRUE,"unique_exact_genomic_allele",TRUE,"Deleterious","PATHOGENIC","P/LP"
"21:31659788:T:A","OLI948","Unknown","Amyotrophic lateral sclerosis",1,TRUE,TRUE,"unique_exact_genomic_allele",TRUE,"Deleterious","PATHOGENIC","P/LP"
"21:31659795:T:A","OLI943","Unknown","Amyotrophic lateral sclerosis",1,TRUE,TRUE,"unique_exact_genomic_allele",TRUE,"Deleterious","LIKELY_PATHOGENIC","P/LP"
"21:31659803:G:T","OLI1008","Unknown","Amyotrophic lateral sclerosis",1,TRUE,TRUE,"unique_exact_genomic_allele",TRUE,"Deleterious","LIKELY_PATHOGENIC","P/LP"
"21:31659834:A:G","OLI1701","Unknown","Amyotrophic lateral sclerosis",1,TRUE,TRUE,"unique_exact_genomic_allele",TRUE,"Deleterious","LIKELY_PATHOGENIC","P/LP"
"21:31663829:G:A","OLI280","Unknown","Amyotrophic lateral sclerosis",1,TRUE,TRUE,"unique_exact_genomic_allele",TRUE,"Deleterious","PATHOGENIC","P/LP"
"21:31663842:G:A","OLI940","Unknown","Amyotrophic lateral sclerosis",1,TRUE,TRUE,"unique_exact_genomic_allele",TRUE,"Deleterious","PATHOGENIC","P/LP"
"21:31663860:T:C","OLI1699","Unknown","Amyotrophic lateral sclerosis",1,TRUE,TRUE,"unique_exact_genomic_allele",TRUE,"Deleterious","PATHOGENIC","P/LP"
"21:31666478:C:G","OLI270","Unknown","Amyotrophic lateral sclerosis",1,TRUE,TRUE,"unique_exact_genomic_allele",TRUE,"Deleterious","LIKELY_PATHOGENIC","P/LP"
"21:31666508:G:T","OLI775","Unknown","Amyotrophic lateral sclerosis",1,TRUE,TRUE,"unique_exact_genomic_allele",TRUE,"Deleterious","PATHOGENIC","P/LP"
"21:31667280:G:A","OLI1639","Unknown","Amyotrophic lateral sclerosis",1,TRUE,TRUE,"unique_exact_genomic_allele",TRUE,"Deleterious","PATHOGENIC","P/LP"
"21:31667287:C:T","OLI328","Unknown","Amyotrophic lateral sclerosis",1,TRUE,TRUE,"unique_exact_genomic_allele",TRUE,"Deleterious","PATHOGENIC","P/LP"
"21:31667287:C:T","OLI329","Unknown","Amyotrophic lateral sclerosis",1,TRUE,TRUE,"unique_exact_genomic_allele",TRUE,"Deleterious","PATHOGENIC","P/LP"
"21:31667287:C:T","OLI330","Unknown","Amyotrophic lateral sclerosis",1,TRUE,TRUE,"unique_exact_genomic_allele",TRUE,"Deleterious","PATHOGENIC","P/LP"
"21:31667287:C:T","OLI331","Unknown","Amyotrophic lateral sclerosis",1,TRUE,TRUE,"unique_exact_genomic_allele",TRUE,"Deleterious","PATHOGENIC","P/LP"
"21:31667287:C:T","OLI332","Unknown","Amyotrophic lateral sclerosis",1,TRUE,TRUE,"unique_exact_genomic_allele",TRUE,"Deleterious","PATHOGENIC","P/LP"
"21:31667287:C:T","OLI333","Unknown","Amyotrophic lateral sclerosis",1,TRUE,TRUE,"unique_exact_genomic_allele",TRUE,"Deleterious","PATHOGENIC","P/LP"
"21:31667287:C:T","OLI334","Unknown","Amyotrophic lateral sclerosis",1,TRUE,TRUE,"unique_exact_genomic_allele",TRUE,"Deleterious","PATHOGENIC","P/LP"
"21:31667287:C:T","OLI335","Unknown","Amyotrophic lateral sclerosis",1,TRUE,TRUE,"unique_exact_genomic_allele",TRUE,"Deleterious","PATHOGENIC","P/LP"
"21:31667290:A:C","OLI1621","Unknown","Amyotrophic lateral sclerosis",1,FALSE,TRUE,"exact_allele_multiple_variant_ids",NA,NA,NA,NA
"21:31667290:A:C","OLI1635","Unknown","Amyotrophic lateral sclerosis",1,FALSE,TRUE,"exact_allele_multiple_variant_ids",NA,NA,NA,NA
"21:31667290:A:C","OLI335","Unknown","Amyotrophic lateral sclerosis",1,FALSE,TRUE,"exact_allele_multiple_variant_ids",NA,NA,NA,NA
"21:31667290:A:C","OLI777","Unknown","Amyotrophic lateral sclerosis",1,FALSE,TRUE,"exact_allele_multiple_variant_ids",NA,NA,NA,NA
"21:31667290:A:C","OLI964","Unknown","Amyotrophic lateral sclerosis",1,FALSE,TRUE,"exact_allele_multiple_variant_ids",NA,NA,NA,NA
"21:31667290:A:C","OLI965","Unknown","Amyotrophic lateral sclerosis",1,FALSE,TRUE,"exact_allele_multiple_variant_ids",NA,NA,NA,NA
"21:31667290:A:C","OLI966","Unknown","Amyotrophic lateral sclerosis",1,FALSE,TRUE,"exact_allele_multiple_variant_ids",NA,NA,NA,NA
"21:31667290:A:C","OLI967","Unknown","Amyotrophic lateral sclerosis",1,FALSE,TRUE,"exact_allele_multiple_variant_ids",NA,NA,NA,NA
"21:31667290:A:C","OLI968","Unknown","Amyotrophic lateral sclerosis",1,FALSE,TRUE,"exact_allele_multiple_variant_ids",NA,NA,NA,NA
"21:31667290:A:C","OLI969","Unknown","Amyotrophic lateral sclerosis",1,FALSE,TRUE,"exact_allele_multiple_variant_ids",NA,NA,NA,NA
"21:31667290:A:C","OLI970","Unknown","Amyotrophic lateral sclerosis",1,FALSE,TRUE,"exact_allele_multiple_variant_ids",NA,NA,NA,NA
"21:31667298:G:C","OLI1700","Unknown","Amyotrophic lateral sclerosis",1,TRUE,TRUE,"unique_exact_genomic_allele",TRUE,"Deleterious","PATHOGENIC","P/LP"
"21:31667331:A:T","OLI1631","Unknown","Amyotrophic lateral sclerosis",1,TRUE,TRUE,"unique_exact_genomic_allele",TRUE,"Deleterious","PATHOGENIC","P/LP"
"21:31667353:G:A","OLI439","Unknown","Amyotrophic lateral sclerosis",1,TRUE,TRUE,"unique_exact_genomic_allele",TRUE,"Deleterious","PATHOGENIC","P/LP"
"21:31667353:G:A","OLI941","Unknown","Amyotrophic lateral sclerosis",1,TRUE,TRUE,"unique_exact_genomic_allele",TRUE,"Deleterious","PATHOGENIC","P/LP"
"21:31667353:G:A","OLI942","Unknown","Amyotrophic lateral sclerosis",1,TRUE,TRUE,"unique_exact_genomic_allele",TRUE,"Deleterious","PATHOGENIC","P/LP"
"21:31667359:T:C","OLI634","Unknown","Amyotrophic lateral sclerosis",1,TRUE,TRUE,"unique_exact_genomic_allele",TRUE,"Deleterious","PATHOGENIC","P/LP"
"21:31667359:T:C","OLI635","Unknown","Amyotrophic lateral sclerosis",1,TRUE,TRUE,"unique_exact_genomic_allele",TRUE,"Deleterious","PATHOGENIC","P/LP"
"21:31667359:T:C","OLI636","Unknown","Amyotrophic lateral sclerosis",1,TRUE,TRUE,"unique_exact_genomic_allele",TRUE,"Deleterious","PATHOGENIC","P/LP"
"21:31667359:T:C","OLI778","Unknown","Amyotrophic lateral sclerosis",1,TRUE,TRUE,"unique_exact_genomic_allele",TRUE,"Deleterious","PATHOGENIC","P/LP"
"21:31668537:G:A","OLI440","Unknown","Amyotrophic lateral sclerosis",1,TRUE,TRUE,"unique_exact_genomic_allele",TRUE,"Deleterious","LIKELY_PATHOGENIC","P/LP"
"21:31668548:G:C","OLI1628","Unknown","Amyotrophic lateral sclerosis",1,FALSE,TRUE,"exact_allele_multiple_variant_ids",NA,NA,NA,NA
"21:31668548:G:C","OLI658","Unknown","Amyotrophic lateral sclerosis",1,FALSE,TRUE,"exact_allele_multiple_variant_ids",NA,NA,NA,NA
"21:32325266:G:A","OLI1608","Unknown","Congenital hypothyroidism",1,TRUE,TRUE,"unique_exact_genomic_allele",TRUE,"Uncertain","BENIGN","B/LB"
"21:33268475:C:T","OLI1719","Unknown","Common variable immunodeficiency",1,TRUE,TRUE,"unique_exact_genomic_allele",TRUE,"Uncertain","BENIGN","B/LB"
"21:33432789:GT:G","OLI219","Unknown","Primary immunodeficiency",1,TRUE,TRUE,"unique_exact_genomic_allele",TRUE,"Benign","PATHOGENIC","P/LP"
"21:33511354:C:G","OLI725","Unknown","Isolated anencephaly",1,TRUE,TRUE,"unique_exact_genomic_allele",TRUE,"Uncertain","UNCERTAIN_SIGNIFICANCE","VUS"
"21:33517581:A:G","OLI742","Unknown","Isolated anencephaly",1,TRUE,TRUE,"unique_exact_genomic_allele",TRUE,"Uncertain","POSSIBLY_BENIGN","Possibly benign"
"21:34370648:T:C","OLI218","Unknown","Familial long QT syndrome",1,TRUE,TRUE,"unique_exact_genomic_allele",TRUE,"Deleterious","BENIGN","B/LB"
"21:34370656:T:C","OLI364","Unknown","Familial long QT syndrome",1,TRUE,TRUE,"unique_exact_genomic_allele",TRUE,"Deleterious","POSSIBLY_PATHOGENIC_MODERATE","Possibly pathogenic"
"21:34449256:G:T","OLI1216","Unknown","Familial long QT syndrome",1,TRUE,TRUE,"unique_exact_genomic_allele",TRUE,"Uncertain","UNCERTAIN_SIGNIFICANCE","VUS"
"21:34449382:C:T","OLI1217","Monogenic+Modifier","Familial long QT syndrome",1,TRUE,TRUE,"unique_exact_genomic_allele",TRUE,"Uncertain","POSSIBLY_BENIGN","Possibly benign"
"21:34449382:C:T","OLI1218","Unknown","Familial long QT syndrome",1,TRUE,TRUE,"unique_exact_genomic_allele",TRUE,"Uncertain","POSSIBLY_BENIGN","Possibly benign"
"21:34449382:C:T","OLI1219","Unknown","Familial long QT syndrome",1,TRUE,TRUE,"unique_exact_genomic_allele",TRUE,"Uncertain","POSSIBLY_BENIGN","Possibly benign"
"21:34449382:C:T","OLI1221","Unknown","Familial long QT syndrome",1,TRUE,TRUE,"unique_exact_genomic_allele",TRUE,"Uncertain","POSSIBLY_BENIGN","Possibly benign"
"21:34449382:C:T","OLI1222","Unknown","Familial long QT syndrome",1,TRUE,TRUE,"unique_exact_genomic_allele",TRUE,"Uncertain","POSSIBLY_BENIGN","Possibly benign"
"21:34449382:C:T","OLI1223","Unknown","Familial long QT syndrome",1,TRUE,TRUE,"unique_exact_genomic_allele",TRUE,"Uncertain","POSSIBLY_BENIGN","Possibly benign"
"21:34449382:C:T","OLI1224","Unknown","Familial long QT syndrome",1,TRUE,TRUE,"unique_exact_genomic_allele",TRUE,"Uncertain","POSSIBLY_BENIGN","Possibly benign"
"21:34449382:C:T","OLI1225","Unknown","Familial long QT syndrome",1,TRUE,TRUE,"unique_exact_genomic_allele",TRUE,"Uncertain","POSSIBLY_BENIGN","Possibly benign"
"21:34449382:C:T","OLI1226","Unknown","Familial long QT syndrome",1,TRUE,TRUE,"unique_exact_genomic_allele",TRUE,"Uncertain","POSSIBLY_BENIGN","Possibly benign"
"21:34449382:C:T","OLI1228","Unknown","Familial long QT syndrome",1,TRUE,TRUE,"unique_exact_genomic_allele",TRUE,"Uncertain","POSSIBLY_BENIGN","Possibly benign"
"21:34449414:G:A","OLI1220","Unknown","Familial long QT syndrome",1,TRUE,TRUE,"unique_exact_genomic_allele",TRUE,"Deleterious","LIKELY_PATHOGENIC","P/LP"
"21:34449523:T:C","OLI549","Unknown","Familial long QT syndrome",1,TRUE,TRUE,"unique_exact_genomic_allele",TRUE,"Uncertain","POSSIBLY_BENIGN","Possibly benign"
"21:34449523:T:C","OLI551","Unknown","Familial long QT syndrome",1,TRUE,TRUE,"unique_exact_genomic_allele",TRUE,"Uncertain","POSSIBLY_BENIGN","Possibly benign"
"21:34449540:C:T","OLI1227","Unknown","Familial long QT syndrome",1,TRUE,TRUE,"unique_exact_genomic_allele",TRUE,"Uncertain","POSSIBLY_PATHOGENIC_LOW","Possibly pathogenic"
"21:37051244:C:T","OLI979","Unknown","Left ventricular noncompaction",1,TRUE,TRUE,"unique_exact_genomic_allele",FALSE,"","POSSIBLY_BENIGN","Possibly benign"
"21:41741308:C:T","OLI597","Unknown","Disorder of sex development",1,TRUE,TRUE,"unique_exact_genomic_allele",TRUE,"Uncertain","UNCERTAIN_SIGNIFICANCE","VUS"
"21:41756670:G:A","OLI597","Unknown","Disorder of sex development",1,TRUE,TRUE,"unique_exact_genomic_allele",TRUE,"Uncertain","POSSIBLY_BENIGN","Possibly benign"
"21:42375787:C:T","OLI013","True Digenic","Non-syndromic genetic deafness",1,TRUE,TRUE,"unique_exact_genomic_allele",TRUE,"Uncertain","PATHOGENIC","P/LP"
"21:42384006:A:AT","OLI060","Unknown","Non-syndromic genetic deafness",1,TRUE,TRUE,"unique_exact_genomic_allele",TRUE,"Benign","PATHOGENIC","P/LP"
"21:42389042:TG:T","OLI060","Unknown","Non-syndromic genetic deafness",1,TRUE,TRUE,"unique_exact_genomic_allele",TRUE,"Benign","PATHOGENIC","P/LP"
"21:43060481:G:A","OLI759","Unknown","Isolated anencephaly",1,TRUE,TRUE,"unique_exact_genomic_allele",TRUE,"Deleterious","BENIGN","B/LB"
"21:44288405:C:T","OLI025","Unknown","Primary hemophagocytic lymphohistiocytosis",1,TRUE,TRUE,"unique_exact_genomic_allele",TRUE,"Uncertain","POSSIBLY_PATHOGENIC_LOW","Possibly pathogenic"
"21:44331874:G:A","OLI1703","Unknown","Amyotrophic lateral sclerosis",1,TRUE,TRUE,"unique_exact_genomic_allele",TRUE,"Benign","LIKELY_BENIGN","B/LB"
"21:44333234:C:A","OLI625","Unknown","Amyotrophic lateral sclerosis",1,TRUE,TRUE,"unique_exact_genomic_allele",TRUE,"Benign","BENIGN","B/LB"
"21:44333234:C:A","OLI634","Unknown","Amyotrophic lateral sclerosis",1,TRUE,TRUE,"unique_exact_genomic_allele",TRUE,"Benign","BENIGN","B/LB"
"21:44339122:A:C","OLI940","Unknown","Amyotrophic lateral sclerosis",1,TRUE,TRUE,"unique_exact_genomic_allele",TRUE,"Uncertain","POSSIBLY_PATHOGENIC_LOW","Possibly pathogenic"
"21:45984391:T:C","OLI1048","Unknown","Primary ovarian failure",1,TRUE,TRUE,"unique_exact_genomic_allele",TRUE,"Deleterious","BENIGN","B/LB"
"21:45989102:G:T","OLI134","Unknown","Bethlem myopathy",1,TRUE,TRUE,"unique_exact_genomic_allele",TRUE,"Deleterious","PATHOGENIC","P/LP"
"21:45999190:A:C","OLI1327","Unknown","NON RARE IN EUROPE: Familial isolated hypertrophic cardiomyopathy",1,TRUE,TRUE,"unique_exact_genomic_allele",TRUE,"Deleterious","UNCERTAIN_SIGNIFICANCE","VUS"
"21:46112206:C:T","OLI1059","Unknown","Primary ovarian failure",1,TRUE,TRUE,"unique_exact_genomic_allele",TRUE,"Uncertain","POSSIBLY_PATHOGENIC_LOW","Possibly pathogenic"
"21:46117883:G:T","OLI016","Monogenic+Modifier","Limb-girdle muscular dystrophy",1,TRUE,TRUE,"unique_exact_genomic_allele",TRUE,"Deleterious","LIKELY_PATHOGENIC","P/LP"
"21:46132067:G:A","OLI1070","Unknown","Primary ovarian failure",1,TRUE,TRUE,"unique_exact_genomic_allele",TRUE,"Uncertain","POSSIBLY_BENIGN","Possibly benign"
"21:46150519:G:A","OLI703","Unknown","Isolated anencephaly",1,TRUE,TRUE,"unique_exact_genomic_allele",TRUE,"Uncertain","BENIGN","B/LB"
"21:46150519:G:A","OLI724","Unknown","Isolated anencephaly",1,TRUE,TRUE,"unique_exact_genomic_allele",TRUE,"Uncertain","BENIGN","B/LB"
"22:17109608:A:G","OLI1714","Unknown","Common variable immunodeficiency",1,TRUE,TRUE,"unique_exact_genomic_allele",TRUE,"Benign","BENIGN","B/LB"
"22:17209664:C:G","OLI330","Unknown","Amyotrophic lateral sclerosis",1,TRUE,TRUE,"unique_exact_genomic_allele",TRUE,"Benign","POSSIBLY_PATHOGENIC_MODERATE","Possibly pathogenic"
"22:18126945:G:A","OLI1052","Unknown","Primary ovarian failure",1,TRUE,TRUE,"unique_exact_genomic_allele",TRUE,"Deleterious","UNCERTAIN_SIGNIFICANCE","VUS"
"22:19761114:G:A","OLI1492","Unknown","Congenital hypothyroidism",1,TRUE,TRUE,"unique_exact_genomic_allele",TRUE,"Benign","UNCERTAIN_SIGNIFICANCE","VUS"
"22:19964259:A:AT","OLI1659","Unknown","Bardet-Biedl syndrome",1,TRUE,TRUE,"unique_exact_genomic_allele",TRUE,"Benign","PATHOGENIC","P/LP"
"22:20991741:C:T","OLI1538","Unknown","46,XY disorder of sex development",1,TRUE,TRUE,"unique_exact_genomic_allele",TRUE,"Uncertain","POSSIBLY_PATHOGENIC_MODERATE","Possibly pathogenic"
"22:20993712:G:A","OLI1327","Unknown","NON RARE IN EUROPE: Familial isolated hypertrophic cardiomyopathy",1,TRUE,TRUE,"unique_exact_genomic_allele",TRUE,"","PATHOGENIC","P/LP"
"22:20995826:G:A","OLI1542","Unknown","46,XY disorder of sex development",1,TRUE,TRUE,"unique_exact_genomic_allele",TRUE,"Deleterious","POSSIBLY_PATHOGENIC_MODERATE","Possibly pathogenic"
"22:23573471:G:A","OLI1718","Unknown","Common variable immunodeficiency",1,TRUE,TRUE,"unique_exact_genomic_allele",TRUE,"Benign","LIKELY_BENIGN","B/LB"
"22:23767396:G:A","OLI626","Unknown","Amyotrophic lateral sclerosis",1,TRUE,TRUE,"unique_exact_genomic_allele",TRUE,"Uncertain","LIKELY_BENIGN","B/LB"
"22:23779310:C:T","OLI1239","Unknown","Recurrent Pregnancy Loss,Recurrent implantation failure,Primary infertility",1,TRUE,TRUE,"unique_exact_genomic_allele",TRUE,"Benign","UNCERTAIN_SIGNIFICANCE","VUS"
"22:25768578:T:C","OLI341","Unknown","Isolated Klippel-Feil syndrome",1,TRUE,TRUE,"unique_exact_genomic_allele",TRUE,"Uncertain","UNCERTAIN_SIGNIFICANCE","VUS"
"22:25823681:A:G","OLI337","Unknown","Isolated Klippel-Feil syndrome",1,TRUE,TRUE,"unique_exact_genomic_allele",TRUE,"Deleterious","POSSIBLY_PATHOGENIC_LOW","Possibly pathogenic"
"22:25828868:C:T","OLI790","Unknown","Arthrogryposis syndrome",1,TRUE,TRUE,"unique_exact_genomic_allele",TRUE,"Uncertain","BENIGN","B/LB"
"22:25846128:C:T","OLI790","Unknown","Arthrogryposis syndrome",1,TRUE,TRUE,"unique_exact_genomic_allele",TRUE,"Uncertain","UNCERTAIN_SIGNIFICANCE","VUS"
"22:25903703:G:A","OLI342","Unknown","Isolated Klippel-Feil syndrome",1,TRUE,TRUE,"unique_exact_genomic_allele",TRUE,"Uncertain","UNCERTAIN_SIGNIFICANCE","VUS"
"22:29046737:G:A","OLI711","Unknown","Isolated anencephaly",1,TRUE,TRUE,"unique_exact_genomic_allele",TRUE,"Benign","UNCERTAIN_SIGNIFICANCE","VUS"
"22:29048457:C:A","OLI744","Unknown","Isolated anencephaly",1,TRUE,TRUE,"unique_exact_genomic_allele",TRUE,"Deleterious","BENIGN","B/LB"
"22:29049459:C:G","OLI705","Unknown","Isolated anencephaly",1,TRUE,TRUE,"unique_exact_genomic_allele",TRUE,"Uncertain","POSSIBLY_BENIGN","Possibly benign"
"22:29049688:G:A","OLI1526","Unknown","46,XY disorder of sex development",1,TRUE,TRUE,"unique_exact_genomic_allele",TRUE,"Benign","POSSIBLY_PATHOGENIC_LOW","Possibly pathogenic"
"22:29049688:G:A","OLI1531","Unknown","46,XY disorder of sex development",1,TRUE,TRUE,"unique_exact_genomic_allele",TRUE,"Benign","POSSIBLY_PATHOGENIC_LOW","Possibly pathogenic"
"22:29050042:G:T","OLI1539","Unknown","46,XY disorder of sex development",1,TRUE,TRUE,"unique_exact_genomic_allele",TRUE,"Benign","UNCERTAIN_SIGNIFICANCE","VUS"
"22:29050915:C:A","OLI756","Unknown","Isolated anencephaly",1,TRUE,TRUE,"unique_exact_genomic_allele",TRUE,"Benign","LIKELY_BENIGN","B/LB"
"22:29481145:G:A","OLI1629","Unknown","Amyotrophic lateral sclerosis",1,TRUE,TRUE,"unique_exact_genomic_allele",TRUE,"Deleterious","POSSIBLY_PATHOGENIC_MODERATE","Possibly pathogenic"
"22:29485777:G:A","OLI436","Unknown","Amyotrophic lateral sclerosis",1,TRUE,TRUE,"unique_exact_genomic_allele",TRUE,"Uncertain","BENIGN","B/LB"
"22:29489149:TCCCCCAGCAGAAGAGGCTGCA:T","OLI1640","Unknown","Amyotrophic lateral sclerosis",1,TRUE,TRUE,"unique_exact_genomic_allele",TRUE,"","POSSIBLY_PATHOGENIC_MODERATE","Possibly pathogenic"
"22:29489154:C:T","OLI828","Unknown","Amyotrophic lateral sclerosis",1,TRUE,TRUE,"unique_exact_genomic_allele",TRUE,"Uncertain","POSSIBLY_PATHOGENIC_LOW","Possibly pathogenic"
"22:29490437:C:T","OLI1704","Unknown","Amyotrophic lateral sclerosis",1,TRUE,TRUE,"unique_exact_genomic_allele",TRUE,"Benign","LIKELY_BENIGN","B/LB"
"22:30243779:C:T","OLI889","Unknown","Normosmic congenital hypogonadotropic hypogonadism",1,TRUE,TRUE,"unique_exact_genomic_allele",TRUE,"Uncertain","UNCERTAIN_SIGNIFICANCE","VUS"
"22:30928147:G:A","OLI1153","Unknown","Hereditary spastic paraplegia",1,TRUE,TRUE,"unique_exact_genomic_allele",TRUE,"Uncertain","POSSIBLY_PATHOGENIC_MODERATE","Possibly pathogenic"
"22:31400695:C:T","OLI798","Unknown","Arthrogryposis syndrome",1,TRUE,TRUE,"unique_exact_genomic_allele",TRUE,"","PATHOGENIC","P/LP"
"22:32857355:T:C","OLI839","Unknown","Cerebral arteriovenous malformation",1,TRUE,TRUE,"unique_exact_genomic_allele",TRUE,"Deleterious","LIKELY_PATHOGENIC","P/LP"
"22:36295656:G:A","OLI1803","Unknown","Hypoplastic left heart syndrome",1,TRUE,TRUE,"unique_exact_genomic_allele",TRUE,"","LIKELY_PATHOGENIC","P/LP"
"22:36480682:T:C","OLI725","Unknown","Isolated anencephaly",1,TRUE,TRUE,"unique_exact_genomic_allele",TRUE,"Benign","LIKELY_BENIGN","B/LB"
"22:36763952:C:T","OLI1657","Unknown","Bardet-Biedl syndrome",1,TRUE,TRUE,"unique_exact_genomic_allele",TRUE,"Uncertain","BENIGN","B/LB"
"22:37973856:GGT:G","OLI1388","Unknown","Hypogonadotropic hypogonadism with partial puberty phenotype",1,TRUE,TRUE,"unique_exact_genomic_allele",TRUE,"Benign","LIKELY_PATHOGENIC","P/LP"
"22:37973929:C:T","OLI1264","Unknown","Normosmic congenital hypogonadotropic hypogonadism",1,TRUE,TRUE,"unique_exact_genomic_allele",TRUE,"Uncertain","POSSIBLY_PATHOGENIC_LOW","Possibly pathogenic"
"22:37974129:G:A","OLI1109","Unknown","Kallmann syndrome",1,TRUE,TRUE,"unique_exact_genomic_allele",TRUE,"Uncertain","POSSIBLY_PATHOGENIC_MODERATE","Possibly pathogenic"
"22:37974183:G:A","OLI1387","Unknown","Hypogonadotropic hypogonadism with partial puberty phenotype",1,TRUE,TRUE,"unique_exact_genomic_allele",TRUE,"Deleterious","POSSIBLY_PATHOGENIC_MODERATE","Possibly pathogenic"
"22:37977971:C:T","OLI1323","Unknown","Kallmann syndrome",1,TRUE,TRUE,"unique_exact_genomic_allele",TRUE,"Uncertain","POSSIBLY_PATHOGENIC_LOW","Possibly pathogenic"
"22:37978083:G:A","OLI1596","Unknown","Normosmic congenital hypogonadotropic hypogonadism",1,TRUE,TRUE,"unique_exact_genomic_allele",TRUE,"Deleterious","PATHOGENIC","P/LP"
"22:37983594:T:A","OLI1598","Unknown","Kallmann syndrome",1,TRUE,TRUE,"unique_exact_genomic_allele",TRUE,"Uncertain","POSSIBLY_PATHOGENIC_MODERATE","Possibly pathogenic"
"22:37983696:G:T","OLI1599","Unknown","Kallmann syndrome",1,TRUE,TRUE,"unique_exact_genomic_allele",TRUE,"","PATHOGENIC","P/LP"
"22:41723941:A:C","OLI782","Unknown","Male infertility due to sperm disorder",1,TRUE,TRUE,"unique_exact_genomic_allele",TRUE,"Deleterious","LIKELY_PATHOGENIC","P/LP"
"22:41732495:C:G","OLI781","Unknown","Male infertility due to sperm disorder",1,TRUE,TRUE,"unique_exact_genomic_allele",TRUE,"Uncertain","UNCERTAIN_SIGNIFICANCE","VUS"
"22:42067136:G:C","OLI925","Unknown","Transposition of the great arteries",1,TRUE,TRUE,"unique_exact_genomic_allele",TRUE,"Deleterious","POSSIBLY_PATHOGENIC_LOW","Possibly pathogenic"
"22:45345535:T:A","OLI092","Unknown","Primary ovarian failure",1,TRUE,TRUE,"unique_exact_genomic_allele",TRUE,"Benign","BENIGN","B/LB"
"22:45399345:T:C","OLI1722","Unknown","Primary ovarian failure",1,TRUE,TRUE,"unique_exact_genomic_allele",TRUE,"Uncertain","LIKELY_PATHOGENIC","P/LP"
"22:45402525:A:G","OLI093","Unknown","Primary ovarian failure",1,TRUE,TRUE,"unique_exact_genomic_allele",TRUE,"Benign","UNCERTAIN_SIGNIFICANCE","VUS"
"22:46364224:G:A","OLI710","Unknown","Isolated anencephaly",1,TRUE,TRUE,"unique_exact_genomic_allele",TRUE,"Uncertain","POSSIBLY_PATHOGENIC_LOW","Possibly pathogenic"
"22:46364519:C:G","OLI506","Unknown","Isolated spina bifida",1,TRUE,TRUE,"unique_exact_genomic_allele",TRUE,"Uncertain","POSSIBLY_BENIGN","Possibly benign"
"22:46365326:T:C","OLI686","Unknown","Holoprosencephaly",1,TRUE,TRUE,"unique_exact_genomic_allele",TRUE,"Uncertain","UNCERTAIN_SIGNIFICANCE","VUS"
"22:46366404:G:A","OLI758","Unknown","Isolated anencephaly",1,TRUE,TRUE,"unique_exact_genomic_allele",TRUE,"Uncertain","BENIGN","B/LB"
"22:46372939:G:A","OLI1476","Unknown","Hypoplastic left heart syndrome",1,TRUE,TRUE,"unique_exact_genomic_allele",TRUE,"Benign","UNCERTAIN_SIGNIFICANCE","VUS"
"22:46377096:C:T","OLI738","Unknown","Isolated anencephaly",1,TRUE,TRUE,"unique_exact_genomic_allele",TRUE,"Uncertain","UNCERTAIN_SIGNIFICANCE","VUS"
"22:46377096:C:T","OLI749","Unknown","Isolated anencephaly",1,TRUE,TRUE,"unique_exact_genomic_allele",TRUE,"Uncertain","UNCERTAIN_SIGNIFICANCE","VUS"
"22:46377156:G:A","OLI1472","Unknown","Familial bicuspid aortic valve",1,TRUE,TRUE,"unique_exact_genomic_allele",TRUE,"Deleterious","POSSIBLY_PATHOGENIC_LOW","Possibly pathogenic"
"22:46386539:G:A","OLI1475","Unknown","Hypoplastic left heart syndrome",1,TRUE,TRUE,"unique_exact_genomic_allele",TRUE,"Benign","UNCERTAIN_SIGNIFICANCE","VUS"
"22:46389483:C:T","OLI698","Unknown","Isolated anencephaly",1,TRUE,TRUE,"unique_exact_genomic_allele",TRUE,"Uncertain","UNCERTAIN_SIGNIFICANCE","VUS"
"22:46533807:C:T","OLI507","Unknown","Isolated anencephaly",1,TRUE,TRUE,"unique_exact_genomic_allele",TRUE,"Uncertain","UNCERTAIN_SIGNIFICANCE","VUS"
"22:46533807:C:T","OLI508","Unknown","Isolated anencephaly",1,TRUE,TRUE,"unique_exact_genomic_allele",TRUE,"Uncertain","UNCERTAIN_SIGNIFICANCE","VUS"
"22:46534002:G:A","OLI510","Unknown","Isolated spina bifida",1,TRUE,TRUE,"unique_exact_genomic_allele",TRUE,"Uncertain","POSSIBLY_BENIGN","Possibly benign"
"22:46534311:G:A","OLI684","Unknown","Holoprosencephaly",1,TRUE,TRUE,"unique_exact_genomic_allele",TRUE,"Uncertain","UNCERTAIN_SIGNIFICANCE","VUS"
"22:46534353:C:T","OLI1474","Unknown","Hypoplastic left heart syndrome",1,TRUE,TRUE,"unique_exact_genomic_allele",TRUE,"Uncertain","UNCERTAIN_SIGNIFICANCE","VUS"
"22:46534703:C:T","OLI1473","Unknown","Familial bicuspid aortic valve",1,TRUE,TRUE,"unique_exact_genomic_allele",TRUE,"Uncertain","UNCERTAIN_SIGNIFICANCE","VUS"
"22:46534866:G:A","OLI505","Unknown","Isolated spina bifida",1,TRUE,TRUE,"unique_exact_genomic_allele",TRUE,"Uncertain","UNCERTAIN_SIGNIFICANCE","VUS"
"22:46534983:G:A","OLI1478","Unknown","Hypoplastic left heart syndrome",1,TRUE,TRUE,"unique_exact_genomic_allele",TRUE,"Uncertain","UNCERTAIN_SIGNIFICANCE","VUS"
"22:46535996:A:G","OLI1476","Unknown","Hypoplastic left heart syndrome",1,TRUE,TRUE,"unique_exact_genomic_allele",TRUE,"Uncertain","POSSIBLY_BENIGN","Possibly benign"
"22:50523994:C:T","OLI930","Unknown","Transposition of the great arteries",1,TRUE,TRUE,"unique_exact_genomic_allele",TRUE,"Deleterious","PATHOGENIC","P/LP"
"22:50572990:C:T","OLI1233","Unknown","Recurrent Pregnancy Loss",1,TRUE,TRUE,"unique_exact_genomic_allele",TRUE,"Deleterious","POSSIBLY_PATHOGENIC_MODERATE","Possibly pathogenic"
"22:50730779:C:T","OLI491","Unknown","Rare pervasive developmental disorder",1,TRUE,TRUE,"unique_exact_genomic_allele",TRUE,"Benign","POSSIBLY_PATHOGENIC_LOW","Possibly pathogenic"
"22:50731014:G:A","OLI476","Unknown","Rare pervasive developmental disorder",1,TRUE,TRUE,"unique_exact_genomic_allele",TRUE,"Uncertain","POSSIBLY_PATHOGENIC_LOW","Possibly pathogenic"
"22:50731052:G:A","OLI476","Unknown","Rare pervasive developmental disorder",1,TRUE,TRUE,"unique_exact_genomic_allele",TRUE,"Benign","POSSIBLY_PATHOGENIC_LOW","Possibly pathogenic"
"22:50731076:C:A","OLI495","Unknown","Rare pervasive developmental disorder",1,TRUE,TRUE,"unique_exact_genomic_allele",TRUE,"Benign","BENIGN","B/LB"
"2:101859854:G:A","OLI838","Unknown","Cerebral arteriovenous malformation",1,TRUE,TRUE,"unique_exact_genomic_allele",TRUE,"Uncertain","LIKELY_PATHOGENIC","P/LP"
"2:108765788:C:G","OLI221","True Digenic","Familial acute necrotizing encephalopathy",1,TRUE,TRUE,"unique_exact_genomic_allele",TRUE,"Uncertain","LIKELY_PATHOGENIC","P/LP"
"2:110131733:G:A","OLI211","Unknown","Retinitis pigmentosa; Nephronophthisis",1,TRUE,TRUE,"unique_exact_genomic_allele",TRUE,"","PATHOGENIC","P/LP"
"2:110204955:C:A","OLI617","Unknown","Bardet-Biedl syndrome",1,TRUE,TRUE,"unique_exact_genomic_allele",TRUE,"Uncertain","BENIGN","B/LB"
"2:111834709:G:C","OLI1039","Unknown","Primary ovarian failure",1,TRUE,TRUE,"unique_exact_genomic_allele",TRUE,"Uncertain","UNCERTAIN_SIGNIFICANCE","VUS"
"2:111929282:CA:A","OLI450","Unknown","Retinitis pigmentosa",1,FALSE,FALSE,NA,NA,NA,NA,NA
"2:113060861:C:G","OLI918","Dual Molecular Diagnosis","Generalized pustular psoriasis; Isolated agammaglobulinemia",1,TRUE,TRUE,"unique_exact_genomic_allele",TRUE,"Uncertain","UNCERTAIN_SIGNIFICANCE","VUS"
"2:113060943:T:C","OLI673","Dual Molecular Diagnosis","Generalized pustular psoriasis; Behcet disease",1,TRUE,TRUE,"unique_exact_genomic_allele",TRUE,"Uncertain","LIKELY_PATHOGENIC","P/LP"
"2:113235444:G:A","OLI1093","Unknown","Congenital hypothyroidism",1,TRUE,TRUE,"unique_exact_genomic_allele",TRUE,"Deleterious","POSSIBLY_PATHOGENIC_LOW","Possibly pathogenic"
"2:113235444:G:A","OLI1507","Unknown","Congenital hypothyroidism",1,TRUE,TRUE,"unique_exact_genomic_allele",TRUE,"Deleterious","POSSIBLY_PATHOGENIC_LOW","Possibly pathogenic"
"2:113242764:T:C","OLI591","Unknown","Congenital hypothyroidism",1,TRUE,TRUE,"unique_exact_genomic_allele",TRUE,"Deleterious","BENIGN","B/LB"
"2:113244584:C:T","OLI593","Unknown","Congenital hypothyroidism",1,TRUE,TRUE,"unique_exact_genomic_allele",TRUE,"Deleterious","POSSIBLY_PATHOGENIC_LOW","Possibly pathogenic"
"2:120951433:A:G","OLI1537","Unknown","46,XY disorder of sex development",1,TRUE,TRUE,"unique_exact_genomic_allele",TRUE,"Uncertain","UNCERTAIN_SIGNIFICANCE","VUS"
"2:120955340:G:T","OLI1169","Unknown","Kallmann syndrome",1,TRUE,TRUE,"unique_exact_genomic_allele",TRUE,"Uncertain","UNCERTAIN_SIGNIFICANCE","VUS"
"2:120968925:G:A","OLI344","Unknown","46,XY disorder of sex development",1,TRUE,TRUE,"unique_exact_genomic_allele",TRUE,"Benign","LIKELY_BENIGN","B/LB"
"2:120975030:C:G","OLI1511","Unknown","46,XY disorder of sex development",1,TRUE,TRUE,"unique_exact_genomic_allele",TRUE,"Benign","POSSIBLY_PATHOGENIC_LOW","Possibly pathogenic"
"2:120984598:A:C","OLI1554","Unknown","46,XY disorder of sex development",1,TRUE,TRUE,"unique_exact_genomic_allele",TRUE,"Uncertain","POSSIBLY_BENIGN","Possibly benign"
"2:120984646:C:T","OLI1659","Unknown","Bardet-Biedl syndrome",1,TRUE,TRUE,"unique_exact_genomic_allele",TRUE,"Benign","BENIGN","B/LB"
"2:120988204:G:A","OLI1525","Unknown","46,XY disorder of sex development",1,TRUE,TRUE,"unique_exact_genomic_allele",TRUE,"Benign","LIKELY_BENIGN","B/LB"
"2:120989442:G:T","OLI1524","Unknown","46,XY disorder of sex development",1,TRUE,TRUE,"unique_exact_genomic_allele",TRUE,"Uncertain","BENIGN","B/LB"
"2:120989442:G:T","OLI1558","Unknown","Syndrome with 46,XY disorder of sex development",1,TRUE,TRUE,"unique_exact_genomic_allele",TRUE,"Uncertain","BENIGN","B/LB"
"2:120989442:G:T","OLI1746","Unknown","46,XY disorder of sex development",1,TRUE,TRUE,"unique_exact_genomic_allele",TRUE,"Uncertain","BENIGN","B/LB"
"2:120990112:G:T","OLI599","Unknown","Disorder of sex development",1,TRUE,TRUE,"unique_exact_genomic_allele",TRUE,"Benign","LIKELY_BENIGN","B/LB"
"2:120990247:C:T","OLI575","Unknown","Disorder of sex development",1,TRUE,TRUE,"unique_exact_genomic_allele",TRUE,"Benign","BENIGN","B/LB"
"2:120990378:G:T","OLI1170","Unknown","Kallmann syndrome",1,TRUE,TRUE,"unique_exact_genomic_allele",TRUE,"Benign","POSSIBLY_PATHOGENIC_LOW","Possibly pathogenic"
"2:120990472:G:A","OLI1159","Unknown","Kallmann syndrome",1,TRUE,TRUE,"unique_exact_genomic_allele",TRUE,"Uncertain","BENIGN","B/LB"
"2:120990525:C:T","OLI347","Unknown","46,XY disorder of sex development",1,TRUE,TRUE,"unique_exact_genomic_allele",TRUE,"Benign","LIKELY_BENIGN","B/LB"
"2:120990575:C:T","OLI1530","Unknown","46,XY disorder of sex development",1,TRUE,TRUE,"unique_exact_genomic_allele",TRUE,"Uncertain","POSSIBLY_PATHOGENIC_LOW","Possibly pathogenic"
"2:128268221:C:T","OLI1346","Unknown","Kallmann syndrome",1,TRUE,TRUE,"unique_exact_genomic_allele",TRUE,"Uncertain","BENIGN","B/LB"
"2:128268221:C:T","OLI1354","Unknown","Normosmic congenital hypogonadotropic hypogonadism",1,TRUE,TRUE,"unique_exact_genomic_allele",TRUE,"Uncertain","BENIGN","B/LB"
"2:128268254:G:A","OLI1554","Unknown","46,XY disorder of sex development",1,FALSE,TRUE,"exact_allele_multiple_variant_ids",NA,NA,NA,NA
"2:128268254:G:A","OLI394","Unknown","Normosmic congenital hypogonadotropic hypogonadism",1,FALSE,TRUE,"exact_allele_multiple_variant_ids",NA,NA,NA,NA
"2:128268430:C:T","OLI1412","Unknown","Hypogonadotropic hypogonadism with absent puberty phenotype",1,TRUE,TRUE,"unique_exact_genomic_allele",TRUE,"Uncertain","UNCERTAIN_SIGNIFICANCE","VUS"
"2:128268481:C:T","OLI1325","Unknown","Non-acquired combined pituitary hormone deficiency",1,TRUE,TRUE,"unique_exact_genomic_allele",TRUE,"Deleterious","UNCERTAIN_SIGNIFICANCE","VUS"
"2:128268482:G:A","OLI367","Unknown","Kallmann syndrome",1,TRUE,TRUE,"unique_exact_genomic_allele",TRUE,"Deleterious","POSSIBLY_PATHOGENIC_MODERATE","Possibly pathogenic"
"2:128268673:G:A","OLI357","Unknown","Kallmann syndrome",1,TRUE,TRUE,"unique_exact_genomic_allele",TRUE,"Uncertain","UNCERTAIN_SIGNIFICANCE","VUS"
"2:128268746:G:A","OLI1266","Unknown","Normosmic congenital hypogonadotropic hypogonadism",1,TRUE,TRUE,"unique_exact_genomic_allele",TRUE,"Deleterious","LIKELY_BENIGN","B/LB"
"2:128268746:G:A","OLI1600","Unknown","Normosmic congenital hypogonadotropic hypogonadism",1,TRUE,TRUE,"unique_exact_genomic_allele",TRUE,"Deleterious","LIKELY_BENIGN","B/LB"
"2:128268746:G:A","OLI1605","Unknown","Kallmann syndrome",1,TRUE,TRUE,"unique_exact_genomic_allele",TRUE,"Deleterious","LIKELY_BENIGN","B/LB"
"2:128318365:T:A","OLI1162","Unknown","Kallmann syndrome",1,TRUE,TRUE,"unique_exact_genomic_allele",TRUE,"","POSSIBLY_PATHOGENIC_MODERATE","Possibly pathogenic"
"2:128318377:G:C","OLI650","Unknown","Congenital hypogonadotropic hypogonadism",1,TRUE,TRUE,"unique_exact_genomic_allele",TRUE,"Uncertain","POSSIBLY_BENIGN","Possibly benign"
"2:130598749:C:T","OLI150","Unknown","Transposition of the great arteries",1,TRUE,TRUE,"unique_exact_genomic_allele",TRUE,"Uncertain","BENIGN","B/LB"
"2:130598922:T:G","OLI150","Unknown","Transposition of the great arteries",1,TRUE,TRUE,"unique_exact_genomic_allele",TRUE,"Uncertain","BENIGN","B/LB"
"2:135130027:C:T","OLI1431","Unknown","Hypogonadotropic hypogonadism with absent puberty phenotype",1,TRUE,TRUE,"unique_exact_genomic_allele",TRUE,"Uncertain","BENIGN","B/LB"
"2:135130720:CTCCT:CT","OLI1398","Unknown","Hypogonadotropic hypogonadism with absent puberty phenotype",1,FALSE,FALSE,NA,NA,NA,NA,NA
"2:135168752:G:A","OLI1425","Unknown","Hypogonadotropic hypogonadism with absent puberty phenotype",1,TRUE,TRUE,"unique_exact_genomic_allele",TRUE,"Uncertain","POSSIBLY_PATHOGENIC_LOW","Possibly pathogenic"
"2:136115692:T:G","OLI422","Unknown","Normosmic congenital hypogonadotropic hypogonadism",1,TRUE,TRUE,"unique_exact_genomic_allele",TRUE,"Deleterious","UNCERTAIN_SIGNIFICANCE","VUS"
"2:140274583:T:C","OLI1690","Unknown","Non-Syndromic genetic keratoconus",1,TRUE,TRUE,"unique_exact_genomic_allele",TRUE,"Deleterious","POSSIBLY_PATHOGENIC_LOW","Possibly pathogenic"
"2:140358851:C:T","OLI1328","Unknown","Primary immunodeficiency",1,TRUE,TRUE,"unique_exact_genomic_allele",TRUE,"Uncertain","BENIGN","B/LB"
"2:140994071:G:C","OLI1691","Unknown","Non-Syndromic genetic keratoconus",1,TRUE,TRUE,"unique_exact_genomic_allele",TRUE,"Uncertain","UNCERTAIN_SIGNIFICANCE","VUS"
"2:141019985:C:T","OLI1328","Unknown","Primary immunodeficiency",1,TRUE,TRUE,"unique_exact_genomic_allele",TRUE,"Deleterious","BENIGN","B/LB"
"2:1453692:A:G","OLI031","True Digenic","Congenital hypothyroidism",1,TRUE,TRUE,"unique_exact_genomic_allele",TRUE,"Deleterious","LIKELY_PATHOGENIC","P/LP"
"2:1456132:TGAC:T","OLI1805","Unknown","Congenital hypothyroidism",1,TRUE,TRUE,"unique_exact_genomic_allele",TRUE,"Benign","PATHOGENIC","P/LP"
"2:1477465:T:A","OLI1020","Unknown","Congenital hypothyroidism",1,TRUE,TRUE,"unique_exact_genomic_allele",TRUE,"Uncertain","UNCERTAIN_SIGNIFICANCE","VUS"
"2:1477543:C:G","OLI586","Unknown","Congenital hypothyroidism",1,TRUE,TRUE,"unique_exact_genomic_allele",TRUE,"Benign","BENIGN","B/LB"
"2:1484722:G:A","OLI594","Unknown","Congenital hypothyroidism",1,TRUE,TRUE,"unique_exact_genomic_allele",TRUE,"Deleterious","POSSIBLY_PATHOGENIC_LOW","Possibly pathogenic"
"2:1484734:G:A","OLI1173","Unknown","Congenital hypothyroidism",1,TRUE,TRUE,"unique_exact_genomic_allele",TRUE,"Deleterious","LIKELY_PATHOGENIC","P/LP"
"2:1484792:C:A","OLI031","True Digenic","Congenital hypothyroidism",1,TRUE,TRUE,"unique_exact_genomic_allele",TRUE,"Uncertain","UNCERTAIN_SIGNIFICANCE","VUS"
"2:1487982:G:A","OLI031","True Digenic","Congenital hypothyroidism",1,TRUE,TRUE,"unique_exact_genomic_allele",TRUE,"Deleterious","POSSIBLY_PATHOGENIC_LOW","Possibly pathogenic"
"2:1493982:G:A","OLI1173","Unknown","Congenital hypothyroidism",1,TRUE,TRUE,"unique_exact_genomic_allele",TRUE,"Deleterious","POSSIBLY_PATHOGENIC_LOW","Possibly pathogenic"
"2:1494011:C:G","OLI1607","Unknown","Congenital hypothyroidism",1,TRUE,TRUE,"unique_exact_genomic_allele",TRUE,"Deleterious","PATHOGENIC","P/LP"
"2:1496646:G:GT","OLI1805","Unknown","Congenital hypothyroidism",1,TRUE,TRUE,"unique_exact_genomic_allele",TRUE,"Benign","PATHOGENIC","P/LP"
"2:1496648:G:T","OLI468","Unknown","Congenital hypothyroidism",1,TRUE,TRUE,"unique_exact_genomic_allele",TRUE,"","LIKELY_PATHOGENIC","P/LP"
"2:1496765:G:A","OLI1025","Unknown","Congenital hypothyroidism",1,TRUE,TRUE,"unique_exact_genomic_allele",TRUE,"Deleterious","POSSIBLY_PATHOGENIC_MODERATE","Possibly pathogenic"
"2:1503956:G:C","OLI519","Unknown","Congenital hypothyroidism",1,TRUE,TRUE,"unique_exact_genomic_allele",TRUE,"Deleterious","POSSIBLY_PATHOGENIC_MODERATE","Possibly pathogenic"
"2:1503958:G:T","OLI1091","Unknown","Congenital hypothyroidism",1,TRUE,TRUE,"unique_exact_genomic_allele",TRUE,"Deleterious","POSSIBLY_PATHOGENIC_MODERATE","Possibly pathogenic"
"2:1503958:G:T","OLI1505","Unknown","Congenital hypothyroidism",1,TRUE,TRUE,"unique_exact_genomic_allele",TRUE,"Deleterious","POSSIBLY_PATHOGENIC_MODERATE","Possibly pathogenic"
"2:1504074:G:A","OLI1026","Unknown","Congenital hypothyroidism",1,TRUE,TRUE,"unique_exact_genomic_allele",TRUE,"Deleterious","POSSIBLY_PATHOGENIC_MODERATE","Possibly pathogenic"
"2:151561203:C:T","OLI791","Unknown","Arthrogryposis syndrome",1,TRUE,TRUE,"unique_exact_genomic_allele",TRUE,"Deleterious","PATHOGENIC","P/LP"
"2:1516900:C:T","OLI469","Unknown","Congenital hypothyroidism",1,TRUE,TRUE,"unique_exact_genomic_allele",TRUE,"Uncertain","LIKELY_BENIGN","B/LB"
"2:1516900:C:T","OLI474","Unknown","Congenital hypothyroidism",1,TRUE,TRUE,"unique_exact_genomic_allele",TRUE,"Uncertain","LIKELY_BENIGN","B/LB"
"2:152718997:C:T","OLI1655","Unknown","Bardet-Biedl syndrome",1,TRUE,TRUE,"unique_exact_genomic_allele",TRUE,"Uncertain","LIKELY_PATHOGENIC","P/LP"
"2:15330717:T:C","OLI984","Unknown","Odontochondrodysplasia",1,TRUE,TRUE,"unique_exact_genomic_allele",TRUE,"Benign","LIKELY_BENIGN","B/LB"
"2:1540622:C:T","OLI1490","Unknown","Congenital hypothyroidism",1,TRUE,TRUE,"resolved_by_exact_cdna_within_allele",TRUE,"Uncertain","BENIGN","B/LB"
"2:1540622:C:T","OLI471","Unknown","Congenital hypothyroidism",1,FALSE,FALSE,NA,NA,NA,NA,NA
"2:1540622:C:T","OLI472","Unknown","Congenital hypothyroidism",1,FALSE,FALSE,NA,NA,NA,NA,NA
"2:1540622:C:T","OLI995","Unknown","Congenital hypothyroidism",1,TRUE,TRUE,"resolved_by_exact_cdna_within_allele",TRUE,"Uncertain","BENIGN","B/LB"
"2:1540692:C:T","OLI587","Unknown","Congenital hypothyroidism",1,TRUE,TRUE,"unique_exact_genomic_allele",TRUE,"Benign","BENIGN","B/LB"
"2:1542537:T:TT","OLI1174","Unknown","Congenital hypothyroidism",1,FALSE,FALSE,NA,NA,NA,NA,NA
"2:159194344:C:T","OLI798","Unknown","Arthrogryposis syndrome",1,TRUE,TRUE,"unique_exact_genomic_allele",TRUE,"Uncertain","POSSIBLY_PATHOGENIC_LOW","Possibly pathogenic"
"2:162008588:G:A","OLI934","Unknown","Schizophrenia",1,TRUE,TRUE,"unique_exact_genomic_allele",TRUE,"Uncertain","UNCERTAIN_SIGNIFICANCE","VUS"
"2:165315658:G:A","OLI168","Unknown","Generalized epilepsy with febrile seizures-plus",1,TRUE,TRUE,"unique_exact_genomic_allele",TRUE,"Uncertain","BENIGN","B/LB"
"2:165389355:A:G","OLI434","Unknown","Rare pervasive developmental disorder",1,TRUE,TRUE,"unique_exact_genomic_allele",TRUE,"Deleterious","LIKELY_PATHOGENIC","P/LP"
"2:165912578:G:A","OLI1741","Unknown","Congenital hydrocephalus",1,TRUE,TRUE,"unique_exact_genomic_allele",TRUE,"Deleterious","BENIGN","B/LB"
"2:165992221:G:A","OLI168","Unknown","Generalized epilepsy with febrile seizures-plus",1,TRUE,TRUE,"unique_exact_genomic_allele",TRUE,"Deleterious","PATHOGENIC","P/LP"
"2:166009822:G:A","OLI558","Unknown","Juvenile myoclonic epilepsy",1,TRUE,TRUE,"unique_exact_genomic_allele",TRUE,"Uncertain","LIKELY_BENIGN","B/LB"
"2:166280535:A:G","OLI935","Unknown","Schizophrenia",1,TRUE,TRUE,"unique_exact_genomic_allele",TRUE,"Deleterious","BENIGN","B/LB"
"2:166293358:C:T","OLI934","Unknown","Schizophrenia",1,TRUE,TRUE,"unique_exact_genomic_allele",TRUE,"Deleterious","UNCERTAIN_SIGNIFICANCE","VUS"
"2:169185735:T:C","OLI680","Unknown","Holoprosencephaly",1,TRUE,TRUE,"unique_exact_genomic_allele",TRUE,"Deleterious","BENIGN","B/LB"
"2:169188033:C:T","OLI686","Unknown","Holoprosencephaly",1,TRUE,TRUE,"unique_exact_genomic_allele",TRUE,"Uncertain","POSSIBLY_PATHOGENIC_LOW","Possibly pathogenic"
"2:169487123:GA:G","OLI1664","Unknown","Bardet-Biedl syndrome",1,TRUE,TRUE,"unique_exact_genomic_allele",TRUE,"Uncertain","PATHOGENIC","P/LP"
"2:169493769:A:G","OLI083","Unknown","Bardet-Biedl syndrome; Alström syndrome",1,FALSE,FALSE,NA,NA,NA,NA,NA
"2:169493769:A:G","OLI1125","Unknown","Bardet-Biedl syndrome",1,TRUE,TRUE,"resolved_by_exact_cdna_within_allele",TRUE,"Deleterious","BENIGN","B/LB"
"2:169493769:A:G","OLI1448","Unknown","Bardet-Biedl syndrome",1,TRUE,TRUE,"resolved_by_exact_cdna_within_allele",TRUE,"Deleterious","BENIGN","B/LB"
"2:169493769:A:G","OLI618","Unknown","Bardet-Biedl syndrome",1,FALSE,FALSE,NA,NA,NA,NA,NA
"2:169493802:A:G","OLI617","Unknown","Bardet-Biedl syndrome",1,TRUE,TRUE,"unique_exact_genomic_allele",TRUE,"Uncertain","BENIGN","B/LB"
"2:169497628:G:A","OLI1438","Unknown","Bardet-Biedl syndrome",1,TRUE,TRUE,"unique_exact_genomic_allele",TRUE,"Deleterious","BENIGN","B/LB"
"2:169499555:A:G","OLI1134","Unknown","Bardet-Biedl syndrome",1,TRUE,TRUE,"unique_exact_genomic_allele",TRUE,"Uncertain","BENIGN","B/LB"
"2:171453165:C:A","OLI886","Unknown","Kallmann syndrome",1,TRUE,TRUE,"unique_exact_genomic_allele",TRUE,"Uncertain","LIKELY_BENIGN","B/LB"
"2:171480196:G:A","OLI1547","Unknown","46,XY disorder of sex development",1,TRUE,TRUE,"unique_exact_genomic_allele",TRUE,"Benign","POSSIBLY_PATHOGENIC_LOW","Possibly pathogenic"
"2:171480196:G:A","OLI1575","Unknown","Syndrome with 46,XY disorder of sex development",1,TRUE,TRUE,"unique_exact_genomic_allele",TRUE,"Benign","POSSIBLY_PATHOGENIC_LOW","Possibly pathogenic"
"2:171481058:T:C","OLI849","Unknown","Kallmann syndrome",1,TRUE,TRUE,"unique_exact_genomic_allele",TRUE,"Deleterious","UNCERTAIN_SIGNIFICANCE","VUS"
"2:171481098:T:C","OLI1556","Unknown","46,XY disorder of sex development",1,TRUE,TRUE,"unique_exact_genomic_allele",TRUE,"Benign","LIKELY_BENIGN","B/LB"
"2:176094512:G:A","OLI341","Unknown","Isolated Klippel-Feil syndrome",1,TRUE,TRUE,"unique_exact_genomic_allele",TRUE,"Uncertain","UNCERTAIN_SIGNIFICANCE","VUS"
"2:176171550:C:G","OLI1489","Unknown","Congenital hypothyroidism",1,TRUE,TRUE,"unique_exact_genomic_allele",TRUE,"Uncertain","UNCERTAIN_SIGNIFICANCE","VUS"
"2:17761415:T:A","OLI028","Unknown","Müllerian aplasia",1,TRUE,TRUE,"unique_exact_genomic_allele",TRUE,"Uncertain","POSSIBLY_BENIGN","Possibly benign"
"2:178453382:T:A","OLI1318","Unknown","Rare genetic deafness",1,TRUE,TRUE,"unique_exact_genomic_allele",TRUE,"Deleterious","BENIGN","B/LB"
"2:178531841:T:G","OLI1333","Unknown","Primary immunodeficiency",1,TRUE,TRUE,"unique_exact_genomic_allele",TRUE,"Uncertain","LIKELY_BENIGN","B/LB"
"2:178534265:A:C","OLI1799","Unknown","Dilated cardiomyopathy",1,TRUE,TRUE,"unique_exact_genomic_allele",TRUE,"Uncertain","UNCERTAIN_SIGNIFICANCE","VUS"
"2:178538601:C:G","OLI1677","Unknown","Non-Syndromic genetic keratoconus",1,TRUE,TRUE,"unique_exact_genomic_allele",TRUE,"Uncertain","UNCERTAIN_SIGNIFICANCE","VUS"
"2:178539823:G:A","OLI232","Unknown","Left ventricular noncompaction; Rubinstein-Taybi syndrome",1,TRUE,TRUE,"unique_exact_genomic_allele",TRUE,"Uncertain","BENIGN","B/LB"
"2:178539823:G:A","OLI236","Unknown","Dilated cardiomyopathy",1,TRUE,TRUE,"unique_exact_genomic_allele",TRUE,"Uncertain","BENIGN","B/LB"
"2:178549450:G:A","OLI1326","Unknown","Dilated cardiomyopathy",1,TRUE,TRUE,"unique_exact_genomic_allele",TRUE,"Uncertain","BENIGN","B/LB"
"2:178563243:T:G","OLI1333","Unknown","Primary immunodeficiency",1,TRUE,TRUE,"unique_exact_genomic_allele",TRUE,"Uncertain","UNCERTAIN_SIGNIFICANCE","VUS"
"2:178564843:C:G","OLI1685","Unknown","Non-Syndromic genetic keratoconus",1,TRUE,TRUE,"unique_exact_genomic_allele",TRUE,"Benign","POSSIBLY_PATHOGENIC_LOW","Possibly pathogenic"
"2:178573986:A:G","OLI1678","Unknown","Non-Syndromic genetic keratoconus",1,TRUE,TRUE,"unique_exact_genomic_allele",TRUE,"Deleterious","LIKELY_BENIGN","B/LB"
"2:178576166:TG:T","OLI1797","Unknown","Dilated cardiomyopathy",1,TRUE,TRUE,"unique_exact_genomic_allele",TRUE,"Benign","LIKELY_PATHOGENIC","P/LP"
"2:178576632:CA:C","OLI1798","Unknown","Dilated cardiomyopathy",1,TRUE,TRUE,"unique_exact_genomic_allele",TRUE,"Benign","LIKELY_PATHOGENIC","P/LP"
"2:178580140:C:T","OLI231","Unknown","Hypertrophic cardiomyopathy",1,TRUE,TRUE,"unique_exact_genomic_allele",TRUE,"Uncertain","POSSIBLY_PATHOGENIC_LOW","Possibly pathogenic"
"2:178580183:T:G","OLI672","Unknown","Hypertrophic cardiomyopathy",1,TRUE,TRUE,"unique_exact_genomic_allele",TRUE,"Uncertain","UNCERTAIN_SIGNIFICANCE","VUS"
"2:178621310:C:A","OLI237","Unknown","Hypertrophic cardiomyopathy",1,TRUE,TRUE,"unique_exact_genomic_allele",TRUE,"Uncertain","BENIGN","B/LB"
"2:178679957:A:ACTT","OLI231","Unknown","Hypertrophic cardiomyopathy",1,TRUE,TRUE,"unique_exact_genomic_allele",TRUE,"","POSSIBLY_PATHOGENIC_LOW","Possibly pathogenic"
"2:178706654:G:C","OLI233","Unknown","Hypertrophic cardiomyopathy",1,TRUE,TRUE,"unique_exact_genomic_allele",TRUE,"Uncertain","POSSIBLY_PATHOGENIC_LOW","Possibly pathogenic"
"2:178725987:T:A","OLI1327","Unknown","NON RARE IN EUROPE: Familial isolated hypertrophic cardiomyopathy",1,TRUE,TRUE,"unique_exact_genomic_allele",TRUE,"Uncertain","LIKELY_BENIGN","B/LB"
"2:178728343:A:C","OLI933","True Digenic","Limb-girdle muscular dystrophy",1,TRUE,TRUE,"unique_exact_genomic_allele",TRUE,"Uncertain","POSSIBLY_BENIGN","Possibly benign"
"2:178741906:A:G","OLI1689","Unknown","Non-Syndromic genetic keratoconus",1,TRUE,TRUE,"unique_exact_genomic_allele",TRUE,"Benign","LIKELY_BENIGN","B/LB"
"2:178767871:C:T","OLI232","Unknown","Left ventricular noncompaction; Rubinstein-Taybi syndrome",1,TRUE,TRUE,"unique_exact_genomic_allele",TRUE,"Uncertain","BENIGN","B/LB"
"2:178767871:C:T","OLI236","Unknown","Dilated cardiomyopathy",1,TRUE,TRUE,"unique_exact_genomic_allele",TRUE,"Uncertain","BENIGN","B/LB"
"2:178774354:C:T","OLI237","Unknown","Hypertrophic cardiomyopathy",1,TRUE,TRUE,"unique_exact_genomic_allele",TRUE,"Uncertain","UNCERTAIN_SIGNIFICANCE","VUS"
"2:178834397:C:T","OLI1379","Unknown","Hypogonadotropic hypogonadism with Fertile Eunuch phenotype",1,TRUE,TRUE,"unique_exact_genomic_allele",TRUE,"Uncertain","BENIGN","B/LB"
"2:178837000:G:T","OLI353","Unknown","Kallmann syndrome",1,TRUE,TRUE,"unique_exact_genomic_allele",TRUE,"Uncertain","UNCERTAIN_SIGNIFICANCE","VUS"
"2:178837183:G:A","OLI1431","Unknown","Hypogonadotropic hypogonadism with absent puberty phenotype",1,TRUE,TRUE,"unique_exact_genomic_allele",TRUE,"Benign","POSSIBLY_PATHOGENIC_LOW","Possibly pathogenic"
"2:178837437:G:A","OLI1511","Unknown","46,XY disorder of sex development",1,TRUE,TRUE,"unique_exact_genomic_allele",TRUE,"Benign","LIKELY_BENIGN","B/LB"
"2:178837468:C:A","OLI651","Unknown","Congenital hypogonadotropic hypogonadism",1,TRUE,TRUE,"unique_exact_genomic_allele",TRUE,"Benign","POSSIBLY_PATHOGENIC_LOW","Possibly pathogenic"
"2:178845621:T:C","OLI1555","Unknown","46,XY disorder of sex development",1,TRUE,TRUE,"unique_exact_genomic_allele",TRUE,"Benign","UNCERTAIN_SIGNIFICANCE","VUS"
"2:178853574:T:A","OLI1389","Unknown","Hypogonadotropic hypogonadism with partial puberty phenotype",1,TRUE,TRUE,"unique_exact_genomic_allele",TRUE,"Benign","BENIGN","B/LB"
"2:178853586:T:TA","OLI1549","Unknown","46,XY disorder of sex development",1,TRUE,TRUE,"unique_exact_genomic_allele",TRUE,"Benign","POSSIBLY_PATHOGENIC_MODERATE","Possibly pathogenic"
"2:178856319:G:A","OLI1213","Unknown","Kallmann syndrome",1,TRUE,TRUE,"unique_exact_genomic_allele",TRUE,"Uncertain","BENIGN","B/LB"
"2:178868117:C:T","OLI1517","Unknown","46,XY disorder of sex development",1,TRUE,TRUE,"unique_exact_genomic_allele",TRUE,"Benign","POSSIBLY_PATHOGENIC_LOW","Possibly pathogenic"
"2:178872233:C:T","OLI1513","Unknown","46,XY disorder of sex development",1,TRUE,TRUE,"unique_exact_genomic_allele",TRUE,"Benign","POSSIBLY_PATHOGENIC_LOW","Possibly pathogenic"
"2:178878061:T:A","OLI1404","Unknown","Hypogonadotropic hypogonadism with absent puberty phenotype",1,TRUE,TRUE,"unique_exact_genomic_allele",TRUE,"Benign","POSSIBLY_PATHOGENIC_LOW","Possibly pathogenic"
"2:178886758:T:G","OLI1392","Unknown","Hypogonadotropic hypogonadism with partial puberty phenotype",1,TRUE,TRUE,"unique_exact_genomic_allele",TRUE,"Benign","BENIGN","B/LB"
"2:178905463:C:A","OLI1512","Unknown","46,XY disorder of sex development",1,TRUE,TRUE,"unique_exact_genomic_allele",TRUE,"Benign","POSSIBLY_PATHOGENIC_LOW","Possibly pathogenic"
"2:179047327:T:C","OLI1380","Unknown","Hypogonadotropic hypogonadism with Fertile Eunuch phenotype",1,TRUE,TRUE,"unique_exact_genomic_allele",TRUE,"Benign","UNCERTAIN_SIGNIFICANCE","VUS"
"2:181678138:G:C","OLI112","Unknown","MODY",1,TRUE,TRUE,"unique_exact_genomic_allele",TRUE,"Uncertain","BENIGN","B/LB"
"2:181680465:C:T","OLI113","Unknown","MODY",1,TRUE,TRUE,"unique_exact_genomic_allele",TRUE,"Benign","POSSIBLY_BENIGN","Possibly benign"
"2:186327:G:A","OLI594","Unknown","Congenital hypothyroidism",1,TRUE,TRUE,"unique_exact_genomic_allele",FALSE,"","POSSIBLY_BENIGN","Possibly benign"
"2:186649861:G:T","OLI1230","Unknown","Rare inflammatory bowel disease",1,TRUE,TRUE,"unique_exact_genomic_allele",TRUE,"Deleterious","POSSIBLY_PATHOGENIC_LOW","Possibly pathogenic"
"2:190999576:A:G","OLI1333","Unknown","Primary immunodeficiency",1,TRUE,TRUE,"unique_exact_genomic_allele",TRUE,"Benign","BENIGN","B/LB"
"2:191001165:T:G","OLI1334","Unknown","Primary immunodeficiency",1,TRUE,TRUE,"unique_exact_genomic_allele",TRUE,"Deleterious","PATHOGENIC","P/LP"
"2:201715813:G:A","OLI778","Unknown","Amyotrophic lateral sclerosis",1,TRUE,TRUE,"unique_exact_genomic_allele",TRUE,"Uncertain","POSSIBLY_PATHOGENIC_LOW","Possibly pathogenic"
"2:201744339:C:T","OLI1704","Unknown","Amyotrophic lateral sclerosis",1,TRUE,TRUE,"unique_exact_genomic_allele",TRUE,"Deleterious","POSSIBLY_PATHOGENIC_MODERATE","Possibly pathogenic"
"2:201746604:T:C","OLI772","Unknown","Amyotrophic lateral sclerosis",1,TRUE,TRUE,"unique_exact_genomic_allele",TRUE,"Benign","POSSIBLY_PATHOGENIC_LOW","Possibly pathogenic"
"2:201757681:A:G","OLI955","Unknown","Amyotrophic lateral sclerosis",1,TRUE,TRUE,"unique_exact_genomic_allele",TRUE,"Uncertain","UNCERTAIN_SIGNIFICANCE","VUS"
"2:202464803:TTTTA:T","OLI002","Unknown","Idiopathic pulmonary arterial hypertension",1,TRUE,TRUE,"unique_exact_genomic_allele",TRUE,"Deleterious","LIKELY_PATHOGENIC","P/LP"
"2:202530868:G:A","OLI1728","Unknown","Primary ovarian failure",1,TRUE,TRUE,"unique_exact_genomic_allele",TRUE,"Deleterious","BENIGN","B/LB"
"2:202552773:C:T","OLI238","Unknown","Pulmonary arterial hypertension; Heritable pulmonary arterial hypertension",1,TRUE,TRUE,"unique_exact_genomic_allele",TRUE,"Deleterious","PATHOGENIC","P/LP"
"2:205743244:A:C","OLI856","Unknown","Kallmann syndrome",1,TRUE,TRUE,"unique_exact_genomic_allele",TRUE,"Uncertain","LIKELY_BENIGN","B/LB"
"2:205743244:A:C","OLI869","Unknown","Kallmann syndrome",1,TRUE,TRUE,"unique_exact_genomic_allele",TRUE,"Uncertain","LIKELY_BENIGN","B/LB"
"2:205743244:A:C","OLI893","Unknown","Normosmic congenital hypogonadotropic hypogonadism",1,TRUE,TRUE,"unique_exact_genomic_allele",TRUE,"Uncertain","LIKELY_BENIGN","B/LB"
"2:205743244:A:C","OLI901","Unknown","Normosmic congenital hypogonadotropic hypogonadism",1,TRUE,TRUE,"unique_exact_genomic_allele",TRUE,"Uncertain","LIKELY_BENIGN","B/LB"
"2:205743317:G:A","OLI1321","Unknown","Kallmann syndrome",1,TRUE,TRUE,"unique_exact_genomic_allele",TRUE,"Uncertain","POSSIBLY_PATHOGENIC_LOW","Possibly pathogenic"
"2:205763691:C:T","OLI878","Unknown","Kallmann syndrome",1,TRUE,TRUE,"unique_exact_genomic_allele",TRUE,"Uncertain","UNCERTAIN_SIGNIFICANCE","VUS"
"2:20645444:C:A","OLI403","Unknown","Parkinson disease; Benign essential blepharospasm",1,TRUE,TRUE,"unique_exact_genomic_allele",TRUE,"Deleterious","POSSIBLY_PATHOGENIC_LOW","Possibly pathogenic"
"2:206968320:A:G","OLI001","Monogenic+Modifier","Hereditary coproporphyria",1,TRUE,TRUE,"unique_exact_genomic_allele",TRUE,"Uncertain","UNCERTAIN_SIGNIFICANCE","VUS"
"2:208329915:T:C","OLI1674","Unknown","Non-Syndromic genetic keratoconus",1,TRUE,TRUE,"unique_exact_genomic_allele",TRUE,"Deleterious","POSSIBLY_PATHOGENIC_MODERATE","Possibly pathogenic"
"2:21002619:A:G","OLI463","Unknown","Hypobetalipoproteinemia",1,TRUE,TRUE,"unique_exact_genomic_allele",TRUE,"Benign","BENIGN","B/LB"
"2:21009626:T:G","OLI463","Unknown","Hypobetalipoproteinemia",1,TRUE,TRUE,"unique_exact_genomic_allele",TRUE,"Benign","BENIGN","B/LB"
"2:21009973:C:G","OLI463","Unknown","Hypobetalipoproteinemia",1,TRUE,TRUE,"unique_exact_genomic_allele",TRUE,"Benign","BENIGN","B/LB"
"2:21032483:A:G","OLI463","Unknown","Hypobetalipoproteinemia",1,TRUE,TRUE,"unique_exact_genomic_allele",TRUE,"Benign","BENIGN","B/LB"
"2:211384048:G:T","OLI1588","Unknown","Amyotrophic lateral sclerosis",1,TRUE,TRUE,"unique_exact_genomic_allele",TRUE,"Uncertain","UNCERTAIN_SIGNIFICANCE","VUS"
"2:211386990:A:T","OLI1042","Unknown","Primary ovarian failure",1,TRUE,TRUE,"unique_exact_genomic_allele",TRUE,"Uncertain","UNCERTAIN_SIGNIFICANCE","VUS"
"2:211561995:T:C","OLI959","Unknown","Amyotrophic lateral sclerosis",1,TRUE,TRUE,"unique_exact_genomic_allele",TRUE,"Uncertain","UNCERTAIN_SIGNIFICANCE","VUS"
"2:211630569:T:A","OLI867","Unknown","Kallmann syndrome",1,TRUE,TRUE,"unique_exact_genomic_allele",TRUE,"Deleterious","LIKELY_BENIGN","B/LB"
"2:211630569:T:A","OLI882","Unknown","Kallmann syndrome",1,TRUE,TRUE,"unique_exact_genomic_allele",TRUE,"Deleterious","LIKELY_BENIGN","B/LB"
"2:211630569:T:A","OLI905","Unknown","Normosmic congenital hypogonadotropic hypogonadism",1,TRUE,TRUE,"unique_exact_genomic_allele",TRUE,"Deleterious","LIKELY_BENIGN","B/LB"
"2:211630569:T:A","OLI907","Unknown","Normosmic congenital hypogonadotropic hypogonadism",1,TRUE,TRUE,"unique_exact_genomic_allele",TRUE,"Deleterious","LIKELY_BENIGN","B/LB"
"2:211657821:C:T","OLI1639","Unknown","Amyotrophic lateral sclerosis",1,TRUE,TRUE,"unique_exact_genomic_allele",TRUE,"Uncertain","UNCERTAIN_SIGNIFICANCE","VUS"
"2:212124891:G:A","OLI1042","Unknown","Primary ovarian failure",1,TRUE,TRUE,"unique_exact_genomic_allele",TRUE,"Deleterious","POSSIBLY_PATHOGENIC_LOW","Possibly pathogenic"
"2:215425192:C:A","OLI1230","Unknown","Rare inflammatory bowel disease",1,TRUE,TRUE,"unique_exact_genomic_allele",TRUE,"Uncertain","LIKELY_PATHOGENIC","P/LP"
"2:216661870:C:A","OLI604","Unknown","Disorder of sex development",1,TRUE,TRUE,"unique_exact_genomic_allele",TRUE,"Uncertain","UNCERTAIN_SIGNIFICANCE","VUS"
"2:218688805:C:G","OLI683","Unknown","Holoprosencephaly",1,TRUE,TRUE,"unique_exact_genomic_allele",TRUE,"Uncertain","LIKELY_BENIGN","B/LB"
"2:218882384:C:T","OLI1245","Unknown","Hypodontia",1,TRUE,TRUE,"unique_exact_genomic_allele",TRUE,"Uncertain","PATHOGENIC","P/LP"
"2:218882385:G:A","OLI936","Unknown","Hypodontia",1,TRUE,TRUE,"unique_exact_genomic_allele",TRUE,"Uncertain","POSSIBLY_PATHOGENIC_MODERATE","Possibly pathogenic"
"2:218890106:G:C","OLI938","Unknown","Hypodontia",1,TRUE,TRUE,"unique_exact_genomic_allele",TRUE,"Uncertain","POSSIBLY_PATHOGENIC_LOW","Possibly pathogenic"
"2:218890118:C:T","OLI159","Monogenic+Modifier","Hypodontia",1,TRUE,TRUE,"unique_exact_genomic_allele",TRUE,"Deleterious","POSSIBLY_BENIGN","Possibly benign"
"2:218890118:C:T","OLI160","Monogenic+Modifier","Hypodontia",1,TRUE,TRUE,"unique_exact_genomic_allele",TRUE,"Deleterious","POSSIBLY_BENIGN","Possibly benign"
"2:218890118:C:T","OLI161","Unknown","Hypodontia",1,TRUE,TRUE,"unique_exact_genomic_allele",TRUE,"Deleterious","POSSIBLY_BENIGN","Possibly benign"
"2:218890118:C:T","OLI164","Unknown","Hypodontia",1,TRUE,TRUE,"unique_exact_genomic_allele",TRUE,"Deleterious","POSSIBLY_BENIGN","Possibly benign"
"2:218890244:G:A","OLI162","Unknown","Hypodontia",1,FALSE,TRUE,"exact_allele_multiple_variant_ids",NA,NA,NA,NA
"2:218890244:G:A","OLI163","Unknown","Hypodontia",1,FALSE,TRUE,"exact_allele_multiple_variant_ids",NA,NA,NA,NA
"2:218890244:G:A","OLI1737","Unknown","Amelogenesis imperfecta",1,FALSE,TRUE,"exact_allele_multiple_variant_ids",NA,NA,NA,NA
"2:218890244:G:A","OLI937","Unknown","Hypodontia",1,FALSE,TRUE,"exact_allele_multiple_variant_ids",NA,NA,NA,NA
"2:218890289:T:A","OLI1243","Unknown","Hypodontia",1,FALSE,TRUE,"exact_allele_multiple_variant_ids",NA,NA,NA,NA
"2:218890289:T:A","OLI1244","Unknown","Hypodontia",1,FALSE,TRUE,"exact_allele_multiple_variant_ids",NA,NA,NA,NA
"2:218890289:T:A","OLI1734","Unknown","Amelogenesis imperfecta",1,FALSE,TRUE,"exact_allele_multiple_variant_ids",NA,NA,NA,NA
"2:218890289:T:A","OLI1735","Unknown","Amelogenesis imperfecta",1,FALSE,TRUE,"exact_allele_multiple_variant_ids",NA,NA,NA,NA
"2:218890289:T:A","OLI576","Unknown","Hypodontia",1,FALSE,TRUE,"exact_allele_multiple_variant_ids",NA,NA,NA,NA
"2:218890317:A:G","OLI1737","Unknown","Amelogenesis imperfecta",1,TRUE,TRUE,"unique_exact_genomic_allele",FALSE,"Deleterious","POSSIBLY_PATHOGENIC_LOW","Possibly pathogenic"
"2:219251787:G:A","OLI967","Unknown","Amyotrophic lateral sclerosis",1,TRUE,TRUE,"unique_exact_genomic_allele",TRUE,"Benign","POSSIBLY_BENIGN","Possibly benign"
"2:219251787:G:A","OLI968","Unknown","Amyotrophic lateral sclerosis",1,TRUE,TRUE,"unique_exact_genomic_allele",TRUE,"Benign","POSSIBLY_BENIGN","Possibly benign"
"2:219420154:C:T","OLI499","Unknown","Marfan syndrome; Congenital diaphragmatic hernia",1,TRUE,TRUE,"unique_exact_genomic_allele",TRUE,"Uncertain","BENIGN","B/LB"
"2:219420267:C:T","OLI415","Unknown","Limb-girdle muscular dystrophy",1,TRUE,TRUE,"unique_exact_genomic_allele",TRUE,"Deleterious","LIKELY_BENIGN","B/LB"
"2:219425982:G:A","OLI190","Monogenic+Modifier","Emery-Dreifuss muscular dystrophy",1,TRUE,TRUE,"unique_exact_genomic_allele",TRUE,"Uncertain","POSSIBLY_PATHOGENIC_LOW","Possibly pathogenic"
"2:219484434:T:A","OLI793","Unknown","Arthrogryposis syndrome",1,TRUE,TRUE,"unique_exact_genomic_allele",TRUE,"Uncertain","LIKELY_BENIGN","B/LB"
"2:219492224:C:A","OLI799","Unknown","Arthrogryposis syndrome",1,TRUE,TRUE,"unique_exact_genomic_allele",TRUE,"Benign","UNCERTAIN_SIGNIFICANCE","VUS"
"2:219575100:T:G","OLI572","Unknown","Disorder of sex development",1,TRUE,TRUE,"unique_exact_genomic_allele",TRUE,"Uncertain","POSSIBLY_BENIGN","Possibly benign"
"2:222221236:G:T","OLI499","Unknown","Marfan syndrome; Congenital diaphragmatic hernia",1,TRUE,TRUE,"unique_exact_genomic_allele",TRUE,"Uncertain","BENIGN","B/LB"
"2:222232277:GC:G","OLI137","Monogenic+Modifier","Waardenburg syndrome",1,TRUE,TRUE,"unique_exact_genomic_allele",TRUE,"Benign","LIKELY_PATHOGENIC","P/LP"
"2:222295597:T:C","OLI719","Unknown","Isolated anencephaly",1,TRUE,TRUE,"unique_exact_genomic_allele",TRUE,"Deleterious","POSSIBLY_PATHOGENIC_MODERATE","Possibly pathogenic"
"2:227007353:C:T","OLI157","Monogenic+Modifier","Alport syndrome",1,TRUE,TRUE,"unique_exact_genomic_allele",TRUE,"Deleterious","PATHOGENIC","P/LP"
"2:227007353:C:T","OLI973","Unknown","Alport syndrome",1,TRUE,TRUE,"unique_exact_genomic_allele",TRUE,"Deleterious","PATHOGENIC","P/LP"
"2:227007372:G:A","OLI034","Unknown","Alport syndrome",1,TRUE,TRUE,"unique_exact_genomic_allele",TRUE,"","LIKELY_PATHOGENIC","P/LP"
"2:227007488:C:T","OLI1374","Unknown","Alport syndrome",1,TRUE,TRUE,"unique_exact_genomic_allele",TRUE,"Uncertain","POSSIBLY_PATHOGENIC_MODERATE","Possibly pathogenic"
"2:227008067:G:C","OLI386","Unknown","Alport syndrome",1,TRUE,TRUE,"unique_exact_genomic_allele",TRUE,"Uncertain","BENIGN","B/LB"
"2:227008067:G:C","OLI388","Unknown","Alport syndrome",1,TRUE,TRUE,"unique_exact_genomic_allele",TRUE,"Uncertain","BENIGN","B/LB"
"2:227008112:G:A","OLI1647","Unknown","Alport syndrome",1,TRUE,TRUE,"unique_exact_genomic_allele",TRUE,"Deleterious","LIKELY_PATHOGENIC","P/LP"
"2:227008128:CA:C","OLI378","Monogenic+Modifier","Alport syndrome",1,TRUE,TRUE,"unique_exact_genomic_allele",TRUE,"Benign","LIKELY_PATHOGENIC","P/LP"
"2:227010384:A:ATG","OLI975","Unknown","Alport syndrome",1,TRUE,TRUE,"unique_exact_genomic_allele",TRUE,"","PATHOGENIC","P/LP"
"2:227010414:G:A","OLI033","Monogenic+Modifier","Alport syndrome",1,TRUE,TRUE,"unique_exact_genomic_allele",TRUE,"Uncertain","UNCERTAIN_SIGNIFICANCE","VUS"
"2:227010484:C:T","OLI972","Unknown","Alport syndrome",1,TRUE,TRUE,"unique_exact_genomic_allele",TRUE,"Deleterious","LIKELY_PATHOGENIC","P/LP"
"2:227012223:G:A","OLI1678","Unknown","Non-Syndromic genetic keratoconus",1,TRUE,TRUE,"unique_exact_genomic_allele",TRUE,"Uncertain","LIKELY_BENIGN","B/LB"
"2:227022113:G:A","OLI1373","Unknown","Alport syndrome",1,TRUE,TRUE,"unique_exact_genomic_allele",TRUE,"Benign","POSSIBLY_PATHOGENIC_MODERATE","Possibly pathogenic"
"2:227031944:C:A","OLI383","Monogenic+Modifier","Alport syndrome",1,TRUE,TRUE,"unique_exact_genomic_allele",TRUE,"Deleterious","LIKELY_PATHOGENIC","P/LP"
"2:227032058:A:G","OLI1648","Unknown","Alport syndrome",1,TRUE,TRUE,"unique_exact_genomic_allele",TRUE,"Benign","UNCERTAIN_SIGNIFICANCE","VUS"
"2:227032157:C:T","OLI155","Unknown","Alport syndrome",1,TRUE,TRUE,"unique_exact_genomic_allele",TRUE,"Deleterious","PATHOGENIC","P/LP"
"2:227042201:C:G","OLI377","Unknown","Alport syndrome",1,TRUE,TRUE,"unique_exact_genomic_allele",TRUE,"Deleterious","LIKELY_PATHOGENIC","P/LP"
"2:227052348:C:T","OLI1645","Unknown","Alport syndrome",1,TRUE,TRUE,"unique_exact_genomic_allele",TRUE,"Benign","LIKELY_BENIGN","B/LB"
"2:227052367:G:C","OLI381","Unknown","Alport syndrome",1,TRUE,TRUE,"unique_exact_genomic_allele",TRUE,"","PATHOGENIC","P/LP"
"2:227057474:C:G","OLI1247","Unknown","Thin Basement Membrane Nephropathy",1,TRUE,TRUE,"unique_exact_genomic_allele",TRUE,"Deleterious","PATHOGENIC","P/LP"
"2:227060136:C:T","OLI385","Unknown","Alport syndrome",1,TRUE,TRUE,"unique_exact_genomic_allele",TRUE,"Deleterious","LIKELY_PATHOGENIC","P/LP"
"2:227060225:C:A","OLI384","Monogenic+Modifier","Alport syndrome",1,TRUE,TRUE,"unique_exact_genomic_allele",TRUE,"Deleterious","LIKELY_PATHOGENIC","P/LP"
"2:227088648:C:A","OLI386","Unknown","Alport syndrome",1,TRUE,TRUE,"unique_exact_genomic_allele",TRUE,"Deleterious","POSSIBLY_PATHOGENIC_LOW","Possibly pathogenic"
"2:227088648:C:A","OLI387","Unknown","Alport syndrome",1,TRUE,TRUE,"unique_exact_genomic_allele",TRUE,"Deleterious","POSSIBLY_PATHOGENIC_LOW","Possibly pathogenic"
"2:227088723:C:T","OLI376","Monogenic+Modifier","Alport syndrome",1,TRUE,TRUE,"unique_exact_genomic_allele",TRUE,"Deleterious","LIKELY_PATHOGENIC","P/LP"
"2:227088805:G:A","OLI318","Dual Molecular Diagnosis","Alport syndrome; Benign familial hematuria",1,TRUE,TRUE,"unique_exact_genomic_allele",TRUE,"Uncertain","UNCERTAIN_SIGNIFICANCE","VUS"
"2:227088805:G:A","OLI319","Unknown","Benign familial hematuria",1,TRUE,TRUE,"unique_exact_genomic_allele",TRUE,"Uncertain","UNCERTAIN_SIGNIFICANCE","VUS"
"2:227089867:C:T","OLI380","Monogenic+Modifier","Alport syndrome",1,TRUE,TRUE,"unique_exact_genomic_allele",TRUE,"","PATHOGENIC","P/LP"
"2:227094183:CTTCCCTGGTTTTCCTGGA:C","OLI379","Monogenic+Modifier","Alport syndrome",1,TRUE,TRUE,"unique_exact_genomic_allele",TRUE,"","PATHOGENIC","P/LP"
"2:227098797:G:GC","OLI971","Unknown","Alport syndrome",1,TRUE,TRUE,"unique_exact_genomic_allele",TRUE,"Benign","LIKELY_PATHOGENIC","P/LP"
"2:227101911:T:C","OLI154","True Digenic","Alport syndrome",1,TRUE,TRUE,"unique_exact_genomic_allele",TRUE,"Deleterious","LIKELY_PATHOGENIC","P/LP"
"2:227121148:C:T","OLI974","Unknown","Alport syndrome",1,TRUE,TRUE,"unique_exact_genomic_allele",TRUE,"Deleterious","PATHOGENIC","P/LP"
"2:227147588:T:C","OLI1375","Unknown","Alport syndrome",1,TRUE,TRUE,"unique_exact_genomic_allele",TRUE,"Deleterious","BENIGN","B/LB"
"2:227245971:CG:-C","OLI971","Unknown","Alport syndrome",1,FALSE,FALSE,NA,NA,NA,NA,NA
"2:227248443:G:C","OLI1247","Unknown","Thin Basement Membrane Nephropathy",1,TRUE,TRUE,"unique_exact_genomic_allele",TRUE,"Deleterious","POSSIBLY_PATHOGENIC_MODERATE","Possibly pathogenic"
"2:227256035:G:A","OLI377","Unknown","Alport syndrome",1,TRUE,TRUE,"unique_exact_genomic_allele",TRUE,"Deleterious","LIKELY_PATHOGENIC","P/LP"
"2:227257636:C:T","OLI1375","Unknown","Alport syndrome",1,TRUE,TRUE,"unique_exact_genomic_allele",TRUE,"Uncertain","POSSIBLY_PATHOGENIC_MODERATE","Possibly pathogenic"
"2:227267089:G:A","OLI379","Monogenic+Modifier","Alport syndrome",1,TRUE,TRUE,"unique_exact_genomic_allele",TRUE,"Deleterious","PATHOGENIC","P/LP"
"2:227269946:G:A","OLI1646","Unknown","Alport syndrome",1,TRUE,TRUE,"unique_exact_genomic_allele",TRUE,"Deleterious","PATHOGENIC","P/LP"
"2:227269963:G:C","OLI378","Monogenic+Modifier","Alport syndrome",1,TRUE,TRUE,"unique_exact_genomic_allele",TRUE,"Deleterious","LIKELY_PATHOGENIC","P/LP"
"2:227277493:G:A","OLI380","Monogenic+Modifier","Alport syndrome",1,TRUE,TRUE,"unique_exact_genomic_allele",TRUE,"Deleterious","PATHOGENIC","P/LP"
"2:227280557:ACTCCAGGAA:A","OLI973","Unknown","Alport syndrome",1,FALSE,FALSE,NA,NA,NA,NA,NA
"2:227283802:G:A","OLI1648","Unknown","Alport syndrome",1,TRUE,TRUE,"unique_exact_genomic_allele",TRUE,"Deleterious","LIKELY_PATHOGENIC","P/LP"
"2:227283857:G:T","OLI376","Monogenic+Modifier","Alport syndrome",1,TRUE,TRUE,"unique_exact_genomic_allele",TRUE,"Deleterious","PATHOGENIC","P/LP"
"2:227293282:G:A","OLI975","Unknown","Alport syndrome",1,TRUE,TRUE,"unique_exact_genomic_allele",TRUE,"Deleterious","LIKELY_PATHOGENIC","P/LP"
"2:227294508:G:A","OLI034","Unknown","Alport syndrome",1,TRUE,TRUE,"unique_exact_genomic_allele",TRUE,"Deleterious","POSSIBLY_PATHOGENIC_MODERATE","Possibly pathogenic"
"2:227294571:G:T","OLI318","Dual Molecular Diagnosis","Alport syndrome; Benign familial hematuria",1,TRUE,TRUE,"unique_exact_genomic_allele",TRUE,"Deleterious","LIKELY_PATHOGENIC","P/LP"
"2:227294571:G:T","OLI319","Unknown","Benign familial hematuria",1,TRUE,TRUE,"unique_exact_genomic_allele",TRUE,"Deleterious","LIKELY_PATHOGENIC","P/LP"
"2:227294963:G:C","OLI1644","Unknown","Alport syndrome",1,TRUE,TRUE,"unique_exact_genomic_allele",TRUE,"Deleterious","LIKELY_PATHOGENIC","P/LP"
"2:227297799:G:A","OLI516","Unknown","Alport syndrome",1,TRUE,TRUE,"unique_exact_genomic_allele",TRUE,"Deleterious","POSSIBLY_PATHOGENIC_MODERATE","Possibly pathogenic"
"2:227298759:G:A","OLI154","True Digenic","Alport syndrome",1,TRUE,TRUE,"unique_exact_genomic_allele",TRUE,"Deleterious","LIKELY_PATHOGENIC","P/LP"
"2:227298759:G:A","OLI155","Unknown","Alport syndrome",1,TRUE,TRUE,"unique_exact_genomic_allele",TRUE,"Deleterious","LIKELY_PATHOGENIC","P/LP"
"2:227298759:G:A","OLI156","True Digenic","Alport syndrome",1,TRUE,TRUE,"unique_exact_genomic_allele",TRUE,"Deleterious","LIKELY_PATHOGENIC","P/LP"
"2:227298759:G:A","OLI974","Unknown","Alport syndrome",1,TRUE,TRUE,"unique_exact_genomic_allele",TRUE,"Deleterious","LIKELY_PATHOGENIC","P/LP"
"2:227308920:A:G","OLI133","Unknown","Alport syndrome; Benign familial hematuria",1,TRUE,TRUE,"unique_exact_genomic_allele",TRUE,"Uncertain","BENIGN","B/LB"
"2:227308959:A:G","OLI157","Monogenic+Modifier","Alport syndrome",1,FALSE,TRUE,"exact_allele_multiple_variant_ids",NA,NA,NA,NA
"2:227308959:A:G","OLI1673","Unknown","Non-Syndromic genetic keratoconus",1,FALSE,TRUE,"exact_allele_multiple_variant_ids",NA,NA,NA,NA
"2:227309227:C:T","OLI318","Dual Molecular Diagnosis","Alport syndrome; Benign familial hematuria",1,TRUE,TRUE,"unique_exact_genomic_allele",TRUE,"Uncertain","LIKELY_PATHOGENIC","P/LP"
"2:227310846:G:A","OLI972","Unknown","Alport syndrome",1,TRUE,TRUE,"unique_exact_genomic_allele",TRUE,"Deleterious","LIKELY_PATHOGENIC","P/LP"
"2:227311851:G:A","OLI381","Unknown","Alport syndrome",1,TRUE,TRUE,"unique_exact_genomic_allele",TRUE,"Deleterious","PATHOGENIC","P/LP"
"2:232407056:G:C","OLI1237","Unknown","Recurrent implantation failure,Primary infertility",1,TRUE,TRUE,"unique_exact_genomic_allele",TRUE,"Deleterious","POSSIBLY_PATHOGENIC_MODERATE","Possibly pathogenic"
"2:232486124:TGGGCCGCGCCGCCAGGCCCACCCCC:T","OLI789","Unknown","Arthrogryposis syndrome",1,TRUE,TRUE,"unique_exact_genomic_allele",TRUE,"","PATHOGENIC","P/LP"
"2:233792846:A:G","OLI1306","Unknown","Juvenile amyotrophic lateral sclerosis",1,TRUE,TRUE,"unique_exact_genomic_allele",TRUE,"Uncertain","BENIGN","B/LB"
"2:233828629:G:C","OLI1306","Unknown","Juvenile amyotrophic lateral sclerosis",1,TRUE,TRUE,"unique_exact_genomic_allele",TRUE,"Deleterious","BENIGN","B/LB"
"2:237325704:C:T","OLI134","Unknown","Bethlem myopathy",1,TRUE,TRUE,"unique_exact_genomic_allele",TRUE,"Uncertain","UNCERTAIN_SIGNIFICANCE","VUS"
"2:237336235:G:GG","OLI1678","Unknown","Non-Syndromic genetic keratoconus",1,FALSE,FALSE,NA,NA,NA,NA,NA
"2:237344760:G:A","OLI570","Unknown","Limb-girdle muscular dystrophy",1,TRUE,TRUE,"unique_exact_genomic_allele",TRUE,"Uncertain","UNCERTAIN_SIGNIFICANCE","VUS"
"2:237365855:G:A","OLI1678","Unknown","Non-Syndromic genetic keratoconus",1,TRUE,TRUE,"unique_exact_genomic_allele",TRUE,"Uncertain","POSSIBLY_BENIGN","Possibly benign"
"2:237371861:C:T","OLI570","Unknown","Limb-girdle muscular dystrophy",1,TRUE,TRUE,"unique_exact_genomic_allele",TRUE,"Uncertain","BENIGN","B/LB"
"2:237374892:C:T","OLI1740","True Digenic","Sudden infant death syndrome",1,TRUE,TRUE,"unique_exact_genomic_allele",TRUE,"Uncertain","POSSIBLY_BENIGN","Possibly benign"
"2:237380972:G:A","OLI787","Unknown","Arthrogryposis syndrome",1,TRUE,TRUE,"unique_exact_genomic_allele",TRUE,"","PATHOGENIC","P/LP"
"2:237380972:G:A","OLI788","Unknown","Arthrogryposis syndrome",1,TRUE,TRUE,"unique_exact_genomic_allele",TRUE,"","PATHOGENIC","P/LP"
"2:237387909:C:T","OLI794","Unknown","Arthrogryposis syndrome",1,TRUE,TRUE,"unique_exact_genomic_allele",TRUE,"Uncertain","POSSIBLY_PATHOGENIC_LOW","Possibly pathogenic"
"2:237387909:C:T","OLI795","Unknown","Arthrogryposis syndrome",1,TRUE,TRUE,"unique_exact_genomic_allele",TRUE,"Uncertain","POSSIBLY_PATHOGENIC_LOW","Possibly pathogenic"
"2:241776985:T:G","OLI1333","Unknown","Primary immunodeficiency",1,TRUE,TRUE,"unique_exact_genomic_allele",TRUE,"Benign","POSSIBLY_PATHOGENIC_MODERATE","Possibly pathogenic"
"2:241803427:A:G","OLI1333","Unknown","Primary immunodeficiency",1,TRUE,TRUE,"unique_exact_genomic_allele",TRUE,"Uncertain","POSSIBLY_BENIGN","Possibly benign"
"2:26463969:C:G","OLI1318","Unknown","Rare genetic deafness",1,TRUE,TRUE,"unique_exact_genomic_allele",TRUE,"Deleterious","PATHOGENIC","P/LP"
"2:27298714:G:A","OLI200","Unknown","Familial isolated hypertrophic cardiomyopathy,Progressive Skeletal Myopathy",1,TRUE,TRUE,"unique_exact_genomic_allele",TRUE,"Uncertain","UNCERTAIN_SIGNIFICANCE","VUS"
"2:27448980:G:A","OLI1440","Unknown","Bardet-Biedl syndrome",1,TRUE,TRUE,"unique_exact_genomic_allele",TRUE,"Uncertain","POSSIBLY_BENIGN","Possibly benign"
"2:27453511:C:A","OLI1654","Unknown","Bardet-Biedl syndrome",1,TRUE,TRUE,"unique_exact_genomic_allele",TRUE,"Uncertain","POSSIBLY_PATHOGENIC_LOW","Possibly pathogenic"
"2:27453643:T:G","OLI1665","Unknown","Bardet-Biedl syndrome",1,TRUE,TRUE,"unique_exact_genomic_allele",TRUE,"Uncertain","POSSIBLY_PATHOGENIC_LOW","Possibly pathogenic"
"2:27457737:G:A","OLI928","Unknown","Transposition of the great arteries",1,TRUE,TRUE,"unique_exact_genomic_allele",TRUE,"","PATHOGENIC","P/LP"
"2:27457879:G:C","OLI1439","Unknown","Bardet-Biedl syndrome",1,TRUE,TRUE,"unique_exact_genomic_allele",TRUE,"Benign","BENIGN","B/LB"
"2:27458219:G:A","OLI685","Unknown","Holoprosencephaly",1,TRUE,TRUE,"unique_exact_genomic_allele",TRUE,"Uncertain","POSSIBLY_PATHOGENIC_LOW","Possibly pathogenic"
"2:27459446:C:T","OLI1741","Unknown","Congenital hydrocephalus",1,TRUE,TRUE,"unique_exact_genomic_allele",TRUE,"Uncertain","UNCERTAIN_SIGNIFICANCE","VUS"
"2:27463104:C:T","OLI1449","Unknown","Bardet-Biedl syndrome",1,TRUE,TRUE,"unique_exact_genomic_allele",TRUE,"Benign","LIKELY_BENIGN","B/LB"
"2:27478134:G:C","OLI929","Unknown","Transposition of the great arteries",1,TRUE,TRUE,"unique_exact_genomic_allele",TRUE,"","LIKELY_PATHOGENIC","P/LP"
"2:27479528:G:A","OLI1667","Unknown","Bardet-Biedl syndrome",1,TRUE,TRUE,"unique_exact_genomic_allele",TRUE,"Uncertain","POSSIBLY_BENIGN","Possibly benign"
"2:29072727:G:T","OLI191","True Digenic","Syndromic rod-cone dystrophy; Syndromic inherited retinal disorder",1,TRUE,TRUE,"unique_exact_genomic_allele",TRUE,"","LIKELY_PATHOGENIC","P/LP"
"2:30955972:C:T","OLI1692","Unknown","Non-Syndromic genetic keratoconus",1,TRUE,TRUE,"unique_exact_genomic_allele",TRUE,"Uncertain","POSSIBLY_BENIGN","Possibly benign"
"2:31526254:A:T","OLI1527","Unknown","46,XY disorder of sex development",1,TRUE,TRUE,"unique_exact_genomic_allele",TRUE,"","POSSIBLY_PATHOGENIC_LOW","Possibly pathogenic"
"2:31526254:A:T","OLI1540","Unknown","46,XY disorder of sex development",1,TRUE,TRUE,"unique_exact_genomic_allele",TRUE,"","POSSIBLY_PATHOGENIC_LOW","Possibly pathogenic"
"2:31526254:A:T","OLI1546","Unknown","46,XY disorder of sex development",1,TRUE,TRUE,"unique_exact_genomic_allele",TRUE,"","POSSIBLY_PATHOGENIC_LOW","Possibly pathogenic"
"2:31529325:C:T","OLI1003","Unknown","Androgen insensitivity syndrome; 46,XY disorder of sex development",1,TRUE,TRUE,"resolved_by_exact_cdna_within_allele",TRUE,"","PATHOGENIC","P/LP"
"2:31529325:C:T","OLI300","Unknown","Non-syndromic posterior hypospadias",1,FALSE,FALSE,NA,NA,NA,NA,NA
"2:31529325:C:T","OLI401","Unknown","46,XY disorder of sex development; 46,XY partial gonadal dysgenesis",1,FALSE,FALSE,NA,NA,NA,NA,NA
"2:31529398:C:T","OLI1533","Unknown","46,XY disorder of sex development",1,TRUE,TRUE,"unique_exact_genomic_allele",TRUE,"","PATHOGENIC","P/LP"
"2:31531381:C:A","OLI1518","Unknown","46,XY disorder of sex development",1,TRUE,TRUE,"unique_exact_genomic_allele",TRUE,"","UNCERTAIN_SIGNIFICANCE","VUS"
"2:31580636:G:C","OLI999","Unknown","Androgen insensitivity syndrome; 46,XY disorder of sex development",1,TRUE,TRUE,"unique_exact_genomic_allele",TRUE,"","BENIGN","B/LB"
"2:32128445:TTAATA:T","OLI1148","Unknown","Hereditary spastic paraplegia",1,TRUE,TRUE,"unique_exact_genomic_allele",TRUE,"","PATHOGENIC","P/LP"
"2:38071195:C:T","OLI767","Unknown","Congenital glaucoma",1,TRUE,TRUE,"unique_exact_genomic_allele",TRUE,"Deleterious","PATHOGENIC","P/LP"
"2:38071195:C:T","OLI768","Unknown","Congenital glaucoma",1,TRUE,TRUE,"unique_exact_genomic_allele",TRUE,"Deleterious","PATHOGENIC","P/LP"
"2:38071251:C:T","OLI010","True Digenic","Congenital glaucoma",1,TRUE,TRUE,"unique_exact_genomic_allele",TRUE,"Deleterious","BENIGN","B/LB"
"2:38071251:C:T","OLI169","True Digenic","Congenital glaucoma",1,TRUE,TRUE,"unique_exact_genomic_allele",TRUE,"Deleterious","BENIGN","B/LB"
"2:38071251:C:T","OLI460","Monogenic+Modifier","Juvenile glaucoma",1,TRUE,TRUE,"unique_exact_genomic_allele",TRUE,"Deleterious","BENIGN","B/LB"
"2:38074704:C:T","OLI011","True Digenic","Congenital glaucoma",1,TRUE,TRUE,"unique_exact_genomic_allele",TRUE,"Uncertain","BENIGN","B/LB"
"2:38074704:C:T","OLI012","True Digenic","Congenital glaucoma",1,TRUE,TRUE,"unique_exact_genomic_allele",TRUE,"Uncertain","BENIGN","B/LB"
"2:38074853:GC:G","OLI767","Unknown","Congenital glaucoma",1,TRUE,TRUE,"unique_exact_genomic_allele",TRUE,"Benign","PATHOGENIC","P/LP"
"2:38074872:C:A","OLI768","Unknown","Congenital glaucoma",1,TRUE,TRUE,"unique_exact_genomic_allele",TRUE,"","PATHOGENIC","P/LP"
"2:38075046:C:G","OLI009","True Digenic","Congenital glaucoma",1,TRUE,TRUE,"unique_exact_genomic_allele",TRUE,"Uncertain","POSSIBLY_PATHOGENIC_MODERATE","Possibly pathogenic"
"2:39035268:G:A","OLI568","Unknown","Hypertrophic cardiomyopathy; Hypertrophic cardiomyopathy",1,TRUE,TRUE,"unique_exact_genomic_allele",TRUE,"Uncertain","BENIGN","B/LB"
"2:39058774:T:C","OLI1518","Unknown","46,XY disorder of sex development",1,TRUE,TRUE,"unique_exact_genomic_allele",TRUE,"Uncertain","POSSIBLY_PATHOGENIC_LOW","Possibly pathogenic"
"2:43824071:C:T","OLI1215","Dual Molecular Diagnosis","NON RARE IN EUROPE: Heterozygous familial hypercholesterolemia",1,TRUE,TRUE,"unique_exact_genomic_allele",TRUE,"Deleterious","PATHOGENIC","P/LP"
"2:44281423:C:T","OLI166","Monogenic+Modifier","Cystinuria",1,TRUE,TRUE,"unique_exact_genomic_allele",TRUE,"Deleterious","PATHOGENIC","P/LP"
"2:44312653:T:C","OLI166","Monogenic+Modifier","Cystinuria",1,TRUE,TRUE,"unique_exact_genomic_allele",TRUE,"Deleterious","LIKELY_PATHOGENIC","P/LP"
"2:44312653:T:C","OLI178","Monogenic+Modifier","Cystinuria",1,TRUE,TRUE,"unique_exact_genomic_allele",TRUE,"Deleterious","LIKELY_PATHOGENIC","P/LP"
"2:44312653:T:C","OLI179","Monogenic+Modifier","Cystinuria",1,TRUE,TRUE,"unique_exact_genomic_allele",TRUE,"Deleterious","LIKELY_PATHOGENIC","P/LP"
"2:44312653:T:C","OLI180","Monogenic+Modifier","Cystinuria",1,TRUE,TRUE,"unique_exact_genomic_allele",TRUE,"Deleterious","LIKELY_PATHOGENIC","P/LP"
"2:44312653:T:C","OLI181","Monogenic+Modifier","Cystinuria",1,TRUE,TRUE,"unique_exact_genomic_allele",TRUE,"Deleterious","LIKELY_PATHOGENIC","P/LP"
"2:44942325:C:G","OLI1242","Unknown","Non-acquired combined pituitary hormone deficiency",1,TRUE,TRUE,"unique_exact_genomic_allele",TRUE,"Uncertain","POSSIBLY_PATHOGENIC_MODERATE","Possibly pathogenic"
"2:47379040:T:A","OLI739","Unknown","Isolated anencephaly",1,TRUE,TRUE,"unique_exact_genomic_allele",TRUE,"Deleterious","POSSIBLY_PATHOGENIC_MODERATE","Possibly pathogenic"
"2:47803546:C:T","OLI024","Unknown","Lynch syndrome",1,TRUE,TRUE,"unique_exact_genomic_allele",TRUE,"Uncertain","UNCERTAIN_SIGNIFICANCE","VUS"
"2:48688137:G:A","OLI671","Unknown","46,XY disorder of sex development",1,TRUE,TRUE,"unique_exact_genomic_allele",TRUE,"Uncertain","PATHOGENIC","P/LP"
"2:48714023:G:T","OLI1062","Unknown","Primary ovarian failure",1,TRUE,TRUE,"unique_exact_genomic_allele",TRUE,"Uncertain","BENIGN","B/LB"
"2:48723455:C:T","OLI1552","Unknown","46,XY disorder of sex development",1,TRUE,TRUE,"unique_exact_genomic_allele",TRUE,"Deleterious","POSSIBLY_PATHOGENIC_MODERATE","Possibly pathogenic"
"2:48963289:T:C","OLI573","Unknown","Disorder of sex development",1,TRUE,TRUE,"unique_exact_genomic_allele",TRUE,"Deleterious","POSSIBLY_PATHOGENIC_LOW","Possibly pathogenic"
"2:48963937:G:A","OLI1722","Unknown","Primary ovarian failure",1,TRUE,TRUE,"unique_exact_genomic_allele",TRUE,"Uncertain","LIKELY_PATHOGENIC","P/LP"
"2:48968705:G:A","OLI1040","Unknown","Primary ovarian failure",1,TRUE,TRUE,"unique_exact_genomic_allele",TRUE,"Uncertain","POSSIBLY_PATHOGENIC_LOW","Possibly pathogenic"
"2:48989010:G:A","OLI1047","Unknown","Primary ovarian failure",1,TRUE,TRUE,"unique_exact_genomic_allele",TRUE,"Deleterious","POSSIBLY_PATHOGENIC_LOW","Possibly pathogenic"
"2:49017489:A:G","OLI1722","Unknown","Primary ovarian failure",1,TRUE,TRUE,"unique_exact_genomic_allele",TRUE,"Deleterious","POSSIBLY_PATHOGENIC_MODERATE","Possibly pathogenic"
"2:50497646:G:A","OLI023","Monogenic+Modifier","Early infantile epileptic encephalopathy",1,TRUE,TRUE,"unique_exact_genomic_allele",TRUE,"Deleterious","UNCERTAIN_SIGNIFICANCE","VUS"
"2:54599098:G:A","OLI1472","Unknown","Familial bicuspid aortic valve",1,TRUE,TRUE,"unique_exact_genomic_allele",TRUE,"Deleterious","POSSIBLY_PATHOGENIC_MODERATE","Possibly pathogenic"
"2:54879549:G:T","OLI1680","Unknown","Non-Syndromic genetic keratoconus",1,TRUE,TRUE,"unique_exact_genomic_allele",TRUE,"Uncertain","UNCERTAIN_SIGNIFICANCE","VUS"
"2:54894924:A:G","OLI1694","Unknown","Non-Syndromic genetic keratoconus",1,TRUE,TRUE,"unique_exact_genomic_allele",TRUE,"Uncertain","UNCERTAIN_SIGNIFICANCE","VUS"
"2:54903100:G:A","OLI1689","Unknown","Non-Syndromic genetic keratoconus",1,TRUE,TRUE,"unique_exact_genomic_allele",TRUE,"Uncertain","POSSIBLY_BENIGN","Possibly benign"
"2:61163159:T:G","OLI917","Unknown","Waardenburg syndrome",1,TRUE,TRUE,"unique_exact_genomic_allele",TRUE,"Benign","UNCERTAIN_SIGNIFICANCE","VUS"
"2:63404451:G:T","OLI1456","Unknown","Bardet-Biedl syndrome",1,TRUE,TRUE,"unique_exact_genomic_allele",TRUE,"","LIKELY_PATHOGENIC","P/LP"
"2:63492933:T:A","OLI1660","Unknown","Bardet-Biedl syndrome",1,TRUE,TRUE,"unique_exact_genomic_allele",TRUE,"Uncertain","BENIGN","B/LB"
"2:68866281:G:A","OLI1433","True Digenic","Congenital heart block",1,TRUE,TRUE,"unique_exact_genomic_allele",TRUE,"Uncertain","LIKELY_BENIGN","B/LB"
"2:69886623:GATAC:G","OLI924","Unknown","Transposition of the great arteries",1,TRUE,TRUE,"unique_exact_genomic_allele",FALSE,"","UNCERTAIN_SIGNIFICANCE","VUS"
"2:70212810:T:C","OLI022","Monogenic+Modifier","Distal myopathy",1,TRUE,TRUE,"unique_exact_genomic_allele",TRUE,"Benign","LIKELY_BENIGN","B/LB"
"2:70212810:T:C","OLI1732","Unknown","Distal myopathy",1,TRUE,TRUE,"unique_exact_genomic_allele",TRUE,"Benign","LIKELY_BENIGN","B/LB"
"2:70214484:A:G","OLI947","Unknown","Amyotrophic lateral sclerosis",1,TRUE,TRUE,"unique_exact_genomic_allele",TRUE,"Benign","UNCERTAIN_SIGNIFICANCE","VUS"
"2:70787668:TC:T","OLI1043","Unknown","Primary ovarian failure",1,TRUE,TRUE,"unique_exact_genomic_allele",TRUE,"Uncertain","LIKELY_PATHOGENIC","P/LP"
"2:70790517:G:A","OLI094","Unknown","Primary ovarian failure",1,TRUE,TRUE,"unique_exact_genomic_allele",TRUE,"Uncertain","UNCERTAIN_SIGNIFICANCE","VUS"
"2:70959087:A:G","OLI015","Unknown","Distal renal tubular acidosis",1,TRUE,TRUE,"unique_exact_genomic_allele",TRUE,"Deleterious","POSSIBLY_PATHOGENIC_MODERATE","Possibly pathogenic"
"2:71526286:G:C","OLI571","Unknown","Limb-girdle muscular dystrophy",1,TRUE,TRUE,"unique_exact_genomic_allele",TRUE,"Uncertain","BENIGN","B/LB"
"2:71679235:G:A","OLI571","Unknown","Limb-girdle muscular dystrophy",1,TRUE,TRUE,"unique_exact_genomic_allele",TRUE,"Deleterious","POSSIBLY_PATHOGENIC_MODERATE","Possibly pathogenic"
"2:73453228:ATAAA:A","OLI402","Unknown","Non-acquired combined pituitary hormone deficiency",1,FALSE,FALSE,NA,NA,NA,NA,NA
"2:73599494:C:T","OLI1442","Unknown","Bardet-Biedl syndrome",1,TRUE,TRUE,"unique_exact_genomic_allele",TRUE,"Benign","LIKELY_BENIGN","B/LB"
"2:74361478:G:A","OLI964","Unknown","Amyotrophic lateral sclerosis",1,TRUE,TRUE,"unique_exact_genomic_allele",TRUE,"Benign","BENIGN","B/LB"
"2:74361526:G:T","OLI283","Unknown","Amyotrophic lateral sclerosis",1,TRUE,TRUE,"unique_exact_genomic_allele",TRUE,"Uncertain","POSSIBLY_PATHOGENIC_LOW","Possibly pathogenic"
"2:74361537:C:T","OLI437","Unknown","Amyotrophic lateral sclerosis",1,TRUE,TRUE,"unique_exact_genomic_allele",TRUE,"Uncertain","BENIGN","B/LB"
"2:74361590:G:A","OLI280","Unknown","Amyotrophic lateral sclerosis",1,TRUE,TRUE,"unique_exact_genomic_allele",TRUE,"Uncertain","BENIGN","B/LB"
"2:74361590:G:A","OLI281","Unknown","Amyotrophic lateral sclerosis",1,TRUE,TRUE,"unique_exact_genomic_allele",TRUE,"Uncertain","BENIGN","B/LB"
"2:74361590:G:A","OLI663","Unknown","Amyotrophic lateral sclerosis",1,TRUE,TRUE,"unique_exact_genomic_allele",TRUE,"Uncertain","BENIGN","B/LB"
"2:74362131:A:G","OLI784","Unknown","Amyotrophic lateral sclerosis",1,TRUE,TRUE,"unique_exact_genomic_allele",TRUE,"Uncertain","UNCERTAIN_SIGNIFICANCE","VUS"
"2:74365125:C:T","OLI277","Unknown","Amyotrophic lateral sclerosis",1,TRUE,TRUE,"unique_exact_genomic_allele",TRUE,"Uncertain","BENIGN","B/LB"
"2:74365137:A:G","OLI1631","Unknown","Amyotrophic lateral sclerosis",1,TRUE,TRUE,"unique_exact_genomic_allele",TRUE,"Uncertain","POSSIBLY_PATHOGENIC_LOW","Possibly pathogenic"
"2:74367360:G:A","OLI953","Unknown","Amyotrophic lateral sclerosis",1,TRUE,TRUE,"unique_exact_genomic_allele",TRUE,"Uncertain","UNCERTAIN_SIGNIFICANCE","VUS"
"2:74371596:T:C","OLI271","Unknown","Amyotrophic lateral sclerosis",1,TRUE,TRUE,"unique_exact_genomic_allele",TRUE,"Benign","BENIGN","B/LB"
"2:74378220:G:A","OLI1638","Unknown","Amyotrophic lateral sclerosis",1,TRUE,TRUE,"unique_exact_genomic_allele",TRUE,"Uncertain","POSSIBLY_PATHOGENIC_LOW","Possibly pathogenic"
"2:76514367:C:CA","OLI923","Unknown","Transposition of the great arteries",1,TRUE,TRUE,"unique_exact_genomic_allele",FALSE,"","UNCERTAIN_SIGNIFICANCE","VUS"
"2:84573483:C:G","OLI610","Unknown","Heterotaxia",1,TRUE,TRUE,"unique_exact_genomic_allele",TRUE,"Uncertain","POSSIBLY_PATHOGENIC_LOW","Possibly pathogenic"
"2:84584138:T:C","OLI611","Unknown","Heterotaxia",1,TRUE,TRUE,"unique_exact_genomic_allele",TRUE,"Uncertain","POSSIBLY_PATHOGENIC_LOW","Possibly pathogenic"
"2:84669386:G:A","OLI607","True Digenic","Heterotaxia",1,TRUE,TRUE,"unique_exact_genomic_allele",TRUE,"Benign","POSSIBLY_PATHOGENIC_LOW","Possibly pathogenic"
"2:84705529:T:G","OLI612","Unknown","Heterotaxia",1,TRUE,TRUE,"unique_exact_genomic_allele",TRUE,"Deleterious","POSSIBLY_PATHOGENIC_MODERATE","Possibly pathogenic"
"2:84709391:G:A","OLI609","Unknown","Heterotaxia",1,TRUE,TRUE,"unique_exact_genomic_allele",TRUE,"Benign","POSSIBLY_PATHOGENIC_LOW","Possibly pathogenic"
"2:84805749:G:A","OLI608","Unknown","Heterotaxia",1,TRUE,TRUE,"unique_exact_genomic_allele",TRUE,"Uncertain","POSSIBLY_PATHOGENIC_LOW","Possibly pathogenic"
"2:85554269:C:T","OLI301","Unknown","Pseudoxanthoma elasticum",1,TRUE,TRUE,"unique_exact_genomic_allele",TRUE,"Deleterious","LIKELY_PATHOGENIC","P/LP"
"2:86788554:C:T","OLI1712","Unknown","Common variable immunodeficiency",1,TRUE,TRUE,"unique_exact_genomic_allele",TRUE,"Uncertain","UNCERTAIN_SIGNIFICANCE","VUS"
"2:88110360:C:T","OLI1433","True Digenic","Congenital heart block",1,TRUE,TRUE,"unique_exact_genomic_allele",TRUE,"Uncertain","LIKELY_BENIGN","B/LB"
"2:9443539:A:G","OLI1680","Unknown","Non-Syndromic genetic keratoconus",1,TRUE,TRUE,"unique_exact_genomic_allele",TRUE,"Uncertain","POSSIBLY_PATHOGENIC_LOW","Possibly pathogenic"
"2:98369938:G:C","OLI042","Monogenic+Modifier","Isolated macular dystrophy",1,TRUE,TRUE,"unique_exact_genomic_allele",TRUE,"Deleterious","PATHOGENIC","P/LP"
"2:98391964:C:T","OLI047","Monogenic+Modifier","Achromatopsia",1,TRUE,TRUE,"unique_exact_genomic_allele",TRUE,"Deleterious","PATHOGENIC","P/LP"
"2:98395999:C:T","OLI045","Monogenic+Modifier","Progressive cone dystrophy",1,TRUE,TRUE,"unique_exact_genomic_allele",TRUE,"Deleterious","PATHOGENIC","P/LP"
"2:98396039:G:A","OLI043","Monogenic+Modifier","Achromatopsia",1,TRUE,TRUE,"unique_exact_genomic_allele",TRUE,"Deleterious","LIKELY_PATHOGENIC","P/LP"
"2:98396387:T:C","OLI046","Monogenic+Modifier","Achromatopsia",1,TRUE,TRUE,"unique_exact_genomic_allele",TRUE,"Deleterious","LIKELY_PATHOGENIC","P/LP"
"2:98396449:C:T","OLI050","Monogenic+Modifier","Achromatopsia",1,TRUE,TRUE,"unique_exact_genomic_allele",TRUE,"Deleterious","LIKELY_PATHOGENIC","P/LP"
"2:98396476:C:T","OLI049","Monogenic+Modifier","Achromatopsia",1,TRUE,TRUE,"unique_exact_genomic_allele",TRUE,"Deleterious","PATHOGENIC","P/LP"
"2:98396490:G:A","OLI048","Monogenic+Modifier","Achromatopsia",1,TRUE,TRUE,"unique_exact_genomic_allele",TRUE,"","LIKELY_PATHOGENIC","P/LP"
"2:98396947:G:A","OLI044","Monogenic+Modifier","Oligocone trichromacy",1,TRUE,TRUE,"unique_exact_genomic_allele",TRUE,"Deleterious","LIKELY_PATHOGENIC","P/LP"
"2:9954919:C:T","OLI717","Unknown","Isolated anencephaly",1,TRUE,TRUE,"unique_exact_genomic_allele",TRUE,"Uncertain","UNCERTAIN_SIGNIFICANCE","VUS"
"2:9963999:T:G","OLI1688","Unknown","Non-Syndromic genetic keratoconus",1,TRUE,TRUE,"unique_exact_genomic_allele",TRUE,"Benign","UNCERTAIN_SIGNIFICANCE","VUS"
"3:10034732:T:C","OLI1543","Unknown","46,XY disorder of sex development",1,TRUE,TRUE,"unique_exact_genomic_allele",TRUE,"Benign","LIKELY_BENIGN","B/LB"
"3:10043147:C:G","OLI1543","Unknown","46,XY disorder of sex development",1,TRUE,TRUE,"unique_exact_genomic_allele",TRUE,"Benign","LIKELY_BENIGN","B/LB"
"3:10065480:T:C","OLI1577","Unknown","Syndrome with 46,XY disorder of sex development",1,TRUE,TRUE,"unique_exact_genomic_allele",TRUE,"Uncertain","POSSIBLY_PATHOGENIC_LOW","Possibly pathogenic"
"3:10078186:C:G","OLI1514","Unknown","46,XY disorder of sex development",1,TRUE,TRUE,"unique_exact_genomic_allele",TRUE,"Benign","POSSIBLY_PATHOGENIC_LOW","Possibly pathogenic"
"3:10078186:C:G","OLI1527","Unknown","46,XY disorder of sex development",1,TRUE,TRUE,"unique_exact_genomic_allele",TRUE,"Benign","POSSIBLY_PATHOGENIC_LOW","Possibly pathogenic"
"3:101228822:C:A","OLI1683","Unknown","Non-Syndromic genetic keratoconus",1,TRUE,TRUE,"unique_exact_genomic_allele",TRUE,"Benign","POSSIBLY_PATHOGENIC_LOW","Possibly pathogenic"
"3:10359892:C:T","OLI497","Monogenic+Modifier","Non-syndromic genetic deafness",1,TRUE,TRUE,"unique_exact_genomic_allele",TRUE,"Uncertain","BENIGN","B/LB"
"3:113272674:C:T","OLI682","Unknown","Holoprosencephaly",1,TRUE,TRUE,"unique_exact_genomic_allele",TRUE,"Uncertain","UNCERTAIN_SIGNIFICANCE","VUS"
"3:113283560:G:A","OLI683","Unknown","Holoprosencephaly",1,TRUE,TRUE,"unique_exact_genomic_allele",TRUE,"Uncertain","UNCERTAIN_SIGNIFICANCE","VUS"
"3:11348028:C:T","OLI932","Unknown","Rare pervasive developmental disorder",1,TRUE,TRUE,"unique_exact_genomic_allele",TRUE,"Uncertain","LIKELY_BENIGN","B/LB"
"3:115676484:G:A","OLI426","Unknown","Kallmann syndrome",1,TRUE,TRUE,"unique_exact_genomic_allele",TRUE,"Uncertain","UNCERTAIN_SIGNIFICANCE","VUS"
"3:121468407:T:C","OLI284","Unknown","Familial adenomatous polyposis",1,TRUE,TRUE,"unique_exact_genomic_allele",TRUE,"Deleterious","POSSIBLY_PATHOGENIC_LOW","Possibly pathogenic"
"3:121797219:G:A","OLI1654","Unknown","Bardet-Biedl syndrome",1,TRUE,TRUE,"unique_exact_genomic_allele",TRUE,"Uncertain","LIKELY_BENIGN","B/LB"
"3:121797219:G:A","OLI1655","Unknown","Bardet-Biedl syndrome",1,TRUE,TRUE,"unique_exact_genomic_allele",TRUE,"Uncertain","LIKELY_BENIGN","B/LB"
"3:122262350:C:G","OLI881","Unknown","Kallmann syndrome",1,TRUE,TRUE,"unique_exact_genomic_allele",TRUE,"Deleterious","POSSIBLY_PATHOGENIC_MODERATE","Possibly pathogenic"
"3:122701460:C:G","OLI1710","Unknown","Rare pervasive developmental disorder",1,TRUE,TRUE,"unique_exact_genomic_allele",TRUE,"Uncertain","UNCERTAIN_SIGNIFICANCE","VUS"
"3:123448416:G:T","OLI333","Unknown","Amyotrophic lateral sclerosis",1,TRUE,TRUE,"unique_exact_genomic_allele",TRUE,"Uncertain","UNCERTAIN_SIGNIFICANCE","VUS"
"3:126105752:T:C","OLI741","Unknown","Isolated anencephaly",1,TRUE,TRUE,"unique_exact_genomic_allele",TRUE,"Deleterious","UNCERTAIN_SIGNIFICANCE","VUS"
"3:126109980:T:G","OLI694","Unknown","Isolated anencephaly",1,TRUE,TRUE,"unique_exact_genomic_allele",TRUE,"Uncertain","UNCERTAIN_SIGNIFICANCE","VUS"
"3:126110055:G:C","OLI703","Unknown","Isolated anencephaly",1,TRUE,TRUE,"unique_exact_genomic_allele",TRUE,"Deleterious","POSSIBLY_PATHOGENIC_LOW","Possibly pathogenic"
"3:126110085:C:T","OLI690","Unknown","Isolated anencephaly",1,TRUE,TRUE,"unique_exact_genomic_allele",TRUE,"Uncertain","UNCERTAIN_SIGNIFICANCE","VUS"
"3:126136831:A:G","OLI696","Unknown","Isolated anencephaly",1,TRUE,TRUE,"unique_exact_genomic_allele",TRUE,"Uncertain","UNCERTAIN_SIGNIFICANCE","VUS"
"3:126989452:G:A","OLI649","Unknown","Kallmann syndrome",1,TRUE,TRUE,"unique_exact_genomic_allele",TRUE,"Benign","POSSIBLY_PATHOGENIC_LOW","Possibly pathogenic"
"3:126989548:C:T","OLI653","Unknown","Congenital hypogonadotropic hypogonadism",1,TRUE,TRUE,"unique_exact_genomic_allele",TRUE,"Uncertain","UNCERTAIN_SIGNIFICANCE","VUS"
"3:127003406:C:T","OLI654","Unknown","Congenital hypogonadotropic hypogonadism",1,TRUE,TRUE,"unique_exact_genomic_allele",TRUE,"Uncertain","POSSIBLY_PATHOGENIC_LOW","Possibly pathogenic"
"3:127003437:C:A","OLI874","Unknown","Kallmann syndrome",1,TRUE,TRUE,"unique_exact_genomic_allele",TRUE,"Benign","POSSIBLY_PATHOGENIC_LOW","Possibly pathogenic"
"3:127004674:C:T","OLI648","Unknown","Kallmann syndrome",1,TRUE,TRUE,"unique_exact_genomic_allele",TRUE,"Uncertain","POSSIBLY_PATHOGENIC_MODERATE","Possibly pathogenic"
"3:127004698:G:A","OLI650","Unknown","Congenital hypogonadotropic hypogonadism",1,TRUE,TRUE,"unique_exact_genomic_allele",TRUE,"Uncertain","POSSIBLY_PATHOGENIC_LOW","Possibly pathogenic"
"3:127004698:G:A","OLI651","Unknown","Congenital hypogonadotropic hypogonadism",1,TRUE,TRUE,"unique_exact_genomic_allele",TRUE,"Uncertain","POSSIBLY_PATHOGENIC_LOW","Possibly pathogenic"
"3:127005111:G:A","OLI1411","Unknown","Hypogonadotropic hypogonadism with absent puberty phenotype",1,TRUE,TRUE,"unique_exact_genomic_allele",TRUE,"Uncertain","POSSIBLY_PATHOGENIC_MODERATE","Possibly pathogenic"
"3:127012004:G:A","OLI1423","Unknown","Hypogonadotropic hypogonadism with absent puberty phenotype",1,TRUE,TRUE,"unique_exact_genomic_allele",TRUE,"Uncertain","POSSIBLY_PATHOGENIC_MODERATE","Possibly pathogenic"
"3:127014278:G:A","OLI648","Unknown","Kallmann syndrome",1,TRUE,TRUE,"unique_exact_genomic_allele",TRUE,"Uncertain","POSSIBLY_PATHOGENIC_MODERATE","Possibly pathogenic"
"3:127014757:G:A","OLI912","Unknown","Normosmic congenital hypogonadotropic hypogonadism",1,TRUE,TRUE,"unique_exact_genomic_allele",TRUE,"Uncertain","POSSIBLY_PATHOGENIC_LOW","Possibly pathogenic"
"3:127017861:C:T","OLI358","Unknown","Kallmann syndrome",1,TRUE,TRUE,"unique_exact_genomic_allele",TRUE,"Uncertain","POSSIBLY_PATHOGENIC_LOW","Possibly pathogenic"
"3:127022808:A:G","OLI649","Unknown","Kallmann syndrome",1,TRUE,TRUE,"unique_exact_genomic_allele",TRUE,"Benign","POSSIBLY_PATHOGENIC_LOW","Possibly pathogenic"
"3:127032791:C:A","OLI652","Unknown","Congenital hypogonadotropic hypogonadism",1,TRUE,TRUE,"unique_exact_genomic_allele",TRUE,"Uncertain","POSSIBLY_PATHOGENIC_LOW","Possibly pathogenic"
"3:127617015:C:G","OLI1240","Unknown","Recurrent Pregnancy Loss",1,TRUE,TRUE,"unique_exact_genomic_allele",TRUE,"Deleterious","POSSIBLY_PATHOGENIC_LOW","Possibly pathogenic"
"3:128067152:G:T","OLI918","Dual Molecular Diagnosis","Generalized pustular psoriasis; Isolated agammaglobulinemia",1,TRUE,TRUE,"unique_exact_genomic_allele",TRUE,"Deleterious","LIKELY_PATHOGENIC","P/LP"
"3:128481878:G:A","OLI1720","Unknown","Common variable immunodeficiency",1,TRUE,TRUE,"unique_exact_genomic_allele",TRUE,"","PATHOGENIC","P/LP"
"3:129483617:G:A","OLI295","Unknown","Adolescent idiopathic scoliosis",1,TRUE,TRUE,"unique_exact_genomic_allele",TRUE,"Uncertain","UNCERTAIN_SIGNIFICANCE","VUS"
"3:129571689:C:T","OLI1473","Unknown","Familial bicuspid aortic valve",1,TRUE,TRUE,"unique_exact_genomic_allele",TRUE,"Uncertain","POSSIBLY_PATHOGENIC_MODERATE","Possibly pathogenic"
"3:130431608:G:A","OLI1688","Unknown","Non-Syndromic genetic keratoconus",1,TRUE,TRUE,"unique_exact_genomic_allele",TRUE,"Deleterious","POSSIBLY_PATHOGENIC_LOW","Possibly pathogenic"
"3:130649326:T:C","OLI1690","Unknown","Non-Syndromic genetic keratoconus",1,TRUE,TRUE,"unique_exact_genomic_allele",TRUE,"Benign","UNCERTAIN_SIGNIFICANCE","VUS"
"3:132683433:G:A","OLI214","Unknown","Nephronophthisis",1,TRUE,TRUE,"unique_exact_genomic_allele",TRUE,"Deleterious","LIKELY_BENIGN","B/LB"
"3:132683486:AG:A","OLI359","Unknown","Nephronophthisis",1,TRUE,TRUE,"unique_exact_genomic_allele",TRUE,"Benign","PATHOGENIC","P/LP"
"3:132684574:C:T","OLI1656","Unknown","Bardet-Biedl syndrome",1,TRUE,TRUE,"unique_exact_genomic_allele",TRUE,"Deleterious","BENIGN","B/LB"
"3:132700348:G:A","OLI359","Unknown","Nephronophthisis",1,TRUE,TRUE,"unique_exact_genomic_allele",TRUE,"","PATHOGENIC","P/LP"
"3:132708219:T:C","OLI215","Unknown","Meckel syndrome",1,TRUE,TRUE,"unique_exact_genomic_allele",TRUE,"Uncertain","BENIGN","B/LB"
"3:132719785:CACTT:C","OLI213","Unknown","Nephronophthisis",1,TRUE,TRUE,"unique_exact_genomic_allele",TRUE,"Benign","LIKELY_PATHOGENIC","P/LP"
"3:132721994:G:C","OLI212","Unknown","Nephronophthisis",1,TRUE,TRUE,"unique_exact_genomic_allele",TRUE,"Uncertain","POSSIBLY_PATHOGENIC_LOW","Possibly pathogenic"
"3:132722202:C:T","OLI211","Unknown","Retinitis pigmentosa; Nephronophthisis",1,TRUE,TRUE,"unique_exact_genomic_allele",TRUE,"Uncertain","BENIGN","B/LB"
"3:13570740:G:A","OLI574","Unknown","Disorder of sex development",1,TRUE,TRUE,"unique_exact_genomic_allele",TRUE,"Uncertain","UNCERTAIN_SIGNIFICANCE","VUS"
"3:13875162:G:A","OLI337","Unknown","Isolated Klippel-Feil syndrome",1,TRUE,TRUE,"unique_exact_genomic_allele",TRUE,"Uncertain","UNCERTAIN_SIGNIFICANCE","VUS"
"3:138945678:G:C","OLI1725","Unknown","Primary ovarian failure",1,TRUE,TRUE,"unique_exact_genomic_allele",TRUE,"Deleterious","LIKELY_PATHOGENIC","P/LP"
"3:138945678:G:C","OLI1726","Unknown","Primary ovarian failure",1,TRUE,TRUE,"unique_exact_genomic_allele",TRUE,"Deleterious","LIKELY_PATHOGENIC","P/LP"
"3:138945678:G:C","OLI1727","Unknown","Primary ovarian failure",1,TRUE,TRUE,"unique_exact_genomic_allele",TRUE,"Deleterious","LIKELY_PATHOGENIC","P/LP"
"3:138945678:G:C","OLI1728","Unknown","Primary ovarian failure",1,TRUE,TRUE,"unique_exact_genomic_allele",TRUE,"Deleterious","LIKELY_PATHOGENIC","P/LP"
"3:138945678:G:C","OLI1729","Unknown","Primary ovarian failure",1,TRUE,TRUE,"unique_exact_genomic_allele",TRUE,"Deleterious","LIKELY_PATHOGENIC","P/LP"
"3:138946710:A:T","OLI091","Unknown","Primary ovarian failure",1,TRUE,TRUE,"unique_exact_genomic_allele",TRUE,"Uncertain","POSSIBLY_PATHOGENIC_LOW","Possibly pathogenic"
"3:140688048:G:A","OLI1306","Unknown","Juvenile amyotrophic lateral sclerosis",1,TRUE,TRUE,"unique_exact_genomic_allele",TRUE,"Uncertain","BENIGN","B/LB"
"3:140690995:G:A","OLI1306","Unknown","Juvenile amyotrophic lateral sclerosis",1,TRUE,TRUE,"unique_exact_genomic_allele",TRUE,"Uncertain","POSSIBLY_BENIGN","Possibly benign"
"3:142513532:A:T","OLI1053","Unknown","Primary ovarian failure",1,TRUE,TRUE,"unique_exact_genomic_allele",TRUE,"","LIKELY_PATHOGENIC","P/LP"
"3:142553249:T:C","OLI1039","Unknown","Primary ovarian failure",1,TRUE,TRUE,"unique_exact_genomic_allele",TRUE,"Uncertain","POSSIBLY_PATHOGENIC_LOW","Possibly pathogenic"
"3:149212531:AC:A","OLI462","Unknown","Mitochondrial membrane protein-associated neurodegeneration",1,TRUE,TRUE,"unique_exact_genomic_allele",TRUE,"Benign","PATHOGENIC","P/LP"
"3:151436708:G:A","OLI1408","Unknown","Hypogonadotropic hypogonadism with absent puberty phenotype",1,TRUE,TRUE,"unique_exact_genomic_allele",TRUE,"Uncertain","POSSIBLY_PATHOGENIC_LOW","Possibly pathogenic"
"3:151443470:C:T","OLI556","Unknown","Normosmic congenital hypogonadotropic hypogonadism",1,TRUE,TRUE,"unique_exact_genomic_allele",TRUE,"Uncertain","POSSIBLY_BENIGN","Possibly benign"
"3:151445350:G:A","OLI1395","Unknown","Hypogonadotropic hypogonadism with partial puberty phenotype",1,TRUE,TRUE,"unique_exact_genomic_allele",TRUE,"Benign","POSSIBLY_PATHOGENIC_LOW","Possibly pathogenic"
"3:151448195:G:A","OLI1387","Unknown","Hypogonadotropic hypogonadism with partial puberty phenotype",1,TRUE,TRUE,"unique_exact_genomic_allele",TRUE,"Benign","UNCERTAIN_SIGNIFICANCE","VUS"
"3:151448793:T:G","OLI649","Unknown","Kallmann syndrome",1,TRUE,TRUE,"unique_exact_genomic_allele",TRUE,"Benign","POSSIBLY_PATHOGENIC_LOW","Possibly pathogenic"
"3:151453747:G:A","OLI1233","Unknown","Recurrent Pregnancy Loss",1,TRUE,TRUE,"unique_exact_genomic_allele",TRUE,"","POSSIBLY_PATHOGENIC_MODERATE","Possibly pathogenic"
"3:170480891:C:A","OLI446","Unknown","Retinitis pigmentosa",1,TRUE,TRUE,"unique_exact_genomic_allele",TRUE,"Deleterious","LIKELY_BENIGN","B/LB"
"3:171128740:G:T","OLI646","Unknown","Schizophrenia",1,TRUE,TRUE,"unique_exact_genomic_allele",TRUE,"Uncertain","POSSIBLY_PATHOGENIC_LOW","Possibly pathogenic"
"3:181712690:C:A","OLI1352","Unknown","Normosmic congenital hypogonadotropic hypogonadism",1,TRUE,TRUE,"unique_exact_genomic_allele",TRUE,"","LIKELY_PATHOGENIC","P/LP"
"3:181713055:C:A","OLI1349","Unknown","Normosmic congenital hypogonadotropic hypogonadism",1,TRUE,TRUE,"unique_exact_genomic_allele",TRUE,"Uncertain","UNCERTAIN_SIGNIFICANCE","VUS"
"3:181713055:C:A","OLI1353","Unknown","Normosmic congenital hypogonadotropic hypogonadism",1,TRUE,TRUE,"unique_exact_genomic_allele",TRUE,"Uncertain","UNCERTAIN_SIGNIFICANCE","VUS"
"3:184164581:G:A","OLI508","Unknown","Isolated anencephaly",1,TRUE,TRUE,"unique_exact_genomic_allele",TRUE,"Uncertain","POSSIBLY_BENIGN","Possibly benign"
"3:184170129:C:T","OLI710","Unknown","Isolated anencephaly",1,TRUE,TRUE,"unique_exact_genomic_allele",TRUE,"Uncertain","UNCERTAIN_SIGNIFICANCE","VUS"
"3:184302767:A:G","OLI1491","Unknown","Congenital hypothyroidism",1,TRUE,TRUE,"unique_exact_genomic_allele",TRUE,"Uncertain","UNCERTAIN_SIGNIFICANCE","VUS"
"3:184580463:G:T","OLI328","Unknown","Amyotrophic lateral sclerosis",1,TRUE,TRUE,"unique_exact_genomic_allele",TRUE,"Deleterious","POSSIBLY_PATHOGENIC_LOW","Possibly pathogenic"
"3:189889426:C:G","OLI1243","Unknown","Hypodontia",1,TRUE,TRUE,"unique_exact_genomic_allele",TRUE,"Uncertain","POSSIBLY_PATHOGENIC_MODERATE","Possibly pathogenic"
"3:189894386:C:T","OLI1064","Unknown","Primary ovarian failure",1,TRUE,TRUE,"unique_exact_genomic_allele",TRUE,"","PATHOGENIC","P/LP"
"3:190120454:G:A","OLI1671","Unknown","Bardet-Biedl syndrome",1,TRUE,TRUE,"unique_exact_genomic_allele",TRUE,"Benign","POSSIBLY_BENIGN","Possibly benign"
"3:194138206:C:G","OLI1091","Unknown","Congenital hypothyroidism",1,TRUE,TRUE,"resolved_by_exact_cdna_within_allele",TRUE,"Benign","UNCERTAIN_SIGNIFICANCE","VUS"
"3:194138206:C:G","OLI1505","Unknown","Congenital hypothyroidism",1,FALSE,FALSE,NA,NA,NA,NA,NA
"3:196065586:T:G","OLI1720","Unknown","Common variable immunodeficiency",1,TRUE,TRUE,"unique_exact_genomic_allele",TRUE,"Benign","POSSIBLY_PATHOGENIC_LOW","Possibly pathogenic"
"3:196239560:G:A","OLI696","Unknown","Isolated anencephaly",1,TRUE,TRUE,"unique_exact_genomic_allele",TRUE,"Uncertain","POSSIBLY_PATHOGENIC_LOW","Possibly pathogenic"
"3:196242571:T:C","OLI733","Unknown","Isolated anencephaly",1,TRUE,TRUE,"unique_exact_genomic_allele",TRUE,"Deleterious","POSSIBLY_PATHOGENIC_MODERATE","Possibly pathogenic"
"3:20111664:T:C","OLI007","Dual Molecular Diagnosis","Microcephaly-cardiomyopathy syndrome; Genetic steroid-resistant nephrotic syndrome",1,TRUE,TRUE,"unique_exact_genomic_allele",TRUE,"Deleterious","POSSIBLY_PATHOGENIC_LOW","Possibly pathogenic"
"3:25739727:C:T","OLI1569","Unknown","Syndrome with 46,XY disorder of sex development",1,TRUE,TRUE,"unique_exact_genomic_allele",TRUE,"","PATHOGENIC","P/LP"
"3:30728328:G:A","OLI430","Unknown","Normosmic congenital hypogonadotropic hypogonadism",1,TRUE,TRUE,"unique_exact_genomic_allele",TRUE,"Deleterious","POSSIBLY_PATHOGENIC_LOW","Possibly pathogenic"
"3:32734916:C:T","OLI1140","Unknown","Mayer-Rokitansky-Küster-Hauser syndrome",1,TRUE,TRUE,"unique_exact_genomic_allele",FALSE,"Benign","UNCERTAIN_SIGNIFICANCE","VUS"
"3:32873930:G:A","OLI1144","Unknown","Mayer-Rokitansky-Küster-Hauser syndrome",1,TRUE,TRUE,"unique_exact_genomic_allele",TRUE,"Uncertain","UNCERTAIN_SIGNIFICANCE","VUS"
"3:3294349:G:T","OLI1139","Unknown","Mayer-Rokitansky-Küster-Hauser syndrome",1,TRUE,TRUE,"unique_exact_genomic_allele",FALSE,"","POSSIBLY_BENIGN","Possibly benign"
"3:33120386:C:G","OLI1137","Unknown","Mayer-Rokitansky-Küster-Hauser syndrome",1,TRUE,TRUE,"unique_exact_genomic_allele",TRUE,"Deleterious","POSSIBLY_PATHOGENIC_MODERATE","Possibly pathogenic"
"3:38138895:GACA:G","OLI138","Dual Molecular Diagnosis","Primary immunodeficiency",1,TRUE,TRUE,"unique_exact_genomic_allele",TRUE,"Benign","POSSIBLY_PATHOGENIC_LOW","Possibly pathogenic"
"3:38550616:C:T","OLI985","Unknown","Familial long QT syndrome",1,TRUE,TRUE,"unique_exact_genomic_allele",TRUE,"Deleterious","POSSIBLY_PATHOGENIC_MODERATE","Possibly pathogenic"
"3:38550917:C:T","OLI363","Unknown","Familial long QT syndrome",1,TRUE,TRUE,"unique_exact_genomic_allele",TRUE,"Deleterious","POSSIBLY_PATHOGENIC_LOW","Possibly pathogenic"
"3:38551441:C:T","OLI1227","Unknown","Familial long QT syndrome",1,TRUE,TRUE,"unique_exact_genomic_allele",TRUE,"Deleterious","PATHOGENIC","P/LP"
"3:38551504:C:T","OLI1228","Unknown","Familial long QT syndrome",1,FALSE,TRUE,"exact_allele_multiple_variant_ids",NA,NA,NA,NA
"3:38551504:C:T","OLI364","Unknown","Familial long QT syndrome",1,FALSE,TRUE,"exact_allele_multiple_variant_ids",NA,NA,NA,NA
"3:38551521:GAAG:G","OLI445","Monogenic+Modifier","Familial long QT syndrome",1,FALSE,FALSE,NA,NA,NA,NA,NA
"3:38555697:G:C","OLI183","Monogenic+Modifier","Brugada syndrome",1,TRUE,TRUE,"unique_exact_genomic_allele",TRUE,"Deleterious","PATHOGENIC","P/LP"
"3:38575385:C:T","OLI645","Unknown","Early repolarization syndrome",1,TRUE,TRUE,"unique_exact_genomic_allele",TRUE,"Uncertain","BENIGN","B/LB"
"3:38603887:G:T","OLI202","Monogenic+Modifier","Romano-Ward syndrome",1,TRUE,TRUE,"unique_exact_genomic_allele",TRUE,"Uncertain","BENIGN","B/LB"
"3:45419670:A:C","OLI1055","Unknown","Primary ovarian failure",1,TRUE,TRUE,"unique_exact_genomic_allele",TRUE,"Deleterious","LIKELY_PATHOGENIC","P/LP"
"3:45485694:T:G","OLI1039","Unknown","Primary ovarian failure",1,TRUE,TRUE,"unique_exact_genomic_allele",TRUE,"Benign","UNCERTAIN_SIGNIFICANCE","VUS"
"3:45500536:T:C","OLI1039","Unknown","Primary ovarian failure",1,TRUE,TRUE,"unique_exact_genomic_allele",TRUE,"Deleterious","POSSIBLY_PATHOGENIC_LOW","Possibly pathogenic"
"3:45518050:A:T","OLI1049","Unknown","Primary ovarian failure",1,TRUE,TRUE,"unique_exact_genomic_allele",TRUE,"Benign","UNCERTAIN_SIGNIFICANCE","VUS"
"3:4683761:A:G","OLI331","Unknown","Amyotrophic lateral sclerosis",1,TRUE,TRUE,"unique_exact_genomic_allele",TRUE,"Uncertain","BENIGN","B/LB"
"3:47057098:A:C","OLI751","Unknown","Isolated anencephaly",1,TRUE,TRUE,"unique_exact_genomic_allele",TRUE,"Benign","BENIGN","B/LB"
"3:47086224:G:A","OLI707","Unknown","Isolated anencephaly",1,TRUE,TRUE,"unique_exact_genomic_allele",TRUE,"Uncertain","UNCERTAIN_SIGNIFICANCE","VUS"
"3:47121505:C:T","OLI733","Unknown","Isolated anencephaly",1,TRUE,TRUE,"unique_exact_genomic_allele",TRUE,"Uncertain","POSSIBLY_PATHOGENIC_LOW","Possibly pathogenic"
"3:4735175:G:A","OLI332","Unknown","Amyotrophic lateral sclerosis",1,TRUE,TRUE,"unique_exact_genomic_allele",TRUE,"Uncertain","POSSIBLY_PATHOGENIC_LOW","Possibly pathogenic"
"3:47417143:G:A","OLI182","True Digenic","Premature Myocardial Infarction",1,TRUE,TRUE,"unique_exact_genomic_allele",TRUE,"Uncertain","UNCERTAIN_SIGNIFICANCE","VUS"
"3:47847272:G:T","OLI1710","Unknown","Rare pervasive developmental disorder",1,TRUE,TRUE,"unique_exact_genomic_allele",TRUE,"Deleterious","PATHOGENIC","P/LP"
"3:48410059:T:C","OLI880","Unknown","Kallmann syndrome",1,TRUE,TRUE,"unique_exact_genomic_allele",TRUE,"Uncertain","POSSIBLY_PATHOGENIC_LOW","Possibly pathogenic"
"3:48410059:T:C","OLI885","Unknown","Kallmann syndrome",1,TRUE,TRUE,"unique_exact_genomic_allele",TRUE,"Uncertain","POSSIBLY_PATHOGENIC_LOW","Possibly pathogenic"
"3:48412856:G:T","OLI869","Unknown","Kallmann syndrome",1,TRUE,TRUE,"unique_exact_genomic_allele",TRUE,"Uncertain","POSSIBLY_PATHOGENIC_LOW","Possibly pathogenic"
"3:48419333:A:G","OLI902","Unknown","Normosmic congenital hypogonadotropic hypogonadism",1,TRUE,TRUE,"unique_exact_genomic_allele",TRUE,"Uncertain","POSSIBLY_PATHOGENIC_LOW","Possibly pathogenic"
"3:48420705:T:C","OLI878","Unknown","Kallmann syndrome",1,TRUE,TRUE,"unique_exact_genomic_allele",TRUE,"Benign","POSSIBLY_PATHOGENIC_LOW","Possibly pathogenic"
"3:48422929:G:A","OLI888","Unknown","Kallmann syndrome",1,TRUE,TRUE,"unique_exact_genomic_allele",TRUE,"Uncertain","LIKELY_BENIGN","B/LB"
"3:48422929:G:A","OLI889","Unknown","Normosmic congenital hypogonadotropic hypogonadism",1,TRUE,TRUE,"unique_exact_genomic_allele",TRUE,"Uncertain","LIKELY_BENIGN","B/LB"
"3:48466995:C:T","OLI931","Unknown","Transposition of the great arteries",1,TRUE,TRUE,"unique_exact_genomic_allele",TRUE,"Deleterious","LIKELY_PATHOGENIC","P/LP"
"3:48639719:C:T","OLI1478","Unknown","Hypoplastic left heart syndrome",1,TRUE,TRUE,"unique_exact_genomic_allele",TRUE,"Benign","LIKELY_BENIGN","B/LB"
"3:48639758:G:A","OLI701","Unknown","Isolated anencephaly",1,TRUE,TRUE,"unique_exact_genomic_allele",TRUE,"Benign","BENIGN","B/LB"
"3:48639758:G:A","OLI737","Unknown","Isolated anencephaly",1,TRUE,TRUE,"unique_exact_genomic_allele",TRUE,"Benign","BENIGN","B/LB"
"3:48643038:G:C","OLI729","Unknown","Isolated anencephaly",1,TRUE,TRUE,"unique_exact_genomic_allele",TRUE,"Uncertain","POSSIBLY_PATHOGENIC_LOW","Possibly pathogenic"
"3:48645117:C:T","OLI714","Unknown","Isolated anencephaly",1,TRUE,TRUE,"unique_exact_genomic_allele",TRUE,"Uncertain","BENIGN","B/LB"
"3:48653049:G:A","OLI729","Unknown","Isolated anencephaly",1,TRUE,TRUE,"unique_exact_genomic_allele",TRUE,"Uncertain","POSSIBLY_BENIGN","Possibly benign"
"3:49098008:T:C","OLI330","Unknown","Amyotrophic lateral sclerosis",1,TRUE,TRUE,"unique_exact_genomic_allele",FALSE,"Uncertain","POSSIBLY_PATHOGENIC_LOW","Possibly pathogenic"
"3:49128665:G:A","OLI330","Unknown","Amyotrophic lateral sclerosis",1,TRUE,TRUE,"unique_exact_genomic_allele",TRUE,"Uncertain","POSSIBLY_PATHOGENIC_LOW","Possibly pathogenic"
"3:49715731:C:T","OLI1329","Unknown","Primary immunodeficiency",1,TRUE,TRUE,"unique_exact_genomic_allele",TRUE,"Benign","POSSIBLY_BENIGN","Possibly benign"
"3:50185466:A:G","OLI1557","Unknown","Syndrome with 46,XY disorder of sex development",1,TRUE,TRUE,"unique_exact_genomic_allele",TRUE,"Uncertain","UNCERTAIN_SIGNIFICANCE","VUS"
"3:57096409:G:A","OLI366","Unknown","Kallmann syndrome",1,TRUE,TRUE,"unique_exact_genomic_allele",TRUE,"Uncertain","POSSIBLY_PATHOGENIC_LOW","Possibly pathogenic"
"3:57097602:C:T","OLI1108","Unknown","Kallmann syndrome",1,TRUE,TRUE,"unique_exact_genomic_allele",TRUE,"Benign","POSSIBLY_PATHOGENIC_LOW","Possibly pathogenic"
"3:57097602:C:T","OLI858","Unknown","Kallmann syndrome",1,TRUE,TRUE,"unique_exact_genomic_allele",TRUE,"Benign","POSSIBLY_PATHOGENIC_LOW","Possibly pathogenic"
"3:57097602:C:T","OLI908","Unknown","Normosmic congenital hypogonadotropic hypogonadism",1,TRUE,TRUE,"unique_exact_genomic_allele",TRUE,"Benign","POSSIBLY_PATHOGENIC_LOW","Possibly pathogenic"
"3:57097635:A:T","OLI1604","Unknown","Normosmic congenital hypogonadotropic hypogonadism",1,TRUE,TRUE,"unique_exact_genomic_allele",TRUE,"Uncertain","UNCERTAIN_SIGNIFICANCE","VUS"
"3:57097691:G:A","OLI355","Unknown","Kallmann syndrome",1,TRUE,TRUE,"unique_exact_genomic_allele",TRUE,"Uncertain","LIKELY_BENIGN","B/LB"
"3:57097694:G:A","OLI1416","Unknown","Hypogonadotropic hypogonadism with absent puberty phenotype",1,TRUE,TRUE,"unique_exact_genomic_allele",TRUE,"Uncertain","POSSIBLY_BENIGN","Possibly benign"
"3:57097731:T:C","OLI1341","Unknown","Kallmann syndrome",1,TRUE,TRUE,"unique_exact_genomic_allele",TRUE,"Uncertain","LIKELY_BENIGN","B/LB"
"3:57097779:C:G","OLI1268","Unknown","Normosmic congenital hypogonadotropic hypogonadism",1,TRUE,TRUE,"unique_exact_genomic_allele",TRUE,"Benign","BENIGN","B/LB"
"3:57098007:G:A","OLI1325","Unknown","Non-acquired combined pituitary hormone deficiency",1,TRUE,TRUE,"unique_exact_genomic_allele",TRUE,"Uncertain","BENIGN","B/LB"
"3:57098013:A:C","OLI1592","Unknown","Kallmann syndrome",1,TRUE,TRUE,"unique_exact_genomic_allele",TRUE,"Benign","UNCERTAIN_SIGNIFICANCE","VUS"
"3:57098111:C:A","OLI868","Unknown","Kallmann syndrome",1,TRUE,TRUE,"unique_exact_genomic_allele",TRUE,"Uncertain","UNCERTAIN_SIGNIFICANCE","VUS"
"3:57098384:C:A","OLI1343","Unknown","Kallmann syndrome",1,TRUE,TRUE,"unique_exact_genomic_allele",TRUE,"Benign","POSSIBLY_PATHOGENIC_LOW","Possibly pathogenic"
"3:57101207:T:C","OLI1594","Unknown","Kallmann syndrome",1,TRUE,TRUE,"unique_exact_genomic_allele",TRUE,"Uncertain","UNCERTAIN_SIGNIFICANCE","VUS"
"3:57101207:T:C","OLI365","Monogenic+Modifier","Kallmann syndrome",1,TRUE,TRUE,"unique_exact_genomic_allele",TRUE,"Uncertain","UNCERTAIN_SIGNIFICANCE","VUS"
"3:57101356:T:C","OLI357","Unknown","Kallmann syndrome",1,TRUE,TRUE,"unique_exact_genomic_allele",TRUE,"Uncertain","POSSIBLY_PATHOGENIC_LOW","Possibly pathogenic"
"3:57102498:C:T","OLI1650","Unknown","Kallmann syndrome",1,TRUE,TRUE,"unique_exact_genomic_allele",TRUE,"Uncertain","UNCERTAIN_SIGNIFICANCE","VUS"
"3:57105943:C:T","OLI356","Unknown","Kallmann syndrome",1,TRUE,TRUE,"unique_exact_genomic_allele",TRUE,"Uncertain","UNCERTAIN_SIGNIFICANCE","VUS"
"3:57106133:G:A","OLI1344","Unknown","Kallmann syndrome",1,TRUE,TRUE,"unique_exact_genomic_allele",TRUE,"Uncertain","POSSIBLY_PATHOGENIC_LOW","Possibly pathogenic"
"3:57106133:G:A","OLI837","Unknown","Normosmic congenital hypogonadotropic hypogonadism",1,TRUE,TRUE,"unique_exact_genomic_allele",TRUE,"Uncertain","POSSIBLY_PATHOGENIC_LOW","Possibly pathogenic"
"3:57165183:C:A","OLI354","Unknown","Kallmann syndrome",1,TRUE,TRUE,"unique_exact_genomic_allele",TRUE,"Benign","UNCERTAIN_SIGNIFICANCE","VUS"
"3:57165231:T:C","OLI1384","Unknown","Hypogonadotropic hypogonadism with partial puberty phenotype",1,TRUE,TRUE,"unique_exact_genomic_allele",TRUE,"Benign","POSSIBLY_PATHOGENIC_LOW","Possibly pathogenic"
"3:57198221:AT:T","OLI1280","Unknown","Normosmic congenital hypogonadotropic hypogonadism",1,FALSE,FALSE,NA,NA,NA,NA,NA
"3:57198224:T:G","OLI1280","Unknown","Normosmic congenital hypogonadotropic hypogonadism",1,TRUE,TRUE,"unique_exact_genomic_allele",TRUE,"Uncertain","UNCERTAIN_SIGNIFICANCE","VUS"
"3:58105165:C:T","OLI293","Unknown","Adolescent idiopathic scoliosis",1,TRUE,TRUE,"unique_exact_genomic_allele",TRUE,"Uncertain","POSSIBLY_BENIGN","Possibly benign"
"3:58105166:G:T","OLI292","Unknown","Adolescent idiopathic scoliosis",1,TRUE,TRUE,"unique_exact_genomic_allele",TRUE,"Uncertain","UNCERTAIN_SIGNIFICANCE","VUS"
"3:58105214:T:C","OLI295","Unknown","Adolescent idiopathic scoliosis",1,TRUE,TRUE,"unique_exact_genomic_allele",TRUE,"Deleterious","POSSIBLY_PATHOGENIC_LOW","Possibly pathogenic"
"3:58123396:G:C","OLI296","Unknown","Adolescent idiopathic scoliosis",1,TRUE,TRUE,"unique_exact_genomic_allele",TRUE,"Uncertain","LIKELY_BENIGN","B/LB"
"3:58148769:G:A","OLI298","Unknown","Adolescent idiopathic scoliosis",1,TRUE,TRUE,"unique_exact_genomic_allele",TRUE,"Uncertain","POSSIBLY_BENIGN","Possibly benign"
"3:58156031:G:A","OLI294","Unknown","Adolescent idiopathic scoliosis",1,TRUE,TRUE,"unique_exact_genomic_allele",TRUE,"Uncertain","POSSIBLY_PATHOGENIC_LOW","Possibly pathogenic"
"3:64157317:C:A","OLI761","Unknown","Craniorachischisis",1,TRUE,TRUE,"unique_exact_genomic_allele",TRUE,"Uncertain","POSSIBLY_PATHOGENIC_LOW","Possibly pathogenic"
"3:64601994:G:A","OLI1693","Unknown","Non-Syndromic genetic keratoconus",1,TRUE,TRUE,"unique_exact_genomic_allele",TRUE,"Uncertain","UNCERTAIN_SIGNIFICANCE","VUS"
"3:69949159:GA:G","OLI398","True Digenic","Ocular albinism with congenital sensorineural deafness",1,TRUE,TRUE,"unique_exact_genomic_allele",TRUE,"Benign","LIKELY_PATHOGENIC","P/LP"
"3:69949159:GA:G","OLI399","True Digenic","Ocular albinism with congenital sensorineural deafness",1,TRUE,TRUE,"unique_exact_genomic_allele",TRUE,"Benign","LIKELY_PATHOGENIC","P/LP"
"3:69956480:AA:A","OLI917","Unknown","Waardenburg syndrome",1,FALSE,FALSE,NA,NA,NA,NA,NA
"3:69959280:C:T","OLI251","Unknown","Non-syndromic genetic deafness",1,TRUE,TRUE,"unique_exact_genomic_allele",TRUE,"Deleterious","POSSIBLY_PATHOGENIC_MODERATE","Possibly pathogenic"
"3:70965978:C:T","OLI1554","Unknown","46,XY disorder of sex development",1,TRUE,TRUE,"unique_exact_genomic_allele",TRUE,"Uncertain","POSSIBLY_BENIGN","Possibly benign"
"3:71772765:G:A","OLI201","Unknown","Normosmic congenital hypogonadotropic hypogonadism",1,TRUE,TRUE,"unique_exact_genomic_allele",TRUE,"Uncertain","POSSIBLY_PATHOGENIC_LOW","Possibly pathogenic"
"3:71772813:G:A","OLI834","Unknown","Kallmann syndrome",1,TRUE,TRUE,"unique_exact_genomic_allele",TRUE,"Deleterious","POSSIBLY_PATHOGENIC_MODERATE","Possibly pathogenic"
"3:71781479:TGG:T","OLI287","Unknown","Kallmann syndrome",1,TRUE,TRUE,"unique_exact_genomic_allele",TRUE,"Uncertain","LIKELY_PATHOGENIC","P/LP"
"3:71781525:AT:A","OLI1414","Unknown","Hypogonadotropic hypogonadism with absent puberty phenotype",1,FALSE,FALSE,NA,NA,NA,NA,NA
"3:71781525:AT:A","OLI1651","Unknown","Congenital hypogonadotropic hypogonadism",1,TRUE,TRUE,"resolved_by_exact_protein_within_allele",TRUE,"Benign","PATHOGENIC","P/LP"
"3:71781552:C:A","OLI1297","Unknown","Kallmann syndrome",1,TRUE,TRUE,"unique_exact_genomic_allele",TRUE,"Deleterious","LIKELY_PATHOGENIC","P/LP"
"3:71784953:T:C","OLI1557","Unknown","Syndrome with 46,XY disorder of sex development",1,TRUE,TRUE,"unique_exact_genomic_allele",TRUE,"Deleterious","POSSIBLY_PATHOGENIC_MODERATE","Possibly pathogenic"
"3:71784983:C:G","OLI396","Unknown","Kallmann syndrome; Isolated congenital hypogonadotropic hypogonadism",1,TRUE,TRUE,"unique_exact_genomic_allele",TRUE,"Uncertain","POSSIBLY_PATHOGENIC_MODERATE","Possibly pathogenic"
"3:77580049:C:T","OLI1742","Unknown","Familial bicuspid aortic valve",1,TRUE,TRUE,"unique_exact_genomic_allele",TRUE,"Uncertain","BENIGN","B/LB"
"3:81535262:AAAG:A","OLI792","Unknown","Arthrogryposis syndrome",1,TRUE,TRUE,"unique_exact_genomic_allele",TRUE,"Benign","POSSIBLY_PATHOGENIC_MODERATE","Possibly pathogenic"
"3:81577973:G:A","OLI808","Unknown","Recurrent exertional rhabdomyolysis",1,TRUE,TRUE,"unique_exact_genomic_allele",TRUE,"","PATHOGENIC","P/LP"
"3:81586190:C:T","OLI807","Unknown","Recurrent exertional rhabdomyolysis",1,TRUE,TRUE,"unique_exact_genomic_allele",TRUE,"Deleterious","POSSIBLY_PATHOGENIC_LOW","Possibly pathogenic"
"3:87253715:G:A","OLI441","Unknown","Amyotrophic lateral sclerosis",1,TRUE,TRUE,"unique_exact_genomic_allele",TRUE,"Uncertain","POSSIBLY_PATHOGENIC_LOW","Possibly pathogenic"
"3:87273491:A:C","OLI1242","Unknown","Non-acquired combined pituitary hormone deficiency",1,TRUE,TRUE,"unique_exact_genomic_allele",TRUE,"Uncertain","PATHOGENIC","P/LP"
"3:8745644:C:T","OLI459","Unknown","Familial long QT syndrome",1,TRUE,TRUE,"unique_exact_genomic_allele",TRUE,"Deleterious","BENIGN","B/LB"
"3:9750423:G:A","OLI188","Monogenic+Modifier","Colorectal cancer",1,TRUE,TRUE,"unique_exact_genomic_allele",TRUE,"Deleterious","UNCERTAIN_SIGNIFICANCE","VUS"
"3:9756791:G:A","OLI284","Unknown","Familial adenomatous polyposis",1,TRUE,TRUE,"unique_exact_genomic_allele",TRUE,"Deleterious","LIKELY_BENIGN","B/LB"
"3:97768199:C:T","OLI145","Unknown","Bardet-Biedl syndrome",1,TRUE,TRUE,"unique_exact_genomic_allele",TRUE,"Deleterious","PATHOGENIC","P/LP"
"4:1001995:C:G","OLI1684","Unknown","Non-Syndromic genetic keratoconus",1,TRUE,TRUE,"unique_exact_genomic_allele",TRUE,"Deleterious","POSSIBLY_PATHOGENIC_MODERATE","Possibly pathogenic"
"4:1002896:C:A","OLI1695","Unknown","Non-Syndromic genetic keratoconus",1,TRUE,TRUE,"unique_exact_genomic_allele",TRUE,"Uncertain","POSSIBLY_PATHOGENIC_LOW","Possibly pathogenic"
"4:102267906:T:C","OLI297","Unknown","Adolescent idiopathic scoliosis",1,TRUE,TRUE,"unique_exact_genomic_allele",TRUE,"Uncertain","UNCERTAIN_SIGNIFICANCE","VUS"
"4:102597625:G:A","OLI1720","Unknown","Common variable immunodeficiency",1,TRUE,TRUE,"unique_exact_genomic_allele",TRUE,"Uncertain","BENIGN","B/LB"
"4:103589735:C:T","OLI1289","Unknown","Kallmann syndrome",1,FALSE,TRUE,"exact_allele_multiple_variant_ids",NA,NA,NA,NA
"4:103589735:C:T","OLI393","Unknown","Normosmic congenital hypogonadotropic hypogonadism",1,FALSE,TRUE,"exact_allele_multiple_variant_ids",NA,NA,NA,NA
"4:103589735:C:T","OLI395","Unknown","Kallmann syndrome",1,FALSE,TRUE,"exact_allele_multiple_variant_ids",NA,NA,NA,NA
"4:103589806:C:T","OLI1290","Unknown","Kallmann syndrome",1,TRUE,TRUE,"unique_exact_genomic_allele",TRUE,"Benign","POSSIBLY_PATHOGENIC_LOW","Possibly pathogenic"
"4:103589989:C:T","OLI392","Unknown","Kallmann syndrome",1,TRUE,TRUE,"unique_exact_genomic_allele",TRUE,"Uncertain","UNCERTAIN_SIGNIFICANCE","VUS"
"4:103656225:T:C","OLI374","Unknown","Normosmic congenital hypogonadotropic hypogonadism",1,TRUE,TRUE,"unique_exact_genomic_allele",TRUE,"Benign","BENIGN","B/LB"
"4:103656258:C:T","OLI1283","Unknown","Normosmic congenital hypogonadotropic hypogonadism",1,FALSE,TRUE,"exact_allele_multiple_variant_ids",NA,NA,NA,NA
"4:103656258:C:T","OLI1602","Unknown","Normosmic congenital hypogonadotropic hypogonadism",1,FALSE,TRUE,"exact_allele_multiple_variant_ids",NA,NA,NA,NA
"4:103656258:C:T","OLI512","Unknown","Kallmann syndrome",1,FALSE,TRUE,"exact_allele_multiple_variant_ids",NA,NA,NA,NA
"4:103656283:A:G","OLI1282","Unknown","Normosmic congenital hypogonadotropic hypogonadism",1,TRUE,TRUE,"unique_exact_genomic_allele",TRUE,"Deleterious","POSSIBLY_PATHOGENIC_LOW","Possibly pathogenic"
"4:103656316:A:G","OLI1395","Unknown","Hypogonadotropic hypogonadism with partial puberty phenotype",1,TRUE,TRUE,"unique_exact_genomic_allele",TRUE,"Deleterious","POSSIBLY_PATHOGENIC_MODERATE","Possibly pathogenic"
"4:103658263:C:T","OLI853","Unknown","Kallmann syndrome",1,TRUE,TRUE,"unique_exact_genomic_allele",TRUE,"Uncertain","UNCERTAIN_SIGNIFICANCE","VUS"
"4:103719239:G:A","OLI1278","Unknown","Normosmic congenital hypogonadotropic hypogonadism",1,TRUE,TRUE,"unique_exact_genomic_allele",TRUE,"Uncertain","UNCERTAIN_SIGNIFICANCE","VUS"
"4:109913351:A:G","OLI996","Unknown","Androgen insensitivity syndrome; 46,XY disorder of sex development",1,TRUE,TRUE,"unique_exact_genomic_allele",TRUE,"Benign","UNCERTAIN_SIGNIFICANCE","VUS"
"4:109964463:A:G","OLI906","Unknown","Normosmic congenital hypogonadotropic hypogonadism",1,TRUE,TRUE,"unique_exact_genomic_allele",TRUE,"Uncertain","POSSIBLY_BENIGN","Possibly benign"
"4:109974791:G:C","OLI860","Unknown","Kallmann syndrome",1,TRUE,TRUE,"unique_exact_genomic_allele",TRUE,"Deleterious","POSSIBLY_PATHOGENIC_LOW","Possibly pathogenic"
"4:110004552:C:T","OLI874","Unknown","Kallmann syndrome",1,TRUE,TRUE,"unique_exact_genomic_allele",TRUE,"Uncertain","UNCERTAIN_SIGNIFICANCE","VUS"
"4:110004552:C:T","OLI913","Unknown","Normosmic congenital hypogonadotropic hypogonadism",1,TRUE,TRUE,"unique_exact_genomic_allele",TRUE,"Uncertain","UNCERTAIN_SIGNIFICANCE","VUS"
"4:110011318:C:T","OLI845","Unknown","Kallmann syndrome",1,TRUE,TRUE,"unique_exact_genomic_allele",TRUE,"","POSSIBLY_PATHOGENIC_MODERATE","Possibly pathogenic"
"4:110618243:G:A","OLI253","Monogenic+Modifier","Axenfeld-Rieger syndrome",1,TRUE,TRUE,"unique_exact_genomic_allele",TRUE,"Deleterious","LIKELY_PATHOGENIC","P/LP"
"4:110618538:C:T","OLI768","Unknown","Congenital glaucoma",1,TRUE,TRUE,"unique_exact_genomic_allele",TRUE,"Uncertain","BENIGN","B/LB"
"4:110618565:G:T","OLI767","Unknown","Congenital glaucoma",1,TRUE,TRUE,"unique_exact_genomic_allele",TRUE,"Deleterious","POSSIBLY_PATHOGENIC_MODERATE","Possibly pathogenic"
"4:110632413:C:A","OLI1170","Unknown","Kallmann syndrome",1,TRUE,TRUE,"unique_exact_genomic_allele",TRUE,"","POSSIBLY_BENIGN","Possibly benign"
"4:112649653:G:A","OLI264","Unknown","Osteopetrosis,Mental retardation,Short stature,Spastic paraparesis",1,TRUE,TRUE,"unique_exact_genomic_allele",TRUE,"Benign","POSSIBLY_BENIGN","Possibly benign"
"4:121037070:C:T","OLI1418","Unknown","Hypogonadotropic hypogonadism with absent puberty phenotype",1,TRUE,TRUE,"unique_exact_genomic_allele",TRUE,"Benign","LIKELY_BENIGN","B/LB"
"4:121037185:TG:T","OLI1392","Unknown","Hypogonadotropic hypogonadism with partial puberty phenotype",1,TRUE,TRUE,"unique_exact_genomic_allele",TRUE,"Benign","LIKELY_PATHOGENIC","P/LP"
"4:121045798:G:T","OLI1387","Unknown","Hypogonadotropic hypogonadism with partial puberty phenotype",1,TRUE,TRUE,"unique_exact_genomic_allele",TRUE,"Benign","UNCERTAIN_SIGNIFICANCE","VUS"
"4:121835284:C:G","OLI1451","Unknown","Bardet-Biedl syndrome",1,TRUE,TRUE,"unique_exact_genomic_allele",TRUE,"Deleterious","LIKELY_PATHOGENIC","P/LP"
"4:121843997:T:C","OLI1441","Unknown","Bardet-Biedl syndrome",1,TRUE,TRUE,"unique_exact_genomic_allele",TRUE,"Deleterious","BENIGN","B/LB"
"4:121845640:T:A","OLI1532","Unknown","46,XY disorder of sex development",1,TRUE,TRUE,"unique_exact_genomic_allele",TRUE,"Uncertain","UNCERTAIN_SIGNIFICANCE","VUS"
"4:121847404:C:T","OLI1670","Unknown","Bardet-Biedl syndrome",1,TRUE,TRUE,"unique_exact_genomic_allele",TRUE,"Deleterious","POSSIBLY_PATHOGENIC_MODERATE","Possibly pathogenic"
"4:121847477:TG:T","OLI1567","Unknown","Syndrome with 46,XY disorder of sex development",1,TRUE,TRUE,"unique_exact_genomic_allele",TRUE,"Benign","LIKELY_PATHOGENIC","P/LP"
"4:121848880:CTT:C","OLI1451","Unknown","Bardet-Biedl syndrome",1,TRUE,TRUE,"unique_exact_genomic_allele",TRUE,"Benign","LIKELY_PATHOGENIC","P/LP"
"4:121848900:T:G","OLI620","Unknown","Bardet-Biedl syndrome",1,TRUE,TRUE,"unique_exact_genomic_allele",TRUE,"Deleterious","PATHOGENIC","P/LP"
"4:121854790:G:A","OLI061","Unknown","Bardet-Biedl syndrome",1,TRUE,TRUE,"unique_exact_genomic_allele",TRUE,"Deleterious","LIKELY_PATHOGENIC","P/LP"
"4:121854790:G:A","OLI146","Unknown","Bardet-Biedl syndrome",1,TRUE,TRUE,"unique_exact_genomic_allele",TRUE,"Deleterious","LIKELY_PATHOGENIC","P/LP"
"4:121855487:A:G","OLI097","Monogenic+Modifier","Bardet-Biedl syndrome",1,TRUE,TRUE,"unique_exact_genomic_allele",TRUE,"Deleterious","PATHOGENIC","P/LP"
"4:121855487:A:G","OLI1124","Unknown","Bardet-Biedl syndrome",1,TRUE,TRUE,"unique_exact_genomic_allele",TRUE,"Deleterious","PATHOGENIC","P/LP"
"4:121859078:T:G","OLI617","Unknown","Bardet-Biedl syndrome",1,TRUE,TRUE,"unique_exact_genomic_allele",TRUE,"Deleterious","POSSIBLY_PATHOGENIC_MODERATE","Possibly pathogenic"
"4:121861658:C:T","OLI097","Monogenic+Modifier","Bardet-Biedl syndrome",1,FALSE,TRUE,"exact_allele_multiple_variant_ids",NA,NA,NA,NA
"4:121861658:C:T","OLI1124","Unknown","Bardet-Biedl syndrome",1,FALSE,TRUE,"exact_allele_multiple_variant_ids",NA,NA,NA,NA
"4:121861674:C:T","OLI098","Unknown","Bardet-Biedl syndrome",1,TRUE,TRUE,"unique_exact_genomic_allele",TRUE,"Benign","BENIGN","B/LB"
"4:121867994:CTG:C","OLI622","Unknown","Bardet-Biedl syndrome",1,TRUE,TRUE,"unique_exact_genomic_allele",TRUE,"Benign","PATHOGENIC","P/LP"
"4:122742008:T:C","OLI1120","Unknown","Bardet-Biedl syndrome",1,TRUE,TRUE,"unique_exact_genomic_allele",TRUE,"Deleterious","BENIGN","B/LB"
"4:122742008:T:C","OLI322","Monogenic+Modifier","Bardet-Biedl syndrome",1,TRUE,TRUE,"unique_exact_genomic_allele",TRUE,"Deleterious","BENIGN","B/LB"
"4:122742215:C:T","OLI1453","Unknown","Bardet-Biedl syndrome",1,TRUE,TRUE,"unique_exact_genomic_allele",TRUE,"Deleterious","POSSIBLY_PATHOGENIC_MODERATE","Possibly pathogenic"
"4:122742247:G:A","OLI078","Unknown","Bardet-Biedl syndrome; Alström syndrome; McKusick-Kaufman syndrome",1,TRUE,TRUE,"unique_exact_genomic_allele",TRUE,"Uncertain","BENIGN","B/LB"
"4:122742247:G:A","OLI1128","Unknown","Bardet-Biedl syndrome",1,TRUE,TRUE,"unique_exact_genomic_allele",TRUE,"Uncertain","BENIGN","B/LB"
"4:122742247:G:A","OLI142","Unknown","Bardet-Biedl syndrome",1,TRUE,TRUE,"unique_exact_genomic_allele",TRUE,"Uncertain","BENIGN","B/LB"
"4:122742368:C:T","OLI147","Unknown","Bardet-Biedl syndrome",1,TRUE,TRUE,"unique_exact_genomic_allele",TRUE,"Uncertain","LIKELY_PATHOGENIC","P/LP"
"4:122742679:T:C","OLI078","Unknown","Bardet-Biedl syndrome; Alström syndrome; McKusick-Kaufman syndrome",1,FALSE,FALSE,NA,NA,NA,NA,NA
"4:122742679:T:C","OLI1128","Unknown","Bardet-Biedl syndrome",1,TRUE,TRUE,"resolved_by_exact_cdna_within_allele",TRUE,"Benign","UNCERTAIN_SIGNIFICANCE","VUS"
"4:122742955:C:T","OLI323","Monogenic+Modifier","Bardet-Biedl syndrome",1,TRUE,TRUE,"unique_exact_genomic_allele",TRUE,"","PATHOGENIC","P/LP"
"4:122742956:G:A","OLI081","Unknown","Bardet-Biedl syndrome",1,FALSE,FALSE,NA,NA,NA,NA,NA
"4:122742956:G:A","OLI082","Unknown","Bardet-Biedl syndrome; Alström syndrome",1,FALSE,FALSE,NA,NA,NA,NA,NA
"4:122742956:G:A","OLI1121","Unknown","Bardet-Biedl syndrome",1,TRUE,TRUE,"resolved_by_exact_cdna_within_allele",TRUE,"Uncertain","POSSIBLY_PATHOGENIC_LOW","Possibly pathogenic"
"4:122742956:G:A","OLI1132","Unknown","Bardet-Biedl syndrome",1,TRUE,TRUE,"resolved_by_exact_cdna_within_allele",TRUE,"Uncertain","POSSIBLY_PATHOGENIC_LOW","Possibly pathogenic"
"4:122743005:ATT:A","OLI1454","Unknown","Bardet-Biedl syndrome",1,TRUE,TRUE,"unique_exact_genomic_allele",TRUE,"Benign","PATHOGENIC","P/LP"
"4:122743090:G:A","OLI080","Unknown","Bardet-Biedl syndrome; Alström syndrome; McKusick-Kaufman syndrome",1,FALSE,FALSE,NA,NA,NA,NA,NA
"4:122743090:G:A","OLI1129","Unknown","Bardet-Biedl syndrome",1,TRUE,TRUE,"resolved_by_exact_cdna_within_allele",TRUE,"Uncertain","POSSIBLY_PATHOGENIC_LOW","Possibly pathogenic"
"4:122743328:TG:T","OLI086","Unknown","Bardet-Biedl syndrome; Alström syndrome; McKusick-Kaufman syndrome",1,TRUE,TRUE,"unique_exact_genomic_allele",TRUE,"Benign","LIKELY_PATHOGENIC","P/LP"
"4:122743328:TG:T","OLI1130","Unknown","Bardet-Biedl syndrome",1,TRUE,TRUE,"unique_exact_genomic_allele",TRUE,"Benign","LIKELY_PATHOGENIC","P/LP"
"4:122743394:C:T","OLI087","Unknown","Bardet-Biedl syndrome; Alström syndrome; McKusick-Kaufman syndrome",1,FALSE,FALSE,NA,NA,NA,NA,NA
"4:122743394:C:T","OLI1131","Unknown","Bardet-Biedl syndrome",1,TRUE,TRUE,"resolved_by_exact_cdna_within_allele",TRUE,"Deleterious","PATHOGENIC","P/LP"
"4:122743395:G:T","OLI079","Unknown","Bardet-Biedl syndrome",1,TRUE,TRUE,"unique_exact_genomic_allele",TRUE,"Benign","POSSIBLY_BENIGN","Possibly benign"
"4:122743395:G:T","OLI1127","Unknown","Bardet-Biedl syndrome",1,TRUE,TRUE,"unique_exact_genomic_allele",TRUE,"Benign","POSSIBLY_BENIGN","Possibly benign"
"4:122743463:A:G","OLI174","Unknown","Bardet-Biedl syndrome",1,TRUE,TRUE,"unique_exact_genomic_allele",TRUE,"Uncertain","POSSIBLY_PATHOGENIC_MODERATE","Possibly pathogenic"
"4:122743466:G:A","OLI087","Unknown","Bardet-Biedl syndrome; Alström syndrome; McKusick-Kaufman syndrome",1,FALSE,FALSE,NA,NA,NA,NA,NA
"4:122743466:G:A","OLI1131","Unknown","Bardet-Biedl syndrome",1,TRUE,TRUE,"resolved_by_exact_cdna_within_allele",TRUE,"Uncertain","LIKELY_PATHOGENIC","P/LP"
"4:122743511:G:A","OLI1455","Unknown","Bardet-Biedl syndrome",1,TRUE,TRUE,"unique_exact_genomic_allele",TRUE,"Deleterious","LIKELY_PATHOGENIC","P/LP"
"4:122743912:C:T","OLI080","Unknown","Bardet-Biedl syndrome; Alström syndrome; McKusick-Kaufman syndrome",1,FALSE,FALSE,NA,NA,NA,NA,NA
"4:122743912:C:T","OLI1129","Unknown","Bardet-Biedl syndrome",1,TRUE,TRUE,"resolved_by_exact_cdna_within_allele",TRUE,"Deleterious","POSSIBLY_PATHOGENIC_MODERATE","Possibly pathogenic"
"4:122743915:C:T","OLI147","Unknown","Bardet-Biedl syndrome",1,TRUE,TRUE,"unique_exact_genomic_allele",TRUE,"","PATHOGENIC","P/LP"
"4:125317150:C:A","OLI696","Unknown","Isolated anencephaly",1,TRUE,TRUE,"unique_exact_genomic_allele",TRUE,"Uncertain","BENIGN","B/LB"
"4:125319813:A:T","OLI711","Unknown","Isolated anencephaly",1,TRUE,TRUE,"unique_exact_genomic_allele",TRUE,"Uncertain","BENIGN","B/LB"
"4:125320348:C:T","OLI735","Unknown","Isolated anencephaly",1,TRUE,TRUE,"unique_exact_genomic_allele",TRUE,"Deleterious","POSSIBLY_PATHOGENIC_MODERATE","Possibly pathogenic"
"4:125320661:C:A","OLI746","Unknown","Isolated anencephaly",1,TRUE,TRUE,"unique_exact_genomic_allele",TRUE,"Uncertain","POSSIBLY_PATHOGENIC_LOW","Possibly pathogenic"
"4:125408666:A:G","OLI712","Unknown","Isolated anencephaly",1,TRUE,TRUE,"unique_exact_genomic_allele",TRUE,"Uncertain","POSSIBLY_BENIGN","Possibly benign"
"4:125415570:C:T","OLI696","Unknown","Isolated anencephaly",1,TRUE,TRUE,"unique_exact_genomic_allele",TRUE,"Uncertain","POSSIBLY_PATHOGENIC_LOW","Possibly pathogenic"
"4:125449025:A:T","OLI695","Unknown","Isolated anencephaly",1,TRUE,TRUE,"unique_exact_genomic_allele",TRUE,"Benign","UNCERTAIN_SIGNIFICANCE","VUS"
"4:125451163:G:A","OLI744","Unknown","Isolated anencephaly",1,TRUE,TRUE,"unique_exact_genomic_allele",TRUE,"Uncertain","UNCERTAIN_SIGNIFICANCE","VUS"
"4:125451400:A:G","OLI712","Unknown","Isolated anencephaly",1,TRUE,TRUE,"unique_exact_genomic_allele",TRUE,"Uncertain","BENIGN","B/LB"
"4:125451857:C:T","OLI762","Unknown","Isolated anencephaly",1,TRUE,TRUE,"unique_exact_genomic_allele",TRUE,"Uncertain","POSSIBLY_PATHOGENIC_LOW","Possibly pathogenic"
"4:125463655:C:T","OLI708","Unknown","Isolated anencephaly",1,TRUE,TRUE,"unique_exact_genomic_allele",TRUE,"Uncertain","POSSIBLY_PATHOGENIC_LOW","Possibly pathogenic"
"4:125490743:C:G","OLI757","Unknown","Isolated anencephaly",1,TRUE,TRUE,"unique_exact_genomic_allele",TRUE,"Uncertain","POSSIBLY_BENIGN","Possibly benign"
"4:127705706:T:C","OLI716","Unknown","Isolated anencephaly",1,TRUE,TRUE,"unique_exact_genomic_allele",TRUE,"Uncertain","UNCERTAIN_SIGNIFICANCE","VUS"
"4:127943838:T:C","OLI433","Unknown","Rare pervasive developmental disorder",1,TRUE,TRUE,"unique_exact_genomic_allele",TRUE,"Uncertain","POSSIBLY_PATHOGENIC_LOW","Possibly pathogenic"
"4:139719756:G:A","OLI351","Unknown","46,XY disorder of sex development",1,TRUE,TRUE,"unique_exact_genomic_allele",TRUE,"Uncertain","POSSIBLY_BENIGN","Possibly benign"
"4:139889812:T:C","OLI346","Unknown","46,XY disorder of sex development",1,TRUE,TRUE,"unique_exact_genomic_allele",TRUE,"Uncertain","UNCERTAIN_SIGNIFICANCE","VUS"
"4:139890533:G:A","OLI602","Unknown","Disorder of sex development",1,TRUE,TRUE,"unique_exact_genomic_allele",TRUE,"Benign","LIKELY_BENIGN","B/LB"
"4:139890555:T:C","OLI603","Unknown","Disorder of sex development",1,TRUE,TRUE,"unique_exact_genomic_allele",TRUE,"Benign","LIKELY_BENIGN","B/LB"
"4:139890555:T:C","OLI604","Unknown","Disorder of sex development",1,TRUE,TRUE,"unique_exact_genomic_allele",TRUE,"Benign","LIKELY_BENIGN","B/LB"
"4:143538796:A:G","OLI646","Unknown","Schizophrenia",1,TRUE,TRUE,"unique_exact_genomic_allele",TRUE,"Uncertain","POSSIBLY_PATHOGENIC_LOW","Possibly pathogenic"
"4:145137891:G:A","OLI1393","Unknown","Hypogonadotropic hypogonadism with partial puberty phenotype",1,TRUE,TRUE,"unique_exact_genomic_allele",TRUE,"Benign","POSSIBLY_PATHOGENIC_LOW","Possibly pathogenic"
"4:145143395:C:A","OLI1429","Unknown","Hypogonadotropic hypogonadism with absent puberty phenotype",1,TRUE,TRUE,"unique_exact_genomic_allele",TRUE,"Benign","LIKELY_BENIGN","B/LB"
"4:145150579:C:A","OLI302","Unknown","Cerebellar ataxia-hypogonadism syndrome",1,TRUE,TRUE,"unique_exact_genomic_allele",TRUE,"Benign","LIKELY_BENIGN","B/LB"
"4:145150668:G:T","OLI1429","Unknown","Hypogonadotropic hypogonadism with absent puberty phenotype",1,TRUE,TRUE,"unique_exact_genomic_allele",TRUE,"Benign","UNCERTAIN_SIGNIFICANCE","VUS"
"4:145159551:G:C","OLI1414","Unknown","Hypogonadotropic hypogonadism with absent puberty phenotype",1,TRUE,TRUE,"unique_exact_genomic_allele",TRUE,"Benign","BENIGN","B/LB"
"4:145542661:G:C","OLI006","Unknown","Pulmonary arterial hypertension associated with congenital heart disease",1,TRUE,TRUE,"unique_exact_genomic_allele",TRUE,"Uncertain","UNCERTAIN_SIGNIFICANCE","VUS"
"4:150282532:A:G","OLI1713","Unknown","Common variable immunodeficiency",1,TRUE,TRUE,"unique_exact_genomic_allele",TRUE,"Uncertain","POSSIBLY_BENIGN","Possibly benign"
"4:150415541:T:C","OLI1719","Unknown","Common variable immunodeficiency",1,TRUE,TRUE,"unique_exact_genomic_allele",TRUE,"Uncertain","POSSIBLY_BENIGN","Possibly benign"
"4:150906329:C:T","OLI025","Unknown","Primary hemophagocytic lymphohistiocytosis",1,TRUE,TRUE,"unique_exact_genomic_allele",TRUE,"Uncertain","LIKELY_BENIGN","B/LB"
"4:154567659:CTG:C","OLI030","Unknown","Congenital fibrinogen deficiency",1,TRUE,TRUE,"unique_exact_genomic_allele",TRUE,"Benign","LIKELY_PATHOGENIC","P/LP"
"4:154588967:A:C","OLI030","Unknown","Congenital fibrinogen deficiency",1,TRUE,TRUE,"unique_exact_genomic_allele",TRUE,"Deleterious","POSSIBLY_PATHOGENIC_LOW","Possibly pathogenic"
"4:154589514:G:A","OLI099","Unknown","Familial dysfibrinogenemia",1,TRUE,TRUE,"unique_exact_genomic_allele",TRUE,"Uncertain","PATHOGENIC","P/LP"
"4:154609725:C:T","OLI099","Unknown","Familial dysfibrinogenemia",1,TRUE,TRUE,"unique_exact_genomic_allele",TRUE,"Deleterious","POSSIBLY_BENIGN","Possibly benign"
"4:15557454:AATTAT:A","OLI215","Unknown","Meckel syndrome",1,TRUE,TRUE,"unique_exact_genomic_allele",TRUE,"","LIKELY_PATHOGENIC","P/LP"
"4:15563422:CG:C","OLI216","Unknown","Meckel syndrome",1,TRUE,TRUE,"unique_exact_genomic_allele",TRUE,"Benign","PATHOGENIC","P/LP"
"4:15563485:C:T","OLI246","Unknown","Joubert syndrome",1,TRUE,TRUE,"unique_exact_genomic_allele",TRUE,"","PATHOGENIC","P/LP"
"4:15596110:A:C","OLI247","Unknown","Joubert syndrome",1,TRUE,TRUE,"unique_exact_genomic_allele",TRUE,"Benign","LIKELY_PATHOGENIC","P/LP"
"4:169400598:G:T","OLI1627","Unknown","Amyotrophic lateral sclerosis",1,TRUE,TRUE,"unique_exact_genomic_allele",TRUE,"Uncertain","POSSIBLY_PATHOGENIC_LOW","Possibly pathogenic"
"4:169406669:G:A","OLI1014","Unknown","Amyotrophic lateral sclerosis",1,TRUE,TRUE,"unique_exact_genomic_allele",TRUE,"Benign","POSSIBLY_PATHOGENIC_LOW","Possibly pathogenic"
"4:169424668:G:C","OLI1630","Unknown","Amyotrophic lateral sclerosis",1,TRUE,TRUE,"unique_exact_genomic_allele",TRUE,"","PATHOGENIC","P/LP"
"4:169438121:G:C","OLI1013","Unknown","Amyotrophic lateral sclerosis",1,TRUE,TRUE,"unique_exact_genomic_allele",TRUE,"Benign","BENIGN","B/LB"
"4:169477303:T:C","OLI964","Unknown","Amyotrophic lateral sclerosis",1,TRUE,TRUE,"unique_exact_genomic_allele",TRUE,"Uncertain","BENIGN","B/LB"
"4:169477303:T:C","OLI968","Unknown","Amyotrophic lateral sclerosis",1,TRUE,TRUE,"unique_exact_genomic_allele",TRUE,"Uncertain","BENIGN","B/LB"
"4:169477303:T:C","OLI970","Unknown","Amyotrophic lateral sclerosis",1,TRUE,TRUE,"unique_exact_genomic_allele",TRUE,"Uncertain","BENIGN","B/LB"
"4:169479405:C:T","OLI1008","Unknown","Amyotrophic lateral sclerosis",1,TRUE,TRUE,"unique_exact_genomic_allele",TRUE,"Benign","BENIGN","B/LB"
"4:169507102:T:C","OLI1012","Unknown","Amyotrophic lateral sclerosis",1,TRUE,TRUE,"unique_exact_genomic_allele",TRUE,"Uncertain","POSSIBLY_PATHOGENIC_LOW","Possibly pathogenic"
"4:169537809:C:T","OLI1011","Unknown","Amyotrophic lateral sclerosis",1,TRUE,TRUE,"unique_exact_genomic_allele",TRUE,"Deleterious","POSSIBLY_PATHOGENIC_LOW","Possibly pathogenic"
"4:169537833:A:AT","OLI458","True Digenic","Short rib-polydactyly syndrome",1,TRUE,TRUE,"unique_exact_genomic_allele",TRUE,"Benign","PATHOGENIC","P/LP"
"4:169537887:CT:C","OLI954","Unknown","Amyotrophic lateral sclerosis",1,TRUE,TRUE,"unique_exact_genomic_allele",FALSE,"Benign","UNCERTAIN_SIGNIFICANCE","VUS"
"4:169555719:C:T","OLI951","Unknown","Amyotrophic lateral sclerosis",1,TRUE,TRUE,"unique_exact_genomic_allele",TRUE,"Deleterious","LIKELY_PATHOGENIC","P/LP"
"4:169555974:G:A","OLI969","Unknown","Amyotrophic lateral sclerosis",1,TRUE,TRUE,"unique_exact_genomic_allele",TRUE,"Benign","BENIGN","B/LB"
"4:169561736:A:T","OLI1619","Unknown","Amyotrophic lateral sclerosis",1,TRUE,TRUE,"unique_exact_genomic_allele",TRUE,"Uncertain","POSSIBLY_PATHOGENIC_LOW","Possibly pathogenic"
"4:169561834:G:C","OLI1010","Unknown","Amyotrophic lateral sclerosis",1,TRUE,TRUE,"unique_exact_genomic_allele",TRUE,"Deleterious","POSSIBLY_PATHOGENIC_LOW","Possibly pathogenic"
"4:169562196:C:T","OLI1009","Unknown","Amyotrophic lateral sclerosis",1,TRUE,TRUE,"unique_exact_genomic_allele",TRUE,"Uncertain","BENIGN","B/LB"
"4:169585374:C:T","OLI624","Unknown","Amyotrophic lateral sclerosis",1,TRUE,TRUE,"unique_exact_genomic_allele",TRUE,"Uncertain","BENIGN","B/LB"
"4:169585374:C:T","OLI826","Unknown","Amyotrophic lateral sclerosis",1,TRUE,TRUE,"unique_exact_genomic_allele",TRUE,"Uncertain","BENIGN","B/LB"
"4:169585407:T:C","OLI827","Unknown","Amyotrophic lateral sclerosis",1,TRUE,TRUE,"unique_exact_genomic_allele",TRUE,"Uncertain","UNCERTAIN_SIGNIFICANCE","VUS"
"4:169599108:C:A","OLI1588","Unknown","Amyotrophic lateral sclerosis",1,TRUE,TRUE,"unique_exact_genomic_allele",TRUE,"","LIKELY_PATHOGENIC","P/LP"
"4:169599135:T:C","OLI984","Unknown","Odontochondrodysplasia",1,TRUE,TRUE,"unique_exact_genomic_allele",TRUE,"Uncertain","POSSIBLY_BENIGN","Possibly benign"
"4:169599152:TC:T","OLI949","Unknown","Amyotrophic lateral sclerosis",1,TRUE,TRUE,"unique_exact_genomic_allele",TRUE,"Uncertain","LIKELY_PATHOGENIC","P/LP"
"4:169602057:C:A","OLI983","Unknown","Overgrowth or tall stature syndrome with skeletal involvement",1,TRUE,TRUE,"unique_exact_genomic_allele",TRUE,"Uncertain","UNCERTAIN_SIGNIFICANCE","VUS"
"4:169602542:T:C","OLI1628","Unknown","Amyotrophic lateral sclerosis",1,TRUE,TRUE,"unique_exact_genomic_allele",TRUE,"Uncertain","POSSIBLY_PATHOGENIC_LOW","Possibly pathogenic"
"4:169707150:A:C","OLI1707","Unknown","Rare pervasive developmental disorder",1,TRUE,TRUE,"unique_exact_genomic_allele",TRUE,"Uncertain","LIKELY_PATHOGENIC","P/LP"
"4:1805434:C:T","OLI1558","Unknown","Syndrome with 46,XY disorder of sex development",1,TRUE,TRUE,"unique_exact_genomic_allele",TRUE,"Uncertain","POSSIBLY_PATHOGENIC_LOW","Possibly pathogenic"
"4:1805657:TGC:C","OLI1745","Unknown","46,XY disorder of sex development",1,FALSE,FALSE,NA,NA,NA,NA,NA
"4:1805852:A:T","OLI553","Unknown","Schizophrenia",1,TRUE,TRUE,"unique_exact_genomic_allele",TRUE,"Uncertain","UNCERTAIN_SIGNIFICANCE","VUS"
"4:1806093:G:A","OLI1528","Unknown","46,XY disorder of sex development",1,TRUE,TRUE,"unique_exact_genomic_allele",TRUE,"Deleterious","POSSIBLY_PATHOGENIC_MODERATE","Possibly pathogenic"
"4:1806093:G:A","OLI1538","Unknown","46,XY disorder of sex development",1,TRUE,TRUE,"unique_exact_genomic_allele",TRUE,"Deleterious","POSSIBLY_PATHOGENIC_MODERATE","Possibly pathogenic"
"4:1807174:C:G","OLI1580","Unknown","Syndrome with 46,XY disorder of sex development",1,TRUE,TRUE,"unique_exact_genomic_allele",TRUE,"Uncertain","POSSIBLY_PATHOGENIC_LOW","Possibly pathogenic"
"4:183706843:C:G","OLI933","True Digenic","Limb-girdle muscular dystrophy",1,TRUE,TRUE,"unique_exact_genomic_allele",TRUE,"Uncertain","BENIGN","B/LB"
"4:186194568:G:A","OLI448","Unknown","Retinitis pigmentosa",1,TRUE,TRUE,"unique_exact_genomic_allele",TRUE,"Deleterious","PATHOGENIC","P/LP"
"4:186588707:G:C","OLI1698","Unknown","Major depressive disorder",1,TRUE,TRUE,"unique_exact_genomic_allele",TRUE,"Uncertain","BENIGN","B/LB"
"4:186603641:C:G","OLI681","Unknown","Holoprosencephaly",1,TRUE,TRUE,"unique_exact_genomic_allele",TRUE,"Uncertain","UNCERTAIN_SIGNIFICANCE","VUS"
"4:186604550:C:T","OLI679","Unknown","Holoprosencephaly",1,TRUE,TRUE,"unique_exact_genomic_allele",TRUE,"Uncertain","POSSIBLY_BENIGN","Possibly benign"
"4:186621277:T:C","OLI678","Unknown","Holoprosencephaly",1,TRUE,TRUE,"unique_exact_genomic_allele",TRUE,"Uncertain","UNCERTAIN_SIGNIFICANCE","VUS"
"4:186707265:C:G","OLI680","Unknown","Holoprosencephaly",1,TRUE,TRUE,"unique_exact_genomic_allele",TRUE,"Uncertain","UNCERTAIN_SIGNIFICANCE","VUS"
"4:20567379:G:A","OLI883","Unknown","Kallmann syndrome",1,TRUE,TRUE,"unique_exact_genomic_allele",TRUE,"Deleterious","POSSIBLY_PATHOGENIC_LOW","Possibly pathogenic"
"4:20568992:C:T","OLI843","Unknown","Normosmic congenital hypogonadotropic hypogonadism",1,TRUE,TRUE,"unique_exact_genomic_allele",TRUE,"Uncertain","UNCERTAIN_SIGNIFICANCE","VUS"
"4:20616939:C:A","OLI1744","Unknown","Familial bicuspid aortic valve",1,TRUE,TRUE,"unique_exact_genomic_allele",TRUE,"Uncertain","UNCERTAIN_SIGNIFICANCE","VUS"
"4:20618907:G:T","OLI910","Unknown","Normosmic congenital hypogonadotropic hypogonadism",1,TRUE,TRUE,"unique_exact_genomic_allele",TRUE,"Uncertain","UNCERTAIN_SIGNIFICANCE","VUS"
"4:22387758:C:T","OLI758","Unknown","Isolated anencephaly",1,TRUE,TRUE,"unique_exact_genomic_allele",TRUE,"Uncertain","POSSIBLY_PATHOGENIC_LOW","Possibly pathogenic"
"4:22388486:C:G","OLI739","Unknown","Isolated anencephaly",1,TRUE,TRUE,"unique_exact_genomic_allele",TRUE,"Uncertain","UNCERTAIN_SIGNIFICANCE","VUS"
"4:22392616:T:G","OLI725","Unknown","Isolated anencephaly",1,TRUE,TRUE,"unique_exact_genomic_allele",TRUE,"Uncertain","BENIGN","B/LB"
"4:26482054:T:G","OLI908","Unknown","Normosmic congenital hypogonadotropic hypogonadism",1,TRUE,TRUE,"unique_exact_genomic_allele",TRUE,"Benign","UNCERTAIN_SIGNIFICANCE","VUS"
"4:3229992:G:A","OLI332","Unknown","Amyotrophic lateral sclerosis",1,TRUE,TRUE,"unique_exact_genomic_allele",TRUE,"Uncertain","POSSIBLY_PATHOGENIC_LOW","Possibly pathogenic"
"4:39321371:G:C","OLI755","Unknown","Isolated anencephaly",1,TRUE,TRUE,"unique_exact_genomic_allele",TRUE,"Benign","UNCERTAIN_SIGNIFICANCE","VUS"
"4:39407769:A:G","OLI1419","Unknown","Hypogonadotropic hypogonadism with absent puberty phenotype",1,TRUE,TRUE,"unique_exact_genomic_allele",TRUE,"Uncertain","POSSIBLY_BENIGN","Possibly benign"
"4:39434310:G:A","OLI1386","Unknown","Hypogonadotropic hypogonadism with partial puberty phenotype",1,TRUE,TRUE,"unique_exact_genomic_allele",TRUE,"Uncertain","UNCERTAIN_SIGNIFICANCE","VUS"
"4:39448510:G:A","OLI1418","Unknown","Hypogonadotropic hypogonadism with absent puberty phenotype",1,TRUE,TRUE,"unique_exact_genomic_allele",TRUE,"Benign","LIKELY_BENIGN","B/LB"
"4:39448583:T:C","OLI1388","Unknown","Hypogonadotropic hypogonadism with partial puberty phenotype",1,TRUE,TRUE,"unique_exact_genomic_allele",TRUE,"Uncertain","UNCERTAIN_SIGNIFICANCE","VUS"
"4:54261281:G:A","OLI720","Unknown","Isolated anencephaly",1,TRUE,TRUE,"unique_exact_genomic_allele",TRUE,"Uncertain","BENIGN","B/LB"
"4:54290460:CAG:C","OLI691","Unknown","Isolated anencephaly",1,TRUE,TRUE,"unique_exact_genomic_allele",TRUE,"Benign","POSSIBLY_PATHOGENIC_MODERATE","Possibly pathogenic"
"4:5753765:G:T","OLI352","Unknown","46,XY disorder of sex development",1,TRUE,TRUE,"unique_exact_genomic_allele",TRUE,"Benign","LIKELY_BENIGN","B/LB"
"4:5783546:C:T","OLI352","Unknown","46,XY disorder of sex development",1,TRUE,TRUE,"unique_exact_genomic_allele",TRUE,"Benign","BENIGN","B/LB"
"4:5783641:G:A","OLI597","Unknown","Disorder of sex development",1,TRUE,TRUE,"unique_exact_genomic_allele",TRUE,"Benign","LIKELY_BENIGN","B/LB"
"4:5783681:GC:G","OLI1245","Unknown","Hypodontia",1,TRUE,TRUE,"unique_exact_genomic_allele",TRUE,"Benign","PATHOGENIC","P/LP"
"4:5797027:C:T","OLI597","Unknown","Disorder of sex development",1,TRUE,TRUE,"unique_exact_genomic_allele",TRUE,"Benign","LIKELY_BENIGN","B/LB"
"4:5798728:C:T","OLI603","Unknown","Disorder of sex development",1,TRUE,TRUE,"unique_exact_genomic_allele",TRUE,"Benign","LIKELY_BENIGN","B/LB"
"4:625918:C:T","OLI1450","Unknown","Bardet-Biedl syndrome",1,TRUE,TRUE,"unique_exact_genomic_allele",TRUE,"Deleterious","UNCERTAIN_SIGNIFICANCE","VUS"
"4:64328511:C:T","OLI647","Unknown","Sudden infant death syndrome",1,TRUE,TRUE,"unique_exact_genomic_allele",TRUE,"Deleterious","PATHOGENIC","P/LP"
"4:65420451:T:C","OLI907","Unknown","Normosmic congenital hypogonadotropic hypogonadism",1,TRUE,TRUE,"unique_exact_genomic_allele",TRUE,"Deleterious","UNCERTAIN_SIGNIFICANCE","VUS"
"4:656002:G:T","OLI1453","Unknown","Bardet-Biedl syndrome",1,TRUE,TRUE,"unique_exact_genomic_allele",TRUE,"Deleterious","POSSIBLY_PATHOGENIC_LOW","Possibly pathogenic"
"4:65601871:C:A","OLI1706","Unknown","Rare pervasive developmental disorder",1,TRUE,TRUE,"unique_exact_genomic_allele",TRUE,"Uncertain","UNCERTAIN_SIGNIFICANCE","VUS"
"4:662584:G:A","OLI1444","Unknown","Bardet-Biedl syndrome",1,TRUE,TRUE,"unique_exact_genomic_allele",TRUE,"Deleterious","LIKELY_PATHOGENIC","P/LP"
"4:67740661:G:A","OLI780","Unknown","Normosmic congenital hypogonadotropic hypogonadism",1,TRUE,TRUE,"unique_exact_genomic_allele",TRUE,"Uncertain","LIKELY_PATHOGENIC","P/LP"
"4:67740682:C:T","OLI1166","Unknown","Kallmann syndrome",1,TRUE,TRUE,"unique_exact_genomic_allele",TRUE,"Deleterious","LIKELY_PATHOGENIC","P/LP"
"4:67740682:C:T","OLI1403","Unknown","Hypogonadotropic hypogonadism with absent puberty phenotype",1,TRUE,TRUE,"unique_exact_genomic_allele",TRUE,"Deleterious","LIKELY_PATHOGENIC","P/LP"
"4:67740682:C:T","OLI1590","Unknown","Normosmic congenital hypogonadotropic hypogonadism",1,TRUE,TRUE,"unique_exact_genomic_allele",TRUE,"Deleterious","LIKELY_PATHOGENIC","P/LP"
"4:67740682:C:T","OLI198","Unknown","Normosmic congenital hypogonadotropic hypogonadism",1,TRUE,TRUE,"unique_exact_genomic_allele",TRUE,"Deleterious","LIKELY_PATHOGENIC","P/LP"
"4:67740682:C:T","OLI199","Monogenic+Modifier","Normosmic congenital hypogonadotropic hypogonadism; Isolated congenital hypogonadotropic hypogonadism",1,TRUE,TRUE,"unique_exact_genomic_allele",TRUE,"Deleterious","LIKELY_PATHOGENIC","P/LP"
"4:67740683:G:A","OLI1604","Unknown","Normosmic congenital hypogonadotropic hypogonadism",1,TRUE,TRUE,"unique_exact_genomic_allele",TRUE,"Deleterious","PATHOGENIC","P/LP"
"4:67744591:C:T","OLI207","Unknown","Kallmann syndrome",1,TRUE,TRUE,"unique_exact_genomic_allele",TRUE,"Uncertain","BENIGN","B/LB"
"4:67744591:C:T","OLI851","Unknown","Normosmic congenital hypogonadotropic hypogonadism",1,TRUE,TRUE,"unique_exact_genomic_allele",TRUE,"Uncertain","BENIGN","B/LB"
"4:67744591:C:T","OLI866","Unknown","Kallmann syndrome",1,TRUE,TRUE,"unique_exact_genomic_allele",TRUE,"Uncertain","BENIGN","B/LB"
"4:67744591:C:T","OLI896","Unknown","Normosmic congenital hypogonadotropic hypogonadism",1,TRUE,TRUE,"unique_exact_genomic_allele",TRUE,"Uncertain","BENIGN","B/LB"
"4:67744591:C:T","OLI902","Unknown","Normosmic congenital hypogonadotropic hypogonadism",1,TRUE,TRUE,"unique_exact_genomic_allele",TRUE,"Uncertain","BENIGN","B/LB"
"4:67744592:G:A","OLI1275","Unknown","Normosmic congenital hypogonadotropic hypogonadism",1,TRUE,TRUE,"unique_exact_genomic_allele",TRUE,"Uncertain","POSSIBLY_PATHOGENIC_MODERATE","Possibly pathogenic"
"4:67744648:A:T","OLI428","Unknown","Kallmann syndrome",1,TRUE,TRUE,"unique_exact_genomic_allele",TRUE,"Uncertain","POSSIBLY_PATHOGENIC_LOW","Possibly pathogenic"
"4:67744674:G:T","OLI1385","Unknown","Hypogonadotropic hypogonadism with partial puberty phenotype",1,TRUE,TRUE,"unique_exact_genomic_allele",TRUE,"Uncertain","POSSIBLY_PATHOGENIC_LOW","Possibly pathogenic"
"4:67753883:G:A","OLI1165","Unknown","Kallmann syndrome",1,TRUE,TRUE,"unique_exact_genomic_allele",TRUE,"Benign","BENIGN","B/LB"
"4:67753900:G:A","OLI1387","Unknown","Hypogonadotropic hypogonadism with partial puberty phenotype",1,TRUE,TRUE,"unique_exact_genomic_allele",TRUE,"Deleterious","BENIGN","B/LB"
"4:67753900:G:A","OLI1517","Unknown","46,XY disorder of sex development",1,TRUE,TRUE,"unique_exact_genomic_allele",TRUE,"Deleterious","BENIGN","B/LB"
"4:67753920:C:T","OLI1167","Unknown","Kallmann syndrome",1,TRUE,TRUE,"unique_exact_genomic_allele",TRUE,"Deleterious","PATHOGENIC","P/LP"
"4:67753935:A:C","OLI165","Unknown","Normosmic congenital hypogonadotropic hypogonadism",1,TRUE,TRUE,"unique_exact_genomic_allele",TRUE,"Deleterious","PATHOGENIC","P/LP"
"4:67753958:A:T","OLI1273","Unknown","Normosmic congenital hypogonadotropic hypogonadism",1,TRUE,TRUE,"unique_exact_genomic_allele",TRUE,"","LIKELY_PATHOGENIC","P/LP"
"4:67753986:A:C","OLI1597","Unknown","Normosmic congenital hypogonadotropic hypogonadism",1,TRUE,TRUE,"unique_exact_genomic_allele",TRUE,"Uncertain","LIKELY_PATHOGENIC","P/LP"
"4:67753994:G:T","OLI1166","Unknown","Kallmann syndrome",1,TRUE,TRUE,"unique_exact_genomic_allele",TRUE,"","LIKELY_PATHOGENIC","P/LP"
"4:67754019:T:C","OLI1165","Unknown","Kallmann syndrome",1,TRUE,TRUE,"unique_exact_genomic_allele",TRUE,"Uncertain","LIKELY_PATHOGENIC","P/LP"
"4:67754019:T:C","OLI1239","Unknown","Recurrent Pregnancy Loss,Recurrent implantation failure,Primary infertility",1,TRUE,TRUE,"unique_exact_genomic_allele",TRUE,"Uncertain","LIKELY_PATHOGENIC","P/LP"
"4:67754019:T:C","OLI1275","Unknown","Normosmic congenital hypogonadotropic hypogonadism",1,TRUE,TRUE,"unique_exact_genomic_allele",TRUE,"Uncertain","LIKELY_PATHOGENIC","P/LP"
"4:67754019:T:C","OLI1277","Unknown","Normosmic congenital hypogonadotropic hypogonadism",1,TRUE,TRUE,"unique_exact_genomic_allele",TRUE,"Uncertain","LIKELY_PATHOGENIC","P/LP"
"4:67754019:T:C","OLI1288","Unknown","Kallmann syndrome",1,TRUE,TRUE,"unique_exact_genomic_allele",TRUE,"Uncertain","LIKELY_PATHOGENIC","P/LP"
"4:67754019:T:C","OLI1296","Unknown","Kallmann syndrome",1,TRUE,TRUE,"unique_exact_genomic_allele",TRUE,"Uncertain","LIKELY_PATHOGENIC","P/LP"
"4:67754019:T:C","OLI1300","Unknown","Normosmic congenital hypogonadotropic hypogonadism",1,TRUE,TRUE,"unique_exact_genomic_allele",TRUE,"Uncertain","LIKELY_PATHOGENIC","P/LP"
"4:67754019:T:C","OLI1377","Unknown","Hypogonadotropic hypogonadism with Fertile Eunuch phenotype",1,TRUE,TRUE,"unique_exact_genomic_allele",TRUE,"Uncertain","LIKELY_PATHOGENIC","P/LP"
"4:67754019:T:C","OLI1379","Unknown","Hypogonadotropic hypogonadism with Fertile Eunuch phenotype",1,TRUE,TRUE,"unique_exact_genomic_allele",TRUE,"Uncertain","LIKELY_PATHOGENIC","P/LP"
"4:67754019:T:C","OLI1385","Unknown","Hypogonadotropic hypogonadism with partial puberty phenotype",1,TRUE,TRUE,"unique_exact_genomic_allele",TRUE,"Uncertain","LIKELY_PATHOGENIC","P/LP"
"4:67754019:T:C","OLI1532","Unknown","46,XY disorder of sex development",1,TRUE,TRUE,"unique_exact_genomic_allele",TRUE,"Uncertain","LIKELY_PATHOGENIC","P/LP"
"4:67754019:T:C","OLI1604","Unknown","Normosmic congenital hypogonadotropic hypogonadism",1,TRUE,TRUE,"unique_exact_genomic_allele",TRUE,"Uncertain","LIKELY_PATHOGENIC","P/LP"
"4:67754019:T:C","OLI195","Monogenic+Modifier","Normosmic congenital hypogonadotropic hypogonadism; Isolated congenital hypogonadotropic hypogonadism",1,TRUE,TRUE,"unique_exact_genomic_allele",TRUE,"Uncertain","LIKELY_PATHOGENIC","P/LP"
"4:67754019:T:C","OLI199","Monogenic+Modifier","Normosmic congenital hypogonadotropic hypogonadism; Isolated congenital hypogonadotropic hypogonadism",1,TRUE,TRUE,"unique_exact_genomic_allele",TRUE,"Uncertain","LIKELY_PATHOGENIC","P/LP"
"4:67754068:C:T","OLI201","Unknown","Normosmic congenital hypogonadotropic hypogonadism",1,TRUE,TRUE,"unique_exact_genomic_allele",TRUE,"Uncertain","PATHOGENIC","P/LP"
"4:67754070:A:T","OLI1597","Unknown","Normosmic congenital hypogonadotropic hypogonadism",1,TRUE,TRUE,"unique_exact_genomic_allele",TRUE,"","LIKELY_PATHOGENIC","P/LP"
"4:67754089:G:C","OLI195","Monogenic+Modifier","Normosmic congenital hypogonadotropic hypogonadism; Isolated congenital hypogonadotropic hypogonadism",1,TRUE,TRUE,"unique_exact_genomic_allele",TRUE,"Deleterious","LIKELY_PATHOGENIC","P/LP"
"4:67754305:G:T","OLI1595","Unknown","Normosmic congenital hypogonadotropic hypogonadism",1,TRUE,TRUE,"unique_exact_genomic_allele",TRUE,"Uncertain","LIKELY_PATHOGENIC","P/LP"
"4:67754305:GA:TT","OLI1167","Unknown","Kallmann syndrome",1,TRUE,TRUE,"unique_exact_genomic_allele",TRUE,"","PATHOGENIC","P/LP"
"4:67754306:A:T","OLI1595","Unknown","Normosmic congenital hypogonadotropic hypogonadism",1,TRUE,TRUE,"unique_exact_genomic_allele",TRUE,"Benign","PATHOGENIC","P/LP"
"4:70637837:AG:A","OLI521","Unknown","Amelogenesis imperfecta",1,TRUE,TRUE,"unique_exact_genomic_allele",TRUE,"Benign","PATHOGENIC","P/LP"
"4:71255295:G:C","OLI1688","Unknown","Non-Syndromic genetic keratoconus",1,TRUE,TRUE,"unique_exact_genomic_allele",TRUE,"Uncertain","BENIGN","B/LB"
"4:71451235:C:T","OLI1680","Unknown","Non-Syndromic genetic keratoconus",1,TRUE,TRUE,"unique_exact_genomic_allele",TRUE,"Uncertain","POSSIBLY_PATHOGENIC_LOW","Possibly pathogenic"
"4:73741979:T:A","OLI1235","Unknown","Recurrent Pregnancy Loss",1,TRUE,TRUE,"unique_exact_genomic_allele",TRUE,"","POSSIBLY_PATHOGENIC_MODERATE","Possibly pathogenic"
"4:73837092:G:GT","OLI716","Unknown","Isolated anencephaly",1,TRUE,TRUE,"unique_exact_genomic_allele",TRUE,"Benign","BENIGN","B/LB"
"4:73837092:G:GT","OLI761","Unknown","Craniorachischisis",1,TRUE,TRUE,"unique_exact_genomic_allele",TRUE,"Benign","BENIGN","B/LB"
"4:73837234:C:A","OLI693","Unknown","Isolated anencephaly",1,TRUE,TRUE,"unique_exact_genomic_allele",TRUE,"Uncertain","UNCERTAIN_SIGNIFICANCE","VUS"
"4:76104626:C:T","OLI783","Unknown","Male infertility due to sperm disorder",1,TRUE,TRUE,"unique_exact_genomic_allele",TRUE,"Benign","LIKELY_BENIGN","B/LB"
"4:76738792:C:T","OLI729","Unknown","Isolated anencephaly",1,TRUE,TRUE,"unique_exact_genomic_allele",TRUE,"Uncertain","BENIGN","B/LB"
"4:76755002:G:A","OLI699","Unknown","Isolated anencephaly",1,TRUE,TRUE,"unique_exact_genomic_allele",TRUE,"Uncertain","LIKELY_BENIGN","B/LB"
"4:78413027:T:C","OLI602","Unknown","Disorder of sex development",1,TRUE,TRUE,"unique_exact_genomic_allele",TRUE,"Uncertain","POSSIBLY_PATHOGENIC_LOW","Possibly pathogenic"
"4:78446293:C:T","OLI351","Unknown","46,XY disorder of sex development",1,TRUE,TRUE,"unique_exact_genomic_allele",TRUE,"Benign","POSSIBLY_BENIGN","Possibly benign"
"4:78451877:C:T","OLI352","Unknown","46,XY disorder of sex development",1,TRUE,TRUE,"unique_exact_genomic_allele",TRUE,"Benign","BENIGN","B/LB"
"4:78472156:A:G","OLI350","Unknown","46,XY disorder of sex development",1,TRUE,TRUE,"unique_exact_genomic_allele",TRUE,"Benign","BENIGN","B/LB"
"4:78472231:G:A","OLI339","Unknown","Isolated Klippel-Feil syndrome",1,TRUE,TRUE,"unique_exact_genomic_allele",TRUE,"Uncertain","POSSIBLY_PATHOGENIC_LOW","Possibly pathogenic"
"4:78481853:C:G","OLI350","Unknown","46,XY disorder of sex development",1,TRUE,TRUE,"unique_exact_genomic_allele",TRUE,"Benign","UNCERTAIN_SIGNIFICANCE","VUS"
"4:78534453:C:T","OLI348","Unknown","46,XY disorder of sex development",1,TRUE,TRUE,"unique_exact_genomic_allele",TRUE,"Benign","LIKELY_BENIGN","B/LB"
"4:86765490:T:C","OLI1154","Unknown","Colorectal cancer",1,TRUE,TRUE,"unique_exact_genomic_allele",TRUE,"Deleterious","POSSIBLY_PATHOGENIC_MODERATE","Possibly pathogenic"
"4:87153751:G:A","OLI1705","Unknown","Autosomal dominant polycystic kidney disease",1,TRUE,TRUE,"unique_exact_genomic_allele",FALSE,"","POSSIBLY_BENIGN","Possibly benign"
"4:87510774:T:C","OLI926","Unknown","Transposition of the great arteries",1,TRUE,TRUE,"unique_exact_genomic_allele",FALSE,"Benign","POSSIBLY_BENIGN","Possibly benign"
"4:87662091:G:A","OLI1740","True Digenic","Sudden infant death syndrome",1,TRUE,TRUE,"unique_exact_genomic_allele",TRUE,"Uncertain","POSSIBLY_PATHOGENIC_LOW","Possibly pathogenic"
"4:88036224:C:CTACG","OLI148","Unknown","Autosomal dominant polycystic kidney disease",1,TRUE,TRUE,"unique_exact_genomic_allele",TRUE,"","PATHOGENIC","P/LP"
"4:88038398:TG:AC","OLI326","Unknown","Autosomal dominant polycystic kidney disease",1,TRUE,TRUE,"unique_exact_genomic_allele",TRUE,"","LIKELY_PATHOGENIC","P/LP"
"4:88038398:TG:AC","OLI327","Unknown","Autosomal dominant polycystic kidney disease",1,TRUE,TRUE,"unique_exact_genomic_allele",TRUE,"","LIKELY_PATHOGENIC","P/LP"
"4:88074903:C:G","OLI326","Unknown","Autosomal dominant polycystic kidney disease",1,TRUE,TRUE,"unique_exact_genomic_allele",TRUE,"Deleterious","POSSIBLY_PATHOGENIC_MODERATE","Possibly pathogenic"
"4:93422898:C:T","OLI494","Unknown","Rare pervasive developmental disorder",1,TRUE,TRUE,"unique_exact_genomic_allele",TRUE,"Uncertain","POSSIBLY_BENIGN","Possibly benign"
"4:93626293:G:A","OLI487","Unknown","Rare pervasive developmental disorder",1,TRUE,TRUE,"unique_exact_genomic_allele",TRUE,"Uncertain","BENIGN","B/LB"
"4:93626293:G:A","OLI489","Unknown","Rare pervasive developmental disorder",1,TRUE,TRUE,"unique_exact_genomic_allele",TRUE,"Uncertain","BENIGN","B/LB"
"4:987114:G:GCTGGCGCTC","OLI1687","Unknown","Non-Syndromic genetic keratoconus",1,TRUE,TRUE,"unique_exact_genomic_allele",TRUE,"","POSSIBLY_PATHOGENIC_LOW","Possibly pathogenic"
"4:990041:C:T","OLI1681","Unknown","Non-Syndromic genetic keratoconus",1,TRUE,TRUE,"unique_exact_genomic_allele",FALSE,"Uncertain","UNCERTAIN_SIGNIFICANCE","VUS"
"4:99608977:G:T","OLI463","Unknown","Hypobetalipoproteinemia",1,TRUE,TRUE,"unique_exact_genomic_allele",TRUE,"Deleterious","POSSIBLY_PATHOGENIC_MODERATE","Possibly pathogenic"
"5:103129675:A:C","OLI1675","Unknown","Non-Syndromic genetic keratoconus",1,TRUE,TRUE,"unique_exact_genomic_allele",TRUE,"Benign","POSSIBLY_PATHOGENIC_LOW","Possibly pathogenic"
"5:107381274:G:A","OLI870","Unknown","Kallmann syndrome",1,TRUE,TRUE,"unique_exact_genomic_allele",TRUE,"Uncertain","UNCERTAIN_SIGNIFICANCE","VUS"
"5:112839053:TGAA:T","OLI284","Unknown","Familial adenomatous polyposis",1,TRUE,TRUE,"unique_exact_genomic_allele",TRUE,"Benign","BENIGN","B/LB"
"5:119634530:A:G","OLI328","Unknown","Amyotrophic lateral sclerosis",1,TRUE,TRUE,"unique_exact_genomic_allele",TRUE,"Benign","POSSIBLY_PATHOGENIC_LOW","Possibly pathogenic"
"5:128277994:A:T","OLI291","Unknown","Adolescent idiopathic scoliosis",1,TRUE,TRUE,"unique_exact_genomic_allele",TRUE,"Deleterious","POSSIBLY_PATHOGENIC_LOW","Possibly pathogenic"
"5:128334724:C:G","OLI794","Unknown","Arthrogryposis syndrome",1,TRUE,TRUE,"unique_exact_genomic_allele",TRUE,"Deleterious","LIKELY_PATHOGENIC","P/LP"
"5:128334724:C:G","OLI795","Unknown","Arthrogryposis syndrome",1,TRUE,TRUE,"unique_exact_genomic_allele",TRUE,"Deleterious","LIKELY_PATHOGENIC","P/LP"
"5:132370049:G:A","OLI924","Unknown","Transposition of the great arteries",1,TRUE,TRUE,"unique_exact_genomic_allele",TRUE,"Uncertain","PATHOGENIC","P/LP"
"5:132595761:-:A","OLI1046","Unknown","Primary ovarian failure",1,FALSE,FALSE,NA,NA,NA,NA,NA
"5:132824222:G:A","OLI751","Unknown","Isolated anencephaly",1,TRUE,TRUE,"unique_exact_genomic_allele",TRUE,"Benign","LIKELY_BENIGN","B/LB"
"5:132824796:C:T","OLI714","Unknown","Isolated anencephaly",1,TRUE,TRUE,"unique_exact_genomic_allele",TRUE,"Benign","BENIGN","B/LB"
"5:132825587:C:A","OLI716","Unknown","Isolated anencephaly",1,TRUE,TRUE,"unique_exact_genomic_allele",TRUE,"Uncertain","UNCERTAIN_SIGNIFICANCE","VUS"
"5:132826092:T:C","OLI720","Unknown","Isolated anencephaly",1,TRUE,TRUE,"unique_exact_genomic_allele",TRUE,"Benign","LIKELY_BENIGN","B/LB"
"5:132861594:G:A","OLI090","True Digenic","Primary ovarian failure",1,TRUE,TRUE,"unique_exact_genomic_allele",TRUE,"Deleterious","UNCERTAIN_SIGNIFICANCE","VUS"
"5:132861671:C:G","OLI1724","Unknown","Primary ovarian failure",1,TRUE,TRUE,"unique_exact_genomic_allele",TRUE,"Deleterious","POSSIBLY_PATHOGENIC_MODERATE","Possibly pathogenic"
"5:132861833:G:A","OLI1060","Unknown","Primary ovarian failure",1,TRUE,TRUE,"unique_exact_genomic_allele",TRUE,"Deleterious","POSSIBLY_PATHOGENIC_MODERATE","Possibly pathogenic"
"5:132864227:G:A","OLI094","Unknown","Primary ovarian failure",1,TRUE,TRUE,"unique_exact_genomic_allele",TRUE,"Uncertain","POSSIBLY_BENIGN","Possibly benign"
"5:132864256:T:C","OLI1060","Unknown","Primary ovarian failure",1,TRUE,TRUE,"unique_exact_genomic_allele",TRUE,"Uncertain","UNCERTAIN_SIGNIFICANCE","VUS"
"5:134609605:T:C","OLI463","Unknown","Hypobetalipoproteinemia",1,TRUE,TRUE,"unique_exact_genomic_allele",TRUE,"Uncertain","UNCERTAIN_SIGNIFICANCE","VUS"
"5:136063181:T:C","OLI604","Unknown","Disorder of sex development",1,TRUE,TRUE,"unique_exact_genomic_allele",TRUE,"Uncertain","BENIGN","B/LB"
"5:13718909:G:A","OLI609","Unknown","Heterotaxia",1,TRUE,TRUE,"unique_exact_genomic_allele",TRUE,"Uncertain","BENIGN","B/LB"
"5:13718909:G:A","OLI610","Unknown","Heterotaxia",1,TRUE,TRUE,"unique_exact_genomic_allele",TRUE,"Uncertain","BENIGN","B/LB"
"5:13871648:G:T","OLI611","Unknown","Heterotaxia",1,TRUE,TRUE,"unique_exact_genomic_allele",TRUE,"Uncertain","BENIGN","B/LB"
"5:13920541:T:C","OLI608","Unknown","Heterotaxia",1,TRUE,TRUE,"unique_exact_genomic_allele",TRUE,"Benign","UNCERTAIN_SIGNIFICANCE","VUS"
"5:139307854:A:T","OLI661","Unknown","Amyotrophic lateral sclerosis",1,TRUE,TRUE,"unique_exact_genomic_allele",TRUE,"Uncertain","UNCERTAIN_SIGNIFICANCE","VUS"
"5:139329372:C:T","OLI658","Unknown","Amyotrophic lateral sclerosis",1,TRUE,TRUE,"unique_exact_genomic_allele",TRUE,"Benign","LIKELY_BENIGN","B/LB"
"5:139329384:A:G","OLI1636","Unknown","Amyotrophic lateral sclerosis",1,TRUE,TRUE,"unique_exact_genomic_allele",TRUE,"Uncertain","POSSIBLY_PATHOGENIC_LOW","Possibly pathogenic"
"5:140550839:A:G","OLI1565","Unknown","Syndrome with 46,XY disorder of sex development",1,TRUE,TRUE,"unique_exact_genomic_allele",TRUE,"Uncertain","UNCERTAIN_SIGNIFICANCE","VUS"
"5:140550839:A:G","OLI1580","Unknown","Syndrome with 46,XY disorder of sex development",1,TRUE,TRUE,"unique_exact_genomic_allele",TRUE,"Uncertain","UNCERTAIN_SIGNIFICANCE","VUS"
"5:140550875:A:G","OLI018","True Digenic","Congenital hypogonadotropic hypogonadism",1,TRUE,TRUE,"unique_exact_genomic_allele",TRUE,"Deleterious","BENIGN","B/LB"
"5:140552106:G:A","OLI1421","Unknown","Hypogonadotropic hypogonadism with absent puberty phenotype",1,TRUE,TRUE,"unique_exact_genomic_allele",FALSE,"Benign","LIKELY_BENIGN","B/LB"
"5:140552118:G:A","OLI1566","Unknown","Syndrome with 46,XY disorder of sex development",1,TRUE,TRUE,"unique_exact_genomic_allele",TRUE,"Benign","UNCERTAIN_SIGNIFICANCE","VUS"
"5:140552182:G:T","OLI654","Unknown","Congenital hypogonadotropic hypogonadism",1,TRUE,TRUE,"unique_exact_genomic_allele",TRUE,"Benign","UNCERTAIN_SIGNIFICANCE","VUS"
"5:140557204:G:C","OLI1324","Unknown","Non-acquired combined pituitary hormone deficiency",1,TRUE,TRUE,"unique_exact_genomic_allele",TRUE,"Benign","UNCERTAIN_SIGNIFICANCE","VUS"
"5:140557240:G:C","OLI574","Unknown","Disorder of sex development",1,TRUE,TRUE,"unique_exact_genomic_allele",TRUE,"Uncertain","BENIGN","B/LB"
"5:140557430:G:A","OLI1568","Unknown","Syndrome with 46,XY disorder of sex development",1,TRUE,TRUE,"unique_exact_genomic_allele",TRUE,"Deleterious","UNCERTAIN_SIGNIFICANCE","VUS"
"5:142314456:G:A","OLI1277","Unknown","Normosmic congenital hypogonadotropic hypogonadism",1,TRUE,TRUE,"unique_exact_genomic_allele",TRUE,"Uncertain","POSSIBLY_PATHOGENIC_LOW","Possibly pathogenic"
"5:142314456:G:T","OLI369","Unknown","Kallmann syndrome",1,TRUE,TRUE,"unique_exact_genomic_allele",TRUE,"Uncertain","LIKELY_BENIGN","B/LB"
"5:142314456:G:T","OLI370","Unknown","Kallmann syndrome",1,TRUE,TRUE,"unique_exact_genomic_allele",TRUE,"Uncertain","LIKELY_BENIGN","B/LB"
"5:142314456:G:T","OLI371","Unknown","Kallmann syndrome",1,TRUE,TRUE,"unique_exact_genomic_allele",TRUE,"Uncertain","LIKELY_BENIGN","B/LB"
"5:142314456:G:T","OLI393","Unknown","Normosmic congenital hypogonadotropic hypogonadism",1,TRUE,TRUE,"unique_exact_genomic_allele",TRUE,"Uncertain","LIKELY_BENIGN","B/LB"
"5:142314552:C:T","OLI1295","Unknown","Kallmann syndrome",1,TRUE,TRUE,"unique_exact_genomic_allele",TRUE,"Uncertain","BENIGN","B/LB"
"5:142314555:TC:C","OLI1298","Unknown","Kallmann syndrome",1,FALSE,FALSE,NA,NA,NA,NA,NA
"5:142314648:T:C","OLI1426","Unknown","Hypogonadotropic hypogonadism with absent puberty phenotype",1,TRUE,TRUE,"unique_exact_genomic_allele",TRUE,"Uncertain","BENIGN","B/LB"
"5:142314865:C:T","OLI1260","Unknown","Normosmic congenital hypogonadotropic hypogonadism",1,TRUE,TRUE,"unique_exact_genomic_allele",TRUE,"Benign","LIKELY_BENIGN","B/LB"
"5:142314976:T:A","OLI358","Unknown","Kallmann syndrome",1,TRUE,TRUE,"unique_exact_genomic_allele",TRUE,"Benign","UNCERTAIN_SIGNIFICANCE","VUS"
"5:142315021:G:A","OLI835","Unknown","Kallmann syndrome",1,TRUE,TRUE,"unique_exact_genomic_allele",TRUE,"Uncertain","POSSIBLY_BENIGN","Possibly benign"
"5:142315063:C:T","OLI815","Unknown","Kallmann syndrome",1,TRUE,TRUE,"unique_exact_genomic_allele",TRUE,"Benign","POSSIBLY_PATHOGENIC_MODERATE","Possibly pathogenic"
"5:142315149:A:T","OLI1556","Unknown","46,XY disorder of sex development",1,TRUE,TRUE,"unique_exact_genomic_allele",TRUE,"Benign","UNCERTAIN_SIGNIFICANCE","VUS"
"5:147828115:T:C","OLI674","Unknown","Hereditary chronic pancreatitis",1,TRUE,TRUE,"unique_exact_genomic_allele",TRUE,"Uncertain","LIKELY_PATHOGENIC","P/LP"
"5:147828115:T:C","OLI675","Unknown","Hereditary chronic pancreatitis",1,TRUE,TRUE,"unique_exact_genomic_allele",TRUE,"Uncertain","LIKELY_PATHOGENIC","P/LP"
"5:147828115:T:C","OLI676","Unknown","Hereditary chronic pancreatitis",1,TRUE,TRUE,"unique_exact_genomic_allele",TRUE,"Uncertain","LIKELY_PATHOGENIC","P/LP"
"5:147828115:T:C","OLI677","Unknown","Hereditary chronic pancreatitis",1,TRUE,TRUE,"unique_exact_genomic_allele",TRUE,"Uncertain","LIKELY_PATHOGENIC","P/LP"
"5:149840090:G:A","OLI603","Unknown","Disorder of sex development",1,TRUE,TRUE,"unique_exact_genomic_allele",TRUE,"Benign","BENIGN","B/LB"
"5:150135602:C:G","OLI1029","Monogenic+Modifier","Bilateral striopallidodentate calcinosis",1,TRUE,TRUE,"unique_exact_genomic_allele",TRUE,"Benign","UNCERTAIN_SIGNIFICANCE","VUS"
"5:150521493:G:A","OLI678","Unknown","Holoprosencephaly",1,TRUE,TRUE,"unique_exact_genomic_allele",TRUE,"Uncertain","LIKELY_BENIGN","B/LB"
"5:150521648:C:T","OLI679","Unknown","Holoprosencephaly",1,TRUE,TRUE,"unique_exact_genomic_allele",TRUE,"Uncertain","UNCERTAIN_SIGNIFICANCE","VUS"
"5:151671623:C:T","OLI1685","Unknown","Non-Syndromic genetic keratoconus",1,TRUE,TRUE,"unique_exact_genomic_allele",TRUE,"Uncertain","POSSIBLY_PATHOGENIC_LOW","Possibly pathogenic"
"5:157646654:G:A","OLI575","Unknown","Disorder of sex development",1,TRUE,TRUE,"unique_exact_genomic_allele",TRUE,"Uncertain","UNCERTAIN_SIGNIFICANCE","VUS"
"5:159316795:T:C","OLI1332","Unknown","Primary immunodeficiency",1,TRUE,TRUE,"unique_exact_genomic_allele",TRUE,"Benign","UNCERTAIN_SIGNIFICANCE","VUS"
"5:159323343:A:G","OLI1332","Unknown","Primary immunodeficiency",1,TRUE,TRUE,"unique_exact_genomic_allele",TRUE,"Benign","LIKELY_BENIGN","B/LB"
"5:170108247:G:A","OLI502","True Digenic","Pendred syndrome",1,TRUE,TRUE,"unique_exact_genomic_allele",TRUE,"Uncertain","POSSIBLY_PATHOGENIC_LOW","Possibly pathogenic"
"5:173232902:A:AGGC","OLI1506","Unknown","Congenital hypothyroidism",1,TRUE,TRUE,"unique_exact_genomic_allele",TRUE,"","LIKELY_BENIGN","B/LB"
"5:173232912:G:A","OLI1609","Unknown","Congenital hypothyroidism",1,TRUE,TRUE,"unique_exact_genomic_allele",TRUE,"Uncertain","POSSIBLY_BENIGN","Possibly benign"
"5:173233096:C:T","OLI151","True Digenic","Ventricular septal defect",1,TRUE,TRUE,"unique_exact_genomic_allele",TRUE,"Deleterious","POSSIBLY_PATHOGENIC_MODERATE","Possibly pathogenic"
"5:173233189:C:A","OLI606","Monogenic+Modifier","Left ventricular noncompaction",1,TRUE,TRUE,"unique_exact_genomic_allele",TRUE,"Uncertain","BENIGN","B/LB"
"5:176596951:G:A","OLI429","Unknown","Kallmann syndrome",1,TRUE,TRUE,"unique_exact_genomic_allele",TRUE,"Benign","UNCERTAIN_SIGNIFICANCE","VUS"
"5:176881696:C:T","OLI1051","Unknown","Primary ovarian failure",1,TRUE,TRUE,"unique_exact_genomic_allele",TRUE,"Deleterious","POSSIBLY_PATHOGENIC_LOW","Possibly pathogenic"
"5:176882104:T:G","OLI1067","Unknown","Primary ovarian failure",1,TRUE,TRUE,"unique_exact_genomic_allele",TRUE,"Deleterious","UNCERTAIN_SIGNIFICANCE","VUS"
"5:177385821:C:T","OLI1613","Unknown","Dent disease",1,TRUE,TRUE,"unique_exact_genomic_allele",TRUE,"Benign","LIKELY_BENIGN","B/LB"
"5:177386231:GGTCCCCAAGCTGCGCCAGGCT:G","OLI1790","Unknown","Dent disease",1,TRUE,TRUE,"unique_exact_genomic_allele",TRUE,"","POSSIBLY_BENIGN","Possibly benign"
"5:177386231:GGTCCCCAAGCTGCGCCAGGCT:G","OLI1791","Unknown","Dent disease",1,TRUE,TRUE,"unique_exact_genomic_allele",TRUE,"","POSSIBLY_BENIGN","Possibly benign"
"5:177394193:C:T","OLI1614","Unknown","Dent disease",1,TRUE,TRUE,"unique_exact_genomic_allele",TRUE,"Deleterious","LIKELY_BENIGN","B/LB"
"5:177397901:G:A","OLI008","Monogenic+Modifier","Hereditary hypophosphatemic rickets with hypercalciuria",1,TRUE,TRUE,"unique_exact_genomic_allele",TRUE,"Uncertain","UNCERTAIN_SIGNIFICANCE","VUS"
"5:177992965:G:A","OLI1385","Unknown","Hypogonadotropic hypogonadism with partial puberty phenotype",1,TRUE,TRUE,"unique_exact_genomic_allele",TRUE,"Uncertain","BENIGN","B/LB"
"5:177992965:G:A","OLI1386","Unknown","Hypogonadotropic hypogonadism with partial puberty phenotype",1,TRUE,TRUE,"unique_exact_genomic_allele",TRUE,"Uncertain","BENIGN","B/LB"
"5:177994113:C:T","OLI020","Unknown","Congenital hypogonadotropic hypogonadism",1,TRUE,TRUE,"unique_exact_genomic_allele",TRUE,"Deleterious","POSSIBLY_PATHOGENIC_MODERATE","Possibly pathogenic"
"5:177994146:C:A","OLI1520","Unknown","46,XY disorder of sex development",1,TRUE,TRUE,"unique_exact_genomic_allele",TRUE,"Uncertain","POSSIBLY_PATHOGENIC_MODERATE","Possibly pathogenic"
"5:177994296:C:A","OLI1415","Unknown","Hypogonadotropic hypogonadism with absent puberty phenotype",1,TRUE,TRUE,"unique_exact_genomic_allele",TRUE,"Uncertain","POSSIBLY_BENIGN","Possibly benign"
"5:177994297:CT:C","OLI602","Unknown","Disorder of sex development",1,TRUE,TRUE,"unique_exact_genomic_allele",TRUE,"Uncertain","PATHOGENIC","P/LP"
"5:178263321:C:A","OLI1679","Unknown","Non-Syndromic genetic keratoconus",1,TRUE,TRUE,"unique_exact_genomic_allele",TRUE,"Uncertain","UNCERTAIN_SIGNIFICANCE","VUS"
"5:179766167:G:T","OLI602","Unknown","Disorder of sex development",1,TRUE,TRUE,"unique_exact_genomic_allele",TRUE,"Benign","UNCERTAIN_SIGNIFICANCE","VUS"
"5:179766384:C:T","OLI600","Unknown","Disorder of sex development",1,TRUE,TRUE,"unique_exact_genomic_allele",TRUE,"Benign","BENIGN","B/LB"
"5:179769011:G:A","OLI343","Unknown","46,XY disorder of sex development",1,TRUE,TRUE,"unique_exact_genomic_allele",TRUE,"Benign","POSSIBLY_BENIGN","Possibly benign"
"5:179823930:A:G","OLI1400","Unknown","Hypogonadotropic hypogonadism with absent puberty phenotype",1,TRUE,TRUE,"unique_exact_genomic_allele",TRUE,"Uncertain","POSSIBLY_BENIGN","Possibly benign"
"5:179824013:G:A","OLI272","Unknown","Amyotrophic lateral sclerosis",1,TRUE,TRUE,"unique_exact_genomic_allele",TRUE,"Uncertain","POSSIBLY_PATHOGENIC_LOW","Possibly pathogenic"
"5:179825184:A:G","OLI1430","Unknown","Hypogonadotropic hypogonadism with absent puberty phenotype",1,TRUE,TRUE,"unique_exact_genomic_allele",TRUE,"Uncertain","BENIGN","B/LB"
"5:179825184:A:G","OLI275","Unknown","Amyotrophic lateral sclerosis",1,TRUE,TRUE,"unique_exact_genomic_allele",TRUE,"Uncertain","BENIGN","B/LB"
"5:179825227:G:T","OLI1637","Unknown","Amyotrophic lateral sclerosis",1,TRUE,TRUE,"unique_exact_genomic_allele",TRUE,"Deleterious","POSSIBLY_PATHOGENIC_MODERATE","Possibly pathogenic"
"5:179833061:G:C","OLI1700","Unknown","Amyotrophic lateral sclerosis",1,TRUE,TRUE,"unique_exact_genomic_allele",TRUE,"Uncertain","UNCERTAIN_SIGNIFICANCE","VUS"
"5:179833076:C:T","OLI952","Unknown","Amyotrophic lateral sclerosis",1,TRUE,TRUE,"unique_exact_genomic_allele",TRUE,"Uncertain","POSSIBLY_PATHOGENIC_LOW","Possibly pathogenic"
"5:179833099:G:C","OLI633","Unknown","Amyotrophic lateral sclerosis",1,TRUE,TRUE,"unique_exact_genomic_allele",TRUE,"Benign","BENIGN","B/LB"
"5:179833099:G:C","OLI636","Unknown","Amyotrophic lateral sclerosis",1,TRUE,TRUE,"unique_exact_genomic_allele",TRUE,"Benign","BENIGN","B/LB"
"5:179833188:C:T","OLI440","Unknown","Amyotrophic lateral sclerosis",1,TRUE,TRUE,"unique_exact_genomic_allele",TRUE,"Benign","POSSIBLY_PATHOGENIC_LOW","Possibly pathogenic"
"5:179833705:G:A","OLI1394","Unknown","Hypogonadotropic hypogonadism with partial puberty phenotype",1,TRUE,TRUE,"unique_exact_genomic_allele",TRUE,"Uncertain","POSSIBLY_BENIGN","Possibly benign"
"5:179833782:G:C","OLI824","Unknown","Amyotrophic lateral sclerosis",1,TRUE,TRUE,"unique_exact_genomic_allele",TRUE,"Uncertain","LIKELY_PATHOGENIC","P/LP"
"5:179836445:C:T","OLI022","Monogenic+Modifier","Distal myopathy",1,FALSE,TRUE,"exact_allele_multiple_variant_ids",NA,NA,NA,NA
"5:179836445:C:T","OLI1623","Unknown","Amyotrophic lateral sclerosis",1,FALSE,TRUE,"exact_allele_multiple_variant_ids",NA,NA,NA,NA
"5:179836445:C:T","OLI1632","Unknown","Amyotrophic lateral sclerosis",1,FALSE,TRUE,"exact_allele_multiple_variant_ids",NA,NA,NA,NA
"5:179836445:C:T","OLI1732","Unknown","Distal myopathy",1,FALSE,TRUE,"exact_allele_multiple_variant_ids",NA,NA,NA,NA
"5:179836445:C:T","OLI404","Unknown","Facial onset sensory and motor neuronopathy",1,FALSE,TRUE,"exact_allele_multiple_variant_ids",NA,NA,NA,NA
"5:179836448:G:A","OLI823","Unknown","Amyotrophic lateral sclerosis",1,TRUE,TRUE,"unique_exact_genomic_allele",TRUE,"Uncertain","POSSIBLY_PATHOGENIC_LOW","Possibly pathogenic"
"5:33951665:C:T","OLI069","Unknown","Oculocutaneous albinism",1,TRUE,TRUE,"unique_exact_genomic_allele",TRUE,"Deleterious","LIKELY_PATHOGENIC","P/LP"
"5:33964016:C:T","OLI072","Unknown","Oculocutaneous albinism",1,TRUE,TRUE,"unique_exact_genomic_allele",TRUE,"Deleterious","LIKELY_PATHOGENIC","P/LP"
"5:33982320:C:G","OLI070","Unknown","Oculocutaneous albinism",1,TRUE,TRUE,"unique_exact_genomic_allele",TRUE,"Deleterious","PATHOGENIC","P/LP"
"5:33982320:C:G","OLI071","Unknown","Oculocutaneous albinism",1,TRUE,TRUE,"unique_exact_genomic_allele",TRUE,"Deleterious","PATHOGENIC","P/LP"
"5:35013039:G:A","OLI182","True Digenic","Premature Myocardial Infarction",1,TRUE,TRUE,"unique_exact_genomic_allele",TRUE,"Uncertain","UNCERTAIN_SIGNIFICANCE","VUS"
"5:36985641:A:G","OLI1579","Unknown","Syndrome with 46,XY disorder of sex development",1,TRUE,TRUE,"unique_exact_genomic_allele",TRUE,"Uncertain","POSSIBLY_PATHOGENIC_LOW","Possibly pathogenic"
"5:37049304:A:G","OLI1516","Unknown","46,XY disorder of sex development",1,TRUE,TRUE,"unique_exact_genomic_allele",TRUE,"Benign","LIKELY_BENIGN","B/LB"
"5:37816010:G:A","OLI021","Monogenic+Modifier","Hirschsprung disease",1,TRUE,TRUE,"unique_exact_genomic_allele",TRUE,"Deleterious","BENIGN","B/LB"
"5:37816010:G:A","OLI575","Unknown","Disorder of sex development",1,TRUE,TRUE,"unique_exact_genomic_allele",TRUE,"Deleterious","BENIGN","B/LB"
"5:42695056:G:T","OLI1538","Unknown","46,XY disorder of sex development",1,TRUE,TRUE,"unique_exact_genomic_allele",TRUE,"Uncertain","LIKELY_BENIGN","B/LB"
"5:42695056:G:T","OLI1541","Unknown","46,XY disorder of sex development",1,TRUE,TRUE,"unique_exact_genomic_allele",TRUE,"Uncertain","LIKELY_BENIGN","B/LB"
"5:42695056:G:T","OLI1559","Unknown","Syndrome with 46,XY disorder of sex development",1,TRUE,TRUE,"unique_exact_genomic_allele",TRUE,"Uncertain","LIKELY_BENIGN","B/LB"
"5:42699881:G:A","OLI906","Unknown","Normosmic congenital hypogonadotropic hypogonadism",1,TRUE,TRUE,"unique_exact_genomic_allele",TRUE,"Deleterious","POSSIBLY_PATHOGENIC_MODERATE","Possibly pathogenic"
"5:42699976:G:A","OLI1533","Unknown","46,XY disorder of sex development",1,TRUE,TRUE,"unique_exact_genomic_allele",TRUE,"Uncertain","UNCERTAIN_SIGNIFICANCE","VUS"
"5:42718493:A:G","OLI1532","Unknown","46,XY disorder of sex development",1,TRUE,TRUE,"unique_exact_genomic_allele",TRUE,"Uncertain","UNCERTAIN_SIGNIFICANCE","VUS"
"5:42718935:C:G","OLI1559","Unknown","Syndrome with 46,XY disorder of sex development",1,TRUE,TRUE,"unique_exact_genomic_allele",TRUE,"Uncertain","UNCERTAIN_SIGNIFICANCE","VUS"
"5:42719002:G:A","OLI1545","Unknown","46,XY disorder of sex development",1,TRUE,TRUE,"unique_exact_genomic_allele",TRUE,"Uncertain","POSSIBLY_PATHOGENIC_LOW","Possibly pathogenic"
"5:42719049:T:G","OLI1555","Unknown","46,XY disorder of sex development",1,TRUE,TRUE,"unique_exact_genomic_allele",TRUE,"Uncertain","LIKELY_BENIGN","B/LB"
"5:42719087:A:T","OLI1579","Unknown","Syndrome with 46,XY disorder of sex development",1,TRUE,TRUE,"unique_exact_genomic_allele",TRUE,"Uncertain","UNCERTAIN_SIGNIFICANCE","VUS"
"5:42719362:A:G","OLI911","Unknown","Normosmic congenital hypogonadotropic hypogonadism",1,TRUE,TRUE,"unique_exact_genomic_allele",TRUE,"Deleterious","POSSIBLY_PATHOGENIC_LOW","Possibly pathogenic"
"5:44388715:C:T","OLI601","Unknown","Disorder of sex development",1,TRUE,TRUE,"unique_exact_genomic_allele",TRUE,"Benign","BENIGN","B/LB"
"5:5232488:CAT:T","OLI1745","Unknown","46,XY disorder of sex development",1,FALSE,FALSE,NA,NA,NA,NA,NA
"5:5239861:G:A","OLI1040","Unknown","Primary ovarian failure",1,TRUE,TRUE,"unique_exact_genomic_allele",TRUE,"Uncertain","UNCERTAIN_SIGNIFICANCE","VUS"
"5:56859791:A:G","OLI766","Unknown","46,XY disorder of sex development",1,TRUE,TRUE,"unique_exact_genomic_allele",TRUE,"Benign","BENIGN","B/LB"
"5:56865412:C:T","OLI1563","Unknown","Syndrome with 46,XY disorder of sex development",1,TRUE,TRUE,"unique_exact_genomic_allele",TRUE,"Benign","UNCERTAIN_SIGNIFICANCE","VUS"
"5:56881865:G:C","OLI997","Unknown","Androgen insensitivity syndrome; 46,XY disorder of sex development",1,TRUE,TRUE,"unique_exact_genomic_allele",TRUE,"Benign","BENIGN","B/LB"
"5:56882618:A:G","OLI1510","Unknown","46,XY disorder of sex development",1,TRUE,TRUE,"unique_exact_genomic_allele",TRUE,"Uncertain","UNCERTAIN_SIGNIFICANCE","VUS"
"5:56882757:A:G","OLI1515","Unknown","46,XY disorder of sex development",1,TRUE,TRUE,"unique_exact_genomic_allele",TRUE,"Uncertain","POSSIBLY_PATHOGENIC_LOW","Possibly pathogenic"
"5:67100562:C:T","OLI559","Unknown","Generalized epilepsy with febrile seizures-plus; Juvenile myoclonic epilepsy",1,TRUE,TRUE,"unique_exact_genomic_allele",TRUE,"Uncertain","UNCERTAIN_SIGNIFICANCE","VUS"
"5:67153534:C:G","OLI557","Unknown","Generalized epilepsy with febrile seizures-plus; Childhood absence epilepsy",1,TRUE,TRUE,"unique_exact_genomic_allele",TRUE,"Uncertain","UNCERTAIN_SIGNIFICANCE","VUS"
"5:67163665:G:A","OLI558","Unknown","Juvenile myoclonic epilepsy",1,TRUE,TRUE,"unique_exact_genomic_allele",TRUE,"Uncertain","UNCERTAIN_SIGNIFICANCE","VUS"
"5:68293835:G:A","OLI1712","Unknown","Common variable immunodeficiency",1,TRUE,TRUE,"unique_exact_genomic_allele",TRUE,"Deleterious","PATHOGENIC","P/LP"
"5:71641018:G:A","OLI264","Unknown","Osteopetrosis,Mental retardation,Short stature,Spastic paraparesis",1,TRUE,TRUE,"unique_exact_genomic_allele",TRUE,"Deleterious","LIKELY_PATHOGENIC","P/LP"
"5:73776599:C:G","OLI328","Unknown","Amyotrophic lateral sclerosis",1,TRUE,TRUE,"unique_exact_genomic_allele",TRUE,"Benign","LIKELY_BENIGN","B/LB"
"5:73840513:G:T","OLI1634","Unknown","Amyotrophic lateral sclerosis",1,TRUE,TRUE,"unique_exact_genomic_allele",TRUE,"","POSSIBLY_PATHOGENIC_MODERATE","Possibly pathogenic"
"5:73858087:A:G","OLI1619","Unknown","Amyotrophic lateral sclerosis",1,TRUE,TRUE,"unique_exact_genomic_allele",TRUE,"Benign","UNCERTAIN_SIGNIFICANCE","VUS"
"5:73858141:C:T","OLI1620","Unknown","Amyotrophic lateral sclerosis",1,TRUE,TRUE,"unique_exact_genomic_allele",TRUE,"Uncertain","UNCERTAIN_SIGNIFICANCE","VUS"
"5:73909895:G:A","OLI1629","Unknown","Amyotrophic lateral sclerosis",1,TRUE,TRUE,"unique_exact_genomic_allele",TRUE,"Benign","UNCERTAIN_SIGNIFICANCE","VUS"
"5:74685474:C:T","OLI331","Unknown","Amyotrophic lateral sclerosis",1,TRUE,TRUE,"unique_exact_genomic_allele",TRUE,"Uncertain","BENIGN","B/LB"
"5:7892824:A:G","OLI713","Unknown","Isolated anencephaly",1,TRUE,TRUE,"unique_exact_genomic_allele",TRUE,"Uncertain","BENIGN","B/LB"
"5:79121335:G:A","OLI726","Unknown","Isolated anencephaly",1,TRUE,TRUE,"unique_exact_genomic_allele",TRUE,"Uncertain","BENIGN","B/LB"
"5:79121335:G:A","OLI743","Unknown","Isolated anencephaly",1,TRUE,TRUE,"unique_exact_genomic_allele",TRUE,"Uncertain","BENIGN","B/LB"
"5:79130977:G:A","OLI719","Unknown","Isolated anencephaly",1,TRUE,TRUE,"unique_exact_genomic_allele",TRUE,"Uncertain","POSSIBLY_BENIGN","Possibly benign"
"5:840603:C:T","OLI574","Unknown","Disorder of sex development",1,TRUE,TRUE,"unique_exact_genomic_allele",TRUE,"Benign","UNCERTAIN_SIGNIFICANCE","VUS"
"5:87376903:A:G","OLI839","Unknown","Cerebral arteriovenous malformation",1,TRUE,TRUE,"unique_exact_genomic_allele",TRUE,"Uncertain","POSSIBLY_PATHOGENIC_MODERATE","Possibly pathogenic"
"5:90629257:A:AT","OLI108","Unknown","Usher syndrome type 2",1,TRUE,TRUE,"unique_exact_genomic_allele",TRUE,"Benign","PATHOGENIC","P/LP"
"5:90646093:T:G","OLI254","True Digenic","Non-syndromic genetic deafness",1,TRUE,TRUE,"unique_exact_genomic_allele",TRUE,"Deleterious","PATHOGENIC","P/LP"
"5:90685822:C:T","OLI1319","Unknown","Rare genetic deafness",1,TRUE,TRUE,"unique_exact_genomic_allele",TRUE,"Uncertain","BENIGN","B/LB"
"5:90694338:C:T","OLI1034","Unknown","Atypical hemolytic uremic syndrome; Meniere Disease",1,TRUE,TRUE,"unique_exact_genomic_allele",TRUE,"Benign","BENIGN","B/LB"
"5:90745611:A:T","OLI1319","Unknown","Rare genetic deafness",1,TRUE,TRUE,"unique_exact_genomic_allele",TRUE,"Benign","UNCERTAIN_SIGNIFICANCE","VUS"
"5:90781512:A:ATGGAACTCCAGGAGGG","OLI552","Unknown","Retinitis pigmentosa",1,TRUE,TRUE,"unique_exact_genomic_allele",TRUE,"","LIKELY_PATHOGENIC","P/LP"
"5:90783310:T:A","OLI1649","Unknown","Non-syndromic genetic deafness",1,TRUE,TRUE,"unique_exact_genomic_allele",TRUE,"Benign","POSSIBLY_PATHOGENIC_LOW","Possibly pathogenic"
"5:90790948:G:T","OLI102","Unknown","Usher syndrome type 1",1,TRUE,TRUE,"unique_exact_genomic_allele",TRUE,"Uncertain","LIKELY_PATHOGENIC","P/LP"
"5:90828952:G:C","OLI101","Unknown","Usher syndrome type 1",1,TRUE,TRUE,"unique_exact_genomic_allele",TRUE,"Uncertain","UNCERTAIN_SIGNIFICANCE","VUS"
"5:90840606:G:A","OLI1035","Unknown","Atypical hemolytic uremic syndrome; Meniere Disease",1,TRUE,TRUE,"unique_exact_genomic_allele",TRUE,"Uncertain","UNCERTAIN_SIGNIFICANCE","VUS"
"5:90848753:TG:T","OLI122","Unknown","Usher syndrome type 2",1,TRUE,TRUE,"unique_exact_genomic_allele",TRUE,"Benign","PATHOGENIC","P/LP"
"5:90855813:CAT:C","OLI108","Unknown","Usher syndrome type 2",1,TRUE,TRUE,"unique_exact_genomic_allele",TRUE,"Benign","PATHOGENIC","P/LP"
"5:96393006:T:G","OLI1406","Unknown","Hypogonadotropic hypogonadism with absent puberty phenotype",1,TRUE,TRUE,"unique_exact_genomic_allele",TRUE,"Benign","LIKELY_BENIGN","B/LB"
"5:96421999:A:C","OLI1166","Unknown","Kallmann syndrome",1,TRUE,TRUE,"unique_exact_genomic_allele",TRUE,"Benign","POSSIBLY_BENIGN","Possibly benign"
"5:96429259:C:T","OLI132","Dual Molecular Diagnosis","MODY; Normosmic congenital hypogonadotropic hypogonadism",1,TRUE,TRUE,"unique_exact_genomic_allele",TRUE,"Uncertain","BENIGN","B/LB"
"6:109716523:G:A","OLI660","Unknown","Amyotrophic lateral sclerosis",1,TRUE,TRUE,"unique_exact_genomic_allele",TRUE,"Uncertain","POSSIBLY_PATHOGENIC_LOW","Possibly pathogenic"
"6:109727240:C:T","OLI950","Unknown","Amyotrophic lateral sclerosis",1,TRUE,TRUE,"unique_exact_genomic_allele",TRUE,"Uncertain","POSSIBLY_PATHOGENIC_LOW","Possibly pathogenic"
"6:109735190:A:G","OLI951","Unknown","Amyotrophic lateral sclerosis",1,TRUE,TRUE,"unique_exact_genomic_allele",TRUE,"Uncertain","UNCERTAIN_SIGNIFICANCE","VUS"
"6:109738336:A:G","OLI442","Unknown","Amyotrophic lateral sclerosis",1,TRUE,TRUE,"unique_exact_genomic_allele",TRUE,"Benign","LIKELY_BENIGN","B/LB"
"6:109743265:T:TT","OLI656","Unknown","Amyotrophic lateral sclerosis",1,FALSE,FALSE,NA,NA,NA,NA,NA
"6:109743713:C:T","OLI664","Unknown","Amyotrophic lateral sclerosis",1,TRUE,TRUE,"unique_exact_genomic_allele",TRUE,"Deleterious","POSSIBLY_PATHOGENIC_LOW","Possibly pathogenic"
"6:109777050:A:G","OLI1013","Unknown","Amyotrophic lateral sclerosis",1,TRUE,TRUE,"unique_exact_genomic_allele",TRUE,"Benign","POSSIBLY_PATHOGENIC_LOW","Possibly pathogenic"
"6:109786433:A:G","OLI283","Unknown","Amyotrophic lateral sclerosis",1,TRUE,TRUE,"unique_exact_genomic_allele",TRUE,"Uncertain","POSSIBLY_PATHOGENIC_LOW","Possibly pathogenic"
"6:109789584:C:G","OLI1630","Unknown","Amyotrophic lateral sclerosis",1,TRUE,TRUE,"unique_exact_genomic_allele",TRUE,"Benign","LIKELY_BENIGN","B/LB"
"6:109789613:G:A","OLI1635","Unknown","Amyotrophic lateral sclerosis",1,TRUE,TRUE,"unique_exact_genomic_allele",TRUE,"Benign","POSSIBLY_PATHOGENIC_LOW","Possibly pathogenic"
"6:109825294:G:A","OLI966","Unknown","Amyotrophic lateral sclerosis",1,TRUE,TRUE,"unique_exact_genomic_allele",TRUE,"Benign","BENIGN","B/LB"
"6:112114132:G:A","OLI231","Unknown","Hypertrophic cardiomyopathy",1,TRUE,TRUE,"unique_exact_genomic_allele",TRUE,"Deleterious","LIKELY_BENIGN","B/LB"
"6:112131011:C:T","OLI068","Monogenic+Modifier","Dilated cardiomyopathy",1,TRUE,TRUE,"unique_exact_genomic_allele",TRUE,"Deleterious","POSSIBLY_PATHOGENIC_LOW","Possibly pathogenic"
"6:116632280:C:T","OLI611","Unknown","Heterotaxia",1,TRUE,TRUE,"unique_exact_genomic_allele",TRUE,"Uncertain","LIKELY_BENIGN","B/LB"
"6:116792599:A:AA","OLI1508","Unknown","46,XY disorder of sex development",1,FALSE,FALSE,NA,NA,NA,NA,NA
"6:116792599:A:AA","OLI1561","Unknown","Syndrome with 46,XY disorder of sex development",1,FALSE,FALSE,NA,NA,NA,NA,NA
"6:116792599:A:AA","OLI1567","Unknown","Syndrome with 46,XY disorder of sex development",1,FALSE,FALSE,NA,NA,NA,NA,NA
"6:116793041:C:T","OLI1525","Unknown","46,XY disorder of sex development",1,TRUE,TRUE,"unique_exact_genomic_allele",TRUE,"Deleterious","POSSIBLY_PATHOGENIC_MODERATE","Possibly pathogenic"
"6:116800604:T:G","OLI1526","Unknown","46,XY disorder of sex development",1,TRUE,TRUE,"unique_exact_genomic_allele",TRUE,"Uncertain","POSSIBLY_BENIGN","Possibly benign"
"6:116800604:T:G","OLI1558","Unknown","Syndrome with 46,XY disorder of sex development",1,TRUE,TRUE,"unique_exact_genomic_allele",TRUE,"Uncertain","POSSIBLY_BENIGN","Possibly benign"
"6:116800604:T:G","OLI1563","Unknown","Syndrome with 46,XY disorder of sex development",1,TRUE,TRUE,"unique_exact_genomic_allele",TRUE,"Uncertain","POSSIBLY_BENIGN","Possibly benign"
"6:116800741:A:T","OLI1518","Unknown","46,XY disorder of sex development",1,TRUE,TRUE,"unique_exact_genomic_allele",TRUE,"Deleterious","BENIGN","B/LB"
"6:116800750:G:C","OLI1541","Unknown","46,XY disorder of sex development",1,TRUE,TRUE,"unique_exact_genomic_allele",TRUE,"","POSSIBLY_PATHOGENIC_MODERATE","Possibly pathogenic"
"6:116807035:C:A","OLI1570","Unknown","Syndrome with 46,XY disorder of sex development",1,TRUE,TRUE,"unique_exact_genomic_allele",TRUE,"Uncertain","POSSIBLY_PATHOGENIC_LOW","Possibly pathogenic"
"6:116809387:G:A","OLI1519","Unknown","46,XY disorder of sex development",1,TRUE,TRUE,"unique_exact_genomic_allele",TRUE,"Deleterious","POSSIBLY_PATHOGENIC_MODERATE","Possibly pathogenic"
"6:118913355:C:A","OLI1041","Unknown","Primary ovarian failure",1,TRUE,TRUE,"unique_exact_genomic_allele",TRUE,"Uncertain","UNCERTAIN_SIGNIFICANCE","VUS"
"6:118913414:T:C","OLI555","Dual Molecular Diagnosis","Normosmic congenital hypogonadotropic hypogonadism",1,TRUE,TRUE,"unique_exact_genomic_allele",TRUE,"Uncertain","BENIGN","B/LB"
"6:121447974:G:A","OLI926","Unknown","Transposition of the great arteries",1,TRUE,TRUE,"unique_exact_genomic_allele",TRUE,"Deleterious","LIKELY_BENIGN","B/LB"
"6:127290309:ACTCT:A","OLI1157","Unknown","Short chain acyl-CoA dehydrogenase deficiency",1,TRUE,TRUE,"unique_exact_genomic_allele",TRUE,"","LIKELY_PATHOGENIC","P/LP"
"6:127316495:A:G","OLI1156","Unknown","Short chain acyl-CoA dehydrogenase deficiency",1,TRUE,TRUE,"unique_exact_genomic_allele",TRUE,"Benign","UNCERTAIN_SIGNIFICANCE","VUS"
"6:127327143:ACCTGC:TA","OLI1158","Unknown","Short chain acyl-CoA dehydrogenase deficiency",1,TRUE,TRUE,"unique_exact_genomic_allele",TRUE,"","PATHOGENIC","P/LP"
"6:129059879:A:G","OLI982","Unknown","Congenital nephrotic syndrome",1,TRUE,TRUE,"unique_exact_genomic_allele",TRUE,"Deleterious","POSSIBLY_PATHOGENIC_LOW","Possibly pathogenic"
"6:129369910:C:T","OLI1697","Unknown","Schizophrenia",1,TRUE,TRUE,"unique_exact_genomic_allele",TRUE,"Uncertain","POSSIBLY_BENIGN","Possibly benign"
"6:131581299:T:C","OLI1679","Unknown","Non-Syndromic genetic keratoconus",1,TRUE,TRUE,"unique_exact_genomic_allele",TRUE,"Deleterious","LIKELY_PATHOGENIC","P/LP"
"6:131861650:G:A","OLI1248","Unknown","Epidermolysis bullosa simplex",1,TRUE,TRUE,"unique_exact_genomic_allele",TRUE,"Deleterious","POSSIBLY_PATHOGENIC_LOW","Possibly pathogenic"
"6:135429886:G:A","OLI832","Unknown","Acrocallosal syndrome",1,TRUE,TRUE,"unique_exact_genomic_allele",TRUE,"Uncertain","BENIGN","B/LB"
"6:137219288:C:T","OLI1330","Unknown","Primary immunodeficiency",1,TRUE,TRUE,"unique_exact_genomic_allele",TRUE,"Uncertain","BENIGN","B/LB"
"6:137875748:C:T","OLI673","Dual Molecular Diagnosis","Generalized pustular psoriasis; Behcet disease",1,TRUE,TRUE,"unique_exact_genomic_allele",TRUE,"","PATHOGENIC","P/LP"
"6:144186636:C:A","OLI545","Unknown","Familial hemophagocytic lymphohistiocytosis",1,TRUE,TRUE,"unique_exact_genomic_allele",TRUE,"Uncertain","POSSIBLY_PATHOGENIC_LOW","Possibly pathogenic"
"6:144186749:T:C","OLI980","Unknown","Hemophagocytic syndrome",1,TRUE,TRUE,"unique_exact_genomic_allele",TRUE,"Uncertain","POSSIBLY_PATHOGENIC_LOW","Possibly pathogenic"
"6:144186848:C:T","OLI544","Unknown","Familial hemophagocytic lymphohistiocytosis",1,TRUE,TRUE,"unique_exact_genomic_allele",TRUE,"Uncertain","BENIGN","B/LB"
"6:144187254:C:A","OLI052","Unknown","Primary hemophagocytic lymphohistiocytosis",1,TRUE,TRUE,"unique_exact_genomic_allele",TRUE,"Benign","UNCERTAIN_SIGNIFICANCE","VUS"
"6:149749740:C:T","OLI690","Unknown","Isolated anencephaly",1,TRUE,TRUE,"unique_exact_genomic_allele",TRUE,"Uncertain","UNCERTAIN_SIGNIFICANCE","VUS"
"6:150949095:G:A","OLI1471","Unknown","NON RARE IN EUROPE: Alzheimer disease",1,TRUE,TRUE,"unique_exact_genomic_allele",TRUE,"Uncertain","BENIGN","B/LB"
"6:150971969:C:T","OLI738","Unknown","Isolated anencephaly",1,TRUE,TRUE,"unique_exact_genomic_allele",TRUE,"Uncertain","UNCERTAIN_SIGNIFICANCE","VUS"
"6:151808349:C:A","OLI1001","Unknown","Androgen insensitivity syndrome; 46,XY disorder of sex development",1,TRUE,TRUE,"unique_exact_genomic_allele",TRUE,"Uncertain","BENIGN","B/LB"
"6:152316850:T:C","OLI1046","Unknown","Primary ovarian failure",1,TRUE,TRUE,"unique_exact_genomic_allele",TRUE,"Deleterious","POSSIBLY_PATHOGENIC_MODERATE","Possibly pathogenic"
"6:15496699:C:T","OLI735","Unknown","Isolated anencephaly",1,TRUE,TRUE,"unique_exact_genomic_allele",TRUE,"Uncertain","BENIGN","B/LB"
"6:15496699:C:T","OLI737","Unknown","Isolated anencephaly",1,TRUE,TRUE,"unique_exact_genomic_allele",TRUE,"Uncertain","BENIGN","B/LB"
"6:159692686:C:G","OLI747","Unknown","Isolated anencephaly",1,TRUE,TRUE,"unique_exact_genomic_allele",TRUE,"Uncertain","UNCERTAIN_SIGNIFICANCE","VUS"
"6:1610824:C:T","OLI248","Unknown","Congenital glaucoma; Rare congenital non-syndromic heart malformation",1,TRUE,TRUE,"unique_exact_genomic_allele",TRUE,"Deleterious","LIKELY_PATHOGENIC","P/LP"
"6:1610824:C:T","OLI249","True Digenic","Congenital glaucoma",1,TRUE,TRUE,"unique_exact_genomic_allele",TRUE,"Deleterious","LIKELY_PATHOGENIC","P/LP"
"6:1611051:GC:G","OLI253","Monogenic+Modifier","Axenfeld-Rieger syndrome",1,TRUE,TRUE,"unique_exact_genomic_allele",TRUE,"Benign","LIKELY_PATHOGENIC","P/LP"
"6:161350176:A:G","OLI128","Unknown","Parkinson disease",1,TRUE,TRUE,"unique_exact_genomic_allele",TRUE,"Deleterious","PATHOGENIC","P/LP"
"6:161350187:G:A","OLI129","Unknown","Parkinson disease",1,TRUE,TRUE,"unique_exact_genomic_allele",TRUE,"Uncertain","BENIGN","B/LB"
"6:161350196:A:T","OLI229","Unknown","Parkinson disease",1,TRUE,TRUE,"unique_exact_genomic_allele",TRUE,"Deleterious","LIKELY_PATHOGENIC","P/LP"
"6:161386865:G:A","OLI228","Unknown","Parkinson disease",1,TRUE,TRUE,"unique_exact_genomic_allele",TRUE,"Uncertain","BENIGN","B/LB"
"6:162201141:GT:G","OLI127","Monogenic+Modifier","Parkinson disease",1,TRUE,TRUE,"unique_exact_genomic_allele",TRUE,"Benign","LIKELY_PATHOGENIC","P/LP"
"6:162443386:T:G","OLI1310","Unknown","NON RARE IN EUROPE: Alzheimer disease",1,TRUE,TRUE,"unique_exact_genomic_allele",TRUE,"Uncertain","UNCERTAIN_SIGNIFICANCE","VUS"
"6:162443386:T:G","OLI1311","Unknown","NON RARE IN EUROPE: Alzheimer disease",1,TRUE,TRUE,"unique_exact_genomic_allele",TRUE,"Uncertain","UNCERTAIN_SIGNIFICANCE","VUS"
"6:162443386:T:G","OLI1312","Unknown","Frontotemporal dementia",1,TRUE,TRUE,"unique_exact_genomic_allele",TRUE,"Uncertain","UNCERTAIN_SIGNIFICANCE","VUS"
"6:169237742:C:T","OLI1049","Unknown","Primary ovarian failure",1,TRUE,TRUE,"unique_exact_genomic_allele",TRUE,"Uncertain","UNCERTAIN_SIGNIFICANCE","VUS"
"6:24503362:C:T","OLI932","Unknown","Rare pervasive developmental disorder",1,TRUE,TRUE,"unique_exact_genomic_allele",TRUE,"Benign","BENIGN","B/LB"
"6:24504871:G:A","OLI932","Unknown","Rare pervasive developmental disorder",1,TRUE,TRUE,"unique_exact_genomic_allele",TRUE,"","PATHOGENIC","P/LP"
"6:26027093:C:T","OLI979","Unknown","Left ventricular noncompaction",1,TRUE,TRUE,"unique_exact_genomic_allele",FALSE,"Uncertain","UNCERTAIN_SIGNIFICANCE","VUS"
"6:26087393:C:G","OLI966","Unknown","Amyotrophic lateral sclerosis",1,TRUE,TRUE,"unique_exact_genomic_allele",FALSE,"Benign","BENIGN","B/LB"
"6:26090951:C:G","OLI167","Dual Molecular Diagnosis","Porphyria",1,TRUE,TRUE,"unique_exact_genomic_allele",TRUE,"Uncertain","PATHOGENIC","P/LP"
"6:26092913:G:A","OLI186","True Digenic","Rare hereditary hemochromatosis",1,TRUE,TRUE,"unique_exact_genomic_allele",TRUE,"Deleterious","LIKELY_PATHOGENIC","P/LP"
"6:26092913:G:A","OLI187","Monogenic+Modifier","Rare hereditary hemochromatosis",1,TRUE,TRUE,"unique_exact_genomic_allele",TRUE,"Deleterious","LIKELY_PATHOGENIC","P/LP"
"6:3085270:G:A","OLI1049","Unknown","Primary ovarian failure",1,TRUE,TRUE,"unique_exact_genomic_allele",TRUE,"Uncertain","BENIGN","B/LB"
"6:31753314:C:T","OLI1723","Unknown","Primary ovarian failure",1,TRUE,TRUE,"unique_exact_genomic_allele",TRUE,"Deleterious","POSSIBLY_PATHOGENIC_MODERATE","Possibly pathogenic"
"6:31758201:C:G","OLI1730","Unknown","Primary ovarian failure",1,TRUE,TRUE,"unique_exact_genomic_allele",TRUE,"Uncertain","BENIGN","B/LB"
"6:32040110:G:T","OLI1069","Unknown","Primary ovarian failure",1,TRUE,TRUE,"unique_exact_genomic_allele",TRUE,"Uncertain","PATHOGENIC","P/LP"
"6:32041006:C:T","OLI1040","Unknown","Primary ovarian failure",1,TRUE,TRUE,"unique_exact_genomic_allele",TRUE,"Uncertain","LIKELY_PATHOGENIC","P/LP"
"6:32081400:C:T","OLI1676","Unknown","Syndromic genetic keratoconus",1,TRUE,TRUE,"unique_exact_genomic_allele",TRUE,"Benign","LIKELY_BENIGN","B/LB"
"6:32204310:G:A","OLI1045","Unknown","Primary ovarian failure",1,TRUE,TRUE,"unique_exact_genomic_allele",TRUE,"Uncertain","UNCERTAIN_SIGNIFICANCE","VUS"
"6:32843013:G:A","OLI115","Unknown","CANDLE syndrome",1,TRUE,TRUE,"unique_exact_genomic_allele",TRUE,"Deleterious","PATHOGENIC","P/LP"
"6:32843013:G:A","OLI116","True Digenic","CANDLE syndrome",1,TRUE,TRUE,"unique_exact_genomic_allele",TRUE,"Deleterious","PATHOGENIC","P/LP"
"6:32853681:C:A","OLI1715","Unknown","Common variable immunodeficiency",1,TRUE,TRUE,"unique_exact_genomic_allele",TRUE,"","POSSIBLY_BENIGN","Possibly benign"
"6:32858467:G:A","OLI117","True Digenic","CANDLE syndrome",1,TRUE,TRUE,"unique_exact_genomic_allele",TRUE,"Benign","LIKELY_PATHOGENIC","P/LP"
"6:32978333:G:A","OLI729","Unknown","Isolated anencephaly",1,TRUE,TRUE,"unique_exact_genomic_allele",TRUE,"Benign","UNCERTAIN_SIGNIFICANCE","VUS"
"6:33189144:G:A","OLI296","Unknown","Adolescent idiopathic scoliosis",1,TRUE,TRUE,"unique_exact_genomic_allele",TRUE,"Benign","LIKELY_BENIGN","B/LB"
"6:33684093:T:C","OLI932","Unknown","Rare pervasive developmental disorder",1,TRUE,TRUE,"unique_exact_genomic_allele",TRUE,"Deleterious","POSSIBLY_PATHOGENIC_MODERATE","Possibly pathogenic"
"6:37644574:C:T","OLI554","Monogenic+Modifier","Schizophrenia",1,TRUE,TRUE,"unique_exact_genomic_allele",TRUE,"Uncertain","UNCERTAIN_SIGNIFICANCE","VUS"
"6:41786275:C:G","OLI698","Unknown","Isolated anencephaly",1,TRUE,TRUE,"unique_exact_genomic_allele",TRUE,"Uncertain","POSSIBLY_BENIGN","Possibly benign"
"6:42603600:C:A","OLI783","Unknown","Male infertility due to sperm disorder",1,TRUE,TRUE,"unique_exact_genomic_allele",TRUE,"Benign","LIKELY_BENIGN","B/LB"
"6:42721781:A:G","OLI222","True Digenic","Retinitis pigmentosa",1,TRUE,TRUE,"unique_exact_genomic_allele",TRUE,"Deleterious","PATHOGENIC","P/LP"
"6:42721781:A:G","OLI223","True Digenic","Retinitis pigmentosa",1,TRUE,TRUE,"unique_exact_genomic_allele",TRUE,"Deleterious","PATHOGENIC","P/LP"
"6:43130390:A:G","OLI731","Unknown","Isolated anencephaly",1,TRUE,TRUE,"unique_exact_genomic_allele",TRUE,"Uncertain","UNCERTAIN_SIGNIFICANCE","VUS"
"6:43141985:C:G","OLI293","Unknown","Adolescent idiopathic scoliosis",1,TRUE,TRUE,"unique_exact_genomic_allele",TRUE,"Uncertain","UNCERTAIN_SIGNIFICANCE","VUS"
"6:43142077:C:T","OLI296","Unknown","Adolescent idiopathic scoliosis",1,TRUE,TRUE,"unique_exact_genomic_allele",TRUE,"Uncertain","UNCERTAIN_SIGNIFICANCE","VUS"
"6:43143462:C:G","OLI509","Unknown","Isolated spina bifida",1,TRUE,TRUE,"unique_exact_genomic_allele",TRUE,"Uncertain","POSSIBLY_BENIGN","Possibly benign"
"6:43770806:C:T","OLI1238","Unknown","Recurrent implantation failure,Primary infertility",1,TRUE,TRUE,"unique_exact_genomic_allele",TRUE,"Benign","UNCERTAIN_SIGNIFICANCE","VUS"
"6:43780784:C:T","OLI1588","Unknown","Amyotrophic lateral sclerosis",1,TRUE,TRUE,"unique_exact_genomic_allele",TRUE,"Uncertain","UNCERTAIN_SIGNIFICANCE","VUS"
"6:47606235:G:A","OLI320","True Digenic","Genetic steroid-resistant nephrotic syndrome",1,TRUE,TRUE,"unique_exact_genomic_allele",TRUE,"Uncertain","UNCERTAIN_SIGNIFICANCE","VUS"
"6:51744505:A:G","OLI216","Unknown","Meckel syndrome",1,TRUE,TRUE,"unique_exact_genomic_allele",TRUE,"Deleterious","LIKELY_PATHOGENIC","P/LP"
"6:51847940:C:T","OLI963","Monogenic+Modifier","Autosomal recessive polycystic kidney disease",1,TRUE,TRUE,"unique_exact_genomic_allele",TRUE,"Uncertain","BENIGN","B/LB"
"6:52056716:G:A","OLI963","Monogenic+Modifier","Autosomal recessive polycystic kidney disease",1,TRUE,TRUE,"unique_exact_genomic_allele",TRUE,"Uncertain","BENIGN","B/LB"
"6:63788104:C:T","OLI185","True Digenic","Retinitis pigmentosa",1,TRUE,TRUE,"unique_exact_genomic_allele",TRUE,"Deleterious","PATHOGENIC","P/LP"
"6:64230606:C:T","OLI450","Unknown","Retinitis pigmentosa",1,TRUE,TRUE,"unique_exact_genomic_allele",TRUE,"Benign","POSSIBLY_PATHOGENIC_LOW","Possibly pathogenic"
"6:64902203:C:T","OLI450","Unknown","Retinitis pigmentosa",1,TRUE,TRUE,"unique_exact_genomic_allele",TRUE,"Deleterious","POSSIBLY_PATHOGENIC_LOW","Possibly pathogenic"
"6:69701469:TC:T","OLI153","True Digenic","Transcobalamin deficiency",1,TRUE,TRUE,"unique_exact_genomic_allele",TRUE,"Benign","PATHOGENIC","P/LP"
"6:72264993:TA:T","OLI449","Unknown","Retinitis pigmentosa",1,TRUE,TRUE,"unique_exact_genomic_allele",TRUE,"Benign","LIKELY_PATHOGENIC","P/LP"
"6:730671:A:G","OLI1181","True Digenic","Spinocerebellar ataxia type 17",1,TRUE,TRUE,"unique_exact_genomic_allele",FALSE,"","POSSIBLY_BENIGN","Possibly benign"
"6:730671:A:G","OLI1210","Unknown","Spinocerebellar ataxia type 17",1,TRUE,TRUE,"unique_exact_genomic_allele",FALSE,"","POSSIBLY_BENIGN","Possibly benign"
"6:7541953:C:T","OLI547","Unknown","Arrhythmogenic right ventricular cardiomyopathy",1,TRUE,TRUE,"unique_exact_genomic_allele",TRUE,"Uncertain","POSSIBLY_BENIGN","Possibly benign"
"6:7563749:C:T","OLI236","Unknown","Dilated cardiomyopathy",1,TRUE,TRUE,"unique_exact_genomic_allele",TRUE,"Uncertain","POSSIBLY_PATHOGENIC_LOW","Possibly pathogenic"
"6:7568448:G:GA","OLI548","Unknown","Arrhythmogenic right ventricular cardiomyopathy",1,TRUE,TRUE,"unique_exact_genomic_allele",TRUE,"Benign","PATHOGENIC","P/LP"
"6:7571879:A:C","OLI233","Unknown","Hypertrophic cardiomyopathy",1,TRUE,TRUE,"unique_exact_genomic_allele",TRUE,"Benign","UNCERTAIN_SIGNIFICANCE","VUS"
"6:75914149:A:C","OLI831","Dual Molecular Diagnosis","Non-syndromic genetic deafness; Severe congenital neutropenia",1,TRUE,TRUE,"unique_exact_genomic_allele",TRUE,"Uncertain","UNCERTAIN_SIGNIFICANCE","VUS"
"6:87589957:T:C","OLI928","Unknown","Transposition of the great arteries",1,TRUE,TRUE,"unique_exact_genomic_allele",TRUE,"Uncertain","PATHOGENIC","P/LP"
"6:90547353:C:T","OLI338","Unknown","Isolated Klippel-Feil syndrome",1,TRUE,TRUE,"unique_exact_genomic_allele",TRUE,"Uncertain","POSSIBLY_PATHOGENIC_LOW","Possibly pathogenic"
"6:99376173:G:A","OLI727","Unknown","Isolated anencephaly",1,TRUE,TRUE,"unique_exact_genomic_allele",TRUE,"Uncertain","UNCERTAIN_SIGNIFICANCE","VUS"
"7:100101957:C:G","OLI792","Unknown","Arthrogryposis syndrome",1,TRUE,TRUE,"unique_exact_genomic_allele",TRUE,"Uncertain","POSSIBLY_PATHOGENIC_LOW","Possibly pathogenic"
"7:100197791:G:A","OLI1061","Unknown","Primary ovarian failure",1,TRUE,TRUE,"unique_exact_genomic_allele",TRUE,"Deleterious","POSSIBLY_PATHOGENIC_LOW","Possibly pathogenic"
"7:100407244:T:C","OLI1331","Unknown","Primary immunodeficiency",1,TRUE,TRUE,"unique_exact_genomic_allele",TRUE,"Benign","LIKELY_BENIGN","B/LB"
"7:100419158:T:C","OLI1331","Unknown","Primary immunodeficiency",1,TRUE,TRUE,"unique_exact_genomic_allele",TRUE,"Uncertain","BENIGN","B/LB"
"7:103483726:T:C","OLI854","Unknown","Kallmann syndrome",1,TRUE,TRUE,"unique_exact_genomic_allele",TRUE,"Benign","LIKELY_BENIGN","B/LB"
"7:103483726:T:C","OLI907","Unknown","Normosmic congenital hypogonadotropic hypogonadism",1,TRUE,TRUE,"unique_exact_genomic_allele",TRUE,"Benign","LIKELY_BENIGN","B/LB"
"7:103498125:G:T","OLI1464","Unknown","Rare pervasive developmental disorder",1,TRUE,TRUE,"unique_exact_genomic_allele",TRUE,"Benign","LIKELY_BENIGN","B/LB"
"7:103522056:G:A","OLI1460","Unknown","Rare pervasive developmental disorder",1,TRUE,TRUE,"unique_exact_genomic_allele",TRUE,"Uncertain","POSSIBLY_BENIGN","Possibly benign"
"7:103522110:G:T","OLI1468","Unknown","Rare pervasive developmental disorder",1,TRUE,TRUE,"unique_exact_genomic_allele",TRUE,"Uncertain","LIKELY_BENIGN","B/LB"
"7:103522152:G:C","OLI1460","Unknown","Rare pervasive developmental disorder",1,TRUE,TRUE,"unique_exact_genomic_allele",TRUE,"Benign","BENIGN","B/LB"
"7:103545189:C:T","OLI1469","Unknown","Rare pervasive developmental disorder",1,TRUE,TRUE,"unique_exact_genomic_allele",TRUE,"Uncertain","POSSIBLY_BENIGN","Possibly benign"
"7:103545304:C:T","OLI1462","Unknown","Rare pervasive developmental disorder",1,TRUE,TRUE,"unique_exact_genomic_allele",TRUE,"Benign","BENIGN","B/LB"
"7:103553668:C:A","OLI1463","Unknown","Rare pervasive developmental disorder",1,TRUE,TRUE,"unique_exact_genomic_allele",TRUE,"Benign","LIKELY_BENIGN","B/LB"
"7:103553706:C:T","OLI1468","Unknown","Rare pervasive developmental disorder",1,TRUE,TRUE,"unique_exact_genomic_allele",TRUE,"Uncertain","BENIGN","B/LB"
"7:103557156:G:A","OLI1462","Unknown","Rare pervasive developmental disorder",1,TRUE,TRUE,"unique_exact_genomic_allele",TRUE,"Benign","BENIGN","B/LB"
"7:103565380:G:C","OLI1463","Unknown","Rare pervasive developmental disorder",1,TRUE,TRUE,"unique_exact_genomic_allele",TRUE,"Uncertain","BENIGN","B/LB"
"7:103565380:G:C","OLI1465","Unknown","Rare pervasive developmental disorder",1,TRUE,TRUE,"unique_exact_genomic_allele",TRUE,"Uncertain","BENIGN","B/LB"
"7:103565380:G:C","OLI1467","Unknown","Rare pervasive developmental disorder",1,TRUE,TRUE,"unique_exact_genomic_allele",TRUE,"Uncertain","BENIGN","B/LB"
"7:103565465:G:C","OLI886","Unknown","Kallmann syndrome",1,TRUE,TRUE,"unique_exact_genomic_allele",TRUE,"Benign","LIKELY_BENIGN","B/LB"
"7:103566602:A:T","OLI913","Unknown","Normosmic congenital hypogonadotropic hypogonadism",1,TRUE,TRUE,"unique_exact_genomic_allele",TRUE,"Benign","UNCERTAIN_SIGNIFICANCE","VUS"
"7:103574162:T:G","OLI872","Unknown","Kallmann syndrome",1,TRUE,TRUE,"unique_exact_genomic_allele",TRUE,"Uncertain","UNCERTAIN_SIGNIFICANCE","VUS"
"7:103574162:T:G","OLI875","Unknown","Kallmann syndrome",1,TRUE,TRUE,"unique_exact_genomic_allele",TRUE,"Uncertain","UNCERTAIN_SIGNIFICANCE","VUS"
"7:103574162:T:G","OLI876","Unknown","Kallmann syndrome",1,TRUE,TRUE,"unique_exact_genomic_allele",TRUE,"Uncertain","UNCERTAIN_SIGNIFICANCE","VUS"
"7:103574162:T:G","OLI877","Unknown","Kallmann syndrome",1,TRUE,TRUE,"unique_exact_genomic_allele",TRUE,"Uncertain","UNCERTAIN_SIGNIFICANCE","VUS"
"7:103574162:T:G","OLI878","Unknown","Kallmann syndrome",1,TRUE,TRUE,"unique_exact_genomic_allele",TRUE,"Uncertain","UNCERTAIN_SIGNIFICANCE","VUS"
"7:103574162:T:G","OLI900","Unknown","Normosmic congenital hypogonadotropic hypogonadism",1,TRUE,TRUE,"unique_exact_genomic_allele",TRUE,"Uncertain","UNCERTAIN_SIGNIFICANCE","VUS"
"7:103574162:T:G","OLI901","Unknown","Normosmic congenital hypogonadotropic hypogonadism",1,TRUE,TRUE,"unique_exact_genomic_allele",TRUE,"Uncertain","UNCERTAIN_SIGNIFICANCE","VUS"
"7:103574162:T:G","OLI905","Unknown","Normosmic congenital hypogonadotropic hypogonadism",1,TRUE,TRUE,"unique_exact_genomic_allele",TRUE,"Uncertain","UNCERTAIN_SIGNIFICANCE","VUS"
"7:103593882:T:G","OLI863","Unknown","Kallmann syndrome",1,TRUE,TRUE,"unique_exact_genomic_allele",TRUE,"Deleterious","BENIGN","B/LB"
"7:103593882:T:G","OLI905","Unknown","Normosmic congenital hypogonadotropic hypogonadism",1,TRUE,TRUE,"unique_exact_genomic_allele",TRUE,"Deleterious","BENIGN","B/LB"
"7:103594381:G:C","OLI1071","Unknown","Primary ovarian failure",1,TRUE,TRUE,"unique_exact_genomic_allele",TRUE,"Deleterious","BENIGN","B/LB"
"7:103596518:G:T","OLI1464","Unknown","Rare pervasive developmental disorder",1,TRUE,TRUE,"unique_exact_genomic_allele",TRUE,"Benign","BENIGN","B/LB"
"7:103603440:G:A","OLI888","Unknown","Kallmann syndrome",1,TRUE,TRUE,"unique_exact_genomic_allele",TRUE,"Uncertain","BENIGN","B/LB"
"7:103629953:C:T","OLI1465","Unknown","Rare pervasive developmental disorder",1,TRUE,TRUE,"unique_exact_genomic_allele",TRUE,"Uncertain","POSSIBLY_BENIGN","Possibly benign"
"7:103640597:G:A","OLI1065","Unknown","Primary ovarian failure",1,TRUE,TRUE,"unique_exact_genomic_allele",TRUE,"Uncertain","POSSIBLY_BENIGN","Possibly benign"
"7:103776610:C:T","OLI846","Unknown","Normosmic congenital hypogonadotropic hypogonadism",1,TRUE,TRUE,"unique_exact_genomic_allele",TRUE,"Benign","POSSIBLY_PATHOGENIC_LOW","Possibly pathogenic"
"7:103833555:G:A","OLI887","Unknown","Kallmann syndrome",1,TRUE,TRUE,"unique_exact_genomic_allele",TRUE,"Uncertain","POSSIBLY_PATHOGENIC_LOW","Possibly pathogenic"
"7:103917078:A:G","OLI1467","Unknown","Rare pervasive developmental disorder",1,TRUE,TRUE,"unique_exact_genomic_allele",TRUE,"Uncertain","POSSIBLY_PATHOGENIC_LOW","Possibly pathogenic"
"7:103989298:G:A","OLI1469","Unknown","Rare pervasive developmental disorder",1,TRUE,TRUE,"unique_exact_genomic_allele",TRUE,"Benign","LIKELY_BENIGN","B/LB"
"7:106868411:G:A","OLI1690","Unknown","Non-Syndromic genetic keratoconus",1,TRUE,TRUE,"unique_exact_genomic_allele",TRUE,"Benign","UNCERTAIN_SIGNIFICANCE","VUS"
"7:107661658:G:T","OLI586","Unknown","Congenital hypothyroidism",1,TRUE,TRUE,"unique_exact_genomic_allele",TRUE,"Uncertain","BENIGN","B/LB"
"7:107661726:G:C","OLI502","True Digenic","Pendred syndrome",1,TRUE,TRUE,"unique_exact_genomic_allele",TRUE,"Uncertain","PATHOGENIC","P/LP"
"7:107663363:T:C","OLI473","Unknown","Congenital hypothyroidism",1,TRUE,TRUE,"unique_exact_genomic_allele",TRUE,"Deleterious","LIKELY_PATHOGENIC","P/LP"
"7:107675113:A:C","OLI591","Unknown","Congenital hypothyroidism",1,TRUE,TRUE,"unique_exact_genomic_allele",TRUE,"Deleterious","POSSIBLY_PATHOGENIC_MODERATE","Possibly pathogenic"
"7:107683453:A:G","OLI1086","Unknown","Congenital hypothyroidism",1,TRUE,TRUE,"unique_exact_genomic_allele",TRUE,"Deleterious","PATHOGENIC","P/LP"
"7:107683453:A:G","OLI1488","Unknown","Congenital hypothyroidism",1,TRUE,TRUE,"unique_exact_genomic_allele",TRUE,"Deleterious","PATHOGENIC","P/LP"
"7:107683453:A:G","OLI241","True Digenic","Pendred syndrome",1,TRUE,TRUE,"unique_exact_genomic_allele",TRUE,"Deleterious","PATHOGENIC","P/LP"
"7:107689054:T:C","OLI242","Unknown","Pendred syndrome",1,TRUE,TRUE,"unique_exact_genomic_allele",TRUE,"Deleterious","PATHOGENIC","P/LP"
"7:107689054:T:C","OLI596","Unknown","Congenital hypothyroidism",1,TRUE,TRUE,"unique_exact_genomic_allele",TRUE,"Deleterious","PATHOGENIC","P/LP"
"7:107690123:G:A","OLI595","Unknown","Congenital hypothyroidism",1,TRUE,TRUE,"unique_exact_genomic_allele",TRUE,"Deleterious","PATHOGENIC","P/LP"
"7:107690200:G:A","OLI1075","Unknown","Congenital hypothyroidism",1,TRUE,TRUE,"unique_exact_genomic_allele",TRUE,"Deleterious","PATHOGENIC","P/LP"
"7:107690200:G:A","OLI1495","Unknown","Congenital hypothyroidism",1,TRUE,TRUE,"unique_exact_genomic_allele",TRUE,"Deleterious","PATHOGENIC","P/LP"
"7:107690203:C:A","OLI317","Unknown","Pendred syndrome",1,TRUE,TRUE,"unique_exact_genomic_allele",TRUE,"Deleterious","PATHOGENIC","P/LP"
"7:107694425:C:A","OLI1173","Unknown","Congenital hypothyroidism",1,TRUE,TRUE,"unique_exact_genomic_allele",TRUE,"Deleterious","LIKELY_PATHOGENIC","P/LP"
"7:107694425:C:A","OLI566","Unknown","Congenital hypothyroidism",1,TRUE,TRUE,"unique_exact_genomic_allele",TRUE,"Deleterious","LIKELY_PATHOGENIC","P/LP"
"7:107694439:G:A","OLI316","Unknown","Pendred syndrome",1,TRUE,TRUE,"unique_exact_genomic_allele",TRUE,"Uncertain","POSSIBLY_PATHOGENIC_MODERATE","Possibly pathogenic"
"7:107694439:G:A","OLI464","Unknown","Congenital hypothyroidism",1,TRUE,TRUE,"unique_exact_genomic_allele",TRUE,"Uncertain","POSSIBLY_PATHOGENIC_MODERATE","Possibly pathogenic"
"7:107694476:A:G","OLI1100","Unknown","Rare genetic deafness",1,TRUE,TRUE,"unique_exact_genomic_allele",TRUE,"Deleterious","PATHOGENIC","P/LP"
"7:107694476:A:G","OLI1102","Unknown","Rare genetic deafness",1,TRUE,TRUE,"unique_exact_genomic_allele",TRUE,"Deleterious","PATHOGENIC","P/LP"
"7:107694476:A:G","OLI1103","Unknown","Rare genetic deafness",1,TRUE,TRUE,"unique_exact_genomic_allele",TRUE,"Deleterious","PATHOGENIC","P/LP"
"7:107701125:T:C","OLI465","Unknown","Congenital hypothyroidism",1,TRUE,TRUE,"unique_exact_genomic_allele",TRUE,"Uncertain","POSSIBLY_PATHOGENIC_MODERATE","Possibly pathogenic"
"7:107701183:T:C","OLI585","Unknown","Congenital hypothyroidism",1,TRUE,TRUE,"unique_exact_genomic_allele",TRUE,"Deleterious","BENIGN","B/LB"
"7:107701183:T:C","OLI590","Unknown","Congenital hypothyroidism",1,TRUE,TRUE,"unique_exact_genomic_allele",TRUE,"Deleterious","BENIGN","B/LB"
"7:107701998:G:C","OLI939","Unknown","Pendred syndrome",1,TRUE,TRUE,"unique_exact_genomic_allele",TRUE,"Uncertain","PATHOGENIC","P/LP"
"7:114631548:G:GAGC","OLI487","Unknown","Rare pervasive developmental disorder",1,TRUE,TRUE,"unique_exact_genomic_allele",TRUE,"","POSSIBLY_BENIGN","Possibly benign"
"7:114689862:A:C","OLI486","Unknown","Rare pervasive developmental disorder",1,TRUE,TRUE,"unique_exact_genomic_allele",TRUE,"Deleterious","POSSIBLY_PATHOGENIC_MODERATE","Possibly pathogenic"
"7:116699608:G:C","OLI906","Unknown","Normosmic congenital hypogonadotropic hypogonadism",1,TRUE,TRUE,"unique_exact_genomic_allele",TRUE,"Uncertain","POSSIBLY_PATHOGENIC_LOW","Possibly pathogenic"
"7:116700174:G:A","OLI855","Unknown","Kallmann syndrome",1,TRUE,TRUE,"unique_exact_genomic_allele",TRUE,"Uncertain","POSSIBLY_PATHOGENIC_LOW","Possibly pathogenic"
"7:116771936:C:T","OLI499","Unknown","Marfan syndrome; Congenital diaphragmatic hernia",1,TRUE,TRUE,"unique_exact_genomic_allele",TRUE,"Uncertain","BENIGN","B/LB"
"7:117535318:A:G","OLI1139","Unknown","Mayer-Rokitansky-Küster-Hauser syndrome",1,TRUE,TRUE,"unique_exact_genomic_allele",TRUE,"Uncertain","BENIGN","B/LB"
"7:117542108:G:A","OLI800","Unknown","Cystic fibrosis",1,TRUE,TRUE,"unique_exact_genomic_allele",TRUE,"Deleterious","LIKELY_PATHOGENIC","P/LP"
"7:117559655:G:A","OLI801","Unknown","Cystic fibrosis",1,TRUE,TRUE,"unique_exact_genomic_allele",TRUE,"Deleterious","BENIGN","B/LB"
"7:117591942:G:A","OLI802","Unknown","Cystic fibrosis",1,TRUE,TRUE,"unique_exact_genomic_allele",TRUE,"Deleterious","LIKELY_PATHOGENIC","P/LP"
"7:120806596:A:G","OLI453","Monogenic+Modifier","Familial exudative vitreoretinopathy",1,TRUE,TRUE,"unique_exact_genomic_allele",TRUE,"Deleterious","LIKELY_PATHOGENIC","P/LP"
"7:120806626:C:A","OLI311","Unknown","Familial exudative vitreoretinopathy",1,TRUE,TRUE,"unique_exact_genomic_allele",TRUE,"Deleterious","POSSIBLY_PATHOGENIC_LOW","Possibly pathogenic"
"7:120838868:G:A","OLI310","Unknown","Familial exudative vitreoretinopathy",1,TRUE,TRUE,"unique_exact_genomic_allele",TRUE,"Uncertain","LIKELY_PATHOGENIC","P/LP"
"7:122302053:G:A","OLI1274","Unknown","Normosmic congenital hypogonadotropic hypogonadism",1,TRUE,TRUE,"unique_exact_genomic_allele",TRUE,"Benign","UNCERTAIN_SIGNIFICANCE","VUS"
"7:122303674:G:A","OLI1336","Unknown","Kallmann syndrome",1,TRUE,TRUE,"unique_exact_genomic_allele",TRUE,"Benign","UNCERTAIN_SIGNIFICANCE","VUS"
"7:122303716:A:T","OLI1275","Unknown","Normosmic congenital hypogonadotropic hypogonadism",1,TRUE,TRUE,"unique_exact_genomic_allele",TRUE,"Uncertain","UNCERTAIN_SIGNIFICANCE","VUS"
"7:122303716:A:T","OLI1299","Unknown","Kallmann syndrome",1,TRUE,TRUE,"unique_exact_genomic_allele",TRUE,"Uncertain","UNCERTAIN_SIGNIFICANCE","VUS"
"7:122303885:A:G","OLI1575","Unknown","Syndrome with 46,XY disorder of sex development",1,TRUE,TRUE,"unique_exact_genomic_allele",TRUE,"Benign","BENIGN","B/LB"
"7:122304056:T:G","OLI1293","Unknown","Kallmann syndrome",1,TRUE,TRUE,"unique_exact_genomic_allele",TRUE,"Benign","UNCERTAIN_SIGNIFICANCE","VUS"
"7:122304185:T:C","OLI1296","Unknown","Kallmann syndrome",1,TRUE,TRUE,"unique_exact_genomic_allele",TRUE,"Benign","BENIGN","B/LB"
"7:127613496:C:T","OLI132","Dual Molecular Diagnosis","MODY; Normosmic congenital hypogonadotropic hypogonadism",1,TRUE,TRUE,"unique_exact_genomic_allele",TRUE,"Deleterious","BENIGN","B/LB"
"7:128850484:G:A","OLI1798","Unknown","Dilated cardiomyopathy",1,TRUE,TRUE,"unique_exact_genomic_allele",TRUE,"Deleterious","LIKELY_PATHOGENIC","P/LP"
"7:129203483:G:A","OLI930","Unknown","Transposition of the great arteries",1,TRUE,TRUE,"unique_exact_genomic_allele",TRUE,"Uncertain","UNCERTAIN_SIGNIFICANCE","VUS"
"7:129211101:G:A","OLI429","Unknown","Kallmann syndrome",1,TRUE,TRUE,"unique_exact_genomic_allele",TRUE,"Uncertain","UNCERTAIN_SIGNIFICANCE","VUS"
"7:130398935:G:A","OLI247","Unknown","Joubert syndrome",1,TRUE,TRUE,"unique_exact_genomic_allele",TRUE,"Uncertain","POSSIBLY_PATHOGENIC_LOW","Possibly pathogenic"
"7:130402686:C:T","OLI245","Unknown","Joubert syndrome",1,TRUE,TRUE,"unique_exact_genomic_allele",TRUE,"Deleterious","POSSIBLY_PATHOGENIC_MODERATE","Possibly pathogenic"
"7:130402801:T:G","OLI244","Unknown","Joubert syndrome",1,TRUE,TRUE,"unique_exact_genomic_allele",TRUE,"Deleterious","PATHOGENIC","P/LP"
"7:130416957:A:G","OLI246","Unknown","Joubert syndrome",1,TRUE,TRUE,"unique_exact_genomic_allele",TRUE,"Deleterious","POSSIBLY_PATHOGENIC_MODERATE","Possibly pathogenic"
"7:138762433:G:A","OLI015","Unknown","Distal renal tubular acidosis",1,TRUE,TRUE,"unique_exact_genomic_allele",TRUE,"Deleterious","POSSIBLY_BENIGN","Possibly benign"
"7:139137853:C:T","OLI294","Unknown","Adolescent idiopathic scoliosis",1,TRUE,TRUE,"unique_exact_genomic_allele",TRUE,"Uncertain","POSSIBLY_BENIGN","Possibly benign"
"7:139165228:C:T","OLI292","Unknown","Adolescent idiopathic scoliosis",1,TRUE,TRUE,"unique_exact_genomic_allele",TRUE,"Uncertain","BENIGN","B/LB"
"7:142751675:G:A","OLI1145","Unknown","Hereditary diffuse gastric cancer",1,TRUE,TRUE,"unique_exact_genomic_allele",TRUE,"Benign","POSSIBLY_BENIGN","Possibly benign"
"7:142751919:C:T","OLI677","Unknown","Hereditary chronic pancreatitis",1,TRUE,TRUE,"unique_exact_genomic_allele",TRUE,"Uncertain","PATHOGENIC","P/LP"
"7:144397460:G:A","OLI093","Unknown","Primary ovarian failure",1,TRUE,TRUE,"unique_exact_genomic_allele",TRUE,"Benign","BENIGN","B/LB"
"7:144398429:AG:A","OLI1043","Unknown","Primary ovarian failure",1,TRUE,TRUE,"unique_exact_genomic_allele",TRUE,"Benign","LIKELY_PATHOGENIC","P/LP"
"7:144399799:T:G","OLI1061","Unknown","Primary ovarian failure",1,TRUE,TRUE,"unique_exact_genomic_allele",TRUE,"Deleterious","POSSIBLY_BENIGN","Possibly benign"
"7:144399844:C:T","OLI1238","Unknown","Recurrent implantation failure,Primary infertility",1,TRUE,TRUE,"unique_exact_genomic_allele",TRUE,"Deleterious","POSSIBLY_PATHOGENIC_LOW","Possibly pathogenic"
"7:144401890:C:A","OLI093","Unknown","Primary ovarian failure",1,TRUE,TRUE,"unique_exact_genomic_allele",TRUE,"Uncertain","LIKELY_PATHOGENIC","P/LP"
"7:144401890:C:A","OLI095","Unknown","Primary ovarian failure",1,TRUE,TRUE,"unique_exact_genomic_allele",TRUE,"Uncertain","LIKELY_PATHOGENIC","P/LP"
"7:146839840:A:G","OLI290","Unknown","Adolescent idiopathic scoliosis",1,TRUE,TRUE,"unique_exact_genomic_allele",TRUE,"Deleterious","POSSIBLY_BENIGN","Possibly benign"
"7:148827204:T:C","OLI928","Unknown","Transposition of the great arteries",1,TRUE,TRUE,"unique_exact_genomic_allele",TRUE,"Uncertain","POSSIBLY_PATHOGENIC_MODERATE","Possibly pathogenic"
"7:150947383:G:GCCGAC","OLI218","Unknown","Familial long QT syndrome",1,TRUE,TRUE,"unique_exact_genomic_allele",TRUE,"","PATHOGENIC","P/LP"
"7:150947729:G:A","OLI362","Unknown","Familial long QT syndrome",1,TRUE,TRUE,"unique_exact_genomic_allele",TRUE,"Uncertain","LIKELY_PATHOGENIC","P/LP"
"7:150947795:G:GC","OLI361","Unknown","Familial long QT syndrome",1,TRUE,TRUE,"unique_exact_genomic_allele",TRUE,"Benign","PATHOGENIC","P/LP"
"7:150947807:G:A","OLI1220","Unknown","Familial long QT syndrome",1,TRUE,TRUE,"unique_exact_genomic_allele",TRUE,"Deleterious","POSSIBLY_PATHOGENIC_MODERATE","Possibly pathogenic"
"7:150947833:G:A","OLI459","Unknown","Familial long QT syndrome",1,TRUE,TRUE,"unique_exact_genomic_allele",TRUE,"Uncertain","LIKELY_BENIGN","B/LB"
"7:150948446:T:G","OLI549","Unknown","Familial long QT syndrome",1,TRUE,TRUE,"unique_exact_genomic_allele",TRUE,"Uncertain","BENIGN","B/LB"
"7:150948855:C:T","OLI096","Monogenic+Modifier","Familial long QT syndrome",1,TRUE,TRUE,"unique_exact_genomic_allele",TRUE,"Deleterious","PATHOGENIC","P/LP"
"7:150948866:T:G","OLI1222","Unknown","Familial long QT syndrome",1,TRUE,TRUE,"unique_exact_genomic_allele",TRUE,"Deleterious","LIKELY_PATHOGENIC","P/LP"
"7:150951460:T:G","OLI1224","Unknown","Familial long QT syndrome",1,TRUE,TRUE,"unique_exact_genomic_allele",TRUE,"Deleterious","PATHOGENIC","P/LP"
"7:150951568:C:T","OLI1225","Unknown","Familial long QT syndrome",1,TRUE,TRUE,"unique_exact_genomic_allele",TRUE,"Deleterious","PATHOGENIC","P/LP"
"7:150951711:G:A","OLI1221","Unknown","Familial long QT syndrome",1,TRUE,TRUE,"unique_exact_genomic_allele",TRUE,"Deleterious","PATHOGENIC","P/LP"
"7:150957485:G:A","OLI1226","Unknown","Familial long QT syndrome",1,TRUE,TRUE,"unique_exact_genomic_allele",TRUE,"Deleterious","POSSIBLY_PATHOGENIC_MODERATE","Possibly pathogenic"
"7:150957495:CATG:C","OLI985","Unknown","Familial long QT syndrome",1,TRUE,TRUE,"unique_exact_genomic_allele",TRUE,"Benign","POSSIBLY_PATHOGENIC_LOW","Possibly pathogenic"
"7:150959721:C:T","OLI549","Unknown","Familial long QT syndrome",1,TRUE,TRUE,"unique_exact_genomic_allele",TRUE,"Deleterious","LIKELY_PATHOGENIC","P/LP"
"7:150959721:C:T","OLI550","Unknown","Familial long QT syndrome",1,TRUE,TRUE,"unique_exact_genomic_allele",TRUE,"Deleterious","LIKELY_PATHOGENIC","P/LP"
"7:150959721:C:T","OLI551","Unknown","Familial long QT syndrome",1,TRUE,TRUE,"unique_exact_genomic_allele",TRUE,"Deleterious","LIKELY_PATHOGENIC","P/LP"
"7:150974720:G:C","OLI363","Unknown","Familial long QT syndrome",1,TRUE,TRUE,"unique_exact_genomic_allele",TRUE,"Deleterious","PATHOGENIC","P/LP"
"7:150974886:G:T","OLI1223","Unknown","Familial long QT syndrome",1,TRUE,TRUE,"unique_exact_genomic_allele",TRUE,"","LIKELY_PATHOGENIC","P/LP"
"7:150993834:C:A","OLI752","Unknown","Isolated anencephaly",1,TRUE,TRUE,"unique_exact_genomic_allele",TRUE,"Benign","BENIGN","B/LB"
"7:151010604:G:C","OLI715","Unknown","Isolated anencephaly",1,TRUE,TRUE,"unique_exact_genomic_allele",TRUE,"Benign","UNCERTAIN_SIGNIFICANCE","VUS"
"7:151010664:T:G","OLI722","Unknown","Isolated anencephaly",1,TRUE,TRUE,"unique_exact_genomic_allele",TRUE,"Deleterious","POSSIBLY_PATHOGENIC_LOW","Possibly pathogenic"
"7:152163145:G:C","OLI333","Unknown","Amyotrophic lateral sclerosis",1,TRUE,TRUE,"unique_exact_genomic_allele",TRUE,"Uncertain","BENIGN","B/LB"
"7:152238786:C:A","OLI1709","Unknown","Rare pervasive developmental disorder",1,TRUE,TRUE,"unique_exact_genomic_allele",TRUE,"Uncertain","POSSIBLY_PATHOGENIC_MODERATE","Possibly pathogenic"
"7:155800124:G:T","OLI1552","Unknown","46,XY disorder of sex development",1,TRUE,TRUE,"unique_exact_genomic_allele",TRUE,"","LIKELY_PATHOGENIC","P/LP"
"7:155802922:C:G","OLI1538","Unknown","46,XY disorder of sex development",1,TRUE,TRUE,"unique_exact_genomic_allele",TRUE,"Deleterious","POSSIBLY_PATHOGENIC_MODERATE","Possibly pathogenic"
"7:155803249:G:C","OLI686","Unknown","Holoprosencephaly",1,TRUE,TRUE,"unique_exact_genomic_allele",TRUE,"Deleterious","PATHOGENIC","P/LP"
"7:155803249:G:T","OLI407","Monogenic+Modifier","Holoprosencephaly",1,TRUE,TRUE,"unique_exact_genomic_allele",TRUE,"Deleterious","PATHOGENIC","P/LP"
"7:155803420:C:T","OLI1085","Unknown","Congenital hypothyroidism",1,TRUE,TRUE,"unique_exact_genomic_allele",TRUE,"Uncertain","BENIGN","B/LB"
"7:155803420:C:T","OLI1086","Unknown","Congenital hypothyroidism",1,TRUE,TRUE,"unique_exact_genomic_allele",TRUE,"Uncertain","BENIGN","B/LB"
"7:155803420:C:T","OLI1487","Unknown","Congenital hypothyroidism",1,TRUE,TRUE,"unique_exact_genomic_allele",TRUE,"Uncertain","BENIGN","B/LB"
"7:155803420:C:T","OLI1503","Unknown","Congenital hypothyroidism",1,TRUE,TRUE,"unique_exact_genomic_allele",TRUE,"Uncertain","BENIGN","B/LB"
"7:155803568:A:C","OLI683","Unknown","Holoprosencephaly",1,TRUE,TRUE,"unique_exact_genomic_allele",TRUE,"Deleterious","LIKELY_PATHOGENIC","P/LP"
"7:155803613:C:T","OLI697","Unknown","Craniorachischisis",1,TRUE,TRUE,"unique_exact_genomic_allele",TRUE,"Deleterious","PATHOGENIC","P/LP"
"7:155803664:G:C","OLI1486","Unknown","Congenital hypothyroidism",1,TRUE,TRUE,"unique_exact_genomic_allele",TRUE,"Uncertain","POSSIBLY_PATHOGENIC_MODERATE","Possibly pathogenic"
"7:155806347:C:G","OLI678","Unknown","Holoprosencephaly",1,TRUE,TRUE,"unique_exact_genomic_allele",TRUE,"Deleterious","LIKELY_PATHOGENIC","P/LP"
"7:155811846:C:T","OLI1578","Unknown","Syndrome with 46,XY disorder of sex development",1,TRUE,TRUE,"unique_exact_genomic_allele",TRUE,"Deleterious","POSSIBLY_PATHOGENIC_MODERATE","Possibly pathogenic"
"7:17845618:T:C","OLI758","Unknown","Isolated anencephaly",1,TRUE,TRUE,"unique_exact_genomic_allele",TRUE,"Uncertain","UNCERTAIN_SIGNIFICANCE","VUS"
"7:17873572:G:A","OLI763","Unknown","Isolated anencephaly",1,TRUE,TRUE,"unique_exact_genomic_allele",TRUE,"Uncertain","POSSIBLY_BENIGN","Possibly benign"
"7:17875507:C:A","OLI724","Unknown","Isolated anencephaly",1,TRUE,TRUE,"unique_exact_genomic_allele",TRUE,"Uncertain","UNCERTAIN_SIGNIFICANCE","VUS"
"7:21899400:G:T","OLI612","Unknown","Heterotaxia",1,TRUE,TRUE,"unique_exact_genomic_allele",TRUE,"Benign","UNCERTAIN_SIGNIFICANCE","VUS"
"7:22945675:C:T","OLI331","Unknown","Amyotrophic lateral sclerosis",1,TRUE,TRUE,"unique_exact_genomic_allele",TRUE,"Uncertain","UNCERTAIN_SIGNIFICANCE","VUS"
"7:23167916:C:T","OLI797","Unknown","Arthrogryposis syndrome",1,TRUE,TRUE,"unique_exact_genomic_allele",TRUE,"Deleterious","LIKELY_PATHOGENIC","P/LP"
"7:24699168:C:T","OLI1317","Unknown","Rare genetic deafness",1,TRUE,TRUE,"unique_exact_genomic_allele",TRUE,"Benign","POSSIBLY_PATHOGENIC_LOW","Possibly pathogenic"
"7:24719167:A:C","OLI1317","Unknown","Rare genetic deafness",1,TRUE,TRUE,"unique_exact_genomic_allele",TRUE,"Benign","LIKELY_BENIGN","B/LB"
"7:26197862:GTTT:G","OLI1640","Unknown","Amyotrophic lateral sclerosis",1,TRUE,TRUE,"unique_exact_genomic_allele",TRUE,"Uncertain","POSSIBLY_PATHOGENIC_LOW","Possibly pathogenic"
"7:27095715:GTGGTGG:G","OLI484","Unknown","Rare pervasive developmental disorder",1,FALSE,FALSE,NA,NA,NA,NA,NA
"7:27095718:GTGG:G","OLI475","Unknown","Rare pervasive developmental disorder",1,FALSE,FALSE,NA,NA,NA,NA,NA
"7:27095718:GTGG:G","OLI477","Unknown","Rare pervasive developmental disorder",1,FALSE,FALSE,NA,NA,NA,NA,NA
"7:27095718:GTGG:G","OLI478","Unknown","Rare pervasive developmental disorder",1,FALSE,FALSE,NA,NA,NA,NA,NA
"7:27095718:GTGG:G","OLI483","Unknown","Rare pervasive developmental disorder",1,FALSE,FALSE,NA,NA,NA,NA,NA
"7:27095718:GTGG:G","OLI493","Unknown","Rare pervasive developmental disorder",1,FALSE,FALSE,NA,NA,NA,NA,NA
"7:27174119:A:G","OLI1136","Unknown","Mayer-Rokitansky-Küster-Hauser syndrome",1,TRUE,TRUE,"unique_exact_genomic_allele",TRUE,"Uncertain","UNCERTAIN_SIGNIFICANCE","VUS"
"7:27184841:C:T","OLI797","Unknown","Arthrogryposis syndrome",1,TRUE,TRUE,"unique_exact_genomic_allele",TRUE,"Uncertain","POSSIBLY_PATHOGENIC_LOW","Possibly pathogenic"
"7:27198341:C:T","OLI1565","Unknown","Syndrome with 46,XY disorder of sex development",1,TRUE,TRUE,"unique_exact_genomic_allele",TRUE,"Uncertain","UNCERTAIN_SIGNIFICANCE","VUS"
"7:27199460:G:C","OLI602","Unknown","Disorder of sex development",1,TRUE,TRUE,"unique_exact_genomic_allele",TRUE,"Benign","UNCERTAIN_SIGNIFICANCE","VUS"
"7:2929991:C:T","OLI1307","Unknown","Juvenile amyotrophic lateral sclerosis",1,TRUE,TRUE,"unique_exact_genomic_allele",TRUE,"Deleterious","LIKELY_PATHOGENIC","P/LP"
"7:30603105:C:G","OLI947","Unknown","Amyotrophic lateral sclerosis",1,TRUE,TRUE,"unique_exact_genomic_allele",FALSE,"Deleterious","POSSIBLY_PATHOGENIC_LOW","Possibly pathogenic"
"7:30609695:C:G","OLI948","Unknown","Amyotrophic lateral sclerosis",1,TRUE,TRUE,"unique_exact_genomic_allele",FALSE,"Deleterious","POSSIBLY_PATHOGENIC_LOW","Possibly pathogenic"
"7:30633811:C:A","OLI949","Unknown","Amyotrophic lateral sclerosis",1,TRUE,TRUE,"unique_exact_genomic_allele",FALSE,"Deleterious","POSSIBLY_PATHOGENIC_LOW","Possibly pathogenic"
"7:30969863:C:T","OLI1565","Unknown","Syndrome with 46,XY disorder of sex development",1,TRUE,TRUE,"unique_exact_genomic_allele",TRUE,"Benign","UNCERTAIN_SIGNIFICANCE","VUS"
"7:30974493:A:C","OLI1520","Unknown","46,XY disorder of sex development",1,TRUE,TRUE,"unique_exact_genomic_allele",TRUE,"Deleterious","POSSIBLY_PATHOGENIC_MODERATE","Possibly pathogenic"
"7:33095387:TTC:T","OLI448","Unknown","Retinitis pigmentosa",1,TRUE,TRUE,"unique_exact_genomic_allele",TRUE,"Uncertain","LIKELY_PATHOGENIC","P/LP"
"7:33177525:A:T","OLI1451","Unknown","Bardet-Biedl syndrome",1,TRUE,TRUE,"unique_exact_genomic_allele",TRUE,"Uncertain","UNCERTAIN_SIGNIFICANCE","VUS"
"7:33177545:G:C","OLI141","Unknown","Bardet-Biedl syndrome",1,TRUE,TRUE,"unique_exact_genomic_allele",TRUE,"Uncertain","POSSIBLY_PATHOGENIC_LOW","Possibly pathogenic"
"7:33336487:C:T","OLI418","Unknown","Bardet-Biedl syndrome",1,TRUE,TRUE,"unique_exact_genomic_allele",TRUE,"","PATHOGENIC","P/LP"
"7:33357908:C:T","OLI1123","Unknown","Bardet-Biedl syndrome",1,TRUE,TRUE,"unique_exact_genomic_allele",TRUE,"Benign","BENIGN","B/LB"
"7:33357948:C:T","OLI087","Unknown","Bardet-Biedl syndrome; Alström syndrome; McKusick-Kaufman syndrome",1,TRUE,TRUE,"unique_exact_genomic_allele",TRUE,"Uncertain","BENIGN","B/LB"
"7:33357948:C:T","OLI1131","Unknown","Bardet-Biedl syndrome",1,TRUE,TRUE,"unique_exact_genomic_allele",TRUE,"Uncertain","BENIGN","B/LB"
"7:33367862:C:T","OLI1452","Unknown","Bardet-Biedl syndrome",1,TRUE,TRUE,"unique_exact_genomic_allele",TRUE,"Uncertain","PATHOGENIC","P/LP"
"7:33388022:C:T","OLI087","Unknown","Bardet-Biedl syndrome; Alström syndrome; McKusick-Kaufman syndrome",1,FALSE,FALSE,NA,NA,NA,NA,NA
"7:33388022:C:T","OLI1131","Unknown","Bardet-Biedl syndrome",1,TRUE,TRUE,"resolved_by_exact_cdna_within_allele",TRUE,"Benign","BENIGN","B/LB"
"7:33388022:C:T","OLI615","Unknown","Bardet-Biedl syndrome",1,FALSE,FALSE,NA,NA,NA,NA,NA
"7:33533991:T:A","OLI1133","Unknown","Bardet-Biedl syndrome",1,TRUE,TRUE,"unique_exact_genomic_allele",TRUE,"Deleterious","LIKELY_BENIGN","B/LB"
"7:33534004:C:A","OLI1452","Unknown","Bardet-Biedl syndrome",1,TRUE,TRUE,"unique_exact_genomic_allele",TRUE,"","PATHOGENIC","P/LP"
"7:35204482:T:C","OLI1643","True Digenic","Congenital heart disease",1,TRUE,TRUE,"unique_exact_genomic_allele",TRUE,"Uncertain","LIKELY_BENIGN","B/LB"
"7:37850706:A:G","OLI330","Unknown","Amyotrophic lateral sclerosis",1,TRUE,TRUE,"unique_exact_genomic_allele",TRUE,"Benign","POSSIBLY_PATHOGENIC_LOW","Possibly pathogenic"
"7:41110891:G:C","OLI1739","True Digenic","Diamond-Blackfan anemia",1,TRUE,TRUE,"unique_exact_genomic_allele",FALSE,"","POSSIBLY_BENIGN","Possibly benign"
"7:41965138:A:C","OLI1530","Unknown","46,XY disorder of sex development",1,TRUE,TRUE,"unique_exact_genomic_allele",TRUE,"Benign","BENIGN","B/LB"
"7:41965138:A:C","OLI1571","Unknown","Syndrome with 46,XY disorder of sex development",1,TRUE,TRUE,"unique_exact_genomic_allele",TRUE,"Benign","BENIGN","B/LB"
"7:41965138:A:C","OLI1574","Unknown","Syndrome with 46,XY disorder of sex development",1,TRUE,TRUE,"unique_exact_genomic_allele",TRUE,"Benign","BENIGN","B/LB"
"7:41965787:C:T","OLI1350","Unknown","Normosmic congenital hypogonadotropic hypogonadism",1,TRUE,TRUE,"unique_exact_genomic_allele",TRUE,"Benign","LIKELY_BENIGN","B/LB"
"7:41966058:G:A","OLI348","Unknown","46,XY disorder of sex development",1,TRUE,TRUE,"unique_exact_genomic_allele",TRUE,"Benign","BENIGN","B/LB"
"7:41967848:C:T","OLI1576","Unknown","Syndrome with 46,XY disorder of sex development",1,TRUE,TRUE,"unique_exact_genomic_allele",TRUE,"Uncertain","BENIGN","B/LB"
"7:41972486:G:T","OLI1321","Unknown","Kallmann syndrome",1,TRUE,TRUE,"unique_exact_genomic_allele",TRUE,"Uncertain","LIKELY_BENIGN","B/LB"
"7:41972510:C:T","OLI1343","Unknown","Kallmann syndrome",1,TRUE,TRUE,"unique_exact_genomic_allele",TRUE,"Uncertain","POSSIBLY_PATHOGENIC_LOW","Possibly pathogenic"
"7:41972597:T:A","OLI346","Unknown","46,XY disorder of sex development",1,TRUE,TRUE,"unique_exact_genomic_allele",TRUE,"Uncertain","LIKELY_BENIGN","B/LB"
"7:41978719:C:G","OLI1516","Unknown","46,XY disorder of sex development",1,TRUE,TRUE,"unique_exact_genomic_allele",TRUE,"Benign","POSSIBLY_PATHOGENIC_LOW","Possibly pathogenic"
"7:42023572:C:G","OLI1537","Unknown","46,XY disorder of sex development",1,TRUE,TRUE,"unique_exact_genomic_allele",TRUE,"Uncertain","BENIGN","B/LB"
"7:42025335:G:C","OLI1409","Unknown","Hypogonadotropic hypogonadism with absent puberty phenotype",1,TRUE,TRUE,"unique_exact_genomic_allele",TRUE,"Uncertain","UNCERTAIN_SIGNIFICANCE","VUS"
"7:42026279:GA:G","OLI1379","Unknown","Hypogonadotropic hypogonadism with Fertile Eunuch phenotype",1,TRUE,TRUE,"unique_exact_genomic_allele",TRUE,"Benign","LIKELY_PATHOGENIC","P/LP"
"7:42026418:C:T","OLI602","Unknown","Disorder of sex development",1,TRUE,TRUE,"unique_exact_genomic_allele",TRUE,"Benign","LIKELY_BENIGN","B/LB"
"7:42040023:C:T","OLI344","Unknown","46,XY disorder of sex development",1,TRUE,TRUE,"unique_exact_genomic_allele",TRUE,"Benign","BENIGN","B/LB"
"7:42048496:G:A","OLI346","Unknown","46,XY disorder of sex development",1,TRUE,TRUE,"unique_exact_genomic_allele",TRUE,"Uncertain","POSSIBLY_BENIGN","Possibly benign"
"7:42148252:C:T","OLI420","Unknown","Normosmic congenital hypogonadotropic hypogonadism",1,TRUE,TRUE,"unique_exact_genomic_allele",TRUE,"Deleterious","BENIGN","B/LB"
"7:42148348:C:T","OLI428","Unknown","Kallmann syndrome",1,TRUE,TRUE,"unique_exact_genomic_allele",TRUE,"Uncertain","POSSIBLY_BENIGN","Possibly benign"
"7:44146563:G:A","OLI1721","Unknown","MODY",1,TRUE,TRUE,"unique_exact_genomic_allele",TRUE,"Uncertain","POSSIBLY_PATHOGENIC_MODERATE","Possibly pathogenic"
"7:44146614:C:A","OLI962","Unknown","MODY",1,TRUE,TRUE,"unique_exact_genomic_allele",TRUE,"","LIKELY_PATHOGENIC","P/LP"
"7:48516746:G:A","OLI935","Unknown","Schizophrenia",1,TRUE,TRUE,"unique_exact_genomic_allele",TRUE,"Deleterious","POSSIBLY_PATHOGENIC_LOW","Possibly pathogenic"
"7:51027972:G:A","OLI726","Unknown","Isolated anencephaly",1,TRUE,TRUE,"unique_exact_genomic_allele",TRUE,"Benign","UNCERTAIN_SIGNIFICANCE","VUS"
"7:51028086:G:C","OLI758","Unknown","Isolated anencephaly",1,TRUE,TRUE,"unique_exact_genomic_allele",TRUE,"Benign","UNCERTAIN_SIGNIFICANCE","VUS"
"7:51043422:G:A","OLI750","Unknown","Isolated anencephaly",1,TRUE,TRUE,"unique_exact_genomic_allele",TRUE,"Uncertain","UNCERTAIN_SIGNIFICANCE","VUS"
"7:51043590:G:A","OLI756","Unknown","Isolated anencephaly",1,TRUE,TRUE,"unique_exact_genomic_allele",TRUE,"Uncertain","UNCERTAIN_SIGNIFICANCE","VUS"
"7:51085264:C:T","OLI710","Unknown","Isolated anencephaly",1,TRUE,TRUE,"unique_exact_genomic_allele",TRUE,"Uncertain","POSSIBLY_BENIGN","Possibly benign"
"7:55146681:T:C","OLI1234","Unknown","Recurrent Pregnancy Loss,Recurrent implantation failure,Primary infertility",1,TRUE,TRUE,"unique_exact_genomic_allele",TRUE,"Deleterious","POSSIBLY_PATHOGENIC_MODERATE","Possibly pathogenic"
"7:55171182:G:A","OLI871","Unknown","Kallmann syndrome",1,TRUE,TRUE,"unique_exact_genomic_allele",TRUE,"Uncertain","UNCERTAIN_SIGNIFICANCE","VUS"
"7:55171182:G:A","OLI873","Unknown","Kallmann syndrome",1,TRUE,TRUE,"unique_exact_genomic_allele",TRUE,"Uncertain","UNCERTAIN_SIGNIFICANCE","VUS"
"7:55171182:G:A","OLI882","Unknown","Kallmann syndrome",1,TRUE,TRUE,"unique_exact_genomic_allele",TRUE,"Uncertain","UNCERTAIN_SIGNIFICANCE","VUS"
"7:55171182:G:A","OLI884","Unknown","Kallmann syndrome",1,TRUE,TRUE,"unique_exact_genomic_allele",TRUE,"Uncertain","UNCERTAIN_SIGNIFICANCE","VUS"
"7:55171182:G:A","OLI901","Unknown","Normosmic congenital hypogonadotropic hypogonadism",1,TRUE,TRUE,"unique_exact_genomic_allele",TRUE,"Uncertain","UNCERTAIN_SIGNIFICANCE","VUS"
"7:55191741:G:A","OLI861","Unknown","Kallmann syndrome",1,TRUE,TRUE,"unique_exact_genomic_allele",TRUE,"Uncertain","POSSIBLY_PATHOGENIC_MODERATE","Possibly pathogenic"
"7:55200351:C:T","OLI1239","Unknown","Recurrent Pregnancy Loss,Recurrent implantation failure,Primary infertility",1,TRUE,TRUE,"unique_exact_genomic_allele",TRUE,"Uncertain","POSSIBLY_PATHOGENIC_LOW","Possibly pathogenic"
"7:55202604:G:A","OLI554","Monogenic+Modifier","Schizophrenia",1,TRUE,TRUE,"unique_exact_genomic_allele",TRUE,"Uncertain","POSSIBLY_PATHOGENIC_LOW","Possibly pathogenic"
"7:5641162:C:T","OLI018","True Digenic","Congenital hypogonadotropic hypogonadism",1,TRUE,TRUE,"unique_exact_genomic_allele",TRUE,"Uncertain","POSSIBLY_PATHOGENIC_LOW","Possibly pathogenic"
"7:5641285:G:A","OLI1416","Unknown","Hypogonadotropic hypogonadism with absent puberty phenotype",1,TRUE,TRUE,"unique_exact_genomic_allele",TRUE,"Uncertain","POSSIBLY_PATHOGENIC_MODERATE","Possibly pathogenic"
"7:5641285:G:A","OLI302","Unknown","Cerebellar ataxia-hypogonadism syndrome",1,TRUE,TRUE,"unique_exact_genomic_allele",TRUE,"Uncertain","POSSIBLY_PATHOGENIC_MODERATE","Possibly pathogenic"
"7:5652423:G:A","OLI1416","Unknown","Hypogonadotropic hypogonadism with absent puberty phenotype",1,TRUE,TRUE,"unique_exact_genomic_allele",TRUE,"Uncertain","POSSIBLY_PATHOGENIC_LOW","Possibly pathogenic"
"7:5715169:G:A","OLI1397","Unknown","Hypogonadotropic hypogonadism with absent puberty phenotype",1,TRUE,TRUE,"unique_exact_genomic_allele",TRUE,"Uncertain","POSSIBLY_BENIGN","Possibly benign"
"7:5725357:G:T","OLI1543","Unknown","46,XY disorder of sex development",1,TRUE,TRUE,"unique_exact_genomic_allele",TRUE,"Benign","UNCERTAIN_SIGNIFICANCE","VUS"
"7:5741232:C:T","OLI1524","Unknown","46,XY disorder of sex development",1,TRUE,TRUE,"unique_exact_genomic_allele",TRUE,"Benign","LIKELY_BENIGN","B/LB"
"7:5741272:C:A","OLI354","Unknown","Kallmann syndrome",1,TRUE,TRUE,"unique_exact_genomic_allele",TRUE,"Benign","LIKELY_BENIGN","B/LB"
"7:5741595:C:A","OLI1541","Unknown","46,XY disorder of sex development",1,TRUE,TRUE,"unique_exact_genomic_allele",TRUE,"Uncertain","UNCERTAIN_SIGNIFICANCE","VUS"
"7:5752941:C:T","OLI816","Unknown","Normosmic congenital hypogonadotropic hypogonadism",1,TRUE,TRUE,"unique_exact_genomic_allele",TRUE,"Uncertain","UNCERTAIN_SIGNIFICANCE","VUS"
"7:5982849:CG:C","OLI1135","Unknown","Lynch syndrome",1,TRUE,TRUE,"unique_exact_genomic_allele",TRUE,"Benign","PATHOGENIC","P/LP"
"7:73447304:C:CTCTTCTTCCTCCTCCTCC","OLI336","Unknown","Isolated Klippel-Feil syndrome",1,FALSE,FALSE,NA,NA,NA,NA,NA
"7:73478097:C:T","OLI340","Unknown","Isolated Klippel-Feil syndrome",1,TRUE,TRUE,"unique_exact_genomic_allele",TRUE,"Benign","POSSIBLY_PATHOGENIC_LOW","Possibly pathogenic"
"7:73683272:T:C","OLI1589","Unknown","Leigh syndrome",1,TRUE,TRUE,"unique_exact_genomic_allele",TRUE,"Deleterious","PATHOGENIC","P/LP"
"7:73683295:GAG:G","OLI1589","Unknown","Leigh syndrome",1,FALSE,FALSE,NA,NA,NA,NA,NA
"7:75979570:G:C","OLI1002","Unknown","Androgen insensitivity syndrome; 46,XY disorder of sex development",1,TRUE,TRUE,"unique_exact_genomic_allele",TRUE,"Uncertain","UNCERTAIN_SIGNIFICANCE","VUS"
"7:75981558:C:T","OLI1571","Unknown","Syndrome with 46,XY disorder of sex development",1,TRUE,TRUE,"unique_exact_genomic_allele",TRUE,"Uncertain","BENIGN","B/LB"
"7:75983766:T:C","OLI1526","Unknown","46,XY disorder of sex development",1,TRUE,TRUE,"unique_exact_genomic_allele",TRUE,"Deleterious","POSSIBLY_PATHOGENIC_MODERATE","Possibly pathogenic"
"7:75985073:T:G","OLI573","Unknown","Disorder of sex development",1,TRUE,TRUE,"unique_exact_genomic_allele",TRUE,"Deleterious","UNCERTAIN_SIGNIFICANCE","VUS"
"7:75986051:C:T","OLI338","Unknown","Isolated Klippel-Feil syndrome",1,TRUE,TRUE,"unique_exact_genomic_allele",TRUE,"Deleterious","POSSIBLY_BENIGN","Possibly benign"
"7:75986219:G:A","OLI997","Unknown","Androgen insensitivity syndrome; 46,XY disorder of sex development",1,TRUE,TRUE,"unique_exact_genomic_allele",TRUE,"Uncertain","UNCERTAIN_SIGNIFICANCE","VUS"
"7:76356624:C:T","OLI1748","Unknown","46,XY disorder of sex development",1,TRUE,TRUE,"unique_exact_genomic_allele",FALSE,"Benign","POSSIBLY_BENIGN","Possibly benign"
"7:80672763:TTTTTAGA:T","OLI1215","Dual Molecular Diagnosis","NON RARE IN EUROPE: Heterozygous familial hypercholesterolemia",1,TRUE,TRUE,"unique_exact_genomic_allele",TRUE,"","LIKELY_PATHOGENIC","P/LP"
"7:81717276:G:A","OLI865","Unknown","Kallmann syndrome",1,TRUE,TRUE,"unique_exact_genomic_allele",TRUE,"Deleterious","POSSIBLY_PATHOGENIC_LOW","Possibly pathogenic"
"7:83407129:C:T","OLI1263","Unknown","Normosmic congenital hypogonadotropic hypogonadism",1,TRUE,TRUE,"unique_exact_genomic_allele",TRUE,"Benign","LIKELY_BENIGN","B/LB"
"7:83407150:C:G","OLI1113","Unknown","Kallmann syndrome; CHARGE syndrome",1,TRUE,TRUE,"unique_exact_genomic_allele",TRUE,"Uncertain","POSSIBLY_PATHOGENIC_LOW","Possibly pathogenic"
"7:83407150:C:G","OLI1335","Unknown","Kallmann syndrome",1,TRUE,TRUE,"unique_exact_genomic_allele",TRUE,"Uncertain","POSSIBLY_PATHOGENIC_LOW","Possibly pathogenic"
"7:83407150:C:G","OLI1351","Unknown","Normosmic congenital hypogonadotropic hypogonadism",1,TRUE,TRUE,"unique_exact_genomic_allele",TRUE,"Uncertain","POSSIBLY_PATHOGENIC_LOW","Possibly pathogenic"
"7:83469274:A:G","OLI651","Unknown","Congenital hypogonadotropic hypogonadism",1,TRUE,TRUE,"unique_exact_genomic_allele",TRUE,"Benign","POSSIBLY_PATHOGENIC_LOW","Possibly pathogenic"
"7:83961487:G:A","OLI1357","Unknown","Normosmic congenital hypogonadotropic hypogonadism",1,TRUE,TRUE,"unique_exact_genomic_allele",TRUE,"Uncertain","POSSIBLY_PATHOGENIC_LOW","Possibly pathogenic"
"7:83961537:G:A","OLI075","True Digenic","Isolated congenital anosmia",1,TRUE,TRUE,"unique_exact_genomic_allele",TRUE,"Uncertain","BENIGN","B/LB"
"7:83961625:T:C","OLI289","Unknown","Kallmann syndrome",1,TRUE,TRUE,"unique_exact_genomic_allele",TRUE,"Uncertain","UNCERTAIN_SIGNIFICANCE","VUS"
"7:83961765:T:A","OLI1431","Unknown","Hypogonadotropic hypogonadism with absent puberty phenotype",1,TRUE,TRUE,"unique_exact_genomic_allele",TRUE,"Benign","POSSIBLY_PATHOGENIC_LOW","Possibly pathogenic"
"7:83981427:G:A","OLI1266","Unknown","Normosmic congenital hypogonadotropic hypogonadism",1,TRUE,TRUE,"unique_exact_genomic_allele",TRUE,"Uncertain","POSSIBLY_PATHOGENIC_LOW","Possibly pathogenic"
"7:83985473:G:A","OLI815","Unknown","Kallmann syndrome",1,TRUE,TRUE,"unique_exact_genomic_allele",TRUE,"Uncertain","UNCERTAIN_SIGNIFICANCE","VUS"
"7:83985485:AG:A","OLI1342","Unknown","Kallmann syndrome",1,TRUE,TRUE,"unique_exact_genomic_allele",TRUE,"Benign","BENIGN","B/LB"
"7:84001975:C:T","OLI1352","Unknown","Normosmic congenital hypogonadotropic hypogonadism",1,TRUE,TRUE,"unique_exact_genomic_allele",TRUE,"Deleterious","POSSIBLY_PATHOGENIC_MODERATE","Possibly pathogenic"
"7:84005393:C:T","OLI1348","Unknown","Kallmann syndrome",1,TRUE,TRUE,"unique_exact_genomic_allele",TRUE,"Uncertain","POSSIBLY_PATHOGENIC_LOW","Possibly pathogenic"
"7:84005396:C:T","OLI1262","Unknown","Normosmic congenital hypogonadotropic hypogonadism",1,FALSE,TRUE,"exact_allele_multiple_variant_ids",NA,NA,NA,NA
"7:84005396:C:T","OLI1295","Unknown","Kallmann syndrome",1,FALSE,TRUE,"exact_allele_multiple_variant_ids",NA,NA,NA,NA
"7:84005396:C:T","OLI1297","Unknown","Kallmann syndrome",1,FALSE,TRUE,"exact_allele_multiple_variant_ids",NA,NA,NA,NA
"7:84005396:C:T","OLI286","Unknown","Kallmann syndrome",1,FALSE,TRUE,"exact_allele_multiple_variant_ids",NA,NA,NA,NA
"7:84005396:C:T","OLI287","Unknown","Kallmann syndrome",1,FALSE,TRUE,"exact_allele_multiple_variant_ids",NA,NA,NA,NA
"7:84005396:C:T","OLI288","Unknown","Kallmann syndrome",1,FALSE,TRUE,"exact_allele_multiple_variant_ids",NA,NA,NA,NA
"7:84005501:T:C","OLI285","Unknown","Kallmann syndrome",1,TRUE,TRUE,"unique_exact_genomic_allele",TRUE,"Benign","LIKELY_BENIGN","B/LB"
"7:84011239:C:T","OLI881","Unknown","Kallmann syndrome",1,TRUE,TRUE,"unique_exact_genomic_allele",TRUE,"Uncertain","POSSIBLY_PATHOGENIC_LOW","Possibly pathogenic"
"7:84014311:G:C","OLI1406","Unknown","Hypogonadotropic hypogonadism with absent puberty phenotype",1,TRUE,TRUE,"unique_exact_genomic_allele",TRUE,"Uncertain","UNCERTAIN_SIGNIFICANCE","VUS"
"7:84060473:A:C","OLI1115","Unknown","Kallmann syndrome",1,TRUE,TRUE,"unique_exact_genomic_allele",TRUE,"Uncertain","UNCERTAIN_SIGNIFICANCE","VUS"
"7:84060554:T:C","OLI1285","Unknown","Kallmann syndrome",1,TRUE,TRUE,"unique_exact_genomic_allele",TRUE,"Benign","LIKELY_BENIGN","B/LB"
"7:84060554:T:C","OLI1286","Unknown","Kallmann syndrome",1,TRUE,TRUE,"unique_exact_genomic_allele",TRUE,"Benign","LIKELY_BENIGN","B/LB"
"7:84134868:G:A","OLI1111","Unknown","Kallmann syndrome; CHARGE syndrome",1,TRUE,TRUE,"unique_exact_genomic_allele",TRUE,"Uncertain","UNCERTAIN_SIGNIFICANCE","VUS"
"7:84134868:G:A","OLI1591","Unknown","Kallmann syndrome",1,TRUE,TRUE,"unique_exact_genomic_allele",TRUE,"Uncertain","UNCERTAIN_SIGNIFICANCE","VUS"
"7:84134868:G:A","OLI863","Unknown","Kallmann syndrome",1,TRUE,TRUE,"unique_exact_genomic_allele",TRUE,"Uncertain","UNCERTAIN_SIGNIFICANCE","VUS"
"7:84194578:C:G","OLI1523","Unknown","46,XY disorder of sex development",1,TRUE,TRUE,"unique_exact_genomic_allele",TRUE,"Benign","LIKELY_BENIGN","B/LB"
"7:91265091:C:T","OLI744","Unknown","Isolated anencephaly",1,TRUE,TRUE,"unique_exact_genomic_allele",TRUE,"Uncertain","POSSIBLY_BENIGN","Possibly benign"
"7:92038431:A:G","OLI1066","Unknown","Primary ovarian failure",1,TRUE,TRUE,"unique_exact_genomic_allele",TRUE,"Benign","LIKELY_BENIGN","B/LB"
"7:92040807:G:A","OLI647","Unknown","Sudden infant death syndrome",1,TRUE,TRUE,"unique_exact_genomic_allele",TRUE,"Benign","LIKELY_BENIGN","B/LB"
"7:95308134:T:C","OLI965","Unknown","Amyotrophic lateral sclerosis",1,TRUE,TRUE,"unique_exact_genomic_allele",TRUE,"Benign","BENIGN","B/LB"
"7:95308134:T:C","OLI967","Unknown","Amyotrophic lateral sclerosis",1,TRUE,TRUE,"unique_exact_genomic_allele",TRUE,"Benign","BENIGN","B/LB"
"7:95308134:T:C","OLI969","Unknown","Amyotrophic lateral sclerosis",1,TRUE,TRUE,"unique_exact_genomic_allele",TRUE,"Benign","BENIGN","B/LB"
"7:95308134:T:C","OLI970","Unknown","Amyotrophic lateral sclerosis",1,TRUE,TRUE,"unique_exact_genomic_allele",TRUE,"Benign","BENIGN","B/LB"
"7:97021013:T:G","OLI874","Unknown","Kallmann syndrome",1,TRUE,TRUE,"unique_exact_genomic_allele",TRUE,"Uncertain","UNCERTAIN_SIGNIFICANCE","VUS"
"7:97021013:T:G","OLI903","Unknown","Normosmic congenital hypogonadotropic hypogonadism",1,TRUE,TRUE,"unique_exact_genomic_allele",TRUE,"Uncertain","UNCERTAIN_SIGNIFICANCE","VUS"
"7:97022220:C:T","OLI864","Unknown","Kallmann syndrome",1,TRUE,TRUE,"unique_exact_genomic_allele",TRUE,"Deleterious","POSSIBLY_PATHOGENIC_LOW","Possibly pathogenic"
"7:98994752:A:G","OLI1044","Unknown","Primary ovarian failure",1,TRUE,TRUE,"unique_exact_genomic_allele",TRUE,"Uncertain","POSSIBLY_PATHOGENIC_LOW","Possibly pathogenic"
"7:99052341:G:C","OLI701","Unknown","Isolated anencephaly",1,TRUE,TRUE,"unique_exact_genomic_allele",TRUE,"Benign","LIKELY_BENIGN","B/LB"
"8:101558775:G:A","OLI728","Unknown","Isolated anencephaly",1,TRUE,TRUE,"unique_exact_genomic_allele",TRUE,"Uncertain","POSSIBLY_PATHOGENIC_LOW","Possibly pathogenic"
"8:103324650:G:A","OLI712","Unknown","Isolated anencephaly",1,TRUE,TRUE,"unique_exact_genomic_allele",TRUE,"Uncertain","UNCERTAIN_SIGNIFICANCE","VUS"
"8:103325320:G:A","OLI718","Unknown","Isolated anencephaly",1,TRUE,TRUE,"unique_exact_genomic_allele",TRUE,"Uncertain","BENIGN","B/LB"
"8:103328406:C:T","OLI699","Unknown","Isolated anencephaly",1,TRUE,TRUE,"unique_exact_genomic_allele",TRUE,"Deleterious","POSSIBLY_PATHOGENIC_MODERATE","Possibly pathogenic"
"8:105561363:G:A","OLI574","Unknown","Disorder of sex development",1,TRUE,TRUE,"unique_exact_genomic_allele",TRUE,"Deleterious","POSSIBLY_PATHOGENIC_LOW","Possibly pathogenic"
"8:105801714:G:A","OLI669","True Digenic","46,XY disorder of sex development",1,TRUE,TRUE,"unique_exact_genomic_allele",TRUE,"Deleterious","BENIGN","B/LB"
"8:105802189:A:C","OLI400","Unknown","46,XY disorder of sex development; 46,XY partial gonadal dysgenesis",1,TRUE,TRUE,"unique_exact_genomic_allele",TRUE,"Uncertain","LIKELY_BENIGN","B/LB"
"8:105802189:A:C","OLI927","Unknown","Transposition of the great arteries",1,TRUE,TRUE,"unique_exact_genomic_allele",TRUE,"Uncertain","LIKELY_BENIGN","B/LB"
"8:105802616:C:T","OLI1531","Unknown","46,XY disorder of sex development",1,TRUE,TRUE,"unique_exact_genomic_allele",TRUE,"Benign","POSSIBLY_PATHOGENIC_LOW","Possibly pathogenic"
"8:105803137:G:T","OLI1546","Unknown","46,XY disorder of sex development",1,TRUE,TRUE,"unique_exact_genomic_allele",TRUE,"Benign","UNCERTAIN_SIGNIFICANCE","VUS"
"8:10606981:G:A","OLI191","True Digenic","Syndromic rod-cone dystrophy; Syndromic inherited retinal disorder",1,TRUE,TRUE,"unique_exact_genomic_allele",TRUE,"","POSSIBLY_PATHOGENIC_MODERATE","Possibly pathogenic"
"8:10622875:G:GA","OLI191","True Digenic","Syndromic rod-cone dystrophy; Syndromic inherited retinal disorder",1,TRUE,TRUE,"unique_exact_genomic_allele",TRUE,"Benign","PATHOGENIC","P/LP"
"8:109088016:T:G","OLI464","Unknown","Congenital hypothyroidism",1,TRUE,TRUE,"unique_exact_genomic_allele",TRUE,"Benign","LIKELY_BENIGN","B/LB"
"8:11748979:C:T","OLI671","Unknown","46,XY disorder of sex development",1,TRUE,TRUE,"unique_exact_genomic_allele",TRUE,"Deleterious","POSSIBLY_PATHOGENIC_MODERATE","Possibly pathogenic"
"8:11748986:G:C","OLI670","Unknown","46,XY disorder of sex development",1,TRUE,TRUE,"unique_exact_genomic_allele",TRUE,"Deleterious","LIKELY_PATHOGENIC","P/LP"
"8:127740514:C:G","OLI513","Unknown","MODY",1,TRUE,TRUE,"unique_exact_genomic_allele",TRUE,"Benign","UNCERTAIN_SIGNIFICANCE","VUS"
"8:13090319:A:C","OLI757","Unknown","Isolated anencephaly",1,TRUE,TRUE,"unique_exact_genomic_allele",TRUE,"Uncertain","POSSIBLY_PATHOGENIC_LOW","Possibly pathogenic"
"8:13090431:C:T","OLI748","Unknown","Isolated anencephaly",1,TRUE,TRUE,"unique_exact_genomic_allele",TRUE,"Uncertain","UNCERTAIN_SIGNIFICANCE","VUS"
"8:13092801:T:A","OLI762","Unknown","Isolated anencephaly",1,TRUE,TRUE,"unique_exact_genomic_allele",TRUE,"Uncertain","BENIGN","B/LB"
"8:13100640:G:T","OLI699","Unknown","Isolated anencephaly",1,TRUE,TRUE,"unique_exact_genomic_allele",TRUE,"Uncertain","POSSIBLY_BENIGN","Possibly benign"
"8:132134369:G:A","OLI560","Unknown","Generalized epilepsy with febrile seizures-plus",1,TRUE,TRUE,"unique_exact_genomic_allele",TRUE,"Deleterious","BENIGN","B/LB"
"8:132869751:G:A","OLI1022","Unknown","Congenital hypothyroidism",1,TRUE,TRUE,"unique_exact_genomic_allele",TRUE,"Uncertain","BENIGN","B/LB"
"8:132873104:G:T","OLI1073","Unknown","Congenital hypothyroidism",1,FALSE,FALSE,NA,NA,NA,NA,NA
"8:132873104:G:T","OLI1493","Unknown","Congenital hypothyroidism",1,TRUE,TRUE,"resolved_by_exact_cdna_within_allele",TRUE,"Uncertain","UNCERTAIN_SIGNIFICANCE","VUS"
"8:132873218:A:G","OLI466","Unknown","Congenital hypothyroidism",1,TRUE,TRUE,"unique_exact_genomic_allele",TRUE,"Benign","LIKELY_BENIGN","B/LB"
"8:132882571:G:T","OLI1609","Unknown","Congenital hypothyroidism",1,TRUE,TRUE,"unique_exact_genomic_allele",TRUE,"Deleterious","POSSIBLY_PATHOGENIC_LOW","Possibly pathogenic"
"8:132882609:C:T","OLI520","Unknown","Congenital hypothyroidism",1,TRUE,TRUE,"unique_exact_genomic_allele",TRUE,"","PATHOGENIC","P/LP"
"8:132882917:G:C","OLI1608","Unknown","Congenital hypothyroidism",1,TRUE,TRUE,"unique_exact_genomic_allele",TRUE,"Uncertain","POSSIBLY_PATHOGENIC_LOW","Possibly pathogenic"
"8:132886886:G:A","OLI564","Unknown","Congenital hypothyroidism",1,TRUE,TRUE,"unique_exact_genomic_allele",TRUE,"Uncertain","UNCERTAIN_SIGNIFICANCE","VUS"
"8:132887330:G:A","OLI1021","Unknown","Congenital hypothyroidism",1,TRUE,TRUE,"unique_exact_genomic_allele",TRUE,"Uncertain","BENIGN","B/LB"
"8:132887330:G:A","OLI1025","Unknown","Congenital hypothyroidism",1,TRUE,TRUE,"unique_exact_genomic_allele",TRUE,"Uncertain","BENIGN","B/LB"
"8:132887431:TG:T","OLI563","Unknown","Congenital hypothyroidism",1,TRUE,TRUE,"unique_exact_genomic_allele",TRUE,"Benign","LIKELY_PATHOGENIC","P/LP"
"8:132887990:C:A","OLI1090","Unknown","Congenital hypothyroidism",1,TRUE,TRUE,"unique_exact_genomic_allele",TRUE,"Uncertain","UNCERTAIN_SIGNIFICANCE","VUS"
"8:132888076:G:A","OLI1087","Unknown","Congenital hypothyroidism",1,TRUE,TRUE,"unique_exact_genomic_allele",TRUE,"Benign","POSSIBLY_PATHOGENIC_LOW","Possibly pathogenic"
"8:132888114:G:A","OLI990","Unknown","Congenital hypothyroidism",1,TRUE,TRUE,"unique_exact_genomic_allele",TRUE,"","LIKELY_PATHOGENIC","P/LP"
"8:132888167:G:A","OLI1809","Unknown","Congenital hypothyroidism",1,TRUE,TRUE,"unique_exact_genomic_allele",TRUE,"Benign","POSSIBLY_PATHOGENIC_LOW","Possibly pathogenic"
"8:132888188:G:T","OLI1023","Unknown","Congenital hypothyroidism",1,TRUE,TRUE,"unique_exact_genomic_allele",TRUE,"Uncertain","UNCERTAIN_SIGNIFICANCE","VUS"
"8:132888417:G:C","OLI587","Unknown","Congenital hypothyroidism",1,TRUE,TRUE,"unique_exact_genomic_allele",TRUE,"Uncertain","UNCERTAIN_SIGNIFICANCE","VUS"
"8:132888417:G:T","OLI1026","Unknown","Congenital hypothyroidism",1,TRUE,TRUE,"unique_exact_genomic_allele",TRUE,"Uncertain","BENIGN","B/LB"
"8:132888494:G:A","OLI474","Unknown","Congenital hypothyroidism",1,TRUE,TRUE,"unique_exact_genomic_allele",TRUE,"Uncertain","UNCERTAIN_SIGNIFICANCE","VUS"
"8:132893689:G:A","OLI566","Unknown","Congenital hypothyroidism",1,TRUE,TRUE,"unique_exact_genomic_allele",TRUE,"Deleterious","LIKELY_PATHOGENIC","P/LP"
"8:132893791:GA:G","OLI469","Unknown","Congenital hypothyroidism",1,TRUE,TRUE,"unique_exact_genomic_allele",TRUE,"Benign","LIKELY_PATHOGENIC","P/LP"
"8:132897687:G:A","OLI993","Unknown","Congenital hypothyroidism",1,TRUE,TRUE,"unique_exact_genomic_allele",TRUE,"Benign","POSSIBLY_PATHOGENIC_LOW","Possibly pathogenic"
"8:132897714:C:T","OLI1093","Unknown","Congenital hypothyroidism",1,TRUE,TRUE,"resolved_by_exact_protein_within_allele",TRUE,"Uncertain","UNCERTAIN_SIGNIFICANCE","VUS"
"8:132897714:C:T","OLI1507","Unknown","Congenital hypothyroidism",1,FALSE,FALSE,NA,NA,NA,NA,NA
"8:132898893:G:A","OLI596","Unknown","Congenital hypothyroidism",1,TRUE,TRUE,"unique_exact_genomic_allele",TRUE,"Benign","BENIGN","B/LB"
"8:132900313:G:A","OLI584","Unknown","Congenital hypothyroidism",1,TRUE,TRUE,"unique_exact_genomic_allele",TRUE,"Benign","POSSIBLY_PATHOGENIC_LOW","Possibly pathogenic"
"8:132900322:C:T","OLI565","Unknown","Congenital hypothyroidism",1,TRUE,TRUE,"unique_exact_genomic_allele",TRUE,"Benign","UNCERTAIN_SIGNIFICANCE","VUS"
"8:132906718:C:T","OLI1084","Unknown","Congenital hypothyroidism",1,FALSE,FALSE,NA,NA,NA,NA,NA
"8:132906718:C:T","OLI1092","Unknown","Congenital hypothyroidism",1,FALSE,FALSE,NA,NA,NA,NA,NA
"8:132906718:C:T","OLI1502","Unknown","Congenital hypothyroidism",1,TRUE,TRUE,"resolved_by_exact_cdna_within_allele",TRUE,"Uncertain","BENIGN","B/LB"
"8:132906718:C:T","OLI1506","Unknown","Congenital hypothyroidism",1,TRUE,TRUE,"resolved_by_exact_cdna_within_allele",TRUE,"Uncertain","BENIGN","B/LB"
"8:132906802:G:T","OLI584","Unknown","Congenital hypothyroidism",1,TRUE,TRUE,"unique_exact_genomic_allele",TRUE,"Uncertain","BENIGN","B/LB"
"8:132906861:C:T","OLI1807","Unknown","Congenital hypothyroidism",1,TRUE,TRUE,"unique_exact_genomic_allele",TRUE,"Uncertain","UNCERTAIN_SIGNIFICANCE","VUS"
"8:132906861:C:T","OLI994","Unknown","Congenital hypothyroidism",1,TRUE,TRUE,"unique_exact_genomic_allele",TRUE,"Uncertain","UNCERTAIN_SIGNIFICANCE","VUS"
"8:132908246:G:A","OLI1807","Unknown","Congenital hypothyroidism",1,TRUE,TRUE,"unique_exact_genomic_allele",TRUE,"Uncertain","POSSIBLY_PATHOGENIC_LOW","Possibly pathogenic"
"8:132913253:G:A","OLI567","Unknown","Congenital hypothyroidism",1,TRUE,TRUE,"unique_exact_genomic_allele",TRUE,"Uncertain","UNCERTAIN_SIGNIFICANCE","VUS"
"8:132933603:C:T","OLI1082","Unknown","Congenital hypothyroidism",1,TRUE,TRUE,"unique_exact_genomic_allele",TRUE,"Benign","LIKELY_BENIGN","B/LB"
"8:132933603:C:T","OLI1500","Unknown","Congenital hypothyroidism",1,TRUE,TRUE,"unique_exact_genomic_allele",TRUE,"Benign","LIKELY_BENIGN","B/LB"
"8:132933677:G:GG","OLI1085","Unknown","Congenital hypothyroidism",1,FALSE,FALSE,NA,NA,NA,NA,NA
"8:132933677:G:GG","OLI1503","Unknown","Congenital hypothyroidism",1,FALSE,FALSE,NA,NA,NA,NA,NA
"8:132941349:A:G","OLI031","True Digenic","Congenital hypothyroidism",1,TRUE,TRUE,"unique_exact_genomic_allele",TRUE,"Deleterious","LIKELY_PATHOGENIC","P/LP"
"8:132941521:G:A","OLI470","Unknown","Congenital hypothyroidism",1,TRUE,TRUE,"unique_exact_genomic_allele",TRUE,"Benign","POSSIBLY_PATHOGENIC_LOW","Possibly pathogenic"
"8:132948840:GGAT:G","OLI1024","Unknown","Congenital hypothyroidism",1,TRUE,TRUE,"unique_exact_genomic_allele",TRUE,"Benign","BENIGN","B/LB"
"8:132948842:A:G","OLI580","Unknown","Congenital hypothyroidism",1,TRUE,TRUE,"unique_exact_genomic_allele",TRUE,"Benign","UNCERTAIN_SIGNIFICANCE","VUS"
"8:132948912:AT:A","OLI519","Unknown","Congenital hypothyroidism",1,TRUE,TRUE,"unique_exact_genomic_allele",TRUE,"Benign","LIKELY_PATHOGENIC","P/LP"
"8:132967842:G:A","OLI470","Unknown","Congenital hypothyroidism",1,TRUE,TRUE,"unique_exact_genomic_allele",TRUE,"Benign","UNCERTAIN_SIGNIFICANCE","VUS"
"8:132967898:A:G","OLI468","Unknown","Congenital hypothyroidism",1,FALSE,FALSE,NA,NA,NA,NA,NA
"8:132967898:A:G","OLI469","Unknown","Congenital hypothyroidism",1,FALSE,FALSE,NA,NA,NA,NA,NA
"8:132967898:A:G","OLI995","Unknown","Congenital hypothyroidism",1,TRUE,TRUE,"resolved_by_exact_cdna_within_allele",TRUE,"Uncertain","POSSIBLY_BENIGN","Possibly benign"
"8:132971802:A:G","OLI1608","Unknown","Congenital hypothyroidism",1,TRUE,TRUE,"unique_exact_genomic_allele",TRUE,"Uncertain","POSSIBLY_BENIGN","Possibly benign"
"8:132972672:C:T","OLI1808","Unknown","Congenital hypothyroidism",1,TRUE,TRUE,"unique_exact_genomic_allele",TRUE,"Uncertain","UNCERTAIN_SIGNIFICANCE","VUS"
"8:133017973:GCTCCTGG:G","OLI989","Unknown","Congenital hypothyroidism",1,FALSE,FALSE,NA,NA,NA,NA,NA
"8:133019610:G:T","OLI1083","Unknown","Congenital hypothyroidism",1,TRUE,TRUE,"unique_exact_genomic_allele",TRUE,"Deleterious","POSSIBLY_PATHOGENIC_MODERATE","Possibly pathogenic"
"8:133019610:G:T","OLI1501","Unknown","Congenital hypothyroidism",1,TRUE,TRUE,"unique_exact_genomic_allele",TRUE,"Deleterious","POSSIBLY_PATHOGENIC_MODERATE","Possibly pathogenic"
"8:133019658:ATTGT:A","OLI469","Unknown","Congenital hypothyroidism",1,TRUE,TRUE,"unique_exact_genomic_allele",TRUE,"Benign","LIKELY_PATHOGENIC","P/LP"
"8:133113602:C:T","OLI1094","Unknown","Congenital hypothyroidism",1,TRUE,TRUE,"resolved_by_exact_cdna_within_allele",TRUE,"Uncertain","POSSIBLY_BENIGN","Possibly benign"
"8:133113602:C:T","OLI467","Unknown","Congenital hypothyroidism",1,FALSE,FALSE,NA,NA,NA,NA,NA
"8:133248773:T:C","OLI1672","Unknown","Non-Syndromic genetic keratoconus",1,TRUE,TRUE,"unique_exact_genomic_allele",TRUE,"Deleterious","LIKELY_PATHOGENIC","P/LP"
"8:139732137:C:G","OLI848","Unknown","Normosmic congenital hypogonadotropic hypogonadism",1,TRUE,TRUE,"unique_exact_genomic_allele",TRUE,"Uncertain","UNCERTAIN_SIGNIFICANCE","VUS"
"8:140311338:G:A","OLI425","Unknown","Normosmic congenital hypogonadotropic hypogonadism",1,TRUE,TRUE,"unique_exact_genomic_allele",TRUE,"Uncertain","POSSIBLY_PATHOGENIC_LOW","Possibly pathogenic"
"8:143727963:G:C","OLI1736","Unknown","Amelogenesis imperfecta",1,TRUE,TRUE,"unique_exact_genomic_allele",TRUE,"Benign","POSSIBLY_PATHOGENIC_LOW","Possibly pathogenic"
"8:143791235:T:A","OLI703","Unknown","Isolated anencephaly",1,TRUE,TRUE,"unique_exact_genomic_allele",TRUE,"Benign","LIKELY_BENIGN","B/LB"
"8:143793014:C:T","OLI758","Unknown","Isolated anencephaly",1,TRUE,TRUE,"unique_exact_genomic_allele",TRUE,"Benign","LIKELY_BENIGN","B/LB"
"8:143803738:C:T","OLI505","Unknown","Isolated spina bifida",1,TRUE,TRUE,"unique_exact_genomic_allele",TRUE,"Uncertain","UNCERTAIN_SIGNIFICANCE","VUS"
"8:143803738:C:T","OLI509","Unknown","Isolated spina bifida",1,TRUE,TRUE,"unique_exact_genomic_allele",TRUE,"Uncertain","UNCERTAIN_SIGNIFICANCE","VUS"
"8:143803930:C:T","OLI507","Unknown","Isolated anencephaly",1,TRUE,TRUE,"unique_exact_genomic_allele",TRUE,"Benign","UNCERTAIN_SIGNIFICANCE","VUS"
"8:143805258:C:T","OLI722","Unknown","Isolated anencephaly",1,TRUE,TRUE,"unique_exact_genomic_allele",TRUE,"Benign","UNCERTAIN_SIGNIFICANCE","VUS"
"8:143805375:C:T","OLI723","Unknown","Isolated anencephaly",1,TRUE,TRUE,"unique_exact_genomic_allele",TRUE,"Benign","UNCERTAIN_SIGNIFICANCE","VUS"
"8:143808793:C:A","OLI510","Unknown","Isolated spina bifida",1,TRUE,TRUE,"unique_exact_genomic_allele",TRUE,"Benign","UNCERTAIN_SIGNIFICANCE","VUS"
"8:143808820:T:C","OLI730","Unknown","Isolated anencephaly",1,TRUE,TRUE,"unique_exact_genomic_allele",TRUE,"Benign","UNCERTAIN_SIGNIFICANCE","VUS"
"8:143808871:T:C","OLI506","Unknown","Isolated spina bifida",1,TRUE,TRUE,"unique_exact_genomic_allele",TRUE,"Benign","UNCERTAIN_SIGNIFICANCE","VUS"
"8:143918515:G:A","OLI978","Unknown","Left ventricular noncompaction",1,TRUE,TRUE,"unique_exact_genomic_allele",TRUE,"Uncertain","POSSIBLY_PATHOGENIC_LOW","Possibly pathogenic"
"8:143920163:G:A","OLI979","Unknown","Left ventricular noncompaction",1,TRUE,TRUE,"unique_exact_genomic_allele",TRUE,"Uncertain","POSSIBLY_PATHOGENIC_LOW","Possibly pathogenic"
"8:143924539:C:T","OLI1056","Unknown","Primary ovarian failure",1,TRUE,TRUE,"unique_exact_genomic_allele",TRUE,"Uncertain","POSSIBLY_PATHOGENIC_LOW","Possibly pathogenic"
"8:144309838:G:A","OLI1232","Unknown","Recurrent Pregnancy Loss",1,TRUE,TRUE,"unique_exact_genomic_allele",TRUE,"Uncertain","UNCERTAIN_SIGNIFICANCE","VUS"
"8:144475696:G:A","OLI149","Unknown","Transposition of the great arteries",1,TRUE,TRUE,"unique_exact_genomic_allele",TRUE,"Uncertain","UNCERTAIN_SIGNIFICANCE","VUS"
"8:144512318:C:T","OLI599","Unknown","Disorder of sex development",1,TRUE,TRUE,"unique_exact_genomic_allele",TRUE,"","BENIGN","B/LB"
"8:144513444:G:A","OLI598","Unknown","Disorder of sex development",1,TRUE,TRUE,"unique_exact_genomic_allele",TRUE,"","UNCERTAIN_SIGNIFICANCE","VUS"
"8:18219445:T:C","OLI749","Unknown","Isolated anencephaly",1,TRUE,TRUE,"unique_exact_genomic_allele",TRUE,"Benign","UNCERTAIN_SIGNIFICANCE","VUS"
"8:18222799:A:T","OLI724","Unknown","Isolated anencephaly",1,TRUE,TRUE,"unique_exact_genomic_allele",TRUE,"Uncertain","LIKELY_BENIGN","B/LB"
"8:18222799:A:T","OLI763","Unknown","Isolated anencephaly",1,TRUE,TRUE,"unique_exact_genomic_allele",TRUE,"Uncertain","LIKELY_BENIGN","B/LB"
"8:1869196:C:A","OLI331","Unknown","Amyotrophic lateral sclerosis",1,TRUE,TRUE,"unique_exact_genomic_allele",TRUE,"Uncertain","UNCERTAIN_SIGNIFICANCE","VUS"
"8:19954168:G:A","OLI1434","Monogenic+Modifier","NON RARE IN EUROPE: Hyperlipoproteinemia type 4",1,TRUE,TRUE,"unique_exact_genomic_allele",TRUE,"Uncertain","PATHOGENIC","P/LP"
"8:22046249:G:A","OLI1650","Unknown","Kallmann syndrome",1,TRUE,TRUE,"unique_exact_genomic_allele",TRUE,"Uncertain","UNCERTAIN_SIGNIFICANCE","VUS"
"8:22046599:T:C","OLI367","Unknown","Kallmann syndrome",1,TRUE,TRUE,"unique_exact_genomic_allele",TRUE,"Deleterious","POSSIBLY_PATHOGENIC_LOW","Possibly pathogenic"
"8:22048178:C:G","OLI1347","Unknown","Kallmann syndrome",1,TRUE,TRUE,"unique_exact_genomic_allele",TRUE,"Uncertain","UNCERTAIN_SIGNIFICANCE","VUS"
"8:23309906:G:T","OLI1674","Unknown","Non-Syndromic genetic keratoconus",1,TRUE,TRUE,"unique_exact_genomic_allele",TRUE,"Uncertain","UNCERTAIN_SIGNIFICANCE","VUS"
"8:25419423:ATCT:A","OLI915","Unknown","Normosmic congenital hypogonadotropic hypogonadism",1,TRUE,TRUE,"unique_exact_genomic_allele",TRUE,"Benign","POSSIBLY_PATHOGENIC_LOW","Possibly pathogenic"
"8:25421593:G:A","OLI1404","Unknown","Hypogonadotropic hypogonadism with absent puberty phenotype",1,TRUE,TRUE,"unique_exact_genomic_allele",TRUE,"","LIKELY_PATHOGENIC","P/LP"
"8:25421605:G:A","OLI1324","Unknown","Non-acquired combined pituitary hormone deficiency",1,TRUE,TRUE,"unique_exact_genomic_allele",TRUE,"Benign","UNCERTAIN_SIGNIFICANCE","VUS"
"8:25423190:C:G","OLI1601","Unknown","Normosmic congenital hypogonadotropic hypogonadism",1,TRUE,TRUE,"unique_exact_genomic_allele",TRUE,"Deleterious","POSSIBLY_BENIGN","Possibly benign"
"8:25423240:G:A","OLI1801","Monogenic+Modifier","Congenital hypogonadotropic hypogonadism",1,FALSE,TRUE,"exact_allele_multiple_variant_ids",NA,NA,NA,NA
"8:25423240:G:A","OLI373","Unknown","Normosmic congenital hypogonadotropic hypogonadism",1,FALSE,TRUE,"exact_allele_multiple_variant_ids",NA,NA,NA,NA
"8:25423240:G:A","OLI430","Unknown","Normosmic congenital hypogonadotropic hypogonadism",1,FALSE,TRUE,"exact_allele_multiple_variant_ids",NA,NA,NA,NA
"8:25423282:A:AG","OLI1168","Unknown","Kallmann syndrome",1,TRUE,TRUE,"unique_exact_genomic_allele",TRUE,"Benign","LIKELY_PATHOGENIC","P/LP"
"8:25423302:C:T","OLI354","Unknown","Kallmann syndrome",1,TRUE,TRUE,"unique_exact_genomic_allele",TRUE,"Uncertain","UNCERTAIN_SIGNIFICANCE","VUS"
"8:28132276:A:C","OLI943","Unknown","Amyotrophic lateral sclerosis",1,TRUE,TRUE,"unique_exact_genomic_allele",TRUE,"Deleterious","POSSIBLY_PATHOGENIC_MODERATE","Possibly pathogenic"
"8:30843656:G:A","OLI1052","Unknown","Primary ovarian failure",1,TRUE,TRUE,"unique_exact_genomic_allele",TRUE,"","LIKELY_PATHOGENIC","P/LP"
"8:3284285:G:A","OLI1697","Unknown","Schizophrenia",1,TRUE,TRUE,"unique_exact_genomic_allele",TRUE,"Uncertain","UNCERTAIN_SIGNIFICANCE","VUS"
"8:38146288:C:T","OLI1372","Unknown","Primary adrenal insufficiency",1,TRUE,TRUE,"unique_exact_genomic_allele",TRUE,"Deleterious","LIKELY_PATHOGENIC","P/LP"
"8:38146393:G:A","OLI667","Unknown","46,XY disorder of sex development",1,TRUE,TRUE,"unique_exact_genomic_allele",TRUE,"Uncertain","BENIGN","B/LB"
"8:38148211:C:T","OLI1372","Unknown","Primary adrenal insufficiency",1,TRUE,TRUE,"unique_exact_genomic_allele",TRUE,"Deleterious","POSSIBLY_PATHOGENIC_MODERATE","Possibly pathogenic"
"8:38413795:C:A","OLI397","Unknown","Normosmic congenital hypogonadotropic hypogonadism",1,TRUE,TRUE,"unique_exact_genomic_allele",TRUE,"Deleterious","POSSIBLY_PATHOGENIC_MODERATE","Possibly pathogenic"
"8:38413795:C:A","OLI409","Unknown","Kallmann syndrome",1,TRUE,TRUE,"unique_exact_genomic_allele",TRUE,"Deleterious","POSSIBLY_PATHOGENIC_MODERATE","Possibly pathogenic"
"8:38413795:C:G","OLI1423","Unknown","Hypogonadotropic hypogonadism with absent puberty phenotype",1,TRUE,TRUE,"unique_exact_genomic_allele",TRUE,"Deleterious","LIKELY_PATHOGENIC","P/LP"
"8:38413918:C:A","OLI409","Unknown","Kallmann syndrome",1,TRUE,TRUE,"unique_exact_genomic_allele",TRUE,"Deleterious","POSSIBLY_PATHOGENIC_MODERATE","Possibly pathogenic"
"8:38413955:TC:T","OLI421","Unknown","Normosmic congenital hypogonadotropic hypogonadism",1,TRUE,TRUE,"unique_exact_genomic_allele",TRUE,"Benign","LIKELY_PATHOGENIC","P/LP"
"8:38413969:G:T","OLI1423","Unknown","Hypogonadotropic hypogonadism with absent puberty phenotype",1,TRUE,TRUE,"unique_exact_genomic_allele",TRUE,"Deleterious","LIKELY_PATHOGENIC","P/LP"
"8:38413977:G:A","OLI410","Unknown","Kallmann syndrome",1,TRUE,TRUE,"unique_exact_genomic_allele",TRUE,"Deleterious","PATHOGENIC","P/LP"
"8:38414010:G:A","OLI1273","Unknown","Normosmic congenital hypogonadotropic hypogonadism",1,TRUE,TRUE,"unique_exact_genomic_allele",TRUE,"Deleterious","LIKELY_PATHOGENIC","P/LP"
"8:38414166:G:C","OLI1394","Unknown","Hypogonadotropic hypogonadism with partial puberty phenotype",1,TRUE,TRUE,"unique_exact_genomic_allele",TRUE,"Uncertain","LIKELY_PATHOGENIC","P/LP"
"8:38414166:G:C","OLI374","Unknown","Normosmic congenital hypogonadotropic hypogonadism",1,TRUE,TRUE,"unique_exact_genomic_allele",TRUE,"Uncertain","LIKELY_PATHOGENIC","P/LP"
"8:38414173:G:T","OLI1394","Unknown","Hypogonadotropic hypogonadism with partial puberty phenotype",1,TRUE,TRUE,"unique_exact_genomic_allele",TRUE,"Deleterious","PATHOGENIC","P/LP"
"8:38414173:G:T","OLI374","Unknown","Normosmic congenital hypogonadotropic hypogonadism",1,TRUE,TRUE,"unique_exact_genomic_allele",TRUE,"Deleterious","PATHOGENIC","P/LP"
"8:38414231:G:C","OLI1396","Unknown","Hypogonadotropic hypogonadism with absent puberty phenotype",1,TRUE,TRUE,"unique_exact_genomic_allele",TRUE,"Benign","POSSIBLY_BENIGN","Possibly benign"
"8:38414248:CC:TT","OLI288","Unknown","Kallmann syndrome",1,TRUE,TRUE,"unique_exact_genomic_allele",TRUE,"","LIKELY_PATHOGENIC","P/LP"
"8:38414254:G:A","OLI779","Unknown","Kallmann syndrome",1,TRUE,TRUE,"unique_exact_genomic_allele",TRUE,"Deleterious","PATHOGENIC","P/LP"
"8:38414263:T:C","OLI368","Unknown","Kallmann syndrome",1,TRUE,TRUE,"unique_exact_genomic_allele",TRUE,"Deleterious","LIKELY_PATHOGENIC","P/LP"
"8:38414281:A:G","OLI1430","Unknown","Hypogonadotropic hypogonadism with absent puberty phenotype",1,TRUE,TRUE,"unique_exact_genomic_allele",TRUE,"Deleterious","PATHOGENIC","P/LP"
"8:38414599:C:T","OLI372","Unknown","Kallmann syndrome",1,TRUE,TRUE,"unique_exact_genomic_allele",TRUE,"Deleterious","LIKELY_PATHOGENIC","P/LP"
"8:38414778:C:T","OLI835","Unknown","Kallmann syndrome",1,TRUE,TRUE,"unique_exact_genomic_allele",TRUE,"Deleterious","PATHOGENIC","P/LP"
"8:38414795:T:TT","OLI1598","Unknown","Kallmann syndrome",1,FALSE,FALSE,NA,NA,NA,NA,NA
"8:38414840:T:C","OLI1380","Unknown","Hypogonadotropic hypogonadism with Fertile Eunuch phenotype",1,TRUE,TRUE,"unique_exact_genomic_allele",TRUE,"Benign","LIKELY_PATHOGENIC","P/LP"
"8:38414889:C:A","OLI1559","Unknown","Syndrome with 46,XY disorder of sex development",1,TRUE,TRUE,"unique_exact_genomic_allele",TRUE,"Deleterious","LIKELY_PATHOGENIC","P/LP"
"8:38414892:G:A","OLI390","Unknown","Kallmann syndrome",1,TRUE,TRUE,"unique_exact_genomic_allele",TRUE,"","PATHOGENIC","P/LP"
"8:38414931:C:T","OLI1356","Unknown","Normosmic congenital hypogonadotropic hypogonadism",1,TRUE,TRUE,"unique_exact_genomic_allele",TRUE,"Benign","LIKELY_BENIGN","B/LB"
"8:38415870:C:A","OLI1403","Unknown","Hypogonadotropic hypogonadism with absent puberty phenotype",1,TRUE,TRUE,"unique_exact_genomic_allele",TRUE,"Deleterious","LIKELY_PATHOGENIC","P/LP"
"8:38415870:C:G","OLI198","Unknown","Normosmic congenital hypogonadotropic hypogonadism",1,TRUE,TRUE,"unique_exact_genomic_allele",TRUE,"Deleterious","LIKELY_PATHOGENIC","P/LP"
"8:38415895:C:A","OLI1268","Unknown","Normosmic congenital hypogonadotropic hypogonadism",1,TRUE,TRUE,"unique_exact_genomic_allele",TRUE,"Deleterious","LIKELY_PATHOGENIC","P/LP"
"8:38415901:G:T","OLI894","Unknown","Normosmic congenital hypogonadotropic hypogonadism",1,TRUE,TRUE,"unique_exact_genomic_allele",TRUE,"Deleterious","LIKELY_PATHOGENIC","P/LP"
"8:38415914:C:T","OLI204","Unknown","Kallmann syndrome",1,TRUE,TRUE,"unique_exact_genomic_allele",TRUE,"Deleterious","POSSIBLY_PATHOGENIC_MODERATE","Possibly pathogenic"
"8:38415915:G:T","OLI1382","Unknown","Hypogonadotropic hypogonadism with Fertile Eunuch phenotype",1,TRUE,TRUE,"unique_exact_genomic_allele",TRUE,"","PATHOGENIC","P/LP"
"8:38415969:G:T","OLI392","Unknown","Kallmann syndrome",1,TRUE,TRUE,"unique_exact_genomic_allele",TRUE,"","PATHOGENIC","P/LP"
"8:38416062:T:G","OLI844","Unknown","Kallmann syndrome",1,TRUE,TRUE,"unique_exact_genomic_allele",TRUE,"Deleterious","LIKELY_PATHOGENIC","P/LP"
"8:38417327:GCAGGTTGA:G","OLI1429","Unknown","Hypogonadotropic hypogonadism with absent puberty phenotype",1,TRUE,TRUE,"unique_exact_genomic_allele",TRUE,"","LIKELY_PATHOGENIC","P/LP"
"8:38417388:G:GTC","OLI1606","Unknown","Normosmic congenital hypogonadotropic hypogonadism",1,TRUE,TRUE,"unique_exact_genomic_allele",TRUE,"","LIKELY_PATHOGENIC","P/LP"
"8:38417418:T:C","OLI391","Unknown","Normosmic congenital hypogonadotropic hypogonadism",1,TRUE,TRUE,"unique_exact_genomic_allele",TRUE,"Deleterious","PATHOGENIC","P/LP"
"8:38417975:G:T","OLI1392","Unknown","Hypogonadotropic hypogonadism with partial puberty phenotype",1,TRUE,TRUE,"unique_exact_genomic_allele",TRUE,"Deleterious","LIKELY_PATHOGENIC","P/LP"
"8:38417975:G:T","OLI371","Unknown","Kallmann syndrome",1,TRUE,TRUE,"unique_exact_genomic_allele",TRUE,"Deleterious","LIKELY_PATHOGENIC","P/LP"
"8:38418228:CC:C","OLI1593","Unknown","Kallmann syndrome",1,FALSE,FALSE,NA,NA,NA,NA,NA
"8:38418234:C:T","OLI1072","Unknown","46,XY disorder of sex development; Rare congenital non-syndromic heart malformation",1,TRUE,TRUE,"unique_exact_genomic_allele",TRUE,"Deleterious","POSSIBLY_PATHOGENIC_MODERATE","Possibly pathogenic"
"8:38418249:C:A","OLI199","Monogenic+Modifier","Normosmic congenital hypogonadotropic hypogonadism; Isolated congenital hypogonadotropic hypogonadism",1,TRUE,TRUE,"unique_exact_genomic_allele",TRUE,"Uncertain","UNCERTAIN_SIGNIFICANCE","VUS"
"8:38418290:C:T","OLI1290","Unknown","Kallmann syndrome",1,TRUE,TRUE,"unique_exact_genomic_allele",TRUE,"Deleterious","POSSIBLY_PATHOGENIC_MODERATE","Possibly pathogenic"
"8:38418290:C:T","OLI1597","Unknown","Normosmic congenital hypogonadotropic hypogonadism",1,TRUE,TRUE,"unique_exact_genomic_allele",TRUE,"Deleterious","POSSIBLY_PATHOGENIC_MODERATE","Possibly pathogenic"
"8:38418312:A:C","OLI1348","Unknown","Kallmann syndrome",1,TRUE,TRUE,"unique_exact_genomic_allele",TRUE,"Deleterious","POSSIBLY_PATHOGENIC_MODERATE","Possibly pathogenic"
"8:38418375:T:C","OLI1399","Unknown","Hypogonadotropic hypogonadism with absent puberty phenotype",1,TRUE,TRUE,"unique_exact_genomic_allele",TRUE,"Deleterious","PATHOGENIC","P/LP"
"8:38419538:G:T","OLI1381","Unknown","Hypogonadotropic hypogonadism with Fertile Eunuch phenotype",1,TRUE,TRUE,"unique_exact_genomic_allele",TRUE,"Benign","POSSIBLY_PATHOGENIC_MODERATE","Possibly pathogenic"
"8:38419675:C:T","OLI858","Unknown","Kallmann syndrome",1,TRUE,TRUE,"unique_exact_genomic_allele",TRUE,"Deleterious","LIKELY_PATHOGENIC","P/LP"
"8:38419698:CA:A","OLI1105","Unknown","Kallmann syndrome",1,FALSE,FALSE,NA,NA,NA,NA,NA
"8:38419720:G:A","OLI1419","Unknown","Hypogonadotropic hypogonadism with absent puberty phenotype",1,TRUE,TRUE,"unique_exact_genomic_allele",TRUE,"Uncertain","LIKELY_PATHOGENIC","P/LP"
"8:38419722:C:CCT","OLI1603","Unknown","Kallmann syndrome",1,TRUE,TRUE,"unique_exact_genomic_allele",TRUE,"","LIKELY_PATHOGENIC","P/LP"
"8:38421813:C:T","OLI652","Unknown","Congenital hypogonadotropic hypogonadism",1,TRUE,TRUE,"unique_exact_genomic_allele",TRUE,"","LIKELY_PATHOGENIC","P/LP"
"8:38421836:C:T","OLI1272","Unknown","Kallmann syndrome",1,FALSE,TRUE,"exact_allele_multiple_variant_ids",NA,NA,NA,NA
"8:38421836:C:T","OLI1594","Unknown","Kallmann syndrome",1,FALSE,TRUE,"exact_allele_multiple_variant_ids",NA,NA,NA,NA
"8:38421836:C:T","OLI365","Monogenic+Modifier","Kallmann syndrome",1,FALSE,TRUE,"exact_allele_multiple_variant_ids",NA,NA,NA,NA
"8:38421853:A:G","OLI389","Unknown","Kallmann syndrome",1,TRUE,TRUE,"unique_exact_genomic_allele",TRUE,"Deleterious","PATHOGENIC","P/LP"
"8:38421853:A:G","OLI408","Unknown","Kallmann syndrome",1,TRUE,TRUE,"unique_exact_genomic_allele",TRUE,"Deleterious","PATHOGENIC","P/LP"
"8:38421862:T:C","OLI1408","Unknown","Hypogonadotropic hypogonadism with absent puberty phenotype",1,TRUE,TRUE,"unique_exact_genomic_allele",TRUE,"Deleterious","LIKELY_PATHOGENIC","P/LP"
"8:38421932:ACT:A","OLI1376","Unknown","Hypogonadotropic hypogonadism with Fertile Eunuch phenotype",1,TRUE,TRUE,"unique_exact_genomic_allele",FALSE,"Benign","UNCERTAIN_SIGNIFICANCE","VUS"
"8:38421935:CAG:C","OLI1339","Unknown","Kallmann syndrome",1,TRUE,TRUE,"unique_exact_genomic_allele",TRUE,"Uncertain","LIKELY_PATHOGENIC","P/LP"
"8:38424557:A:T","OLI1285","Unknown","Kallmann syndrome",1,TRUE,TRUE,"unique_exact_genomic_allele",TRUE,"Uncertain","POSSIBLY_PATHOGENIC_MODERATE","Possibly pathogenic"
"8:38424591:G:C","OLI456","Unknown","Kallmann syndrome",1,TRUE,TRUE,"unique_exact_genomic_allele",TRUE,"Deleterious","POSSIBLY_PATHOGENIC_MODERATE","Possibly pathogenic"
"8:38424681:G:A","OLI1428","Unknown","Hypogonadotropic hypogonadism with absent puberty phenotype",1,TRUE,TRUE,"unique_exact_genomic_allele",TRUE,"Deleterious","POSSIBLY_PATHOGENIC_MODERATE","Possibly pathogenic"
"8:38424685:G:A","OLI1161","Unknown","Kallmann syndrome",1,FALSE,FALSE,NA,NA,NA,NA,NA
"8:38424685:G:A","OLI1271","Unknown","Kallmann syndrome",1,TRUE,TRUE,"resolved_by_exact_cdna_within_allele",TRUE,"Deleterious","PATHOGENIC","P/LP"
"8:38424685:G:A","OLI1340","Unknown","Kallmann syndrome",1,TRUE,TRUE,"resolved_by_exact_cdna_within_allele",TRUE,"Deleterious","PATHOGENIC","P/LP"
"8:38424696:C:T","OLI197","Unknown","Normosmic congenital hypogonadotropic hypogonadism",1,TRUE,TRUE,"unique_exact_genomic_allele",TRUE,"Deleterious","PATHOGENIC","P/LP"
"8:38424696:C:T","OLI367","Unknown","Kallmann syndrome",1,TRUE,TRUE,"unique_exact_genomic_allele",TRUE,"Deleterious","PATHOGENIC","P/LP"
"8:38424697:G:A","OLI075","True Digenic","Isolated congenital anosmia",1,FALSE,TRUE,"exact_allele_multiple_variant_ids",NA,NA,NA,NA
"8:38424697:G:A","OLI1159","Unknown","Kallmann syndrome",1,FALSE,TRUE,"exact_allele_multiple_variant_ids",NA,NA,NA,NA
"8:38424697:G:A","OLI1269","Unknown","Kallmann syndrome",1,FALSE,TRUE,"exact_allele_multiple_variant_ids",NA,NA,NA,NA
"8:38426119:T:A","OLI1322","Unknown","Kallmann syndrome",1,TRUE,TRUE,"unique_exact_genomic_allele",TRUE,"Deleterious","POSSIBLY_PATHOGENIC_LOW","Possibly pathogenic"
"8:38426125:C:CG","OLI1107","Unknown","Kallmann syndrome",1,TRUE,TRUE,"unique_exact_genomic_allele",TRUE,"Benign","LIKELY_PATHOGENIC","P/LP"
"8:38426151:A:G","OLI196","Unknown","Normosmic congenital hypogonadotropic hypogonadism",1,TRUE,TRUE,"unique_exact_genomic_allele",TRUE,"Deleterious","LIKELY_PATHOGENIC","P/LP"
"8:38426151:A:G","OLI373","Unknown","Normosmic congenital hypogonadotropic hypogonadism",1,TRUE,TRUE,"unique_exact_genomic_allele",TRUE,"Deleterious","LIKELY_PATHOGENIC","P/LP"
"8:38426157:C:T","OLI1413","Unknown","Hypogonadotropic hypogonadism with absent puberty phenotype",1,TRUE,TRUE,"unique_exact_genomic_allele",TRUE,"Deleterious","PATHOGENIC","P/LP"
"8:38426159:G:C","OLI1338","Unknown","Kallmann syndrome",1,FALSE,TRUE,"exact_allele_multiple_variant_ids",NA,NA,NA,NA
"8:38426159:G:C","OLI833","Unknown","Kallmann syndrome",1,FALSE,TRUE,"exact_allele_multiple_variant_ids",NA,NA,NA,NA
"8:38426185:A:C","OLI375","Unknown","Normosmic congenital hypogonadotropic hypogonadism",1,TRUE,TRUE,"unique_exact_genomic_allele",TRUE,"Deleterious","LIKELY_PATHOGENIC","P/LP"
"8:38426246:C:A","OLI1601","Unknown","Normosmic congenital hypogonadotropic hypogonadism",1,TRUE,TRUE,"unique_exact_genomic_allele",TRUE,"Deleterious","LIKELY_PATHOGENIC","P/LP"
"8:38427973:C:T","OLI356","Unknown","Kallmann syndrome",1,TRUE,TRUE,"unique_exact_genomic_allele",TRUE,"","LIKELY_PATHOGENIC","P/LP"
"8:38427976:C:T","OLI1564","Unknown","Syndrome with 46,XY disorder of sex development",1,TRUE,TRUE,"unique_exact_genomic_allele",TRUE,"Uncertain","POSSIBLY_PATHOGENIC_MODERATE","Possibly pathogenic"
"8:38427986:G:C","OLI019","Unknown","Congenital hypogonadotropic hypogonadism",1,TRUE,TRUE,"unique_exact_genomic_allele",TRUE,"Deleterious","POSSIBLY_PATHOGENIC_MODERATE","Possibly pathogenic"
"8:38428009:C:T","OLI1302","Unknown","Kallmann syndrome",1,TRUE,TRUE,"unique_exact_genomic_allele",TRUE,"Deleterious","LIKELY_PATHOGENIC","P/LP"
"8:38428408:T:G","OLI554","Monogenic+Modifier","Schizophrenia",1,TRUE,TRUE,"unique_exact_genomic_allele",TRUE,"Deleterious","UNCERTAIN_SIGNIFICANCE","VUS"
"8:38428420:G:A","OLI1393","Unknown","Hypogonadotropic hypogonadism with partial puberty phenotype",1,TRUE,TRUE,"unique_exact_genomic_allele",TRUE,"Uncertain","POSSIBLY_PATHOGENIC_MODERATE","Possibly pathogenic"
"8:38428427:GGA:G","OLI1106","Unknown","Kallmann syndrome",1,TRUE,TRUE,"unique_exact_genomic_allele",TRUE,"Benign","LIKELY_PATHOGENIC","P/LP"
"8:38429690:T:C","OLI195","Monogenic+Modifier","Normosmic congenital hypogonadotropic hypogonadism; Isolated congenital hypogonadotropic hypogonadism",1,TRUE,TRUE,"unique_exact_genomic_allele",TRUE,"Uncertain","UNCERTAIN_SIGNIFICANCE","VUS"
"8:38429736:C:T","OLI1402","Unknown","Hypogonadotropic hypogonadism with absent puberty phenotype",1,TRUE,TRUE,"unique_exact_genomic_allele",TRUE,"Uncertain","BENIGN","B/LB"
"8:38429751:C:G","OLI909","Unknown","Normosmic congenital hypogonadotropic hypogonadism",1,TRUE,TRUE,"unique_exact_genomic_allele",TRUE,"Deleterious","PATHOGENIC","P/LP"
"8:38429777:A:C","OLI1296","Unknown","Kallmann syndrome",1,TRUE,TRUE,"unique_exact_genomic_allele",TRUE,"Deleterious","POSSIBLY_PATHOGENIC_MODERATE","Possibly pathogenic"
"8:38429808:G:A","OLI1592","Unknown","Kallmann syndrome",1,TRUE,TRUE,"unique_exact_genomic_allele",TRUE,"Deleterious","PATHOGENIC","P/LP"
"8:38429826:G:A","OLI420","Unknown","Normosmic congenital hypogonadotropic hypogonadism",1,TRUE,TRUE,"unique_exact_genomic_allele",TRUE,"","PATHOGENIC","P/LP"
"8:38429868:G:GCAGCCGA","OLI1274","Unknown","Normosmic congenital hypogonadotropic hypogonadism",1,TRUE,TRUE,"unique_exact_genomic_allele",TRUE,"","LIKELY_PATHOGENIC","P/LP"
"8:38429868:GCAGCCGA:G","OLI036","Monogenic+Modifier","Kallmann syndrome; Isolated congenital hypogonadotropic hypogonadism",1,TRUE,TRUE,"unique_exact_genomic_allele",TRUE,"","PATHOGENIC","P/LP"
"8:38429884:C:G","OLI1267","Unknown","Normosmic congenital hypogonadotropic hypogonadism",1,TRUE,TRUE,"unique_exact_genomic_allele",TRUE,"Uncertain","POSSIBLY_PATHOGENIC_LOW","Possibly pathogenic"
"8:38429898:C:T","OLI1350","Unknown","Normosmic congenital hypogonadotropic hypogonadism",1,TRUE,TRUE,"unique_exact_genomic_allele",TRUE,"Deleterious","LIKELY_PATHOGENIC","P/LP"
"8:38429901:G:A","OLI1349","Unknown","Normosmic congenital hypogonadotropic hypogonadism",1,TRUE,TRUE,"unique_exact_genomic_allele",TRUE,"Uncertain","POSSIBLY_PATHOGENIC_LOW","Possibly pathogenic"
"8:38429928:C:T","OLI1521","Unknown","46,XY disorder of sex development",1,TRUE,TRUE,"unique_exact_genomic_allele",TRUE,"Uncertain","UNCERTAIN_SIGNIFICANCE","VUS"
"8:38457435:C:A","OLI689","Monogenic+Modifier","Normosmic congenital hypogonadotropic hypogonadism",1,TRUE,TRUE,"unique_exact_genomic_allele",TRUE,"Uncertain","POSSIBLY_PATHOGENIC_LOW","Possibly pathogenic"
"8:38461161:T:C","OLI1356","Unknown","Normosmic congenital hypogonadotropic hypogonadism",1,TRUE,TRUE,"unique_exact_genomic_allele",TRUE,"Benign","POSSIBLY_BENIGN","Possibly benign"
"8:41265448:C:T","OLI745","Unknown","Isolated anencephaly",1,TRUE,TRUE,"unique_exact_genomic_allele",TRUE,"Uncertain","UNCERTAIN_SIGNIFICANCE","VUS"
"8:42428765:T:C","OLI1029","Monogenic+Modifier","Bilateral striopallidodentate calcinosis",1,TRUE,TRUE,"unique_exact_genomic_allele",TRUE,"Deleterious","POSSIBLY_PATHOGENIC_LOW","Possibly pathogenic"
"8:47396627:G:T","OLI1724","Unknown","Primary ovarian failure",1,TRUE,TRUE,"unique_exact_genomic_allele",TRUE,"Deleterious","PATHOGENIC","P/LP"
"8:47713563:TC:T","OLI1724","Unknown","Primary ovarian failure",1,TRUE,TRUE,"unique_exact_genomic_allele",TRUE,"Benign","PATHOGENIC","P/LP"
"8:47972898:C:T","OLI1240","Unknown","Recurrent Pregnancy Loss",1,TRUE,TRUE,"unique_exact_genomic_allele",TRUE,"Uncertain","POSSIBLY_PATHOGENIC_LOW","Possibly pathogenic"
"8:54625300:CTG:C","OLI447","Unknown","Retinitis pigmentosa",1,TRUE,TRUE,"unique_exact_genomic_allele",TRUE,"Benign","LIKELY_PATHOGENIC","P/LP"
"8:58492376:G:C","OLI1304","Monogenic+Modifier","NON RARE IN EUROPE: Heterozygous familial hypercholesterolemia",1,TRUE,TRUE,"unique_exact_genomic_allele",TRUE,"Uncertain","BENIGN","B/LB"
"8:58492376:G:C","OLI1305","Monogenic+Modifier","NON RARE IN EUROPE: Heterozygous familial hypercholesterolemia",1,TRUE,TRUE,"unique_exact_genomic_allele",TRUE,"Uncertain","BENIGN","B/LB"
"8:59882515:A:G","OLI1397","Unknown","Hypogonadotropic hypogonadism with absent puberty phenotype",1,TRUE,TRUE,"unique_exact_genomic_allele",FALSE,"","POSSIBLY_BENIGN","Possibly benign"
"8:60741454:A:C","OLI354","Unknown","Kallmann syndrome",1,TRUE,TRUE,"unique_exact_genomic_allele",TRUE,"Uncertain","POSSIBLY_PATHOGENIC_LOW","Possibly pathogenic"
"8:60741457:CT:C","OLI869","Unknown","Kallmann syndrome",1,TRUE,TRUE,"unique_exact_genomic_allele",TRUE,"Benign","LIKELY_PATHOGENIC","P/LP"
"8:60741650:A:G","OLI1284","Unknown","Normosmic congenital hypogonadotropic hypogonadism",1,TRUE,TRUE,"unique_exact_genomic_allele",TRUE,"Benign","POSSIBLY_PATHOGENIC_LOW","Possibly pathogenic"
"8:60741739:T:A","OLI1172","Unknown","Kallmann syndrome",1,TRUE,TRUE,"unique_exact_genomic_allele",TRUE,"Benign","BENIGN","B/LB"
"8:60742008:T:A","OLI1651","Unknown","Congenital hypogonadotropic hypogonadism",1,TRUE,TRUE,"unique_exact_genomic_allele",TRUE,"","LIKELY_PATHOGENIC","P/LP"
"8:60742462:G:A","OLI1573","Unknown","Syndrome with 46,XY disorder of sex development",1,TRUE,TRUE,"unique_exact_genomic_allele",TRUE,"Uncertain","UNCERTAIN_SIGNIFICANCE","VUS"
"8:60742537:C:G","OLI1593","Unknown","Kallmann syndrome",1,TRUE,TRUE,"unique_exact_genomic_allele",TRUE,"Benign","LIKELY_BENIGN","B/LB"
"8:60742549:C:T","OLI1420","Unknown","Hypogonadotropic hypogonadism with absent puberty phenotype",1,TRUE,TRUE,"unique_exact_genomic_allele",TRUE,"Uncertain","UNCERTAIN_SIGNIFICANCE","VUS"
"8:60742747:C:T","OLI1283","Unknown","Normosmic congenital hypogonadotropic hypogonadism",1,TRUE,TRUE,"unique_exact_genomic_allele",TRUE,"Uncertain","UNCERTAIN_SIGNIFICANCE","VUS"
"8:60742829:C:T","OLI1270","Unknown","Kallmann syndrome",1,TRUE,TRUE,"unique_exact_genomic_allele",TRUE,"Benign","BENIGN","B/LB"
"8:60742997:G:T","OLI555","Dual Molecular Diagnosis","Normosmic congenital hypogonadotropic hypogonadism",1,TRUE,TRUE,"unique_exact_genomic_allele",TRUE,"Benign","BENIGN","B/LB"
"8:60743055:C:A","OLI1746","Unknown","46,XY disorder of sex development",1,TRUE,TRUE,"unique_exact_genomic_allele",TRUE,"Uncertain","POSSIBLY_PATHOGENIC_MODERATE","Possibly pathogenic"
"8:60781030:C:G","OLI1553","Unknown","46,XY disorder of sex development",1,TRUE,TRUE,"unique_exact_genomic_allele",TRUE,"Benign","LIKELY_BENIGN","B/LB"
"8:60781061:C:T","OLI877","Unknown","Kallmann syndrome",1,TRUE,TRUE,"unique_exact_genomic_allele",TRUE,"Uncertain","UNCERTAIN_SIGNIFICANCE","VUS"
"8:60781099:T:A","OLI1322","Unknown","Kallmann syndrome",1,TRUE,TRUE,"unique_exact_genomic_allele",TRUE,"Uncertain","POSSIBLY_PATHOGENIC_LOW","Possibly pathogenic"
"8:60781382:A:AGCAAAA","OLI961","Unknown","Non-acquired combined pituitary hormone deficiency",1,FALSE,FALSE,NA,NA,NA,NA,NA
"8:60781383:G:GAAAGCA","OLI1167","Unknown","Kallmann syndrome",1,TRUE,TRUE,"unique_exact_genomic_allele",TRUE,"","BENIGN","B/LB"
"8:60795078:C:T","OLI1112","Unknown","CHARGE syndrome; Normosmic congenital hypogonadotropic hypogonadism",1,TRUE,TRUE,"unique_exact_genomic_allele",TRUE,"Uncertain","UNCERTAIN_SIGNIFICANCE","VUS"
"8:60795078:C:T","OLI903","Unknown","Normosmic congenital hypogonadotropic hypogonadism",1,TRUE,TRUE,"unique_exact_genomic_allele",TRUE,"Uncertain","UNCERTAIN_SIGNIFICANCE","VUS"
"8:60801591:C:T","OLI457","Unknown","Kallmann syndrome",1,TRUE,TRUE,"unique_exact_genomic_allele",TRUE,"Deleterious","PATHOGENIC","P/LP"
"8:60816436:A:C","OLI1160","Unknown","Kallmann syndrome",1,TRUE,TRUE,"unique_exact_genomic_allele",TRUE,"Deleterious","POSSIBLY_PATHOGENIC_MODERATE","Possibly pathogenic"
"8:60816506:G:A","OLI1606","Unknown","Normosmic congenital hypogonadotropic hypogonadism",1,TRUE,TRUE,"unique_exact_genomic_allele",TRUE,"Deleterious","POSSIBLY_PATHOGENIC_MODERATE","Possibly pathogenic"
"8:60820049:C:T","OLI1353","Unknown","Normosmic congenital hypogonadotropic hypogonadism",1,TRUE,TRUE,"unique_exact_genomic_allele",TRUE,"Deleterious","LIKELY_PATHOGENIC","P/LP"
"8:60820049:C:T","OLI912","Unknown","Normosmic congenital hypogonadotropic hypogonadism",1,TRUE,TRUE,"unique_exact_genomic_allele",TRUE,"Deleterious","LIKELY_PATHOGENIC","P/LP"
"8:60820068:G:A","OLI1282","Unknown","Normosmic congenital hypogonadotropic hypogonadism",1,TRUE,TRUE,"unique_exact_genomic_allele",TRUE,"Benign","LIKELY_BENIGN","B/LB"
"8:60821842:C:T","OLI1652","Unknown","Kallmann syndrome",1,TRUE,TRUE,"unique_exact_genomic_allele",TRUE,"Deleterious","POSSIBLY_PATHOGENIC_MODERATE","Possibly pathogenic"
"8:60821916:A:G","OLI1335","Unknown","Kallmann syndrome",1,TRUE,TRUE,"unique_exact_genomic_allele",TRUE,"Uncertain","BENIGN","B/LB"
"8:60822511:G:A","OLI1605","Unknown","Kallmann syndrome",1,TRUE,TRUE,"unique_exact_genomic_allele",TRUE,"Deleterious","POSSIBLY_PATHOGENIC_MODERATE","Possibly pathogenic"
"8:60822633:A:C","OLI1161","Unknown","Kallmann syndrome",1,TRUE,TRUE,"unique_exact_genomic_allele",TRUE,"Deleterious","LIKELY_PATHOGENIC","P/LP"
"8:60822633:A:C","OLI1162","Unknown","Kallmann syndrome",1,TRUE,TRUE,"unique_exact_genomic_allele",TRUE,"Deleterious","LIKELY_PATHOGENIC","P/LP"
"8:60823883:C:T","OLI689","Monogenic+Modifier","Normosmic congenital hypogonadotropic hypogonadism",1,TRUE,TRUE,"unique_exact_genomic_allele",TRUE,"Deleterious","LIKELY_PATHOGENIC","P/LP"
"8:60823885:A:G","OLI1346","Unknown","Kallmann syndrome",1,TRUE,TRUE,"unique_exact_genomic_allele",TRUE,"Deleterious","LIKELY_PATHOGENIC","P/LP"
"8:60823937:G:A","OLI1265","Unknown","Normosmic congenital hypogonadotropic hypogonadism",1,TRUE,TRUE,"unique_exact_genomic_allele",TRUE,"Deleterious","UNCERTAIN_SIGNIFICANCE","VUS"
"8:60823949:T:C","OLI872","Unknown","Kallmann syndrome",1,TRUE,TRUE,"unique_exact_genomic_allele",TRUE,"Deleterious","POSSIBLY_PATHOGENIC_MODERATE","Possibly pathogenic"
"8:60824004:G:C","OLI1378","Unknown","Hypogonadotropic hypogonadism with Fertile Eunuch phenotype",1,TRUE,TRUE,"unique_exact_genomic_allele",TRUE,"Deleterious","UNCERTAIN_SIGNIFICANCE","VUS"
"8:60830367:C:G","OLI875","Unknown","Kallmann syndrome",1,TRUE,TRUE,"unique_exact_genomic_allele",TRUE,"Deleterious","POSSIBLY_PATHOGENIC_MODERATE","Possibly pathogenic"
"8:60836835:C:T","OLI339","Unknown","Isolated Klippel-Feil syndrome",1,TRUE,TRUE,"unique_exact_genomic_allele",TRUE,"Benign","LIKELY_BENIGN","B/LB"
"8:60836839:G:A","OLI1261","Unknown","Normosmic congenital hypogonadotropic hypogonadism",1,TRUE,TRUE,"unique_exact_genomic_allele",TRUE,"Deleterious","POSSIBLY_PATHOGENIC_MODERATE","Possibly pathogenic"
"8:60836839:G:A","OLI1276","Unknown","Normosmic congenital hypogonadotropic hypogonadism",1,TRUE,TRUE,"unique_exact_genomic_allele",TRUE,"Deleterious","POSSIBLY_PATHOGENIC_MODERATE","Possibly pathogenic"
"8:60836860:C:T","OLI1111","Unknown","Kallmann syndrome; CHARGE syndrome",1,TRUE,TRUE,"unique_exact_genomic_allele",TRUE,"Deleterious","LIKELY_PATHOGENIC","P/LP"
"8:60837757:C:G","OLI1291","Unknown","Kallmann syndrome",1,TRUE,TRUE,"unique_exact_genomic_allele",TRUE,"Uncertain","POSSIBLY_PATHOGENIC_LOW","Possibly pathogenic"
"8:60838238:G:A","OLI860","Unknown","Kallmann syndrome",1,TRUE,TRUE,"unique_exact_genomic_allele",TRUE,"Uncertain","POSSIBLY_BENIGN","Possibly benign"
"8:60838238:G:A","OLI867","Unknown","Kallmann syndrome",1,TRUE,TRUE,"unique_exact_genomic_allele",TRUE,"Uncertain","POSSIBLY_BENIGN","Possibly benign"
"8:60838238:G:A","OLI898","Unknown","Normosmic congenital hypogonadotropic hypogonadism",1,TRUE,TRUE,"unique_exact_genomic_allele",TRUE,"Uncertain","POSSIBLY_BENIGN","Possibly benign"
"8:60841656:GCATCTGGAAATAGGA:G","OLI1113","Unknown","Kallmann syndrome; CHARGE syndrome",1,TRUE,TRUE,"unique_exact_genomic_allele",TRUE,"","POSSIBLY_PATHOGENIC_MODERATE","Possibly pathogenic"
"8:60842049:A:G","OLI1591","Unknown","Kallmann syndrome",1,TRUE,TRUE,"unique_exact_genomic_allele",TRUE,"Deleterious","POSSIBLY_PATHOGENIC_MODERATE","Possibly pathogenic"
"8:60845246:C:T","OLI1600","Unknown","Normosmic congenital hypogonadotropic hypogonadism",1,TRUE,TRUE,"unique_exact_genomic_allele",TRUE,"Benign","BENIGN","B/LB"
"8:60850600:A:G","OLI1268","Unknown","Normosmic congenital hypogonadotropic hypogonadism",1,TRUE,TRUE,"unique_exact_genomic_allele",TRUE,"Uncertain","UNCERTAIN_SIGNIFICANCE","VUS"
"8:60850621:G:A","OLI1413","Unknown","Hypogonadotropic hypogonadism with absent puberty phenotype",1,TRUE,TRUE,"unique_exact_genomic_allele",TRUE,"Deleterious","PATHOGENIC","P/LP"
"8:60852066:A:G","OLI1260","Unknown","Normosmic congenital hypogonadotropic hypogonadism",1,TRUE,TRUE,"unique_exact_genomic_allele",TRUE,"Uncertain","POSSIBLY_PATHOGENIC_LOW","Possibly pathogenic"
"8:60852583:T:G","OLI850","Unknown","Kallmann syndrome",1,TRUE,TRUE,"unique_exact_genomic_allele",TRUE,"Deleterious","POSSIBLY_PATHOGENIC_MODERATE","Possibly pathogenic"
"8:60852832:C:T","OLI132","Dual Molecular Diagnosis","MODY; Normosmic congenital hypogonadotropic hypogonadism",1,TRUE,TRUE,"unique_exact_genomic_allele",TRUE,"Uncertain","UNCERTAIN_SIGNIFICANCE","VUS"
"8:60852915:A:G","OLI1427","Unknown","Hypogonadotropic hypogonadism with absent puberty phenotype",1,TRUE,TRUE,"unique_exact_genomic_allele",TRUE,"Uncertain","POSSIBLY_PATHOGENIC_MODERATE","Possibly pathogenic"
"8:60853012:A:G","OLI1401","Unknown","Hypogonadotropic hypogonadism with absent puberty phenotype",1,TRUE,TRUE,"unique_exact_genomic_allele",TRUE,"Deleterious","LIKELY_PATHOGENIC","P/LP"
"8:60853104:G:A","OLI1346","Unknown","Kallmann syndrome",1,TRUE,TRUE,"unique_exact_genomic_allele",TRUE,"Uncertain","UNCERTAIN_SIGNIFICANCE","VUS"
"8:60853110:A:G","OLI354","Unknown","Kallmann syndrome",1,TRUE,TRUE,"unique_exact_genomic_allele",TRUE,"Uncertain","POSSIBLY_PATHOGENIC_LOW","Possibly pathogenic"
"8:60855993:C:T","OLI836","Unknown","Kallmann syndrome",1,TRUE,TRUE,"unique_exact_genomic_allele",TRUE,"Deleterious","PATHOGENIC","P/LP"
"8:60856027:G:C","OLI1523","Unknown","46,XY disorder of sex development",1,TRUE,TRUE,"unique_exact_genomic_allele",TRUE,"Deleterious","BENIGN","B/LB"
"8:60856478:C:T","OLI020","Unknown","Congenital hypogonadotropic hypogonadism",1,TRUE,TRUE,"unique_exact_genomic_allele",TRUE,"Uncertain","UNCERTAIN_SIGNIFICANCE","VUS"
"8:60856515:A:T","OLI847","Unknown","Kallmann syndrome",1,TRUE,TRUE,"unique_exact_genomic_allele",TRUE,"Uncertain","POSSIBLY_PATHOGENIC_LOW","Possibly pathogenic"
"8:60856859:A:C","OLI575","Unknown","Disorder of sex development",1,TRUE,TRUE,"unique_exact_genomic_allele",TRUE,"Uncertain","BENIGN","B/LB"
"8:60862226:C:G","OLI1405","Unknown","Hypogonadotropic hypogonadism with absent puberty phenotype",1,TRUE,TRUE,"unique_exact_genomic_allele",TRUE,"Deleterious","POSSIBLY_PATHOGENIC_MODERATE","Possibly pathogenic"
"8:60862256:C:T","OLI1653","Unknown","Kallmann syndrome",1,TRUE,TRUE,"unique_exact_genomic_allele",TRUE,"","PATHOGENIC","P/LP"
"8:60862277:A:G","OLI1347","Unknown","Kallmann syndrome",1,TRUE,TRUE,"unique_exact_genomic_allele",TRUE,"Benign","POSSIBLY_PATHOGENIC_LOW","Possibly pathogenic"
"8:60862322:C:T","OLI1426","Unknown","Hypogonadotropic hypogonadism with absent puberty phenotype",1,TRUE,TRUE,"unique_exact_genomic_allele",TRUE,"","PATHOGENIC","P/LP"
"8:60865127:G:A","OLI1603","Unknown","Kallmann syndrome",1,TRUE,TRUE,"unique_exact_genomic_allele",TRUE,"Uncertain","POSSIBLY_BENIGN","Possibly benign"
"8:60865189:T:G","OLI1340","Unknown","Kallmann syndrome",1,TRUE,TRUE,"unique_exact_genomic_allele",TRUE,"Uncertain","BENIGN","B/LB"
"8:60865305:C:T","OLI1403","Unknown","Hypogonadotropic hypogonadism with absent puberty phenotype",1,TRUE,TRUE,"unique_exact_genomic_allele",TRUE,"Benign","LIKELY_BENIGN","B/LB"
"8:60865344:G:A","OLI1405","Unknown","Hypogonadotropic hypogonadism with absent puberty phenotype",1,TRUE,TRUE,"unique_exact_genomic_allele",TRUE,"Deleterious","POSSIBLY_PATHOGENIC_MODERATE","Possibly pathogenic"
"8:60865355:C:G","OLI1534","Unknown","46,XY disorder of sex development",1,TRUE,TRUE,"unique_exact_genomic_allele",TRUE,"Benign","BENIGN","B/LB"
"8:60865355:C:G","OLI1536","Unknown","46,XY disorder of sex development",1,TRUE,TRUE,"unique_exact_genomic_allele",TRUE,"Benign","BENIGN","B/LB"
"8:60865355:C:G","OLI1544","Unknown","46,XY disorder of sex development",1,TRUE,TRUE,"unique_exact_genomic_allele",TRUE,"Benign","BENIGN","B/LB"
"8:60865450:AG:A","OLI1163","Unknown","Kallmann syndrome",1,TRUE,TRUE,"unique_exact_genomic_allele",TRUE,"Benign","LIKELY_PATHOGENIC","P/LP"
"8:60865611:A:G","OLI1294","Unknown","Kallmann syndrome",1,TRUE,TRUE,"unique_exact_genomic_allele",TRUE,"Benign","LIKELY_BENIGN","B/LB"
"8:60865611:A:G","OLI1301","Unknown","Kallmann syndrome",1,TRUE,TRUE,"unique_exact_genomic_allele",TRUE,"Benign","LIKELY_BENIGN","B/LB"
"8:60865889:C:T","OLI1590","Unknown","Normosmic congenital hypogonadotropic hypogonadism",1,TRUE,TRUE,"unique_exact_genomic_allele",TRUE,"Benign","BENIGN","B/LB"
"8:60866413:G:GAGGC","OLI1337","Unknown","Normosmic congenital hypogonadotropic hypogonadism",1,TRUE,TRUE,"unique_exact_genomic_allele",TRUE,"","POSSIBLY_BENIGN","Possibly benign"
"8:60866413:G:GCAGTATGCTCGGGACGCCCTGGCTAAGAACATCTACAGCCGCC","OLI1337","Unknown","Normosmic congenital hypogonadotropic hypogonadism",1,TRUE,TRUE,"unique_exact_genomic_allele",TRUE,"","POSSIBLY_BENIGN","Possibly benign"
"8:71216776:C:T","OLI1314","Unknown","Rare genetic deafness",1,TRUE,TRUE,"unique_exact_genomic_allele",TRUE,"Deleterious","LIKELY_BENIGN","B/LB"
"8:71244661:C:T","OLI1089","Unknown","Congenital hypothyroidism",1,TRUE,TRUE,"unique_exact_genomic_allele",TRUE,"Uncertain","POSSIBLY_PATHOGENIC_LOW","Possibly pathogenic"
"8:71271834:C:T","OLI1090","Unknown","Congenital hypothyroidism",1,TRUE,TRUE,"unique_exact_genomic_allele",TRUE,"Uncertain","POSSIBLY_BENIGN","Possibly benign"
"8:71299130:G:A","OLI1490","Unknown","Congenital hypothyroidism",1,TRUE,TRUE,"unique_exact_genomic_allele",TRUE,"Uncertain","POSSIBLY_BENIGN","Possibly benign"
"8:71299647:A:G","OLI602","Unknown","Disorder of sex development",1,TRUE,TRUE,"unique_exact_genomic_allele",TRUE,"Benign","BENIGN","B/LB"
"8:74360184:C:T","OLI210","Monogenic+Modifier","Charcot-Marie-Tooth disease/Hereditary motor and sensory neuropathy",1,TRUE,TRUE,"unique_exact_genomic_allele",TRUE,"Deleterious","PATHOGENIC","P/LP"
"8:74361886:C:T","OLI111","Monogenic+Modifier","Charcot-Marie-Tooth disease/Hereditary motor and sensory neuropathy",1,TRUE,TRUE,"unique_exact_genomic_allele",TRUE,"","PATHOGENIC","P/LP"
"8:85465470:G:A","OLI264","Unknown","Osteopetrosis,Mental retardation,Short stature,Spastic paraparesis",1,TRUE,TRUE,"unique_exact_genomic_allele",TRUE,"Deleterious","PATHOGENIC","P/LP"
"8:86625982:C:T","OLI048","Monogenic+Modifier","Achromatopsia",1,TRUE,TRUE,"unique_exact_genomic_allele",TRUE,"","PATHOGENIC","P/LP"
"8:86632864:C:T","OLI042","Monogenic+Modifier","Isolated macular dystrophy",1,TRUE,TRUE,"unique_exact_genomic_allele",TRUE,"Deleterious","POSSIBLY_BENIGN","Possibly benign"
"8:86632864:C:T","OLI043","Monogenic+Modifier","Achromatopsia",1,TRUE,TRUE,"unique_exact_genomic_allele",TRUE,"Deleterious","POSSIBLY_BENIGN","Possibly benign"
"8:86632864:C:T","OLI044","Monogenic+Modifier","Oligocone trichromacy",1,TRUE,TRUE,"unique_exact_genomic_allele",TRUE,"Deleterious","POSSIBLY_BENIGN","Possibly benign"
"8:86632864:C:T","OLI045","Monogenic+Modifier","Progressive cone dystrophy",1,TRUE,TRUE,"unique_exact_genomic_allele",TRUE,"Deleterious","POSSIBLY_BENIGN","Possibly benign"
"8:86632864:C:T","OLI046","Monogenic+Modifier","Achromatopsia",1,TRUE,TRUE,"unique_exact_genomic_allele",TRUE,"Deleterious","POSSIBLY_BENIGN","Possibly benign"
"8:86632864:C:T","OLI047","Monogenic+Modifier","Achromatopsia",1,TRUE,TRUE,"unique_exact_genomic_allele",TRUE,"Deleterious","POSSIBLY_BENIGN","Possibly benign"
"8:86632864:C:T","OLI048","Monogenic+Modifier","Achromatopsia",1,TRUE,TRUE,"unique_exact_genomic_allele",TRUE,"Deleterious","POSSIBLY_BENIGN","Possibly benign"
"8:86632864:C:T","OLI049","Monogenic+Modifier","Achromatopsia",1,TRUE,TRUE,"unique_exact_genomic_allele",TRUE,"Deleterious","POSSIBLY_BENIGN","Possibly benign"
"8:86632864:C:T","OLI050","Monogenic+Modifier","Achromatopsia",1,TRUE,TRUE,"unique_exact_genomic_allele",TRUE,"Deleterious","POSSIBLY_BENIGN","Possibly benign"
"8:86643780:AG:A","OLI046","Monogenic+Modifier","Achromatopsia",1,TRUE,TRUE,"unique_exact_genomic_allele",TRUE,"Benign","PATHOGENIC","P/LP"
"8:86643780:AG:A","OLI047","Monogenic+Modifier","Achromatopsia",1,TRUE,TRUE,"unique_exact_genomic_allele",TRUE,"Benign","PATHOGENIC","P/LP"
"8:86643780:AG:A","OLI049","Monogenic+Modifier","Achromatopsia",1,TRUE,TRUE,"unique_exact_genomic_allele",TRUE,"Benign","PATHOGENIC","P/LP"
"8:86666950:TGGAGTCTG:T","OLI050","Monogenic+Modifier","Achromatopsia",1,TRUE,TRUE,"unique_exact_genomic_allele",TRUE,"","PATHOGENIC","P/LP"
"8:89971279:G:C","OLI1058","Unknown","Primary ovarian failure",1,TRUE,TRUE,"unique_exact_genomic_allele",TRUE,"Uncertain","POSSIBLY_PATHOGENIC_LOW","Possibly pathogenic"
"8:95263775:C:A","OLI1456","Unknown","Bardet-Biedl syndrome",1,TRUE,TRUE,"unique_exact_genomic_allele",FALSE,"Deleterious","LIKELY_PATHOGENIC","P/LP"
"8:99999282:C:T","OLI1708","Unknown","Autism Spectrum Disorder,Lung disease,Global developmental delay",1,TRUE,TRUE,"unique_exact_genomic_allele",TRUE,"Benign","UNCERTAIN_SIGNIFICANCE","VUS"
"9:100240169:C:T","OLI691","Unknown","Isolated anencephaly",1,TRUE,TRUE,"unique_exact_genomic_allele",TRUE,"Uncertain","BENIGN","B/LB"
"9:100240169:C:T","OLI736","Unknown","Isolated anencephaly",1,TRUE,TRUE,"unique_exact_genomic_allele",TRUE,"Uncertain","BENIGN","B/LB"
"9:100240169:C:T","OLI761","Unknown","Craniorachischisis",1,TRUE,TRUE,"unique_exact_genomic_allele",TRUE,"Uncertain","BENIGN","B/LB"
"9:100240184:A:G","OLI723","Unknown","Isolated anencephaly",1,TRUE,TRUE,"unique_exact_genomic_allele",TRUE,"Benign","BENIGN","B/LB"
"9:100284483:G:C","OLI214","Unknown","Nephronophthisis",1,TRUE,TRUE,"unique_exact_genomic_allele",TRUE,"Uncertain","BENIGN","B/LB"
"9:101371179:T:C","OLI109","Unknown","Familial hypercholanemia",1,TRUE,TRUE,"unique_exact_genomic_allele",TRUE,"Deleterious","UNCERTAIN_SIGNIFICANCE","VUS"
"9:101371179:T:C","OLI110","Unknown","Familial hypercholanemia",1,TRUE,TRUE,"unique_exact_genomic_allele",TRUE,"Deleterious","UNCERTAIN_SIGNIFICANCE","VUS"
"9:113393524:G:C","OLI001","Monogenic+Modifier","Hereditary coproporphyria",1,TRUE,TRUE,"unique_exact_genomic_allele",TRUE,"Deleterious","LIKELY_PATHOGENIC","P/LP"
"9:114275766:C:T","OLI1747","Unknown","46,XY disorder of sex development",1,TRUE,TRUE,"unique_exact_genomic_allele",TRUE,"Deleterious","BENIGN","B/LB"
"9:114504769:G:C","OLI108","Unknown","Usher syndrome type 2",1,TRUE,TRUE,"unique_exact_genomic_allele",TRUE,"Uncertain","LIKELY_BENIGN","B/LB"
"9:116698112:C:T","OLI1667","Unknown","Bardet-Biedl syndrome",1,TRUE,TRUE,"unique_exact_genomic_allele",TRUE,"Benign","BENIGN","B/LB"
"9:116698638:G:A","OLI1134","Unknown","Bardet-Biedl syndrome",1,TRUE,TRUE,"unique_exact_genomic_allele",TRUE,"Uncertain","POSSIBLY_PATHOGENIC_LOW","Possibly pathogenic"
"9:116698940:C:T","OLI1454","Unknown","Bardet-Biedl syndrome",1,TRUE,TRUE,"unique_exact_genomic_allele",TRUE,"Uncertain","POSSIBLY_PATHOGENIC_LOW","Possibly pathogenic"
"9:117714319:C:G","OLI1697","Unknown","Schizophrenia",1,TRUE,TRUE,"unique_exact_genomic_allele",TRUE,"Uncertain","UNCERTAIN_SIGNIFICANCE","VUS"
"9:120415150:A:G","OLI243","True Digenic","Seckel syndrome",1,TRUE,TRUE,"unique_exact_genomic_allele",TRUE,"Uncertain","POSSIBLY_BENIGN","Possibly benign"
"9:123373608:T:TGGCGCGGCCCCGGCCC","OLI922","Unknown","Transposition of the great arteries",1,TRUE,TRUE,"unique_exact_genomic_allele",TRUE,"","PATHOGENIC","P/LP"
"9:123382111:G:T","OLI575","Unknown","Disorder of sex development",1,TRUE,TRUE,"unique_exact_genomic_allele",TRUE,"Benign","LIKELY_BENIGN","B/LB"
"9:124482921:T:G","OLI1510","Unknown","46,XY disorder of sex development",1,TRUE,TRUE,"unique_exact_genomic_allele",TRUE,"Deleterious","LIKELY_PATHOGENIC","P/LP"
"9:124482958:TCTC:T","OLI669","True Digenic","46,XY disorder of sex development",1,TRUE,TRUE,"unique_exact_genomic_allele",TRUE,"Benign","PATHOGENIC","P/LP"
"9:124491102:ACTT:A","OLI401","Unknown","46,XY disorder of sex development; 46,XY partial gonadal dysgenesis",1,TRUE,TRUE,"unique_exact_genomic_allele",TRUE,"Benign","LIKELY_PATHOGENIC","P/LP"
"9:124491156:C:T","OLI1043","Unknown","Primary ovarian failure",1,TRUE,TRUE,"unique_exact_genomic_allele",TRUE,"Deleterious","LIKELY_PATHOGENIC","P/LP"
"9:124491167:G:A","OLI1558","Unknown","Syndrome with 46,XY disorder of sex development",1,TRUE,TRUE,"unique_exact_genomic_allele",TRUE,"Deleterious","LIKELY_PATHOGENIC","P/LP"
"9:124493083:G:A","OLI766","Unknown","46,XY disorder of sex development",1,TRUE,TRUE,"unique_exact_genomic_allele",TRUE,"Deleterious","PATHOGENIC","P/LP"
"9:124493116:A:G","OLI1557","Unknown","Syndrome with 46,XY disorder of sex development",1,TRUE,TRUE,"unique_exact_genomic_allele",TRUE,"Deleterious","POSSIBLY_PATHOGENIC_MODERATE","Possibly pathogenic"
"9:124500345:T:TG","OLI575","Unknown","Disorder of sex development",1,TRUE,TRUE,"unique_exact_genomic_allele",TRUE,"Benign","PATHOGENIC","P/LP"
"9:124500345:T:TG","OLI668","Unknown","46,XY disorder of sex development",1,TRUE,TRUE,"unique_exact_genomic_allele",TRUE,"Benign","PATHOGENIC","P/LP"
"9:124500400:GC:G","OLI1727","Unknown","Primary ovarian failure",1,TRUE,TRUE,"unique_exact_genomic_allele",TRUE,"Benign","PATHOGENIC","P/LP"
"9:124500458:C:G","OLI1046","Unknown","Primary ovarian failure",1,TRUE,TRUE,"unique_exact_genomic_allele",TRUE,"Uncertain","POSSIBLY_PATHOGENIC_LOW","Possibly pathogenic"
"9:124500655:TCCCGCTTGTACATCGGC:T","OLI1617","True Digenic","46,XY disorder of sex development",1,TRUE,TRUE,"unique_exact_genomic_allele",TRUE,"","LIKELY_PATHOGENIC","P/LP"
"9:124500692:C:G","OLI574","Unknown","Disorder of sex development",1,TRUE,TRUE,"unique_exact_genomic_allele",TRUE,"Deleterious","POSSIBLY_PATHOGENIC_MODERATE","Possibly pathogenic"
"9:124500709:C:T","OLI400","Unknown","46,XY disorder of sex development; 46,XY partial gonadal dysgenesis",1,TRUE,TRUE,"unique_exact_genomic_allele",TRUE,"Deleterious","PATHOGENIC","P/LP"
"9:124503117:C:A","OLI1550","Unknown","46,XY disorder of sex development",1,TRUE,TRUE,"unique_exact_genomic_allele",TRUE,"Deleterious","LIKELY_PATHOGENIC","P/LP"
"9:124503308:A:T","OLI667","Unknown","46,XY disorder of sex development",1,TRUE,TRUE,"unique_exact_genomic_allele",TRUE,"Deleterious","PATHOGENIC","P/LP"
"9:124503310:G:T","OLI998","Unknown","Androgen insensitivity syndrome; 46,XY disorder of sex development",1,TRUE,TRUE,"unique_exact_genomic_allele",TRUE,"Deleterious","LIKELY_PATHOGENIC","P/LP"
"9:124503325:TG:T","OLI573","Unknown","Disorder of sex development",1,TRUE,TRUE,"unique_exact_genomic_allele",TRUE,"Benign","LIKELY_PATHOGENIC","P/LP"
"9:124503338:C:G","OLI572","Unknown","Disorder of sex development",1,TRUE,TRUE,"unique_exact_genomic_allele",TRUE,"Deleterious","LIKELY_PATHOGENIC","P/LP"
"9:124503385:G:T","OLI1618","Unknown","46,XY disorder of sex development",1,TRUE,TRUE,"unique_exact_genomic_allele",TRUE,"","PATHOGENIC","P/LP"
"9:127824870:A:AT","OLI838","Unknown","Cerebral arteriovenous malformation",1,TRUE,TRUE,"unique_exact_genomic_allele",TRUE,"Benign","PATHOGENIC","P/LP"
"9:127825795:G:A","OLI840","Unknown","Cerebral arteriovenous malformation",1,TRUE,TRUE,"unique_exact_genomic_allele",TRUE,"Benign","LIKELY_BENIGN","B/LB"
"9:128504880:C:A","OLI1015","Unknown","Amyotrophic lateral sclerosis",1,TRUE,TRUE,"unique_exact_genomic_allele",TRUE,"","LIKELY_PATHOGENIC","P/LP"
"9:13138033:A:G","OLI1100","Unknown","Rare genetic deafness",1,TRUE,TRUE,"unique_exact_genomic_allele",TRUE,"Uncertain","POSSIBLY_BENIGN","Possibly benign"
"9:13138033:A:G","OLI1101","Unknown","Rare genetic deafness",1,TRUE,TRUE,"unique_exact_genomic_allele",TRUE,"Uncertain","POSSIBLY_BENIGN","Possibly benign"
"9:13138033:A:G","OLI1102","Unknown","Rare genetic deafness",1,TRUE,TRUE,"unique_exact_genomic_allele",TRUE,"Uncertain","POSSIBLY_BENIGN","Possibly benign"
"9:13138033:A:G","OLI1103","Unknown","Rare genetic deafness",1,TRUE,TRUE,"unique_exact_genomic_allele",TRUE,"Uncertain","POSSIBLY_BENIGN","Possibly benign"
"9:13138033:A:G","OLI1104","Unknown","Rare genetic deafness",1,TRUE,TRUE,"unique_exact_genomic_allele",TRUE,"Uncertain","POSSIBLY_BENIGN","Possibly benign"
"9:131860596:G:A","OLI796","Unknown","Arthrogryposis syndrome",1,TRUE,TRUE,"unique_exact_genomic_allele",TRUE,"Deleterious","POSSIBLY_PATHOGENIC_MODERATE","Possibly pathogenic"
"9:13188804:C:T","OLI1566","Unknown","Syndrome with 46,XY disorder of sex development",1,TRUE,TRUE,"unique_exact_genomic_allele",TRUE,"Uncertain","BENIGN","B/LB"
"9:132263390:C:A","OLI970","Unknown","Amyotrophic lateral sclerosis",1,TRUE,TRUE,"unique_exact_genomic_allele",TRUE,"Benign","BENIGN","B/LB"
"9:132264316:T:C","OLI431","Unknown","Amyotrophic lateral sclerosis",1,TRUE,TRUE,"unique_exact_genomic_allele",TRUE,"Uncertain","UNCERTAIN_SIGNIFICANCE","VUS"
"9:132264509:C:G","OLI785","Unknown","Amyotrophic lateral sclerosis",1,TRUE,TRUE,"unique_exact_genomic_allele",TRUE,"Uncertain","UNCERTAIN_SIGNIFICANCE","VUS"
"9:132264633:A:G","OLI270","Unknown","Amyotrophic lateral sclerosis",1,TRUE,TRUE,"unique_exact_genomic_allele",TRUE,"Benign","BENIGN","B/LB"
"9:132264633:A:G","OLI273","Unknown","Amyotrophic lateral sclerosis",1,TRUE,TRUE,"unique_exact_genomic_allele",TRUE,"Benign","BENIGN","B/LB"
"9:132264633:A:G","OLI276","Unknown","Amyotrophic lateral sclerosis",1,TRUE,TRUE,"unique_exact_genomic_allele",TRUE,"Benign","BENIGN","B/LB"
"9:132264633:A:G","OLI282","Unknown","Amyotrophic lateral sclerosis",1,TRUE,TRUE,"unique_exact_genomic_allele",TRUE,"Benign","BENIGN","B/LB"
"9:132264633:A:G","OLI661","Unknown","Amyotrophic lateral sclerosis",1,TRUE,TRUE,"unique_exact_genomic_allele",TRUE,"Benign","BENIGN","B/LB"
"9:132264711:G:A","OLI655","Unknown","Amyotrophic lateral sclerosis",1,TRUE,TRUE,"unique_exact_genomic_allele",TRUE,"Uncertain","UNCERTAIN_SIGNIFICANCE","VUS"
"9:132271795:C:T","OLI435","Unknown","Amyotrophic lateral sclerosis",1,TRUE,TRUE,"unique_exact_genomic_allele",TRUE,"Uncertain","BENIGN","B/LB"
"9:132283353:A:C","OLI950","Unknown","Amyotrophic lateral sclerosis",1,TRUE,TRUE,"unique_exact_genomic_allele",TRUE,"Deleterious","POSSIBLY_PATHOGENIC_LOW","Possibly pathogenic"
"9:132311809:C:A","OLI1637","Unknown","Amyotrophic lateral sclerosis",1,TRUE,TRUE,"unique_exact_genomic_allele",TRUE,"Uncertain","POSSIBLY_BENIGN","Possibly benign"
"9:132326938:A:C","OLI283","Unknown","Amyotrophic lateral sclerosis",1,TRUE,TRUE,"unique_exact_genomic_allele",TRUE,"Deleterious","BENIGN","B/LB"
"9:132326938:A:C","OLI663","Unknown","Amyotrophic lateral sclerosis",1,TRUE,TRUE,"unique_exact_genomic_allele",TRUE,"Deleterious","BENIGN","B/LB"
"9:132327039:A:G","OLI1703","Unknown","Amyotrophic lateral sclerosis",1,TRUE,TRUE,"unique_exact_genomic_allele",TRUE,"Uncertain","POSSIBLY_PATHOGENIC_LOW","Possibly pathogenic"
"9:132327687:A:C","OLI1702","Unknown","Amyotrophic lateral sclerosis",1,TRUE,TRUE,"unique_exact_genomic_allele",TRUE,"Uncertain","UNCERTAIN_SIGNIFICANCE","VUS"
"9:132328369:C:T","OLI659","Unknown","Amyotrophic lateral sclerosis",1,TRUE,TRUE,"unique_exact_genomic_allele",TRUE,"Uncertain","BENIGN","B/LB"
"9:132328623:T:C","OLI635","Unknown","Amyotrophic lateral sclerosis",1,TRUE,TRUE,"unique_exact_genomic_allele",TRUE,"Uncertain","BENIGN","B/LB"
"9:132329214:TTTA:A","OLI1246","Unknown","Corticobasal syndrome; Progressive non-fluent aphasia",1,FALSE,FALSE,NA,NA,NA,NA,NA
"9:132329827:T:C","OLI786","Unknown","Amyotrophic lateral sclerosis",1,TRUE,TRUE,"unique_exact_genomic_allele",TRUE,"Uncertain","POSSIBLY_BENIGN","Possibly benign"
"9:132330294:T:C","OLI945","Unknown","Amyotrophic lateral sclerosis",1,TRUE,TRUE,"unique_exact_genomic_allele",TRUE,"Deleterious","POSSIBLY_PATHOGENIC_LOW","Possibly pathogenic"
"9:132331295:A:G","OLI944","Unknown","Amyotrophic lateral sclerosis",1,TRUE,TRUE,"unique_exact_genomic_allele",TRUE,"Uncertain","POSSIBLY_PATHOGENIC_MODERATE","Possibly pathogenic"
"9:132331319:C:T","OLI277","Unknown","Amyotrophic lateral sclerosis",1,TRUE,TRUE,"unique_exact_genomic_allele",TRUE,"Uncertain","POSSIBLY_BENIGN","Possibly benign"
"9:132334626:T:C","OLI281","Unknown","Amyotrophic lateral sclerosis",1,TRUE,TRUE,"unique_exact_genomic_allele",TRUE,"Uncertain","POSSIBLY_PATHOGENIC_MODERATE","Possibly pathogenic"
"9:132342716:A:C","OLI664","Unknown","Amyotrophic lateral sclerosis",1,TRUE,TRUE,"unique_exact_genomic_allele",TRUE,"Uncertain","BENIGN","B/LB"
"9:132342716:A:C","OLI666","Unknown","Amyotrophic lateral sclerosis",1,TRUE,TRUE,"unique_exact_genomic_allele",TRUE,"Uncertain","BENIGN","B/LB"
"9:132349370:C:T","OLI970","Unknown","Amyotrophic lateral sclerosis",1,TRUE,TRUE,"unique_exact_genomic_allele",TRUE,"Uncertain","BENIGN","B/LB"
"9:132349388:G:A","OLI282","Unknown","Amyotrophic lateral sclerosis",1,TRUE,TRUE,"unique_exact_genomic_allele",TRUE,"Uncertain","UNCERTAIN_SIGNIFICANCE","VUS"
"9:132349421:G:A","OLI1633","Unknown","Amyotrophic lateral sclerosis",1,TRUE,TRUE,"unique_exact_genomic_allele",TRUE,"Uncertain","LIKELY_PATHOGENIC","P/LP"
"9:132903665:G:A","OLI488","Unknown","Rare pervasive developmental disorder",1,TRUE,TRUE,"unique_exact_genomic_allele",TRUE,"Uncertain","BENIGN","B/LB"
"9:132905818:T:C","OLI479","Unknown","Rare pervasive developmental disorder",1,TRUE,TRUE,"unique_exact_genomic_allele",TRUE,"Uncertain","BENIGN","B/LB"
"9:132905818:T:C","OLI489","Unknown","Rare pervasive developmental disorder",1,TRUE,TRUE,"unique_exact_genomic_allele",TRUE,"Uncertain","BENIGN","B/LB"
"9:132905818:T:C","OLI490","Unknown","Rare pervasive developmental disorder",1,TRUE,TRUE,"unique_exact_genomic_allele",TRUE,"Uncertain","BENIGN","B/LB"
"9:132905818:T:C","OLI491","Unknown","Rare pervasive developmental disorder",1,TRUE,TRUE,"unique_exact_genomic_allele",TRUE,"Uncertain","BENIGN","B/LB"
"9:132910626:G:A","OLI478","Unknown","Rare pervasive developmental disorder",1,TRUE,TRUE,"unique_exact_genomic_allele",TRUE,"Uncertain","POSSIBLY_BENIGN","Possibly benign"
"9:132911064:G:T","OLI482","Unknown","Rare pervasive developmental disorder",1,TRUE,TRUE,"unique_exact_genomic_allele",TRUE,"Uncertain","BENIGN","B/LB"
"9:132911064:G:T","OLI483","Unknown","Rare pervasive developmental disorder",1,TRUE,TRUE,"unique_exact_genomic_allele",TRUE,"Uncertain","BENIGN","B/LB"
"9:132911476:G:A","OLI485","Unknown","Rare pervasive developmental disorder",1,TRUE,TRUE,"unique_exact_genomic_allele",TRUE,"Uncertain","POSSIBLY_BENIGN","Possibly benign"
"9:132989126:C:T","OLI1738","Unknown","Isolated constitutional thrombocytopenia,PMM2-CDG",1,TRUE,TRUE,"unique_exact_genomic_allele",TRUE,"Benign","BENIGN","B/LB"
"9:133670734:G:A","OLI691","Unknown","Isolated anencephaly",1,TRUE,TRUE,"unique_exact_genomic_allele",TRUE,"Uncertain","BENIGN","B/LB"
"9:133708315:C:T","OLI727","Unknown","Isolated anencephaly",1,TRUE,TRUE,"unique_exact_genomic_allele",TRUE,"Deleterious","UNCERTAIN_SIGNIFICANCE","VUS"
"9:136200627:C:T","OLI1572","Unknown","Syndrome with 46,XY disorder of sex development",1,TRUE,TRUE,"unique_exact_genomic_allele",TRUE,"Deleterious","POSSIBLY_PATHOGENIC_LOW","Possibly pathogenic"
"9:136365140:C:G","OLI138","Dual Molecular Diagnosis","Primary immunodeficiency",1,TRUE,TRUE,"unique_exact_genomic_allele",TRUE,"Deleterious","BENIGN","B/LB"
"9:136438888:C:T","OLI322","Monogenic+Modifier","Bardet-Biedl syndrome",1,TRUE,TRUE,"unique_exact_genomic_allele",TRUE,"Benign","LIKELY_BENIGN","B/LB"
"9:136504761:G:A","OLI597","Unknown","Disorder of sex development",1,TRUE,TRUE,"unique_exact_genomic_allele",TRUE,"Benign","LIKELY_BENIGN","B/LB"
"9:136506938:G:A","OLI843","Unknown","Normosmic congenital hypogonadotropic hypogonadism",1,TRUE,TRUE,"unique_exact_genomic_allele",TRUE,"Uncertain","POSSIBLY_BENIGN","Possibly benign"
"9:136507351:G:A","OLI600","Unknown","Disorder of sex development",1,TRUE,TRUE,"unique_exact_genomic_allele",TRUE,"Benign","LIKELY_BENIGN","B/LB"
"9:136510659:G:A","OLI604","Unknown","Disorder of sex development",1,TRUE,TRUE,"unique_exact_genomic_allele",TRUE,"Uncertain","BENIGN","B/LB"
"9:137101088:C:T","OLI227","Dual Molecular Diagnosis","Global developmental delay,Hypertelorism,Intellectual disability,Macrocephaly,Tall Stature",1,TRUE,TRUE,"unique_exact_genomic_allele",TRUE,"Deleterious","PATHOGENIC","P/LP"
"9:137233223:C:T","OLI1790","Unknown","Dent disease",1,TRUE,TRUE,"unique_exact_genomic_allele",TRUE,"Deleterious","PATHOGENIC","P/LP"
"9:137233223:C:T","OLI1791","Unknown","Dent disease",1,TRUE,TRUE,"unique_exact_genomic_allele",TRUE,"Deleterious","PATHOGENIC","P/LP"
"9:137233223:C:T","OLI1792","Unknown","Dent disease",1,TRUE,TRUE,"unique_exact_genomic_allele",TRUE,"Deleterious","PATHOGENIC","P/LP"
"9:137236173:T:TC","OLI008","Monogenic+Modifier","Hereditary hypophosphatemic rickets with hypercalciuria",1,TRUE,TRUE,"unique_exact_genomic_allele",TRUE,"Benign","PATHOGENIC","P/LP"
"9:137449601:T:A","OLI1292","Unknown","Kallmann syndrome",1,TRUE,TRUE,"unique_exact_genomic_allele",TRUE,"Deleterious","POSSIBLY_PATHOGENIC_MODERATE","Possibly pathogenic"
"9:137452448:G:A","OLI512","Unknown","Kallmann syndrome",1,TRUE,TRUE,"unique_exact_genomic_allele",TRUE,"Benign","POSSIBLY_BENIGN","Possibly benign"
"9:137453770:T:G","OLI898","Unknown","Normosmic congenital hypogonadotropic hypogonadism",1,TRUE,TRUE,"unique_exact_genomic_allele",TRUE,"Uncertain","UNCERTAIN_SIGNIFICANCE","VUS"
"9:137455255:C:T","OLI511","Unknown","Kallmann syndrome",1,TRUE,TRUE,"unique_exact_genomic_allele",TRUE,"Uncertain","POSSIBLY_BENIGN","Possibly benign"
"9:137457448:C:T","OLI390","Unknown","Kallmann syndrome",1,TRUE,TRUE,"unique_exact_genomic_allele",TRUE,"Benign","POSSIBLY_PATHOGENIC_LOW","Possibly pathogenic"
"9:137457502:G:T","OLI1112","Unknown","CHARGE syndrome; Normosmic congenital hypogonadotropic hypogonadism",1,TRUE,TRUE,"unique_exact_genomic_allele",TRUE,"Benign","POSSIBLY_PATHOGENIC_LOW","Possibly pathogenic"
"9:137457614:C:T","OLI1114","Unknown","Kallmann syndrome",1,TRUE,TRUE,"unique_exact_genomic_allele",TRUE,"Benign","LIKELY_BENIGN","B/LB"
"9:137457847:G:A","OLI1335","Unknown","Kallmann syndrome",1,TRUE,TRUE,"unique_exact_genomic_allele",TRUE,"Benign","UNCERTAIN_SIGNIFICANCE","VUS"
"9:137462004:A:G","OLI556","Unknown","Normosmic congenital hypogonadotropic hypogonadism",1,TRUE,TRUE,"unique_exact_genomic_allele",TRUE,"Uncertain","POSSIBLY_PATHOGENIC_LOW","Possibly pathogenic"
"9:137743909:A:T","OLI432","Unknown","Rare pervasive developmental disorder",1,TRUE,TRUE,"unique_exact_genomic_allele",TRUE,"Benign","UNCERTAIN_SIGNIFICANCE","VUS"
"9:137762686:G:A","OLI433","Unknown","Rare pervasive developmental disorder",1,TRUE,TRUE,"unique_exact_genomic_allele",TRUE,"Benign","LIKELY_BENIGN","B/LB"
"9:138043857:A:G","OLI1466","Unknown","Rare pervasive developmental disorder",1,TRUE,TRUE,"unique_exact_genomic_allele",TRUE,"Benign","LIKELY_BENIGN","B/LB"
"9:14842660:C:G","OLI499","Unknown","Marfan syndrome; Congenital diaphragmatic hernia",1,TRUE,TRUE,"unique_exact_genomic_allele",TRUE,"Deleterious","BENIGN","B/LB"
"9:16436326:G:T","OLI601","Unknown","Disorder of sex development",1,TRUE,TRUE,"unique_exact_genomic_allele",TRUE,"Benign","BENIGN","B/LB"
"9:16436326:G:T","OLI602","Unknown","Disorder of sex development",1,TRUE,TRUE,"unique_exact_genomic_allele",TRUE,"Benign","BENIGN","B/LB"
"9:2029232:G:A","OLI646","Unknown","Schizophrenia",1,TRUE,TRUE,"unique_exact_genomic_allele",TRUE,"Uncertain","BENIGN","B/LB"
"9:21141513:C:T","OLI1332","Unknown","Primary immunodeficiency",1,TRUE,TRUE,"unique_exact_genomic_allele",TRUE,"Benign","LIKELY_BENIGN","B/LB"
"9:2639898:A:G","OLI1466","Unknown","Rare pervasive developmental disorder",1,TRUE,TRUE,"unique_exact_genomic_allele",TRUE,"Uncertain","BENIGN","B/LB"
"9:2643709:G:A","OLI1063","Unknown","Primary ovarian failure",1,TRUE,TRUE,"unique_exact_genomic_allele",TRUE,"Uncertain","BENIGN","B/LB"
"9:2644799:T:C","OLI1461","Unknown","Rare pervasive developmental disorder",1,TRUE,TRUE,"unique_exact_genomic_allele",TRUE,"Deleterious","POSSIBLY_PATHOGENIC_MODERATE","Possibly pathogenic"
"9:2645574:G:A","OLI1466","Unknown","Rare pervasive developmental disorder",1,TRUE,TRUE,"unique_exact_genomic_allele",TRUE,"Deleterious","BENIGN","B/LB"
"9:2648286:G:A","OLI1461","Unknown","Rare pervasive developmental disorder",1,TRUE,TRUE,"unique_exact_genomic_allele",TRUE,"Deleterious","BENIGN","B/LB"
"9:2648673:G:A","OLI1466","Unknown","Rare pervasive developmental disorder",1,TRUE,TRUE,"unique_exact_genomic_allele",TRUE,"Deleterious","POSSIBLY_PATHOGENIC_LOW","Possibly pathogenic"
"9:27062668:G:A","OLI620","Unknown","Bardet-Biedl syndrome",1,TRUE,TRUE,"unique_exact_genomic_allele",TRUE,"Uncertain","BENIGN","B/LB"
"9:27158087:A:C","OLI009","True Digenic","Congenital glaucoma",1,TRUE,TRUE,"unique_exact_genomic_allele",TRUE,"Uncertain","BENIGN","B/LB"
"9:27168573:T:C","OLI010","True Digenic","Congenital glaucoma",1,TRUE,TRUE,"unique_exact_genomic_allele",TRUE,"Benign","BENIGN","B/LB"
"9:27172628:A:C","OLI011","True Digenic","Congenital glaucoma",1,TRUE,TRUE,"unique_exact_genomic_allele",TRUE,"Benign","UNCERTAIN_SIGNIFICANCE","VUS"
"9:27204929:G:C","OLI012","True Digenic","Congenital glaucoma",1,TRUE,TRUE,"unique_exact_genomic_allele",TRUE,"Uncertain","BENIGN","B/LB"
"9:32987596:G:T","OLI330","Unknown","Amyotrophic lateral sclerosis",1,TRUE,TRUE,"unique_exact_genomic_allele",TRUE,"Uncertain","BENIGN","B/LB"
"9:334238:T:C","OLI573","Unknown","Disorder of sex development",1,TRUE,TRUE,"unique_exact_genomic_allele",TRUE,"Benign","POSSIBLY_PATHOGENIC_LOW","Possibly pathogenic"
"9:34459054:G:GT","OLI607","True Digenic","Heterotaxia",1,TRUE,TRUE,"unique_exact_genomic_allele",TRUE,"Deleterious","PATHOGENIC","P/LP"
"9:34635682:G:A","OLI438","Unknown","Amyotrophic lateral sclerosis",1,TRUE,TRUE,"unique_exact_genomic_allele",TRUE,"Uncertain","BENIGN","B/LB"
"9:34637573:A:C","OLI824","Unknown","Amyotrophic lateral sclerosis",1,TRUE,TRUE,"unique_exact_genomic_allele",TRUE,"Uncertain","UNCERTAIN_SIGNIFICANCE","VUS"
"9:34648850:G:A","OLI091","Unknown","Primary ovarian failure",1,TRUE,TRUE,"unique_exact_genomic_allele",TRUE,"Deleterious","PATHOGENIC","P/LP"
"9:35065363:C:T","OLI769","Unknown","Amyotrophic lateral sclerosis",1,TRUE,TRUE,"unique_exact_genomic_allele",TRUE,"Deleterious","PATHOGENIC","P/LP"
"9:35065364:G:A","OLI956","Unknown","Amyotrophic lateral sclerosis",1,TRUE,TRUE,"unique_exact_genomic_allele",TRUE,"Deleterious","PATHOGENIC","P/LP"
"9:35093476:G:T","OLI921","Unknown","Transposition of the great arteries",1,TRUE,TRUE,"unique_exact_genomic_allele",TRUE,"","LIKELY_PATHOGENIC","P/LP"
"9:35684739:G:GCCTGGGCCTCCA","OLI799","Unknown","Arthrogryposis syndrome",1,TRUE,TRUE,"unique_exact_genomic_allele",TRUE,"","LIKELY_PATHOGENIC","P/LP"
"9:37432134:CTG:C","OLI1615","Unknown","Dent disease",1,TRUE,TRUE,"unique_exact_genomic_allele",TRUE,"Benign","PATHOGENIC","P/LP"
"9:3828342:G:A","OLI1486","Unknown","Congenital hypothyroidism",1,TRUE,TRUE,"resolved_by_exact_cdna_within_allele",TRUE,"Benign","BENIGN","B/LB"
"9:3828342:G:A","OLI472","Unknown","Congenital hypothyroidism",1,FALSE,FALSE,NA,NA,NA,NA,NA
"9:4117942:G:T","OLI585","Unknown","Congenital hypothyroidism",1,TRUE,TRUE,"unique_exact_genomic_allele",TRUE,"Benign","BENIGN","B/LB"
"9:4118278:G:T","OLI1077","Unknown","Congenital hypothyroidism",1,TRUE,TRUE,"resolved_by_exact_cdna_within_allele",TRUE,"Benign","UNCERTAIN_SIGNIFICANCE","VUS"
"9:4118278:G:T","OLI1496","Unknown","Congenital hypothyroidism",1,FALSE,FALSE,NA,NA,NA,NA,NA
"9:4118333:G:T","OLI595","Unknown","Congenital hypothyroidism",1,TRUE,TRUE,"unique_exact_genomic_allele",TRUE,"Benign","POSSIBLY_PATHOGENIC_LOW","Possibly pathogenic"
"9:4118352:G:A","OLI583","Unknown","Congenital hypothyroidism",1,TRUE,TRUE,"unique_exact_genomic_allele",TRUE,"Benign","BENIGN","B/LB"
"9:4118388:G:A","OLI583","Unknown","Congenital hypothyroidism",1,TRUE,TRUE,"unique_exact_genomic_allele",TRUE,"Benign","BENIGN","B/LB"
"9:4286352:C:T","OLI582","Unknown","Congenital hypothyroidism",1,TRUE,TRUE,"unique_exact_genomic_allele",TRUE,"Benign","UNCERTAIN_SIGNIFICANCE","VUS"
"9:4286395:G:A","OLI593","Unknown","Congenital hypothyroidism",1,TRUE,TRUE,"unique_exact_genomic_allele",TRUE,"Benign","UNCERTAIN_SIGNIFICANCE","VUS"
"9:6534775:G:T","OLI720","Unknown","Isolated anencephaly",1,TRUE,TRUE,"unique_exact_genomic_allele",TRUE,"Deleterious","PATHOGENIC","P/LP"
"9:6554781:C:A","OLI709","Unknown","Isolated anencephaly",1,TRUE,TRUE,"unique_exact_genomic_allele",TRUE,"Deleterious","BENIGN","B/LB"
"9:6554781:C:A","OLI760","Unknown","Isolated anencephaly",1,TRUE,TRUE,"unique_exact_genomic_allele",TRUE,"Deleterious","BENIGN","B/LB"
"9:6556242:C:T","OLI740","Unknown","Isolated anencephaly",1,TRUE,TRUE,"unique_exact_genomic_allele",TRUE,"Deleterious","BENIGN","B/LB"
"9:6605157:G:T","OLI734","Unknown","Craniorachischisis",1,TRUE,TRUE,"unique_exact_genomic_allele",TRUE,"Uncertain","POSSIBLY_PATHOGENIC_MODERATE","Possibly pathogenic"
"9:69216367:T:C","OLI109","Unknown","Familial hypercholanemia",1,TRUE,TRUE,"unique_exact_genomic_allele",TRUE,"Uncertain","POSSIBLY_BENIGN","Possibly benign"
"9:69216367:T:C","OLI110","Unknown","Familial hypercholanemia",1,TRUE,TRUE,"unique_exact_genomic_allele",TRUE,"Uncertain","POSSIBLY_BENIGN","Possibly benign"
"9:77424056:CTG:C","OLI403","Unknown","Parkinson disease; Benign essential blepharospasm",1,TRUE,TRUE,"unique_exact_genomic_allele",TRUE,"Benign","POSSIBLY_PATHOGENIC_MODERATE","Possibly pathogenic"
"9:79725076:G:A","OLI878","Unknown","Kallmann syndrome",1,TRUE,TRUE,"unique_exact_genomic_allele",TRUE,"Benign","LIKELY_BENIGN","B/LB"
"9:84001732:C:T","OLI1045","Unknown","Primary ovarian failure",1,TRUE,TRUE,"unique_exact_genomic_allele",TRUE,"Uncertain","UNCERTAIN_SIGNIFICANCE","VUS"
"9:841987:G:C","OLI1551","Unknown","46,XY disorder of sex development",1,TRUE,TRUE,"unique_exact_genomic_allele",TRUE,"Benign","UNCERTAIN_SIGNIFICANCE","VUS"
"9:87706561:G:A","OLI604","Unknown","Disorder of sex development",1,TRUE,TRUE,"unique_exact_genomic_allele",TRUE,"Uncertain","UNCERTAIN_SIGNIFICANCE","VUS"
"9:89378930:C:G","OLI882","Unknown","Kallmann syndrome",1,TRUE,TRUE,"unique_exact_genomic_allele",TRUE,"Benign","UNCERTAIN_SIGNIFICANCE","VUS"
"9:89379015:G:T","OLI429","Unknown","Kallmann syndrome",1,TRUE,TRUE,"unique_exact_genomic_allele",TRUE,"Uncertain","UNCERTAIN_SIGNIFICANCE","VUS"
"9:89381249:G:A","OLI856","Unknown","Kallmann syndrome",1,TRUE,TRUE,"unique_exact_genomic_allele",TRUE,"Uncertain","UNCERTAIN_SIGNIFICANCE","VUS"
"9:89396813:C:T","OLI884","Unknown","Kallmann syndrome",1,TRUE,TRUE,"unique_exact_genomic_allele",TRUE,"Uncertain","UNCERTAIN_SIGNIFICANCE","VUS"
"9:91724209:G:A","OLI752","Unknown","Isolated anencephaly",1,TRUE,TRUE,"unique_exact_genomic_allele",TRUE,"Uncertain","BENIGN","B/LB"
"9:91724414:A:G","OLI754","Unknown","Isolated anencephaly",1,TRUE,TRUE,"unique_exact_genomic_allele",TRUE,"Deleterious","POSSIBLY_PATHOGENIC_MODERATE","Possibly pathogenic"
"9:91724870:C:T","OLI702","Unknown","Isolated anencephaly",1,TRUE,TRUE,"unique_exact_genomic_allele",TRUE,"Uncertain","POSSIBLY_PATHOGENIC_LOW","Possibly pathogenic"
"9:91724911:C:T","OLI1570","Unknown","Syndrome with 46,XY disorder of sex development",1,TRUE,TRUE,"unique_exact_genomic_allele",TRUE,"Uncertain","LIKELY_BENIGN","B/LB"
"9:91757403:A:T","OLI1563","Unknown","Syndrome with 46,XY disorder of sex development",1,TRUE,TRUE,"unique_exact_genomic_allele",TRUE,"Deleterious","POSSIBLY_PATHOGENIC_LOW","Possibly pathogenic"
"9:92719466:A:T","OLI330","Unknown","Amyotrophic lateral sclerosis",1,TRUE,TRUE,"unique_exact_genomic_allele",TRUE,"Benign","BENIGN","B/LB"
"9:95447105:G:A","OLI1572","Unknown","Syndrome with 46,XY disorder of sex development",1,TRUE,TRUE,"unique_exact_genomic_allele",TRUE,"Uncertain","LIKELY_BENIGN","B/LB"
"9:95449242:G:A","OLI681","Unknown","Holoprosencephaly",1,TRUE,TRUE,"unique_exact_genomic_allele",TRUE,"Uncertain","POSSIBLY_BENIGN","Possibly benign"
"9:95461888:C:T","OLI692","Unknown","Isolated anencephaly",1,TRUE,TRUE,"unique_exact_genomic_allele",TRUE,"Deleterious","UNCERTAIN_SIGNIFICANCE","VUS"
"9:95461924:C:T","OLI1572","Unknown","Syndrome with 46,XY disorder of sex development",1,FALSE,TRUE,"exact_allele_multiple_variant_ids",NA,NA,NA,NA
"9:95461924:C:T","OLI696","Unknown","Isolated anencephaly",1,FALSE,TRUE,"exact_allele_multiple_variant_ids",NA,NA,NA,NA
"9:95508325:G:C","OLI1572","Unknown","Syndrome with 46,XY disorder of sex development",1,TRUE,TRUE,"unique_exact_genomic_allele",TRUE,"Uncertain","LIKELY_BENIGN","B/LB"
"9:96240901:T:C","OLI1519","Unknown","46,XY disorder of sex development",1,TRUE,TRUE,"unique_exact_genomic_allele",TRUE,"Uncertain","POSSIBLY_PATHOGENIC_MODERATE","Possibly pathogenic"
"9:96240901:T:C","OLI1521","Unknown","46,XY disorder of sex development",1,TRUE,TRUE,"unique_exact_genomic_allele",TRUE,"Uncertain","POSSIBLY_PATHOGENIC_MODERATE","Possibly pathogenic"
"9:96244360:T:C","OLI1531","Unknown","46,XY disorder of sex development",1,TRUE,TRUE,"unique_exact_genomic_allele",TRUE,"Uncertain","PATHOGENIC","P/LP"
"9:96249764:G:T","OLI1562","Unknown","Syndrome with 46,XY disorder of sex development",1,TRUE,TRUE,"unique_exact_genomic_allele",TRUE,"Uncertain","POSSIBLY_PATHOGENIC_LOW","Possibly pathogenic"
"9:96301966:T:C","OLI1541","Unknown","46,XY disorder of sex development",1,TRUE,TRUE,"unique_exact_genomic_allele",TRUE,"Uncertain","LIKELY_PATHOGENIC","P/LP"
"9:97604865:C:A","OLI983","Unknown","Overgrowth or tall stature syndrome with skeletal involvement",1,TRUE,TRUE,"unique_exact_genomic_allele",TRUE,"Deleterious","POSSIBLY_PATHOGENIC_MODERATE","Possibly pathogenic"
"9:97853937:C:G","OLI1484","Unknown","Congenital hypothyroidism",1,TRUE,TRUE,"unique_exact_genomic_allele",TRUE,"Uncertain","UNCERTAIN_SIGNIFICANCE","VUS"
"9:97854657:C:G","OLI589","Unknown","Congenital hypothyroidism",1,TRUE,TRUE,"unique_exact_genomic_allele",TRUE,"Deleterious","LIKELY_BENIGN","B/LB"
"9:990482:C:CC","OLI1065","Unknown","Primary ovarian failure",1,FALSE,FALSE,NA,NA,NA,NA,NA
"X:100664935:G:A","OLI1331","Unknown","Primary immunodeficiency",1,TRUE,TRUE,"unique_exact_genomic_allele",TRUE,"Benign","LIKELY_BENIGN","B/LB"
"X:104040344:T:G","OLI1328","Unknown","Primary immunodeficiency",1,TRUE,TRUE,"unique_exact_genomic_allele",FALSE,"Uncertain","POSSIBLY_BENIGN","Possibly benign"
"X:106902216:C:G","OLI842","Unknown","Congenital scoliosis",1,TRUE,TRUE,"unique_exact_genomic_allele",FALSE,"Deleterious","UNCERTAIN_SIGNIFICANCE","VUS"
"X:108157251:C:T","OLI318","Dual Molecular Diagnosis","Alport syndrome; Benign familial hematuria",1,TRUE,TRUE,"unique_exact_genomic_allele",TRUE,"Deleterious","POSSIBLY_PATHOGENIC_LOW","Possibly pathogenic"
"X:108563912:C:T","OLI1646","Unknown","Alport syndrome",1,TRUE,TRUE,"unique_exact_genomic_allele",TRUE,"Deleterious","POSSIBLY_BENIGN","Possibly benign"
"X:108591234:A:T","OLI033","Monogenic+Modifier","Alport syndrome",1,TRUE,TRUE,"unique_exact_genomic_allele",TRUE,"Deleterious","POSSIBLY_PATHOGENIC_LOW","Possibly pathogenic"
"X:108591595:C:TT","OLI1374","Unknown","Alport syndrome",1,TRUE,TRUE,"unique_exact_genomic_allele",TRUE,"","PATHOGENIC","P/LP"
"X:108591638:AGT:A","OLI1373","Unknown","Alport syndrome",1,TRUE,TRUE,"unique_exact_genomic_allele",FALSE,"Benign","UNCERTAIN_SIGNIFICANCE","VUS"
"X:108597561:G:A","OLI1647","Unknown","Alport syndrome",1,TRUE,TRUE,"unique_exact_genomic_allele",TRUE,"Deleterious","LIKELY_PATHOGENIC","P/LP"
"X:108598793:G:A","OLI133","Unknown","Alport syndrome; Benign familial hematuria",1,TRUE,TRUE,"unique_exact_genomic_allele",TRUE,"Deleterious","PATHOGENIC","P/LP"
"X:108598853:G:A","OLI384","Monogenic+Modifier","Alport syndrome",1,TRUE,TRUE,"unique_exact_genomic_allele",TRUE,"Deleterious","PATHOGENIC","P/LP"
"X:108601404:G:T","OLI504","Unknown","Benign familial hematuria",1,TRUE,TRUE,"unique_exact_genomic_allele",TRUE,"Deleterious","LIKELY_PATHOGENIC","P/LP"
"X:108601404:G:T","OLI916","Unknown","Benign familial hematuria",1,TRUE,TRUE,"unique_exact_genomic_allele",TRUE,"Deleterious","LIKELY_PATHOGENIC","P/LP"
"X:108601894:G:T","OLI386","Unknown","Alport syndrome",1,TRUE,TRUE,"unique_exact_genomic_allele",TRUE,"Deleterious","LIKELY_PATHOGENIC","P/LP"
"X:108601894:G:T","OLI387","Unknown","Alport syndrome",1,TRUE,TRUE,"unique_exact_genomic_allele",TRUE,"Deleterious","LIKELY_PATHOGENIC","P/LP"
"X:108601894:G:T","OLI388","Unknown","Alport syndrome",1,TRUE,TRUE,"unique_exact_genomic_allele",TRUE,"Deleterious","LIKELY_PATHOGENIC","P/LP"
"X:108620354:G:A","OLI156","True Digenic","Alport syndrome",1,TRUE,TRUE,"unique_exact_genomic_allele",TRUE,"Deleterious","PATHOGENIC","P/LP"
"X:108621807:CA:C","OLI1644","Unknown","Alport syndrome",1,TRUE,TRUE,"unique_exact_genomic_allele",TRUE,"Benign","LIKELY_PATHOGENIC","P/LP"
"X:108621857:G:A","OLI516","Unknown","Alport syndrome",1,TRUE,TRUE,"unique_exact_genomic_allele",TRUE,"Deleterious","PATHOGENIC","P/LP"
"X:108622766:G:T","OLI383","Monogenic+Modifier","Alport syndrome",1,TRUE,TRUE,"unique_exact_genomic_allele",TRUE,"Deleterious","BENIGN","B/LB"
"X:108625740:G:T","OLI1645","Unknown","Alport syndrome",1,TRUE,TRUE,"unique_exact_genomic_allele",TRUE,"Deleterious","PATHOGENIC","P/LP"
"X:108680929:G:A","OLI385","Unknown","Alport syndrome",1,TRUE,TRUE,"unique_exact_genomic_allele",TRUE,"Deleterious","LIKELY_PATHOGENIC","P/LP"
"X:112815695:G:A","OLI920","Unknown","Isolated spina bifida",1,TRUE,TRUE,"unique_exact_genomic_allele",TRUE,"Benign","LIKELY_BENIGN","B/LB"
"X:11298569:C:A","OLI1734","Unknown","Amelogenesis imperfecta",1,TRUE,TRUE,"unique_exact_genomic_allele",TRUE,"Deleterious","PATHOGENIC","P/LP"
"X:115189569:G:A","OLI1331","Unknown","Primary immunodeficiency",1,TRUE,TRUE,"unique_exact_genomic_allele",TRUE,"Uncertain","POSSIBLY_BENIGN","Possibly benign"
"X:116172824:C:T","OLI1697","Unknown","Schizophrenia",1,TRUE,TRUE,"unique_exact_genomic_allele",TRUE,"","POSSIBLY_PATHOGENIC_MODERATE","Possibly pathogenic"
"X:119243199:C:T","OLI1729","Unknown","Primary ovarian failure",1,TRUE,TRUE,"unique_exact_genomic_allele",TRUE,"Uncertain","UNCERTAIN_SIGNIFICANCE","VUS"
"X:119243199:C:T","OLI1730","Unknown","Primary ovarian failure",1,TRUE,TRUE,"unique_exact_genomic_allele",TRUE,"Uncertain","UNCERTAIN_SIGNIFICANCE","VUS"
"X:120574592:C:T","OLI604","Unknown","Disorder of sex development",1,TRUE,TRUE,"unique_exact_genomic_allele",TRUE,"Benign","BENIGN","B/LB"
"X:123892729:A:G","OLI056","Unknown","Primary hemophagocytic lymphohistiocytosis",1,TRUE,TRUE,"unique_exact_genomic_allele",TRUE,"Deleterious","PATHOGENIC","P/LP"
"X:123907083:G:T","OLI452","Dual Molecular Diagnosis","X-linked lymphoproliferative disease",1,TRUE,TRUE,"unique_exact_genomic_allele",TRUE,"","LIKELY_PATHOGENIC","P/LP"
"X:124370267:T:C","OLI054","Unknown","Primary hemophagocytic lymphohistiocytosis",1,TRUE,TRUE,"unique_exact_genomic_allele",TRUE,"Deleterious","POSSIBLY_PATHOGENIC_MODERATE","Possibly pathogenic"
"X:131083193:G:C","OLI919","Unknown","Isolated spina bifida",1,TRUE,TRUE,"unique_exact_genomic_allele",TRUE,"Benign","UNCERTAIN_SIGNIFICANCE","VUS"
"X:131275274:T:C","OLI1809","Unknown","Congenital hypothyroidism",1,TRUE,TRUE,"unique_exact_genomic_allele",TRUE,"Benign","POSSIBLY_PATHOGENIC_LOW","Possibly pathogenic"
"X:133536227:T:C","OLI1581","Unknown","Syndrome with 46,XY disorder of sex development",1,TRUE,TRUE,"unique_exact_genomic_allele",TRUE,"Benign","LIKELY_BENIGN","B/LB"
"X:133692376:C:T","OLI1562","Unknown","Syndrome with 46,XY disorder of sex development",1,TRUE,TRUE,"unique_exact_genomic_allele",TRUE,"Uncertain","BENIGN","B/LB"
"X:134413512:A:G","OLI1005","Unknown","Androgen insensitivity syndrome; 46,XY disorder of sex development",1,TRUE,TRUE,"unique_exact_genomic_allele",TRUE,"Uncertain","POSSIBLY_PATHOGENIC_LOW","Possibly pathogenic"
"X:136044491:C:G","OLI432","Unknown","Rare pervasive developmental disorder",1,TRUE,TRUE,"unique_exact_genomic_allele",TRUE,"Benign","UNCERTAIN_SIGNIFICANCE","VUS"
"X:136659284:G:A","OLI452","Dual Molecular Diagnosis","X-linked lymphoproliferative disease",1,TRUE,TRUE,"unique_exact_genomic_allele",TRUE,"Uncertain","BENIGN","B/LB"
"X:13756666:A:T","OLI298","Unknown","Adolescent idiopathic scoliosis",1,TRUE,TRUE,"unique_exact_genomic_allele",TRUE,"Uncertain","UNCERTAIN_SIGNIFICANCE","VUS"
"X:137566740:G:T","OLI149","Unknown","Transposition of the great arteries",1,TRUE,TRUE,"unique_exact_genomic_allele",TRUE,"Uncertain","BENIGN","B/LB"
"X:137566740:G:T","OLI151","True Digenic","Ventricular septal defect",1,TRUE,TRUE,"unique_exact_genomic_allele",TRUE,"Uncertain","BENIGN","B/LB"
"X:137566740:G:T","OLI696","Unknown","Isolated anencephaly",1,TRUE,TRUE,"unique_exact_genomic_allele",TRUE,"Uncertain","BENIGN","B/LB"
"X:137566740:G:T","OLI713","Unknown","Isolated anencephaly",1,TRUE,TRUE,"unique_exact_genomic_allele",TRUE,"Uncertain","BENIGN","B/LB"
"X:137566740:G:T","OLI722","Unknown","Isolated anencephaly",1,TRUE,TRUE,"unique_exact_genomic_allele",TRUE,"Uncertain","BENIGN","B/LB"
"X:137566740:G:T","OLI759","Unknown","Isolated anencephaly",1,TRUE,TRUE,"unique_exact_genomic_allele",TRUE,"Uncertain","BENIGN","B/LB"
"X:13760504:A:C","OLI1565","Unknown","Syndrome with 46,XY disorder of sex development",1,TRUE,TRUE,"unique_exact_genomic_allele",TRUE,"Uncertain","BENIGN","B/LB"
"X:13779840:G:C","OLI1698","Unknown","Major depressive disorder",1,TRUE,TRUE,"unique_exact_genomic_allele",TRUE,"Deleterious","UNCERTAIN_SIGNIFICANCE","VUS"
"X:138632900:A:G","OLI426","Unknown","Kallmann syndrome",1,TRUE,TRUE,"unique_exact_genomic_allele",TRUE,"Uncertain","LIKELY_BENIGN","B/LB"
"X:140504320:GGCAGCGGCTGCGGCCGCGGCA:G","OLI961","Unknown","Non-acquired combined pituitary hormone deficiency",1,TRUE,TRUE,"unique_exact_genomic_allele",TRUE,"","LIKELY_BENIGN","B/LB"
"X:14865123:T:C","OLI1565","Unknown","Syndrome with 46,XY disorder of sex development",1,TRUE,TRUE,"unique_exact_genomic_allele",TRUE,"Benign","LIKELY_BENIGN","B/LB"
"X:150470018:C:T","OLI350","Unknown","46,XY disorder of sex development",1,TRUE,TRUE,"unique_exact_genomic_allele",TRUE,"","LIKELY_PATHOGENIC","P/LP"
"X:150470102:C:T","OLI347","Unknown","46,XY disorder of sex development",1,TRUE,TRUE,"unique_exact_genomic_allele",TRUE,"","LIKELY_PATHOGENIC","P/LP"
"X:150470178:C:T","OLI1524","Unknown","46,XY disorder of sex development",1,TRUE,TRUE,"unique_exact_genomic_allele",TRUE,"Uncertain","BENIGN","B/LB"
"X:150470573:C:T","OLI349","Unknown","46,XY disorder of sex development",1,TRUE,TRUE,"unique_exact_genomic_allele",TRUE,"Benign","UNCERTAIN_SIGNIFICANCE","VUS"
"X:150470614:C:A","OLI600","Unknown","Disorder of sex development",1,TRUE,TRUE,"unique_exact_genomic_allele",TRUE,"Benign","BENIGN","B/LB"
"X:150470614:C:A","OLI601","Unknown","Disorder of sex development",1,TRUE,TRUE,"unique_exact_genomic_allele",TRUE,"Benign","BENIGN","B/LB"
"X:150470714:C:T","OLI344","Unknown","46,XY disorder of sex development",1,TRUE,TRUE,"unique_exact_genomic_allele",TRUE,"","LIKELY_PATHOGENIC","P/LP"
"X:150470714:C:T","OLI345","Unknown","46,XY disorder of sex development",1,TRUE,TRUE,"unique_exact_genomic_allele",TRUE,"","LIKELY_PATHOGENIC","P/LP"
"X:150470909:G:C","OLI346","Unknown","46,XY disorder of sex development",1,TRUE,TRUE,"unique_exact_genomic_allele",TRUE,"Uncertain","UNCERTAIN_SIGNIFICANCE","VUS"
"X:150471064:G:GCAGCAG","OLI603","Unknown","Disorder of sex development",1,FALSE,FALSE,NA,NA,NA,NA,NA
"X:150471081:C:A","OLI598","Unknown","Disorder of sex development",1,TRUE,TRUE,"unique_exact_genomic_allele",TRUE,"Uncertain","POSSIBLY_BENIGN","Possibly benign"
"X:150471087:T:C","OLI597","Unknown","Disorder of sex development",1,TRUE,TRUE,"unique_exact_genomic_allele",TRUE,"Benign","BENIGN","B/LB"
"X:150471272:C:T","OLI348","Unknown","46,XY disorder of sex development",1,TRUE,TRUE,"unique_exact_genomic_allele",TRUE,"Benign","BENIGN","B/LB"
"X:150471441:G:A","OLI1576","Unknown","Syndrome with 46,XY disorder of sex development",1,TRUE,TRUE,"unique_exact_genomic_allele",TRUE,"Uncertain","LIKELY_BENIGN","B/LB"
"X:150471452:T:C","OLI1547","Unknown","46,XY disorder of sex development",1,TRUE,TRUE,"unique_exact_genomic_allele",TRUE,"Uncertain","POSSIBLY_BENIGN","Possibly benign"
"X:150471452:T:C","OLI1548","Unknown","46,XY disorder of sex development",1,TRUE,TRUE,"unique_exact_genomic_allele",TRUE,"Uncertain","POSSIBLY_BENIGN","Possibly benign"
"X:150473747:A:G","OLI299","Unknown","Non-syndromic posterior hypospadias",1,TRUE,TRUE,"unique_exact_genomic_allele",TRUE,"Benign","BENIGN","B/LB"
"X:150503308:C:T","OLI1551","Unknown","46,XY disorder of sex development",1,TRUE,TRUE,"unique_exact_genomic_allele",TRUE,"Benign","LIKELY_BENIGN","B/LB"
"X:150503403:C:G","OLI602","Unknown","Disorder of sex development",1,TRUE,TRUE,"unique_exact_genomic_allele",TRUE,"Uncertain","UNCERTAIN_SIGNIFICANCE","VUS"
"X:150503423:G:A","OLI599","Unknown","Disorder of sex development",1,TRUE,TRUE,"unique_exact_genomic_allele",TRUE,"Benign","LIKELY_BENIGN","B/LB"
"X:150512062:C:G","OLI343","Unknown","46,XY disorder of sex development",1,TRUE,TRUE,"unique_exact_genomic_allele",TRUE,"Benign","UNCERTAIN_SIGNIFICANCE","VUS"
"X:150512085:C:T","OLI604","Unknown","Disorder of sex development",1,TRUE,TRUE,"unique_exact_genomic_allele",TRUE,"Benign","BENIGN","B/LB"
"X:150512649:C:T","OLI1522","Unknown","46,XY disorder of sex development",1,TRUE,TRUE,"unique_exact_genomic_allele",TRUE,"Uncertain","POSSIBLY_BENIGN","Possibly benign"
"X:150512649:C:T","OLI1578","Unknown","Syndrome with 46,XY disorder of sex development",1,TRUE,TRUE,"unique_exact_genomic_allele",TRUE,"Uncertain","POSSIBLY_BENIGN","Possibly benign"
"X:150512856:G:T","OLI352","Unknown","46,XY disorder of sex development",1,TRUE,TRUE,"unique_exact_genomic_allele",TRUE,"Benign","LIKELY_BENIGN","B/LB"
"X:150513051:C:T","OLI351","Unknown","46,XY disorder of sex development",1,TRUE,TRUE,"unique_exact_genomic_allele",TRUE,"Benign","LIKELY_BENIGN","B/LB"
"X:151176738:C:A","OLI920","Unknown","Isolated spina bifida",1,TRUE,TRUE,"unique_exact_genomic_allele",TRUE,"Uncertain","UNCERTAIN_SIGNIFICANCE","VUS"
"X:153549603:G:A","OLI118","Unknown","X-linked cerebellar ataxia",1,TRUE,TRUE,"unique_exact_genomic_allele",TRUE,"Deleterious","UNCERTAIN_SIGNIFICANCE","VUS"
"X:153556187:G:A","OLI503","Unknown","X-linked cerebellar ataxia",1,TRUE,TRUE,"unique_exact_genomic_allele",TRUE,"Deleterious","POSSIBLY_PATHOGENIC_LOW","Possibly pathogenic"
"X:153905742:G:C","OLI328","Unknown","Amyotrophic lateral sclerosis",1,TRUE,TRUE,"unique_exact_genomic_allele",TRUE,"Benign","LIKELY_BENIGN","B/LB"
"X:154031223:G:C","OLI492","Unknown","Rare pervasive developmental disorder",1,TRUE,TRUE,"unique_exact_genomic_allele",TRUE,"Uncertain","BENIGN","B/LB"
"X:154315266:A:G","OLI919","Unknown","Isolated spina bifida",1,TRUE,TRUE,"unique_exact_genomic_allele",TRUE,"Deleterious","UNCERTAIN_SIGNIFICANCE","VUS"
"X:154349751:G:A","OLI1570","Unknown","Syndrome with 46,XY disorder of sex development",1,TRUE,TRUE,"unique_exact_genomic_allele",TRUE,"Uncertain","BENIGN","B/LB"
"X:154351613:C:T","OLI1542","Unknown","46,XY disorder of sex development",1,TRUE,TRUE,"unique_exact_genomic_allele",TRUE,"Uncertain","LIKELY_BENIGN","B/LB"
"X:154354715:C:T","OLI1558","Unknown","Syndrome with 46,XY disorder of sex development",1,TRUE,TRUE,"unique_exact_genomic_allele",TRUE,"Benign","BENIGN","B/LB"
"X:154360039:C:T","OLI352","Unknown","46,XY disorder of sex development",1,TRUE,TRUE,"unique_exact_genomic_allele",TRUE,"Benign","BENIGN","B/LB"
"X:154362534:G:A","OLI1516","Unknown","46,XY disorder of sex development",1,TRUE,TRUE,"unique_exact_genomic_allele",TRUE,"Uncertain","LIKELY_BENIGN","B/LB"
"X:154367710:G:A","OLI602","Unknown","Disorder of sex development",1,TRUE,TRUE,"unique_exact_genomic_allele",TRUE,"Benign","BENIGN","B/LB"
"X:154379710:GAGA:G","OLI077","Monogenic+Modifier","Emery-Dreifuss muscular dystrophy",1,TRUE,TRUE,"unique_exact_genomic_allele",TRUE,"Benign","LIKELY_PATHOGENIC","P/LP"
"X:154380283:T:G","OLI189","Unknown","Emery-Dreifuss muscular dystrophy",1,TRUE,TRUE,"unique_exact_genomic_allele",TRUE,"","LIKELY_PATHOGENIC","P/LP"
"X:154461290:CGTGCGCATGT:C","OLI1516","Unknown","46,XY disorder of sex development",1,TRUE,TRUE,"unique_exact_genomic_allele",TRUE,"","POSSIBLY_PATHOGENIC_MODERATE","Possibly pathogenic"
"X:154468205:C:T","OLI1529","Unknown","46,XY disorder of sex development",1,TRUE,TRUE,"unique_exact_genomic_allele",TRUE,"Uncertain","POSSIBLY_BENIGN","Possibly benign"
"X:154472639:G:A","OLI1532","Unknown","46,XY disorder of sex development",1,TRUE,TRUE,"unique_exact_genomic_allele",TRUE,"Uncertain","LIKELY_BENIGN","B/LB"
"X:18598586:A:G","OLI481","Unknown","Rare pervasive developmental disorder",1,TRUE,TRUE,"unique_exact_genomic_allele",TRUE,"Uncertain","BENIGN","B/LB"
"X:30304739:G:A","OLI1418","Unknown","Hypogonadotropic hypogonadism with absent puberty phenotype",1,TRUE,TRUE,"unique_exact_genomic_allele",TRUE,"Uncertain","POSSIBLY_BENIGN","Possibly benign"
"X:30308293:C:A","OLI1107","Unknown","Kallmann syndrome",1,TRUE,TRUE,"unique_exact_genomic_allele",TRUE,"Uncertain","POSSIBLY_PATHOGENIC_LOW","Possibly pathogenic"
"X:30308385:C:T","OLI1568","Unknown","Syndrome with 46,XY disorder of sex development",1,TRUE,TRUE,"unique_exact_genomic_allele",TRUE,"Uncertain","BENIGN","B/LB"
"X:30308921:C:T","OLI1171","Unknown","Kallmann syndrome",1,TRUE,TRUE,"unique_exact_genomic_allele",TRUE,"Uncertain","UNCERTAIN_SIGNIFICANCE","VUS"
"X:30308985:C:T","OLI1355","Unknown","Normosmic congenital hypogonadotropic hypogonadism",1,TRUE,TRUE,"unique_exact_genomic_allele",TRUE,"Uncertain","BENIGN","B/LB"
"X:30309348:G:T","OLI1553","Unknown","46,XY disorder of sex development",1,TRUE,TRUE,"unique_exact_genomic_allele",TRUE,"Uncertain","BENIGN","B/LB"
"X:37728235:T:G","OLI332","Unknown","Amyotrophic lateral sclerosis",1,TRUE,TRUE,"unique_exact_genomic_allele",TRUE,"Deleterious","BENIGN","B/LB"
"X:38675778:C:A","OLI921","Unknown","Transposition of the great arteries",1,TRUE,TRUE,"unique_exact_genomic_allele",TRUE,"Uncertain","BENIGN","B/LB"
"X:38805243:C:G","OLI791","Unknown","Arthrogryposis syndrome",1,TRUE,TRUE,"unique_exact_genomic_allele",TRUE,"Uncertain","POSSIBLY_PATHOGENIC_LOW","Possibly pathogenic"
"X:43950020:G:T","OLI314","Monogenic+Modifier","Familial exudative vitreoretinopathy",1,TRUE,TRUE,"unique_exact_genomic_allele",TRUE,"Deleterious","PATHOGENIC","P/LP"
"X:43958537:G:A","OLI315","True Digenic","Familial exudative vitreoretinopathy",1,TRUE,TRUE,"unique_exact_genomic_allele",TRUE,"","PATHOGENIC","P/LP"
"X:45061396:T:C","OLI1328","Unknown","Primary immunodeficiency",1,TRUE,TRUE,"unique_exact_genomic_allele",TRUE,"Uncertain","BENIGN","B/LB"
"X:49211026:G:C","OLI1566","Unknown","Syndrome with 46,XY disorder of sex development",1,TRUE,TRUE,"unique_exact_genomic_allele",TRUE,"Deleterious","POSSIBLY_PATHOGENIC_LOW","Possibly pathogenic"
"X:50470363:C:T","OLI996","Unknown","Androgen insensitivity syndrome; 46,XY disorder of sex development",1,TRUE,TRUE,"unique_exact_genomic_allele",TRUE,"","UNCERTAIN_SIGNIFICANCE","VUS"
"X:50695789:C:T","OLI734","Unknown","Craniorachischisis",1,TRUE,TRUE,"unique_exact_genomic_allele",TRUE,"Uncertain","BENIGN","B/LB"
"X:50910796:A:C","OLI092","Unknown","Primary ovarian failure",1,TRUE,TRUE,"unique_exact_genomic_allele",TRUE,"Uncertain","BENIGN","B/LB"
"X:50910796:A:C","OLI095","Unknown","Primary ovarian failure",1,TRUE,TRUE,"unique_exact_genomic_allele",TRUE,"Uncertain","BENIGN","B/LB"
"X:50910985:C:T","OLI1060","Unknown","Primary ovarian failure",1,TRUE,TRUE,"unique_exact_genomic_allele",TRUE,"Uncertain","UNCERTAIN_SIGNIFICANCE","VUS"
"X:50910991:A:C","OLI1725","Unknown","Primary ovarian failure",1,TRUE,TRUE,"unique_exact_genomic_allele",TRUE,"Uncertain","LIKELY_PATHOGENIC","P/LP"
"X:53536440:C:T","OLI932","Unknown","Rare pervasive developmental disorder",1,TRUE,TRUE,"unique_exact_genomic_allele",TRUE,"Uncertain","POSSIBLY_PATHOGENIC_MODERATE","Possibly pathogenic"
"X:56564874:C:T","OLI771","Unknown","Amyotrophic lateral sclerosis",1,TRUE,TRUE,"unique_exact_genomic_allele",TRUE,"Uncertain","LIKELY_BENIGN","B/LB"
"X:56565252:A:G","OLI777","Unknown","Amyotrophic lateral sclerosis",1,TRUE,TRUE,"unique_exact_genomic_allele",TRUE,"Uncertain","UNCERTAIN_SIGNIFICANCE","VUS"
"X:641001:G:A","OLI1143","Unknown","Mayer-Rokitansky-Küster-Hauser syndrome",1,TRUE,TRUE,"unique_exact_genomic_allele",TRUE,"Uncertain","POSSIBLY_BENIGN","Possibly benign"
"X:644455:C:T","OLI1139","Unknown","Mayer-Rokitansky-Küster-Hauser syndrome",1,TRUE,TRUE,"unique_exact_genomic_allele",TRUE,"Uncertain","POSSIBLY_BENIGN","Possibly benign"
"X:67545674:C:A","OLI1002","Unknown","Androgen insensitivity syndrome; 46,XY disorder of sex development",1,TRUE,TRUE,"unique_exact_genomic_allele",TRUE,"Deleterious","BENIGN","B/LB"
"X:67545674:C:A","OLI1003","Unknown","Androgen insensitivity syndrome; 46,XY disorder of sex development",1,TRUE,TRUE,"unique_exact_genomic_allele",TRUE,"Deleterious","BENIGN","B/LB"
"X:67546030:T:C","OLI998","Unknown","Androgen insensitivity syndrome; 46,XY disorder of sex development",1,TRUE,TRUE,"unique_exact_genomic_allele",TRUE,"Deleterious","POSSIBLY_PATHOGENIC_MODERATE","Possibly pathogenic"
"X:67546321:C:G","OLI1001","Unknown","Androgen insensitivity syndrome; 46,XY disorder of sex development",1,TRUE,TRUE,"unique_exact_genomic_allele",TRUE,"Deleterious","LIKELY_PATHOGENIC","P/LP"
"X:67643407:G:C","OLI997","Unknown","Androgen insensitivity syndrome; 46,XY disorder of sex development",1,TRUE,TRUE,"unique_exact_genomic_allele",TRUE,"Deleterious","LIKELY_PATHOGENIC","P/LP"
"X:67643407:G:T","OLI1564","Unknown","Syndrome with 46,XY disorder of sex development",1,TRUE,TRUE,"unique_exact_genomic_allele",TRUE,"Deleterious","LIKELY_PATHOGENIC","P/LP"
"X:67686074:T:A","OLI1570","Unknown","Syndrome with 46,XY disorder of sex development",1,TRUE,TRUE,"unique_exact_genomic_allele",TRUE,"Deleterious","PATHOGENIC","P/LP"
"X:67711453:C:A","OLI329","Unknown","Amyotrophic lateral sclerosis",1,TRUE,TRUE,"unique_exact_genomic_allele",TRUE,"Uncertain","BENIGN","B/LB"
"X:67717531:A:G","OLI1005","Unknown","Androgen insensitivity syndrome; 46,XY disorder of sex development",1,TRUE,TRUE,"unique_exact_genomic_allele",TRUE,"Deleterious","PATHOGENIC","P/LP"
"X:67722898:C:G","OLI1545","Unknown","46,XY disorder of sex development",1,TRUE,TRUE,"unique_exact_genomic_allele",TRUE,"Deleterious","LIKELY_PATHOGENIC","P/LP"
"X:67722898:C:T","OLI1000","Unknown","Androgen insensitivity syndrome; 46,XY disorder of sex development",1,TRUE,TRUE,"unique_exact_genomic_allele",TRUE,"Deleterious","PATHOGENIC","P/LP"
"X:67722898:C:T","OLI1001","Unknown","Androgen insensitivity syndrome; 46,XY disorder of sex development",1,TRUE,TRUE,"unique_exact_genomic_allele",TRUE,"Deleterious","PATHOGENIC","P/LP"
"X:67723690:C:T","OLI1004","Unknown","Androgen insensitivity syndrome; 46,XY disorder of sex development",1,TRUE,TRUE,"unique_exact_genomic_allele",TRUE,"Uncertain","LIKELY_PATHOGENIC","P/LP"
"X:67723714:T:G","OLI996","Unknown","Androgen insensitivity syndrome; 46,XY disorder of sex development",1,TRUE,TRUE,"unique_exact_genomic_allele",TRUE,"Deleterious","LIKELY_PATHOGENIC","P/LP"
"X:67723745:C:T","OLI999","Unknown","Androgen insensitivity syndrome; 46,XY disorder of sex development",1,TRUE,TRUE,"unique_exact_genomic_allele",TRUE,"Deleterious","PATHOGENIC","P/LP"
"X:69616559:CT:C","OLI161","Unknown","Hypodontia",1,TRUE,TRUE,"unique_exact_genomic_allele",TRUE,"","PATHOGENIC","P/LP"
"X:69957087:C:T","OLI162","Unknown","Hypodontia",1,TRUE,TRUE,"unique_exact_genomic_allele",TRUE,"Uncertain","LIKELY_PATHOGENIC","P/LP"
"X:69957096:C:T","OLI163","Unknown","Hypodontia",1,TRUE,TRUE,"unique_exact_genomic_allele",TRUE,"Uncertain","PATHOGENIC","P/LP"
"X:70030496:G:C","OLI159","Monogenic+Modifier","Hypodontia",1,TRUE,TRUE,"unique_exact_genomic_allele",TRUE,"Deleterious","PATHOGENIC","P/LP"
"X:70035369:C:G","OLI160","Monogenic+Modifier","Hypodontia",1,TRUE,TRUE,"unique_exact_genomic_allele",TRUE,"Uncertain","LIKELY_PATHOGENIC","P/LP"
"X:70035478:G:A","OLI164","Unknown","Hypodontia",1,TRUE,TRUE,"unique_exact_genomic_allele",TRUE,"Deleterious","PATHOGENIC","P/LP"
"X:70853093:T:C","OLI781","Unknown","Male infertility due to sperm disorder",1,TRUE,TRUE,"unique_exact_genomic_allele",TRUE,"Benign","LIKELY_BENIGN","B/LB"
"X:71132185:G:A","OLI746","Unknown","Isolated anencephaly",1,TRUE,TRUE,"unique_exact_genomic_allele",TRUE,"Benign","LIKELY_BENIGN","B/LB"
"X:7259721:A:G","OLI907","Unknown","Normosmic congenital hypogonadotropic hypogonadism",1,TRUE,TRUE,"unique_exact_genomic_allele",TRUE,"Uncertain","UNCERTAIN_SIGNIFICANCE","VUS"
"X:72619291:G:A","OLI807","Unknown","Recurrent exertional rhabdomyolysis",1,TRUE,TRUE,"unique_exact_genomic_allele",TRUE,"Deleterious","UNCERTAIN_SIGNIFICANCE","VUS"
"X:77969560:C:T","OLI334","Unknown","Amyotrophic lateral sclerosis",1,TRUE,TRUE,"unique_exact_genomic_allele",FALSE,"Uncertain","LIKELY_BENIGN","B/LB"
"X:78014703:A:C","OLI333","Unknown","Amyotrophic lateral sclerosis",1,TRUE,TRUE,"unique_exact_genomic_allele",TRUE,"Deleterious","UNCERTAIN_SIGNIFICANCE","VUS"
"X:78138843:G:T","OLI792","Unknown","Arthrogryposis syndrome",1,TRUE,TRUE,"unique_exact_genomic_allele",TRUE,"Uncertain","POSSIBLY_PATHOGENIC_LOW","Possibly pathogenic"
"X:80744256:A:G","OLI798","Unknown","Arthrogryposis syndrome",1,TRUE,TRUE,"unique_exact_genomic_allele",TRUE,"Benign","POSSIBLY_PATHOGENIC_LOW","Possibly pathogenic"
"X:8534416:AAA:A","OLI1411","Unknown","Hypogonadotropic hypogonadism with absent puberty phenotype",1,FALSE,FALSE,NA,NA,NA,NA,NA
"X:8534432:A:C","OLI1320","Unknown","Kallmann syndrome",1,TRUE,TRUE,"unique_exact_genomic_allele",TRUE,"Deleterious","POSSIBLY_PATHOGENIC_MODERATE","Possibly pathogenic"
"X:8535631:AG:A","OLI1407","Unknown","Hypogonadotropic hypogonadism with absent puberty phenotype",1,TRUE,TRUE,"unique_exact_genomic_allele",TRUE,"Benign","LIKELY_PATHOGENIC","P/LP"
"X:8535667:C:T","OLI355","Unknown","Kallmann syndrome",1,TRUE,TRUE,"unique_exact_genomic_allele",TRUE,"","PATHOGENIC","P/LP"
"X:8535667:C:T","OLI876","Unknown","Kallmann syndrome",1,TRUE,TRUE,"unique_exact_genomic_allele",TRUE,"","PATHOGENIC","P/LP"
"X:8535674:C:A","OLI1391","Unknown","Hypogonadotropic hypogonadism with partial puberty phenotype",1,TRUE,TRUE,"unique_exact_genomic_allele",TRUE,"Uncertain","BENIGN","B/LB"
"X:8535674:C:A","OLI391","Unknown","Normosmic congenital hypogonadotropic hypogonadism",1,TRUE,TRUE,"unique_exact_genomic_allele",TRUE,"Uncertain","BENIGN","B/LB"
"X:8535755:C:T","OLI852","Unknown","Kallmann syndrome",1,TRUE,TRUE,"unique_exact_genomic_allele",TRUE,"Uncertain","BENIGN","B/LB"
"X:8535755:C:T","OLI856","Unknown","Kallmann syndrome",1,TRUE,TRUE,"unique_exact_genomic_allele",TRUE,"Uncertain","BENIGN","B/LB"
"X:8535779:C:T","OLI1344","Unknown","Kallmann syndrome",1,TRUE,TRUE,"unique_exact_genomic_allele",TRUE,"Uncertain","UNCERTAIN_SIGNIFICANCE","VUS"
"X:8535779:C:T","OLI837","Unknown","Normosmic congenital hypogonadotropic hypogonadism",1,TRUE,TRUE,"unique_exact_genomic_allele",TRUE,"Uncertain","UNCERTAIN_SIGNIFICANCE","VUS"
"X:8535806:C:T","OLI457","Unknown","Kallmann syndrome",1,TRUE,TRUE,"unique_exact_genomic_allele",TRUE,"Benign","BENIGN","B/LB"
"X:8536852:C:T","OLI119","Unknown","Kallmann syndrome",1,TRUE,TRUE,"unique_exact_genomic_allele",TRUE,"Uncertain","POSSIBLY_PATHOGENIC_MODERATE","Possibly pathogenic"
"X:8536866:CT:C","OLI1016","Unknown","Normosmic congenital hypogonadotropic hypogonadism",1,TRUE,TRUE,"unique_exact_genomic_allele",TRUE,"Benign","LIKELY_PATHOGENIC","P/LP"
"X:8536924:G:A","OLI1298","Unknown","Kallmann syndrome",1,TRUE,TRUE,"unique_exact_genomic_allele",TRUE,"","LIKELY_PATHOGENIC","P/LP"
"X:8539663:C:T","OLI1409","Unknown","Hypogonadotropic hypogonadism with absent puberty phenotype",1,TRUE,TRUE,"unique_exact_genomic_allele",TRUE,"Deleterious","PATHOGENIC","P/LP"
"X:8539663:C:T","OLI1420","Unknown","Hypogonadotropic hypogonadism with absent puberty phenotype",1,TRUE,TRUE,"unique_exact_genomic_allele",TRUE,"Deleterious","PATHOGENIC","P/LP"
"X:8539699:T:C","OLI456","Unknown","Kallmann syndrome",1,TRUE,TRUE,"unique_exact_genomic_allele",TRUE,"Uncertain","UNCERTAIN_SIGNIFICANCE","VUS"
"X:8539699:T:C","OLI498","Unknown","Normosmic congenital hypogonadotropic hypogonadism",1,TRUE,TRUE,"unique_exact_genomic_allele",TRUE,"Uncertain","UNCERTAIN_SIGNIFICANCE","VUS"
"X:8539731:CG:C","OLI1424","Unknown","Hypogonadotropic hypogonadism with absent puberty phenotype",1,TRUE,TRUE,"unique_exact_genomic_allele",TRUE,"Benign","LIKELY_PATHOGENIC","P/LP"
"X:8539744:G:A","OLI1390","Unknown","Hypogonadotropic hypogonadism with partial puberty phenotype",1,TRUE,TRUE,"unique_exact_genomic_allele",TRUE,"","PATHOGENIC","P/LP"
"X:8553952:CT:C","OLI885","Unknown","Kallmann syndrome",1,TRUE,TRUE,"unique_exact_genomic_allele",TRUE,"Benign","LIKELY_PATHOGENIC","P/LP"
"X:8554036:G:A","OLI1425","Unknown","Hypogonadotropic hypogonadism with absent puberty phenotype",1,TRUE,TRUE,"unique_exact_genomic_allele",TRUE,"","PATHOGENIC","P/LP"
"X:8554039:G:A","OLI206","Unknown","Kallmann syndrome",1,TRUE,TRUE,"unique_exact_genomic_allele",TRUE,"","PATHOGENIC","P/LP"
"X:8568252:G:A","OLI1509","Unknown","46,XY disorder of sex development",1,TRUE,TRUE,"resolved_by_exact_cdna_within_allele",TRUE,"Uncertain","LIKELY_BENIGN","B/LB"
"X:8568252:G:A","OLI152","Unknown","Kallmann syndrome",1,FALSE,FALSE,NA,NA,NA,NA,NA
"X:8568252:G:A","OLI1544","Unknown","46,XY disorder of sex development",1,TRUE,TRUE,"resolved_by_exact_cdna_within_allele",TRUE,"Uncertain","LIKELY_BENIGN","B/LB"
"X:8568252:G:A","OLI205","Unknown","Kallmann syndrome",1,FALSE,FALSE,NA,NA,NA,NA,NA
"X:8570495:T:G","OLI1106","Unknown","Kallmann syndrome",1,TRUE,TRUE,"unique_exact_genomic_allele",TRUE,"Deleterious","POSSIBLY_PATHOGENIC_LOW","Possibly pathogenic"
"X:8570498:C:T","OLI1344","Unknown","Kallmann syndrome",1,TRUE,TRUE,"unique_exact_genomic_allele",TRUE,"Deleterious","LIKELY_PATHOGENIC","P/LP"
"X:8570498:C:T","OLI837","Unknown","Normosmic congenital hypogonadotropic hypogonadism",1,TRUE,TRUE,"unique_exact_genomic_allele",TRUE,"Deleterious","LIKELY_PATHOGENIC","P/LP"
"X:8570654:C:T","OLI1339","Unknown","Kallmann syndrome",1,TRUE,TRUE,"unique_exact_genomic_allele",TRUE,"Benign","LIKELY_BENIGN","B/LB"
"X:8585309:G:A","OLI1422","Unknown","Hypogonadotropic hypogonadism with absent puberty phenotype",1,TRUE,TRUE,"unique_exact_genomic_allele",TRUE,"","PATHOGENIC","P/LP"
"X:8587862:G:A","OLI1301","Unknown","Kallmann syndrome",1,TRUE,TRUE,"unique_exact_genomic_allele",TRUE,"","LIKELY_PATHOGENIC","P/LP"
"X:8587871:A:C","OLI289","Unknown","Kallmann syndrome",1,TRUE,TRUE,"unique_exact_genomic_allele",TRUE,"Deleterious","POSSIBLY_PATHOGENIC_LOW","Possibly pathogenic"
"X:8587949:G:A","OLI1398","Unknown","Hypogonadotropic hypogonadism with absent puberty phenotype",1,TRUE,TRUE,"unique_exact_genomic_allele",TRUE,"","PATHOGENIC","P/LP"
"X:8587949:G:A","OLI395","Unknown","Kallmann syndrome",1,TRUE,TRUE,"unique_exact_genomic_allele",TRUE,"","PATHOGENIC","P/LP"
"X:8587955:CTT:C","OLI1114","Unknown","Kallmann syndrome",1,TRUE,TRUE,"unique_exact_genomic_allele",TRUE,"Benign","LIKELY_PATHOGENIC","P/LP"
"X:8597081:GAAC:G","OLI511","Unknown","Kallmann syndrome",1,TRUE,TRUE,"unique_exact_genomic_allele",TRUE,"Benign","LIKELY_PATHOGENIC","P/LP"
"X:8699727:CA:C","OLI1287","Unknown","Kallmann syndrome",1,TRUE,TRUE,"unique_exact_genomic_allele",FALSE,"Benign","UNCERTAIN_SIGNIFICANCE","VUS"
"X:8731904:G:A","OLI857","Unknown","Kallmann syndrome",1,TRUE,TRUE,"unique_exact_genomic_allele",TRUE,"","LIKELY_PATHOGENIC","P/LP"
"X:8731944:AGCAGCCGCGCCGGGGCCGGCCGCCAG:A","OLI1404","Unknown","Hypogonadotropic hypogonadism with absent puberty phenotype",1,TRUE,TRUE,"unique_exact_genomic_allele",TRUE,"","LIKELY_PATHOGENIC","P/LP"
"X:9891004:C:A","OLI723","Unknown","Isolated anencephaly",1,TRUE,TRUE,"unique_exact_genomic_allele",TRUE,"Uncertain","POSSIBLY_BENIGN","Possibly benign"
"X:9894539:G:A","OLI1032","Unknown","Atypical hemolytic uremic syndrome",1,TRUE,TRUE,"unique_exact_genomic_allele",TRUE,"Uncertain","POSSIBLY_BENIGN","Possibly benign"
"X:9939329:C:T","OLI740","Unknown","Isolated anencephaly",1,TRUE,TRUE,"unique_exact_genomic_allele",TRUE,"Benign","LIKELY_BENIGN","B/LB"
"X:9946747:G:A","OLI753","Unknown","Isolated anencephaly",1,TRUE,TRUE,"unique_exact_genomic_allele",TRUE,"Uncertain","POSSIBLY_BENIGN","Possibly benign"
